{
  "events_fetched": 6160,
  "trajectories_used": 1000,
  "train_size": 200,
  "test_size": 800,
  "results": {
    "v1_separation": 2.9918528124344075,
    "v1_p": 0.0,
    "v1_pass": 1,
    "v2_rho": 0.5682869459449539,
    "v2_p": 0.0,
    "v2_pass": 1,
    "train_f1": 0.5909722222222221,
    "epsilon": 0.0023570021162250313,
    "test_f1": 1.0,
    "test_precision": 1.0,
    "test_recall": 1.0,
    "tp": 800,
    "fp": 0,
    "fn": 0,
    "mean_lead_days": 239.8933978597424,
    "median_lead_days": 224.48443589010276
  },
  "lead_times_days": [
    175.9623363171704,
    315.84945779200643,
    154.27080573420972,
    154.72604045411572,
    238.87833573902026,
    210.02730044396594,
    161.29005077620968,
    336.41083135502413,
    133.88643697602674,
    182.54959886800498,
    336.87347794510424,
    329.2727611931041,
    322.8722091061063,
    308.84317299490795,
    329.27053265087306,
    161.79718714114279,
    336.3257232080214,
    161.68480929220095,
    105.82929891394451,
    252.86777362087741,
    175.69695999799296,
    217.26223134389147,
    329.9244446041994,
    168.98998967185616,
    189.6279489500448,
    154.42464229697362,
    322.36809941288084,
    217.26398907322437,
    231.75379469478503,
    308.63455120194703,
    203.95259827794507,
    175.84699567314237,
    259.7369819111191,
    252.27512354310602,
    238.42888716701418,
    210.23823753977194,
    105.65506704896688,
    217.83535864017904,
    147.84858856117353,
    161.36337232077494,
    308.5827377079986,
    210.26329555595294,
    245.31276625720784,
    245.93485336797312,
    210.73079546215013,
    238.12403243919834,
    336.7660355018452,
    245.05208346014842,
    252.00537395104766,
    336.6258452869952,
    336.34921221481636,
    196.14315010001883,
    77.03935728920624,
    308.7877950449474,
    217.25596058601514,
    329.8453832641244,
    259.3611103910953,
    231.63521066587418,
    161.15599991614,
    308.5867729620077,
    336.7073921421543,
    189.96443087700754,
    168.67740778485313,
    245.1805414617993,
    224.15231611812487,
    336.75369231402874,
    168.4712092988193,
    336.5219156499952,
    336.2242674729787,
    203.54878728510812,
    224.61940794996917,
    336.77714513614774,
    154.1188112241216,
    336.1040708688088,
    203.8220234317705,
    294.77426264388487,
    336.8288278612308,
    231.52443745080382,
    140.46956902882084,
    294.46527831209823,
    210.7051913710311,
    336.73098849505186,
    329.15746592590585,
    259.77852327981964,
    154.83954194001853,
    217.8972034151666,
    329.36286180792376,
    196.67074724985287,
    196.74154839105904,
    308.4925295058638,
    336.55344469705597,
    217.32040385901928,
    224.79207970388234,
    147.84936367394403,
    336.1621589320712,
    238.56539107998833,
    238.82682290580124,
    336.1196878841147,
    329.7458498761989,
    329.1077881231904,
    329.4673878462054,
    336.3341899868101,
    105.59015197912231,
    336.258620581124,
    231.84944369317964,
    336.9951426507905,
    168.91956578800455,
    294.26174617977813,
    203.93843346415088,
    203.78034627903253,
    210.6219141338952,
    336.30780927697197,
    105.80819845711812,
    329.4762332760729,
    329.22918232996017,
    147.88951123785228,
    168.50283542415127,
    336.1357391187921,
    329.1609696787782,
    189.8821924221702,
    336.27546139480546,
    329.9086708868854,
    315.5445901728235,
    245.03185613499954,
    315.7736594621092,
    336.40862628119066,
    133.9606484938413,
    98.10272875195369,
    336.59529774682596,
    189.2911476381123,
    322.17604760685936,
    336.40338763501495,
    161.39399328595027,
    161.69232751522213,
    308.0922149461694,
    322.19986259611323,
    147.99901615595445,
    322.620048279874,
    168.5929817049764,
    224.95273260306567,
    336.0547193218954,
    161.56928040320054,
    154.1009995378554,
    217.8717344570905,
    168.87684534210712,
    301.8313285219483,
    322.8244211128913,
    196.660030645784,
    266.904496666044,
    133.40736805601045,
    315.3506104648113,
    224.57689690915868,
    245.0598087189719,
    336.8730129818432,
    238.0614963248372,
    203.74949715891853,
    245.5886637000367,
    196.176518001128,
    161.32125473208725,
    154.42874167580158,
    161.4520796611905,
    322.6657098447904,
    210.9342700932175,
    203.94488881295547,
    245.79546624794602,
    245.26551747322083,
    77.53480773977935,
    301.6492291679606,
    154.4477810668759,
    231.26853815792128,
    217.86676696315408,
    336.7775130029768,
    189.76961416378617,
    322.0837243599817,
    329.4235437847674,
    217.29193714400753,
    182.25925760809332,
    147.17130589997396,
    119.96631053695455,
    273.1426220550202,
    168.56704031396657,
    336.08560019219294,
    147.15831349883229,
    182.71843866584823,
    224.21499116299674,
    161.96719138184562,
    238.98210647515953,
    98.2667829929851,
    147.13346176594496,
    161.78189874906093,
    217.31836745422333,
    329.85395091818646,
    182.94189979322255,
    140.96944617899135,
    182.15658564679325,
    266.0973371891305,
    168.1111893542111,
    336.4149219249375,
    147.4377136370167,
    231.60443692607805,
    161.813800774049,
    196.46786769200116,
    224.3716826820746,
    322.29412808502093,
    336.91711743408814,
    336.83754756487906,
    329.01372186420485,
    336.45218937518075,
    336.4475973160006,
    182.1153588090092,
    266.76008796319366,
    336.98466292815283,
    112.73847870109603,
    336.1905573657714,
    112.19672263180837,
    182.8599275429733,
    280.64505870779976,
    147.91992731485516,
    336.62048428785056,
    231.19074041303247,
    161.5322226230055,
    140.3865263038315,
    315.89522400684655,
    329.5013450901024,
    175.18765671597794,
    273.7821815512143,
    336.5665761339478,
    175.3265195339918,
    336.8346736030653,
    182.6740320478566,
    210.33949057385325,
    280.1938709812239,
    126.62117759510875,
    168.9524033390917,
    217.5645189289935,
    336.5003003301099,
    182.33894910896197,
    133.18910674517974,
    329.65070029487833,
    217.6189444269985,
    182.83851901208982,
    210.94712933106348,
    133.47843779297546,
    182.75981610221788,
    224.42635930422693,
    210.8721442851238,
    301.69502347381786,
    322.79243005486205,
    329.986419999972,
    252.26771172694862,
    63.2077227961272,
    175.9353506299667,
    336.27280917577446,
    175.93062881100923,
    336.53634966677055,
    301.917890205048,
    287.2350847898051,
    189.82474125595763,
    147.8200143650174,
    217.11489340197295,
    336.10342142311856,
    336.8535900320858,
    196.56640243902802,
    329.8110797791742,
    315.2095079268329,
    224.24992231978104,
    322.90696463594213,
    196.91448312299326,
    336.9182916288264,
    182.51434038206935,
    196.10575414309278,
    329.14680698607117,
    315.04904757020995,
    105.65972367906943,
    224.88247660407797,
    329.28594976011664,
    336.95366027299315,
    140.86018509278074,
    210.592711803969,
    182.97895470494404,
    259.6345074027777,
    189.62952010380104,
    175.90152375679463,
    210.21075665811077,
    329.25462912302464,
    252.5533943809569,
    154.5819365340285,
    322.0844469438307,
    140.94761158991605,
    329.8882011570968,
    238.41067129792646,
    217.40110982395709,
    224.09621070278808,
    196.85751554789022,
    252.3472904697992,
    322.2995295189321,
    287.0579037410207,
    336.9458974809386,
    231.7715509319678,
    133.70447650412098,
    154.02732028113678,
    210.79928344022483,
    140.9398137400858,
    336.75209276983514,
    147.25654848106205,
    322.9637124221772,
    203.4197309250012,
    329.2118198648095,
    336.91056443285197,
    329.90761477081105,
    322.48584395088255,
    329.51436137314886,
    280.2160546230152,
    322.36451942520216,
    231.4690248859115,
