{
  "events_fetched": 3106,
  "trajectories_used": 250,
  "train_size": 200,
  "test_size": 50,
  "results": {
    "v1_separation": 3.4459621321634226,
    "v1_p": 0.0,
    "v1_pass": 1,
    "v2_rho": 0.5744878170381708,
    "v2_p": 0.0,
    "v2_pass": 1,
    "train_f1": 0.6084130709514353,
    "epsilon": 0.0023786807924007177,
    "test_f1": 1.0,
    "test_precision": 1.0,
    "test_recall": 1.0,
    "tp": 50,
    "fp": 0,
    "fn": 0,
    "mean_lead_days": 221.25694770226255,
    "median_lead_days": 213.90035473858006
  },
  "lead_times_days": [
    294.64315334986895,
    245.4690248859115,
    336.82425979012623,
    161.18910674517974,
    336.40338763501495,
    231.98210647515953,
    210.2353183971718,
    126.75511144986376,
    161.94488881295547,
    140.1153588090092,
    217.56539107998833,
    84.59015197912231,
    329.7660355018452,
    203.2230946519412,
    126.00369243090972,
    315.23189749522135,
    84.20998024614528,
    84.14253771491349,
    154.84936367394403,
    224.22114239400253,
    315.8628333401866,
    329.22918232996017,
    322.8364705340937,
    336.2095079268329,
    301.10681503778324,
    126.12863642210141,
    231.25447750184685,
    189.42582781985402,
    203.9532834040001,
    336.0307562588714,
    266.64462437992916,
    273.11489340197295,
    175.4229600247927,
    301.1938709812239,
    126.58892553998157,
    133.81467169709504,
    182.9422716330737,
    238.21605462301522,
    161.4849420641549,
    147.62527930084616,
    133.6894686599262,
    315.91539781121537,
    231.32510446105152,
    189.67074724985287,
    315.1355188600719,
    154.7821815512143,
    182.5853081732057,
    329.2754661059007,
    329.3341899868101,
    112.68271451396868
  ]
}