t,days_to_reentry,M2_cell,H_t,p_t,P_forward,artifact_flag
0,1141.16,14,3.620665,0.6000,0.598800,0
1,1140.83,14,3.541169,0.8000,0.609700,0
2,1140.77,2,3.049995,0.0000,0.390400,0
3,1139.58,2,2.512379,0.6000,0.395100,0
4,1139.58,2,2.121255,0.2000,0.399300,0
5,1138.92,2,1.982312,0.0000,0.387500,0
6,1137.92,11,1.680350,0.0000,0.234000,0
7,1137.13,11,1.512992,0.2000,0.218500,0
8,1136.93,11,1.485366,0.0000,0.230400,0
9,1135.94,11,1.511552,0.0000,0.232000,0
10,1135.08,11,1.332473,0.0000,0.225200,0
11,1134.16,11,1.243540,0.2000,0.229900,0
12,1133.89,11,1.295456,0.0000,0.225400,0
13,1133.10,11,1.305752,0.0000,0.228500,0
14,1132.18,11,1.222227,0.0000,0.227300,0
15,1132.11,11,1.216886,0.0000,0.226500,0
16,1131.12,11,1.101496,0.0000,0.224400,0
17,1130.99,5,0.928131,0.0000,0.155200,0
18,1129.99,5,0.817735,0.0000,0.170900,0
19,1128.47,5,0.669315,0.0000,0.157200,0
20,1127.42,5,0.712742,0.0000,0.164200,0
21,1127.09,5,0.881305,0.0000,0.152600,0
22,1126.23,11,1.008024,0.0000,0.232700,0
23,1126.16,11,1.052203,0.0000,0.232100,0
24,1125.17,9,0.596988,0.0000,0.092900,0
25,1124.51,5,0.521152,0.0000,0.157600,0
26,1124.18,5,0.570882,0.0000,0.156500,0
27,1123.25,5,0.611062,0.0000,0.156400,0
28,1123.12,5,0.654100,0.0000,0.155200,0
29,1122.06,5,0.525444,0.0000,0.164400,0
30,1122.06,5,0.701878,0.0000,0.163900,0
31,1121.46,9,0.471721,0.0000,0.091000,0
32,1120.21,9,0.423043,0.0000,0.089900,0
33,1120.14,9,0.424696,0.0000,0.087600,0
34,1119.08,9,0.414803,0.0000,0.091700,0
35,1119.08,9,0.399441,0.0000,0.091900,0
36,1118.16,9,0.392767,0.0000,0.095000,0
37,1117.56,9,0.379706,0.0000,0.093300,0
38,1116.37,9,0.370630,0.0000,0.093800,0
39,1116.10,9,0.443315,0.0000,0.096600,0
40,1115.24,5,0.525635,0.0000,0.159700,0
41,1115.18,5,0.594828,0.0000,0.158200,0
42,1114.25,5,0.680962,0.0000,0.161900,0
43,1114.19,5,0.755908,0.0000,0.161400,0
44,1112.27,5,0.833181,0.0000,0.157000,0
45,1111.21,5,0.899054,0.0000,0.159800,0
46,1110.22,11,0.951540,0.0000,0.227100,0
47,1109.55,11,0.987574,0.2000,0.232100,0
48,1109.22,11,1.012804,0.0000,0.225900,0
49,1108.23,11,1.036142,0.0000,0.227300,0
50,1107.24,11,1.052280,0.0000,0.231100,0
51,1106.58,11,1.038668,0.0000,0.225000,0
52,1106.24,11,0.991010,0.0000,0.230000,0
53,1105.52,17,0.590105,0.0000,0.043700,0
54,1105.32,17,0.146906,0.0000,0.046600,0
55,1104.33,17,0.129546,0.0000,0.047900,0
56,1103.33,17,0.128158,0.0000,0.046500,0
57,1102.54,17,0.132712,0.0000,0.048000,0
58,1102.34,17,0.139163,0.0000,0.044600,0
59,1101.35,17,0.139765,0.0000,0.047900,0
60,1100.36,17,0.142030,0.0000,0.043100,0
61,1099.63,17,0.140939,0.0000,0.044600,0
62,1099.36,17,0.139466,0.0000,0.045200,0
63,1098.57,17,0.137125,0.0000,0.043600,0
64,1098.50,17,0.136438,0.0000,0.044000,0
65,1097.38,17,0.132994,0.0000,0.048100,0
66,1096.45,17,0.127463,0.0000,0.045600,0
67,1095.46,17,0.118214,0.0000,0.047000,0
68,1094.80,17,0.106902,0.0000,0.044100,0
69,1094.47,17,0.090545,0.0000,0.042900,0
70,1093.47,17,0.066687,0.0000,0.046700,0
71,1092.48,17,0.032256,0.0000,0.044500,0
72,1091.49,17,0.001114,0.0000,0.045800,0
73,1090.50,17,0.011865,0.0000,0.043900,0
74,1089.57,17,0.021342,0.0000,0.047200,0
75,1089.50,17,0.064273,0.0000,0.046300,0
76,1088.05,17,0.096791,0.0000,0.047000,0
77,1087.92,17,0.120431,0.0000,0.047100,0
78,1087.59,11,1.757149,0.0000,0.229200,0
79,1086.59,11,1.274508,0.0000,0.230000,0
80,1085.93,11,1.310828,0.0000,0.230900,0
81,1085.47,11,1.403144,0.0000,0.230200,0
82,1084.54,11,1.433639,0.0000,0.232400,0
83,1084.48,11,1.466739,0.4000,0.226400,0
84,1083.48,11,1.462345,0.2000,0.225200,0
85,1081.17,11,1.471840,0.0000,0.222700,0
86,1080.18,11,1.499211,0.0000,0.225100,0
87,1079.85,11,1.528730,0.2000,0.226800,0
88,1079.05,11,1.562369,0.2000,0.221000,0
89,1078.79,11,1.587553,0.0000,0.228500,0
90,1077.20,11,1.607744,0.0000,0.232200,0
91,1076.21,11,1.609317,0.2000,0.226500,0
92,1075.09,11,1.588425,0.2000,0.226400,0
93,1074.16,11,1.504720,0.0000,0.224100,0
94,1074.09,11,1.420102,0.0000,0.230200,0
95,1073.17,11,1.357157,0.0000,0.223300,0
96,1072.90,11,1.299006,0.0000,0.238800,0
97,1072.11,11,1.253557,0.0000,0.223100,0
98,1071.18,11,1.217281,0.0000,0.233900,0
99,1070.92,11,1.167754,0.0000,0.234000,0
100,1070.06,11,1.113567,0.0000,0.228600,0
101,1069.13,11,1.042948,0.0000,0.232000,0
102,1068.07,11,0.953941,0.0000,0.229400,0
103,1068.01,5,0.863409,0.0000,0.160500,0
104,1067.15,5,0.778387,0.0000,0.158400,0
105,1066.55,5,0.661357,0.0000,0.157500,0
106,1066.16,5,0.538005,0.0000,0.160200,0
107,1065.16,9,0.260695,0.0000,0.095900,0
108,1065.10,9,0.199151,0.0000,0.095000,0
109,1064.37,9,0.202520,0.0000,0.092100,0
110,1064.04,9,0.205719,0.2000,0.094500,0
111,1063.11,9,0.190636,0.0000,0.099800,0
112,1062.92,9,0.191886,0.0000,0.091400,0
113,1062.12,9,0.179641,0.0000,0.097100,0
114,1061.46,17,0.166767,0.0000,0.045200,0
115,1061.13,17,0.159096,0.0000,0.049600,0
116,1060.20,17,0.146561,0.0000,0.040700,0
117,1060.14,17,0.131459,0.0000,0.043900,0
118,1059.15,17,0.112143,0.0000,0.048800,0
119,1059.01,17,0.082261,0.0000,0.044800,0
120,1058.09,17,0.042378,0.0000,0.044900,0
121,1057.49,17,0.015385,0.0000,0.045600,0
122,1057.16,3,0.071485,0.0000,0.029000,0
123,1056.17,3,0.129529,0.0000,0.026500,0
124,1056.10,3,0.167361,0.0000,0.026200,0
125,1055.11,3,0.156754,0.0000,0.024100,0
126,1055.05,3,0.116781,0.0000,0.027600,0
127,1054.05,17,0.053852,0.0000,0.046000,0
128,1053.19,17,0.005763,0.0000,0.044100,0
129,1053.13,17,0.043848,0.0000,0.046200,0
130,1052.20,17,0.073540,0.0000,0.043900,0
131,1051.14,17,0.091059,0.0000,0.041900,0
132,1050.15,17,0.097415,0.0000,0.045700,0
133,1049.56,17,0.101291,0.0000,0.045500,0
134,1049.16,17,0.102860,0.0000,0.045400,0
135,1048.50,17,0.109285,0.0000,0.042600,0
136,1048.17,17,0.115927,0.0000,0.042100,0
137,1047.24,17,0.130425,0.0000,0.046800,0
138,1047.18,17,0.139423,0.0000,0.040400,0
139,1046.38,17,0.154381,0.0000,0.043900,0
140,1045.52,17,0.167674,0.0000,0.049000,0
141,1045.19,9,0.173557,0.0000,0.093300,0
142,1044.27,9,0.178286,0.0000,0.099700,0
143,1044.20,17,0.169731,0.0000,0.046100,0
144,1043.27,17,0.162088,0.0000,0.048000,0
145,1042.55,17,0.149192,0.0000,0.046600,0
146,1042.35,17,0.131631,0.0000,0.043500,0
147,1041.49,17,0.116977,0.0000,0.044900,0
148,1040.30,17,0.109813,0.0000,0.044700,0
149,1039.31,17,0.105014,0.0000,0.039300,0
150,1038.84,17,0.102411,0.0000,0.045300,0
151,1038.31,17,0.105225,0.0000,0.040000,0
152,1037.52,17,0.112127,0.0000,0.045200,0
153,1037.32,17,0.113679,0.0000,0.046200,0
154,1036.40,17,0.128248,0.0000,0.048900,0
155,1036.33,17,0.132676,0.0000,0.046200,0
156,1035.34,17,0.137347,0.0000,0.046600,0
157,1034.41,17,0.127882,0.0000,0.040300,0
158,1033.88,17,0.111609,0.0000,0.047700,0
159,1033.42,17,0.099605,0.0000,0.046900,0
160,1032.56,17,0.086705,0.0000,0.045400,0
161,1032.43,17,0.068835,0.0000,0.043400,0
162,1031.43,17,0.060213,0.0000,0.048500,0
163,1030.44,17,0.058987,0.0000,0.044400,0
164,1029.65,17,0.058428,0.0000,0.045100,0
165,1029.45,17,0.057196,0.0000,0.042700,0
166,1028.59,17,0.064838,0.0000,0.045700,0
167,1028.46,17,0.069340,0.0000,0.043900,0
168,1027.47,17,0.081617,0.0000,0.047700,0
169,1026.47,17,0.090058,0.0000,0.045000,0
170,1025.81,17,0.090819,0.0000,0.044700,0
171,1025.48,17,0.086373,0.0000,0.043400,0
172,1024.56,17,0.079817,0.0000,0.039500,0
173,1023.56,17,0.069024,0.0000,0.045300,0
174,1022.84,17,0.057098,0.0000,0.042700,0
175,1022.57,17,0.044383,0.0000,0.042900,0
176,1021.58,17,0.037220,0.0000,0.043100,0
177,1020.59,17,0.034885,0.0000,0.045200,0
178,1019.86,17,0.035016,0.0000,0.045200,0
179,1019.60,17,0.037432,0.0000,0.044500,0
180,1018.60,17,0.040757,0.0000,0.048000,0
181,1017.61,17,0.043315,0.0000,0.046600,0
182,1016.82,17,0.044006,0.0000,0.047900,0
183,1016.62,17,0.044941,0.0000,0.045800,0
184,1015.69,17,0.043093,0.0000,0.045300,0
185,1015.17,17,0.040700,0.0000,0.045500,0
186,1014.70,17,0.032948,0.0000,0.041900,0
187,1013.84,17,0.022353,0.0000,0.049300,0
188,1013.12,17,0.012351,0.0000,0.046000,0
189,1012.72,17,0.003038,0.0000,0.046000,0
190,1012.12,17,0.005126,0.0000,0.047200,0
191,1011.06,17,0.016546,0.0000,0.047500,0
192,1010.93,17,0.029161,0.0000,0.046100,0
193,1010.07,17,0.039357,0.0000,0.044100,0
194,1009.87,17,0.046283,0.0000,0.043500,0
195,1009.15,17,0.052934,0.0000,0.047100,0
196,1008.75,17,0.042356,0.0000,0.044300,0
197,1008.09,17,0.011496,0.0000,0.048100,0
198,1007.30,17,0.045214,0.0000,0.044800,0
199,1007.10,17,0.099327,0.0000,0.044700,0
200,1006.10,17,0.148500,0.0000,0.047900,0
201,1005.91,9,0.189744,0.0000,0.093300,0
202,1005.11,9,0.219641,0.0000,0.095900,0
203,1004.85,9,0.234535,0.0000,0.096200,0
204,1004.12,9,0.247667,0.0000,0.093500,0
205,1003.19,9,0.261907,0.0000,0.094100,0
206,1003.13,9,0.267312,0.0000,0.092400,0
207,1002.07,9,0.282405,0.0000,0.089300,0
208,1001.87,9,0.294293,0.0000,0.094500,0
209,1000.22,17,0.130851,0.0000,0.046700,0
210,1000.09,9,0.294234,0.0000,0.098100,0
211,999.10,9,0.403933,0.0000,0.092400,0
212,998.90,9,0.483854,0.0000,0.096700,0
213,998.10,5,0.545318,0.0000,0.158200,0
214,997.57,5,0.599188,0.0000,0.153400,0
215,997.31,5,0.643866,0.0000,0.160600,0
216,996.32,5,0.683649,0.0000,0.155800,0
217,995.33,5,0.717716,0.0000,0.159000,0
218,995.00,5,0.747496,0.0000,0.151100,0
219,994.40,5,0.766968,0.0000,0.152600,0
220,993.34,5,0.768193,0.0000,0.159800,0
221,992.42,5,0.762617,0.0000,0.162000,0
222,991.49,5,0.747096,0.0000,0.156700,0
223,991.16,5,0.727209,0.0000,0.158700,0
224,990.43,5,0.693603,0.0000,0.157900,0
225,989.18,5,0.670810,0.0000,0.155500,0
226,988.32,5,0.655085,0.2000,0.157900,0
227,987.59,5,0.651572,0.0000,0.162400,0
228,987.52,5,0.658672,0.0000,0.158400,0
229,986.60,5,0.660805,0.0000,0.161000,0
230,986.33,5,0.669326,0.0000,0.152300,0
231,985.34,5,0.667977,0.0000,0.156400,0
232,984.55,5,0.653030,0.0000,0.156600,0
233,984.35,5,0.629283,0.0000,0.154500,0
234,983.49,5,0.570209,0.0000,0.153800,0
235,982.30,9,0.466966,0.0000,0.095300,0
236,981.70,9,0.311339,0.0000,0.089600,0
237,981.31,17,0.063574,0.0000,0.043900,0
238,980.58,9,0.385985,0.0000,0.091800,0
239,979.85,11,1.203601,0.0000,0.226100,0
240,979.52,11,1.252901,0.0000,0.227200,0
241,979.33,11,1.366987,0.0000,0.228000,0
242,978.47,11,1.448722,0.0000,0.226000,0
243,977.47,11,1.492750,0.0000,0.227200,0
244,977.21,11,1.538866,0.0000,0.231600,0
245,976.55,11,1.565572,0.0000,0.230900,0
246,976.08,11,1.347678,0.0000,0.224400,0
247,975.75,11,1.379160,0.0000,0.227500,0
248,975.42,11,1.393877,0.0000,0.220700,0
249,975.08,11,1.431832,0.2000,0.232500,0
250,974.42,11,1.435735,0.2000,0.231900,0
251,974.08,11,1.452419,0.0000,0.238000,0
252,973.50,11,1.449058,0.0000,0.229300,0
253,973.08,11,1.419458,0.0000,0.232400,0
254,972.75,11,1.392984,0.2000,0.234300,0
255,972.42,11,1.359547,0.0000,0.227800,0
256,972.08,11,1.332907,0.0000,0.232700,0
257,971.75,11,1.294628,0.0000,0.224200,0
258,971.42,11,1.252852,0.0000,0.231000,0
259,971.17,11,1.198317,0.2000,0.231100,0
260,970.75,11,1.152444,0.2000,0.228100,0
261,970.42,11,1.100118,0.2000,0.229200,0
262,970.08,11,1.047664,0.0000,0.229600,0
263,969.75,11,0.981140,0.0000,0.225800,0
264,969.50,5,0.880926,0.0000,0.153200,0
265,969.08,5,0.743288,0.0000,0.159900,0
266,968.08,9,0.513332,0.0000,0.099000,0
267,967.08,17,0.168501,0.0000,0.049100,0
268,966.50,3,0.156181,0.0000,0.029200,1
269,966.08,3,0.122044,0.0000,0.027500,1
270,965.75,3,0.205749,0.0000,0.023500,0
271,965.17,3,0.215503,0.0000,0.029500,0
272,964.75,3,0.239681,0.0000,0.025600,0
273,964.08,3,0.237495,0.0000,0.027500,0
274,963.75,3,0.240236,0.0000,0.027700,0
275,963.08,3,0.241257,0.0000,0.028200,0
276,962.75,3,0.243534,0.0000,0.025400,0
277,962.14,3,0.265015,0.0000,0.028700,0
278,962.08,3,0.259671,0.0000,0.029500,0
279,961.75,3,0.259323,0.0000,0.027200,0
280,961.17,3,0.250992,0.0000,0.027400,0
281,960.75,3,0.247081,0.0000,0.026100,0
282,960.08,3,0.240144,0.0000,0.029000,0
283,959.75,3,0.240535,0.0000,0.032300,0
284,959.17,3,0.233913,0.0000,0.028200,0
285,959.08,3,0.230202,0.0000,0.026000,0
286,958.75,3,0.236067,0.0000,0.029000,0
287,958.08,3,0.242187,0.0000,0.027100,0
288,957.75,3,0.234337,0.0000,0.030100,0
289,957.08,3,0.229760,0.0000,0.028100,0
290,956.42,3,0.225309,0.0000,0.028500,0
291,956.08,3,0.226839,0.0000,0.026900,0
292,955.83,3,0.220800,0.0000,0.029200,0
293,955.25,3,0.231738,0.0000,0.027400,0
294,954.08,3,0.226928,0.0000,0.027700,0
295,953.75,3,0.228441,0.0000,0.028000,0
296,953.08,3,0.249038,0.0000,0.027200,0
297,952.50,3,0.257689,0.0000,0.029000,0
298,952.08,3,0.249381,0.0000,0.028300,0
299,951.75,3,0.259561,0.0000,0.029900,0
300,951.42,3,0.236821,0.0000,0.028500,0
301,951.08,3,0.235046,0.0000,0.026900,0
302,950.75,3,0.201366,0.0000,0.027800,0
303,950.08,3,0.213297,0.0000,0.026900,0
304,949.75,3,0.179494,0.0000,0.031000,0
305,949.42,3,0.193378,0.0000,0.028700,0
306,949.08,3,0.175276,0.0000,0.029900,0
307,948.75,3,0.111386,0.0000,0.023000,0
308,948.33,3,0.196724,0.0000,0.028400,0
309,947.75,3,0.167025,0.0000,0.028600,0
310,947.08,3,0.175804,0.0000,0.028400,0
311,946.08,3,0.133023,0.0000,0.028700,0
312,945.58,3,0.162639,0.0000,0.025600,0
313,945.25,3,0.184110,0.0000,0.031400,0
314,945.08,3,0.198394,0.0000,0.027200,0
315,944.89,3,0.238596,0.0000,0.028800,0
316,944.42,3,0.234748,0.0000,0.029300,0
317,944.10,3,0.260529,0.0000,0.029200,0
318,944.08,3,0.234247,0.0000,0.026600,0
319,943.42,9,0.289652,0.0000,0.097200,0
320,943.17,9,0.279885,0.0000,0.096200,0
321,943.11,9,0.362953,0.0000,0.096300,0
322,942.75,5,0.809966,0.0000,0.158100,0
323,942.42,11,0.992622,0.0000,0.234000,0
324,942.08,11,1.171102,0.0000,0.229000,0
325,941.75,11,1.340068,0.0000,0.233700,0
326,941.42,11,1.386656,0.0000,0.230800,0
327,941.12,11,1.390985,0.0000,0.234200,0
328,941.08,11,1.401127,0.0000,0.232100,0
329,940.42,11,1.407767,0.0000,0.233900,0
330,940.08,11,1.413618,0.0000,0.231900,0
331,939.42,11,1.422765,0.0000,0.234700,0
332,939.08,11,1.426023,0.0000,0.226300,0
333,938.17,11,1.432741,0.0000,0.230400,0
334,938.08,11,1.404845,0.0000,0.227100,0
335,937.42,11,1.392664,0.2000,0.229000,0
336,937.08,11,1.379352,0.0000,0.233100,0
337,936.58,11,1.308266,0.0000,0.222100,0
338,934.75,11,1.293176,0.0000,0.230000,0
339,934.42,11,1.208506,0.2000,0.223100,0
340,934.08,11,1.100043,0.0000,0.230500,0
341,933.75,11,1.014279,0.0000,0.233100,0
342,933.42,11,1.003582,0.0000,0.227200,0
343,933.08,11,0.996117,0.0000,0.223900,0
344,932.75,11,1.014120,0.0000,0.231700,0
345,932.42,11,1.008490,0.0000,0.228400,0
346,932.08,11,1.029534,0.0000,0.229100,0
347,931.75,11,1.049768,0.0000,0.226400,0
348,931.67,11,1.062514,0.0000,0.227800,0
349,931.08,11,1.118167,0.0000,0.236100,0
350,930.75,11,1.157431,0.0000,0.223600,0
351,930.42,11,1.239485,0.0000,0.221600,0
352,930.08,11,1.323162,0.0000,0.231000,0
353,929.75,11,1.431404,0.0000,0.234000,0
354,929.42,11,1.521523,0.0000,0.238700,0
355,929.08,11,1.591927,0.0000,0.226100,0
356,928.75,2,1.686942,0.2000,0.395200,0
357,928.42,2,1.744308,0.0000,0.395100,0
358,928.08,2,1.791221,0.2000,0.395800,0
359,927.75,2,1.862894,0.0000,0.391700,0
360,927.42,2,1.950271,0.2000,0.401700,0
361,927.08,2,2.009545,0.2000,0.407200,0
362,926.42,2,2.124944,0.6000,0.400700,0
363,926.08,2,2.128383,0.2000,0.399600,0
364,925.48,2,2.067275,0.2000,0.393900,0
365,925.08,2,2.048196,0.4000,0.387700,0
366,924.75,2,1.968024,0.4000,0.391600,0
367,924.50,2,2.010903,0.2000,0.402500,0
368,924.42,2,2.096274,0.0000,0.403900,0
369,924.25,2,2.057810,0.2000,0.397100,0
370,923.75,2,2.025350,0.4000,0.401200,0
371,923.42,2,2.174325,0.2000,0.398600,0
372,923.08,2,2.135279,0.4000,0.400800,0
373,922.42,2,2.131754,0.4000,0.397700,0
374,922.08,2,2.200906,0.4000,0.404400,0
375,921.75,2,2.141735,0.0000,0.401000,0
376,921.42,2,2.093877,0.0000,0.408300,0
377,921.08,2,2.059796,0.6000,0.391600,0
378,920.42,2,2.040213,0.4000,0.401400,0
379,920.08,2,1.973841,0.2000,0.403600,0
380,919.75,2,1.961969,0.4000,0.393200,0
381,919.42,2,1.961979,0.4000,0.396200,0
382,919.08,2,1.927416,0.6000,0.400300,0
383,918.75,2,1.940495,0.4000,0.394100,0
384,918.42,2,2.013368,0.4000,0.400000,0
385,917.75,2,2.007046,0.2000,0.387200,0
386,917.50,2,2.045877,0.2000,0.408500,0
387,917.42,2,2.114311,0.2000,0.404000,0
388,917.08,2,2.027823,0.6000,0.403400,0
389,916.75,2,1.938823,0.2000,0.392600,0
390,916.42,2,1.897834,0.2000,0.397500,0
391,915.42,2,1.688326,0.0000,0.398400,0
392,914.58,2,1.636162,0.2000,0.397900,0
393,914.08,11,1.485285,0.0000,0.225100,0
394,913.75,11,1.365966,0.0000,0.228700,0
395,913.42,11,1.272507,0.0000,0.223400,0
396,913.08,11,1.159468,0.2000,0.228400,0
397,912.75,11,1.055449,0.0000,0.235900,0
398,912.42,11,0.995435,0.0000,0.222300,0
399,912.08,5,0.882652,0.0000,0.160000,0
400,911.75,5,0.730551,0.0000,0.164600,0
401,911.42,5,0.687296,0.0000,0.154000,0
402,911.08,5,0.587625,0.0000,0.154800,0
403,910.50,5,0.584720,0.0000,0.163800,0
404,910.50,5,0.548225,0.0000,0.160000,0
405,909.58,9,0.486151,0.0000,0.095300,0
406,909.42,5,0.530740,0.0000,0.159400,0
407,909.08,5,0.512695,0.0000,0.146700,0
408,909.00,5,0.547194,0.0000,0.153400,0
409,908.75,5,0.508264,0.0000,0.156200,0
410,908.42,9,0.457417,0.0000,0.093800,0
411,907.42,9,0.371087,0.0000,0.099000,0
412,907.08,9,0.323741,0.0000,0.086800,0
413,906.75,9,0.337298,0.0000,0.088600,0
414,906.08,9,0.333956,0.0000,0.098900,0
415,905.42,9,0.316525,0.0000,0.095200,0
416,905.08,9,0.228764,0.0000,0.091600,0
417,904.75,3,0.338132,0.0000,0.026300,0
418,904.42,3,0.257259,0.0000,0.026700,0
419,904.08,3,0.253113,0.0000,0.027900,0
420,903.75,3,0.269934,0.0000,0.033800,0
421,903.17,3,0.274317,0.0000,0.027200,0
422,903.08,3,0.270456,0.0000,0.025500,0
423,902.75,3,0.267269,0.0000,0.029600,0
424,902.42,3,0.262922,0.0000,0.026600,0
425,902.08,3,0.260252,0.0000,0.026500,0
426,901.75,3,0.256251,0.0000,0.029700,0
427,901.42,3,0.255023,0.0000,0.027300,0
428,901.08,3,0.259545,0.0000,0.030300,0
429,900.75,3,0.249974,0.0000,0.027600,0
430,900.25,3,0.250957,0.0000,0.028300,0
431,899.83,3,0.235905,0.0000,0.027200,0
432,899.67,3,0.222059,0.0000,0.029900,0
433,899.08,3,0.219420,0.0000,0.027700,0
434,898.75,3,0.184802,0.0000,0.028200,0
435,898.48,3,0.144933,0.0000,0.025700,0
436,898.08,3,0.159533,0.0000,0.030700,0
437,897.75,3,0.135958,0.0000,0.027000,0
438,897.42,3,0.134204,0.0000,0.026800,0
439,897.17,3,0.187209,0.0000,0.026200,0
440,897.08,3,0.176477,0.0000,0.026900,0
441,896.75,3,0.159337,0.0000,0.026900,0
442,896.42,3,0.149950,0.0000,0.027500,0
443,896.08,3,0.192622,0.0000,0.031300,0
444,895.75,3,0.194531,0.0000,0.026500,0
445,895.42,3,0.179941,0.0000,0.028300,0
446,895.08,3,0.199712,0.0000,0.027200,0
447,894.75,3,0.188096,0.0000,0.028200,0
448,894.42,3,0.171806,0.0000,0.028100,0
449,894.08,3,0.201211,0.0000,0.030000,0
450,893.75,3,0.176300,0.0000,0.032000,0
451,893.50,3,0.158299,0.0000,0.029400,0
452,893.08,3,0.210535,0.0000,0.027400,0
453,893.00,3,0.182980,0.0000,0.027100,0
454,892.42,17,0.037416,0.0000,0.044900,0
455,892.08,9,0.193344,0.0000,0.100400,0
456,891.92,9,0.348867,0.0000,0.094600,0
457,891.42,9,0.439296,0.0000,0.096100,0
458,891.08,5,0.527969,0.0000,0.157400,0
459,890.75,5,0.608373,0.0000,0.154500,0
460,890.42,5,0.661448,0.0000,0.160000,0
461,890.17,5,0.628507,0.0000,0.159400,0
462,890.08,5,0.658241,0.0000,0.159700,0
463,889.75,5,0.672165,0.0000,0.155200,0
464,889.42,5,0.702658,0.0000,0.156800,0
465,889.08,5,0.735498,0.0000,0.158100,0
466,888.75,5,0.728695,0.0000,0.152000,0
467,888.42,5,0.753353,0.0000,0.161000,0
468,888.08,5,0.765062,0.0000,0.159000,0
469,887.75,5,0.754558,0.0000,0.154600,0
470,887.42,5,0.764675,0.0000,0.155700,0
471,887.09,5,0.758332,0.0000,0.155200,0
472,886.75,5,0.766606,0.0000,0.154000,0
473,886.42,5,0.737922,0.0000,0.165000,0
474,886.10,5,0.726373,0.0000,0.157700,0
475,886.08,5,0.735630,0.0000,0.154300,0
476,885.77,5,0.713667,0.0000,0.156300,0
477,885.18,5,0.717221,0.0000,0.162400,0
478,885.08,5,0.708902,0.0000,0.157700,0
479,884.42,5,0.643221,0.0000,0.161100,0
480,884.19,5,0.573970,0.0000,0.156300,0
481,883.58,9,0.430771,0.0000,0.100100,0
482,883.08,17,0.175560,0.0000,0.045800,0
483,882.08,3,0.328068,0.0000,0.028300,1
484,881.49,3,0.245469,0.0000,0.026900,1
485,881.42,3,0.247978,0.0000,0.024600,0
486,881.08,3,0.237793,0.0000,0.028500,0
487,880.42,3,0.236008,0.0000,0.028300,0
488,880.08,3,0.231492,0.0000,0.029100,0
489,879.42,3,0.225228,0.0000,0.030300,0
490,879.08,3,0.215994,0.0000,0.028800,0
491,878.42,3,0.176991,0.0000,0.023900,0
492,878.08,3,0.195838,0.0000,0.029900,0
493,877.42,3,0.188679,0.0000,0.029200,0
494,877.08,3,0.194319,0.0000,0.027900,0
495,877.08,3,0.207419,0.0000,0.029600,0
496,876.42,3,0.204548,0.0000,0.029600,0
497,876.08,3,0.196279,0.0000,0.027700,0
498,875.75,3,0.203793,0.0000,0.027700,0
499,875.50,3,0.219503,0.0000,0.029700,0
500,875.17,3,0.206691,0.0000,0.026700,0
501,875.08,3,0.198430,0.0000,0.027100,0
502,874.42,3,0.198608,0.0000,0.023600,0
503,874.08,3,0.186430,0.0000,0.029100,0
504,873.75,3,0.173788,0.0000,0.027500,0
505,873.58,3,0.161552,0.0000,0.027900,0
506,873.08,3,0.151548,0.0000,0.027500,0
507,872.75,3,0.174010,0.0000,0.026400,0
508,872.25,3,0.160447,0.0000,0.028300,0
509,871.42,3,0.200004,0.0000,0.027800,0
510,871.09,3,0.196114,0.0000,0.026900,0
511,871.08,3,0.172214,0.0000,0.030100,0
512,870.75,3,0.178926,0.0000,0.023700,0
513,870.42,3,0.159171,0.0000,0.029600,0
514,870.25,3,0.140361,0.0000,0.027000,0
515,870.17,3,0.169388,0.0000,0.029600,0
516,867.08,3,0.135167,0.0000,0.027000,0
517,866.75,3,0.153903,0.0000,0.029000,0
518,866.08,3,0.121663,0.0000,0.027700,0
519,865.08,3,0.128577,0.0000,0.029000,0
520,864.75,3,0.095708,0.0000,0.026000,0
521,864.11,3,0.099525,0.0000,0.027700,0
522,864.08,3,0.078967,0.0000,0.027500,0
523,863.42,3,0.069303,0.0000,0.026700,0
524,863.08,3,0.055603,0.0000,0.027700,0
525,862.75,17,0.133027,0.0000,0.047200,0
526,862.42,17,0.160820,0.0000,0.050600,0
527,862.08,17,0.170489,0.0000,0.041300,0
528,861.25,17,0.167049,0.0000,0.046600,0
529,861.08,9,0.181345,0.0000,0.095400,0
530,860.75,9,0.204367,0.0000,0.098500,0
531,860.42,9,0.203056,0.0000,0.093900,0
532,860.33,9,0.220370,0.0000,0.090900,0
533,858.75,9,0.211193,0.0000,0.097300,0
534,858.42,9,0.213055,0.0000,0.092000,0
535,858.33,9,0.224451,0.0000,0.095700,0
536,857.08,9,0.207318,0.0000,0.093200,0
537,856.42,9,0.206012,0.0000,0.093900,0
538,856.08,17,0.148633,0.0000,0.044300,0
539,855.75,9,0.175848,0.0000,0.094900,0
540,855.42,17,0.139998,0.0000,0.044800,0
541,854.58,17,0.154577,0.0000,0.048100,0
542,854.17,17,0.096795,0.0000,0.045800,0
543,854.08,17,0.053346,0.0000,0.044200,0
544,853.75,17,0.067874,0.0000,0.046500,0
545,853.42,17,0.079405,0.0000,0.045500,0
546,853.08,17,0.064380,0.0000,0.046800,0
547,852.75,17,0.056574,0.0000,0.049600,0
548,852.42,17,0.050146,0.0000,0.040800,0
549,852.08,17,0.043986,0.0000,0.051400,0
550,851.75,17,0.031595,0.0000,0.041300,0
551,851.50,17,0.024516,0.0000,0.042900,0
552,851.08,17,0.017659,0.0000,0.048600,0
553,851.00,17,0.011980,0.0000,0.049200,0
554,850.08,17,0.008803,0.0000,0.045000,0
555,850.00,17,0.017332,0.0000,0.043700,0
556,849.08,17,0.027313,0.0000,0.046500,0
557,848.75,17,0.037197,0.0000,0.047000,0
558,848.50,17,0.029746,0.0000,0.046000,0
559,848.08,17,0.042733,0.0000,0.046200,0
560,847.75,3,0.076731,0.0000,0.029800,0
561,847.58,3,0.077647,0.0000,0.028400,0
562,847.32,17,0.036102,0.0000,0.042000,0
563,847.08,3,0.060923,0.0000,0.028400,0
564,846.42,3,0.057146,0.0000,0.025700,0
565,846.08,17,0.038364,0.0000,0.047100,0
566,845.75,17,0.027225,0.0000,0.043400,0
567,845.50,17,0.015162,0.0000,0.050700,0
568,845.08,17,0.010830,0.0000,0.049000,0
569,844.42,3,0.079344,0.0000,0.030800,0
570,844.25,3,0.064507,0.0000,0.030900,0
571,843.75,17,0.053623,0.0000,0.046500,0
572,843.50,3,0.058490,0.0000,0.028000,0
573,843.08,17,0.051364,0.0000,0.043600,0
574,842.42,3,0.086865,0.0000,0.029500,0
575,842.08,3,0.076059,0.0000,0.030000,0
576,841.75,3,0.059526,0.0000,0.027300,0
577,841.42,3,0.071082,0.0000,0.028900,0
578,841.08,3,0.077535,0.0000,0.029900,0
579,840.75,3,0.064849,0.0000,0.027800,0
580,840.42,3,0.099950,0.0000,0.027600,0
581,840.08,3,0.098201,0.0000,0.027400,0
582,839.75,3,0.084746,0.0000,0.029400,0
583,839.08,3,0.100829,0.0000,0.026100,0
584,838.75,3,0.083412,0.0000,0.029400,0
585,838.42,3,0.091684,0.0000,0.026100,0
586,838.08,3,0.104529,0.0000,0.029900,0
587,837.75,3,0.116420,0.0000,0.030500,0
588,837.42,3,0.110107,0.0000,0.025400,0
589,837.08,3,0.118888,0.0000,0.027200,0
590,836.92,3,0.065733,0.0000,0.028900,0
591,836.08,17,0.043181,0.0000,0.042600,0
592,835.42,17,0.017292,0.0000,0.042800,0
593,835.17,17,0.013828,0.0000,0.045100,0
594,834.42,17,0.021445,0.0000,0.047800,0
595,834.08,17,0.021892,0.0000,0.044400,0
596,833.42,17,0.037316,0.0000,0.040500,0
597,833.17,17,0.038955,0.0000,0.046500,0
598,833.08,17,0.041280,0.0000,0.045500,0
599,832.42,17,0.061578,0.0000,0.046100,0
600,832.25,17,0.065083,0.0000,0.045000,0
601,831.42,17,0.082820,0.0000,0.042500,0
602,831.17,17,0.078976,0.0000,0.043100,0
603,830.75,17,0.090504,0.0000,0.044200,0
604,830.42,17,0.105619,0.0000,0.043500,0
605,830.08,17,0.102691,0.0000,0.048900,0
606,829.75,17,0.122569,0.0000,0.044900,0
607,829.17,17,0.111254,0.0000,0.049000,0
608,828.83,17,0.113938,0.0000,0.046800,0
609,828.08,17,0.122103,0.0000,0.043100,0
610,827.42,17,0.138838,0.0000,0.043500,0
611,827.08,17,0.129805,0.0000,0.048100,0
612,826.83,17,0.156418,0.0000,0.041500,0
613,826.75,17,0.156225,0.0000,0.042700,0
614,826.42,9,0.188636,0.0000,0.091700,0
615,826.08,9,0.178858,0.0000,0.093700,0
616,825.42,17,0.168177,0.0000,0.044800,0
617,825.08,9,0.208077,0.0000,0.093500,0
618,824.75,9,0.202068,0.0000,0.091200,0
619,824.42,9,0.192086,0.0000,0.094600,0
620,824.08,9,0.197143,0.0000,0.095000,0
621,823.42,9,0.181398,0.0000,0.090700,0
622,823.08,9,0.176624,0.0000,0.097800,0
623,822.75,17,0.158413,0.0000,0.046600,0
624,822.58,17,0.155755,0.0000,0.045500,0
625,822.08,17,0.125250,0.0000,0.042600,0
626,821.75,17,0.096201,0.0000,0.044500,0
627,821.08,17,0.072148,0.0000,0.047200,0
628,820.75,17,0.005753,0.0000,0.046600,0
629,820.08,17,0.005733,0.0000,0.045900,0
630,819.83,17,0.004273,0.0000,0.042800,0
631,819.75,17,0.032954,0.0000,0.046600,0
632,819.08,3,0.059311,0.0000,0.031000,0
633,818.75,3,0.075139,0.0000,0.026100,0
634,818.08,3,0.069482,0.0000,0.032900,0
635,817.42,3,0.100273,0.0000,0.029600,0
636,817.08,3,0.088742,0.0000,0.028300,0
637,816.75,3,0.098869,0.0000,0.030500,0
638,816.42,3,0.102069,0.0000,0.025400,0
639,816.08,3,0.108207,0.0000,0.028100,0
640,815.75,3,0.091896,0.0000,0.028100,0
641,815.42,3,0.104857,0.0000,0.027300,0
642,815.08,3,0.092839,0.0000,0.028800,0
643,814.75,3,0.074552,0.0000,0.028800,0
644,814.42,3,0.076710,0.0000,0.027300,0
645,814.08,3,0.070222,0.0000,0.027200,0
646,813.75,17,0.048674,0.0000,0.042600,0
647,813.08,17,0.035083,0.0000,0.045100,0
648,812.83,17,0.030896,0.0000,0.043800,0
649,812.42,17,0.030842,0.0000,0.044200,0
650,812.17,17,0.032077,0.0000,0.042500,0
651,812.08,17,0.011527,0.0000,0.041800,0
652,811.75,17,0.001575,0.0000,0.049600,0
653,811.42,17,0.006646,0.0000,0.042800,0
654,811.08,17,0.012878,0.0000,0.046200,0
655,810.92,17,0.016766,0.0000,0.046800,0
656,810.08,17,0.029166,0.0000,0.048700,0
657,809.42,17,0.033855,0.0000,0.042500,0
658,809.08,17,0.049180,0.0000,0.043800,0
659,808.75,17,0.071029,0.0000,0.045900,0
660,808.42,17,0.061454,0.0000,0.044000,0
661,808.08,17,0.070220,0.0000,0.045700,0
662,807.75,17,0.068498,0.0000,0.048700,0
663,807.08,17,0.075134,0.0000,0.043400,0
664,806.42,17,0.096185,0.0000,0.042400,0
665,806.08,17,0.088523,0.0000,0.046100,0
666,805.75,17,0.115200,0.0000,0.046300,0
667,805.08,17,0.107921,0.0000,0.042500,0
668,804.50,17,0.090800,0.0000,0.041200,0
669,804.42,17,0.112757,0.0000,0.045500,0
670,804.08,17,0.103631,0.0000,0.045200,0
671,803.75,17,0.069662,0.0000,0.046200,0
672,803.42,17,0.088445,0.0000,0.044100,0
673,803.08,17,0.076814,0.0000,0.046000,0
674,802.75,17,0.044362,0.0000,0.046000,0
675,802.08,17,0.060976,0.0000,0.045400,0
676,801.75,17,0.053543,0.0000,0.043300,0
677,801.42,17,0.085613,0.0000,0.047000,0
678,801.08,17,0.076583,0.0000,0.045500,0
679,800.42,17,0.102490,0.0000,0.044700,0
680,800.08,17,0.156406,0.0000,0.046700,0
681,799.42,9,0.209251,0.0000,0.092100,0
682,799.08,9,0.247254,0.0000,0.095100,0
683,799.00,9,0.328426,0.0000,0.090000,0
684,798.20,9,0.376632,0.0000,0.097600,0
685,798.14,9,0.342160,0.0000,0.093000,0
686,798.14,9,0.365081,0.0000,0.092700,0
687,797.22,9,0.365007,0.0000,0.093100,0
688,796.43,9,0.230677,0.0000,0.089500,0
689,796.43,17,0.127218,0.0000,0.044300,0
690,794.52,17,0.014624,0.0000,0.045300,0
691,793.60,3,0.109961,0.0000,0.030400,0
692,793.20,3,0.076913,0.0000,0.029200,0
693,792.41,3,0.076792,0.0000,0.026300,0
694,792.34,17,0.053823,0.0000,0.045600,0
695,791.55,3,0.064096,0.0000,0.028200,0
696,791.55,3,0.068572,0.0000,0.027400,0
697,791.23,3,0.061443,0.0000,0.028400,0
698,790.57,17,0.022671,0.0000,0.043000,0
699,790.44,17,0.022443,0.0000,0.047200,0
700,790.30,17,0.029335,0.0000,0.046800,0
701,790.24,17,0.020289,0.0000,0.046100,0
702,789.58,17,0.036542,0.0000,0.045300,0
703,789.45,17,0.047912,0.0000,0.043300,0
704,788.92,17,0.036141,0.0000,0.042400,0
705,788.39,17,0.032528,0.0000,0.048700,0
706,788.33,17,0.004516,0.0000,0.052400,0
707,787.34,17,0.001535,0.0000,0.046200,0
708,786.95,17,0.000005,0.0000,0.043800,0
709,786.62,17,0.008596,0.0000,0.046200,0
710,786.42,17,0.016565,0.0000,0.044300,0
711,786.35,17,0.054398,0.0000,0.045100,0
712,785.43,17,0.095009,0.0000,0.043100,0
713,785.43,17,0.071323,0.0000,0.048000,0
714,785.37,17,0.099957,0.0000,0.046000,0
715,784.71,17,0.096713,0.0000,0.043100,0
716,784.44,17,0.098091,0.0000,0.046100,0
717,784.31,17,0.097472,0.0000,0.043700,0
718,783.59,17,0.092724,0.0000,0.045500,0
719,783.46,17,0.086757,0.0000,0.041500,0
720,783.39,17,0.086116,0.0000,0.046400,0
721,782.54,17,0.121041,0.0000,0.047400,0
722,782.40,17,0.132642,0.0000,0.046900,0
723,782.40,17,0.142836,0.0000,0.046700,0
724,781.68,17,0.140799,0.0000,0.042400,0
725,781.68,17,0.151802,0.0000,0.048500,0
726,781.42,9,0.173440,0.2000,0.087600,0
727,781.42,9,0.174803,0.0000,0.092200,0
728,780.56,17,0.171025,0.0000,0.045300,0
729,780.56,17,0.162951,0.0000,0.045900,0
730,780.56,17,0.147626,0.0000,0.049600,0
731,780.56,9,0.178464,0.0000,0.096600,0
732,779.77,17,0.114737,0.0000,0.046200,0
733,779.57,17,0.037565,0.0000,0.046600,0
734,779.51,17,0.038327,0.0000,0.049500,0
735,779.38,17,0.033764,0.0000,0.046900,0
736,779.11,17,0.009822,0.0000,0.043700,0
737,779.11,17,0.016821,0.0000,0.041700,0
738,778.78,17,0.019437,0.0000,0.047000,0
739,778.78,17,0.024157,0.0000,0.044600,0
740,778.52,17,0.068661,0.0000,0.045200,0
741,778.52,17,0.023903,0.0000,0.042800,0
742,778.52,17,0.036118,0.0000,0.042100,0
743,778.52,17,0.107010,0.0000,0.046700,0
744,777.73,17,0.022866,0.0000,0.042300,0
745,777.66,17,0.046160,0.0000,0.047300,0
746,777.53,17,0.079388,0.0000,0.046400,0
747,777.53,17,0.086022,0.0000,0.045200,0
748,777.14,17,0.011459,0.0000,0.045300,0
749,777.14,17,0.026139,0.0000,0.044700,0
750,776.68,17,0.020988,0.0000,0.047300,0
751,776.61,17,0.026153,0.0000,0.043500,0
752,776.61,17,0.024670,0.0000,0.044600,0
753,776.61,17,0.021298,0.0000,0.044200,0
754,776.48,17,0.031928,0.0000,0.043400,0
755,776.15,17,0.049508,0.0000,0.045400,0
756,776.15,3,0.068288,0.0000,0.028400,0
757,776.15,3,0.077558,0.0000,0.027600,0
758,775.69,17,0.102306,0.0000,0.047000,0
759,775.69,17,0.034788,0.0000,0.042800,0
760,775.69,17,0.030350,0.0000,0.046700,0
761,775.56,17,0.112938,0.0000,0.043300,0
762,775.49,17,0.071359,0.0000,0.042800,0
763,775.49,17,0.120181,0.0000,0.048300,0
764,775.16,17,0.089468,0.0000,0.046100,0
765,775.16,17,0.052771,0.0000,0.044300,0
766,774.90,17,0.024694,0.0000,0.044500,0
767,774.83,17,0.013732,0.0000,0.045000,0
768,774.77,3,0.078475,0.0000,0.027500,0
769,774.77,17,0.051479,0.0000,0.047400,0
770,774.57,3,0.073504,0.0000,0.029000,0
771,774.50,17,0.049663,0.0000,0.045300,0
772,774.50,17,0.018206,0.0000,0.048100,0
773,774.18,17,0.007666,0.0000,0.046600,0
774,774.18,17,0.026196,0.0000,0.045800,0
775,773.91,17,0.027776,0.0000,0.048100,0
776,773.71,17,0.006099,0.0000,0.048300,0
777,773.52,17,0.011725,0.0000,0.043100,0
778,772.92,17,0.036241,0.0000,0.047300,0
779,772.79,3,0.064747,0.0000,0.029300,0
780,772.79,3,0.063024,0.0000,0.029700,0
781,772.60,3,0.055624,0.0000,0.028100,0
782,772.20,17,0.049307,0.0000,0.048300,0
783,772.20,17,0.040853,0.0000,0.042200,0
784,771.94,17,0.040517,0.0000,0.044100,0
785,771.81,17,0.051921,0.0000,0.047400,0
786,771.61,3,0.057028,0.0000,0.029700,0
787,771.61,3,0.054380,0.0000,0.026900,0
788,771.21,3,0.085890,0.0000,0.025600,0
789,770.95,3,0.116712,0.0000,0.026800,0
790,770.75,3,0.142705,0.0000,0.028400,0
791,770.55,3,0.142375,0.0000,0.030800,0
792,770.55,3,0.139447,0.0000,0.028500,0
793,770.55,3,0.134062,0.0000,0.027600,0
794,769.90,3,0.136485,0.0000,0.028000,0
795,769.70,3,0.127279,0.0000,0.026400,0
796,769.70,3,0.121021,0.0000,0.031300,0
797,769.70,3,0.132572,0.0000,0.029400,0
798,769.70,3,0.135486,0.0000,0.028100,0
799,768.97,3,0.078977,0.0000,0.025500,0
800,768.78,3,0.094529,0.0000,0.028800,0
801,768.78,3,0.103838,0.0000,0.026300,0
802,768.58,3,0.087248,0.0000,0.028300,0
803,768.58,17,0.053620,0.0000,0.045600,0
804,768.25,17,0.048127,0.0000,0.043100,0
805,767.79,17,0.031053,0.0000,0.040200,0
806,767.72,17,0.022330,0.0000,0.045800,0
807,767.59,17,0.026362,0.0000,0.043100,0
808,767.59,17,0.024211,0.0000,0.045300,0
809,767.26,17,0.036940,0.0000,0.048000,0
810,767.00,17,0.046536,0.0000,0.047200,0
811,766.93,3,0.054330,0.0000,0.029000,0
812,766.80,17,0.052279,0.0000,0.047900,0
813,766.67,3,0.055973,0.0000,0.029000,0
814,766.67,3,0.072411,0.0000,0.027300,0
815,766.28,3,0.071647,0.0000,0.029700,0
816,766.01,17,0.042837,0.0000,0.046000,0
817,766.01,3,0.056927,0.0000,0.027500,0
818,765.75,17,0.046150,0.0000,0.044700,0
819,765.68,17,0.049677,0.0000,0.042800,0
820,765.29,3,0.074435,0.0000,0.027400,0
821,765.29,3,0.091921,0.0000,0.027000,0
822,765.29,3,0.101917,0.0000,0.026900,0
823,764.96,3,0.106469,0.0000,0.027500,0
824,764.70,3,0.115735,0.0000,0.027100,0
825,764.70,3,0.110188,0.0000,0.029000,0
826,764.70,3,0.113776,0.0000,0.026600,0
827,764.04,3,0.113648,0.0000,0.028900,0
828,763.91,3,0.115798,0.0000,0.027900,0
829,763.71,3,0.105608,0.0000,0.026800,0
830,763.64,3,0.108977,0.0000,0.027200,0
831,763.31,3,0.100148,0.0000,0.026900,0
832,763.31,3,0.107266,0.0000,0.029100,0
833,763.31,3,0.102714,0.0000,0.026400,0
834,762.98,3,0.099930,0.0000,0.030000,0
835,762.79,3,0.089392,0.0000,0.028900,0
836,762.79,3,0.069700,0.0000,0.025800,0
837,762.72,3,0.084956,0.0000,0.028900,0
838,762.72,3,0.078810,0.0000,0.031100,0
839,762.33,3,0.085029,0.0000,0.025300,0
840,762.06,3,0.085210,0.0000,0.027900,0
841,761.93,3,0.089356,0.0000,0.028700,0
842,761.80,3,0.092765,0.0000,0.028500,0
843,761.80,3,0.090630,0.0000,0.026700,0
844,761.80,3,0.089472,0.0000,0.029700,0
845,761.67,3,0.106842,0.0000,0.030000,0
846,761.67,3,0.124766,0.0000,0.027400,0
847,761.34,3,0.078816,0.0000,0.028700,0
848,761.14,3,0.089581,0.0000,0.031100,0
849,760.94,3,0.093706,0.0000,0.027700,0
850,760.81,3,0.091561,0.0000,0.028600,0
851,760.68,3,0.095031,0.0000,0.027400,0
852,760.68,3,0.094890,0.0000,0.028900,0
853,760.68,3,0.096049,0.0000,0.024500,0
854,760.15,3,0.099985,0.0000,0.026800,0
855,759.89,3,0.111835,0.0000,0.026200,0
856,759.82,3,0.114070,0.0000,0.023800,0
857,759.69,3,0.140294,0.0000,0.029200,0
858,759.69,3,0.144248,0.0000,0.030000,0
859,759.69,3,0.136585,0.0000,0.027100,0
860,758.90,3,0.148068,0.0000,0.026500,0
861,758.77,3,0.139446,0.0000,0.027300,0
862,758.77,3,0.147346,0.0000,0.027200,0
863,758.11,3,0.127298,0.0000,0.027200,0
864,757.85,3,0.078975,0.0000,0.025000,0
865,757.72,3,0.076114,0.0000,0.028400,0
866,757.72,3,0.076051,0.0000,0.026900,0
867,757.72,3,0.087294,0.0000,0.027900,0
868,757.13,3,0.089342,0.0000,0.030100,0
869,757.06,3,0.091769,0.0000,0.028800,0
870,756.86,3,0.090446,0.0000,0.027100,0
871,756.86,3,0.098455,0.0000,0.030400,0
872,756.86,3,0.093789,0.0000,0.025800,0
873,756.73,3,0.102110,0.0000,0.029700,0
874,756.73,3,0.106365,0.0000,0.027200,0
875,756.20,3,0.083566,0.0000,0.028700,0
876,756.14,17,0.053967,0.0000,0.048500,0
877,756.01,17,0.011268,0.0000,0.043600,0
878,755.87,17,0.040355,0.0000,0.047000,0
879,755.74,17,0.029951,0.0000,0.042400,0
880,755.74,17,0.002786,0.0000,0.048600,0
881,755.74,17,0.026485,0.0000,0.044000,0
882,755.74,17,0.003878,0.0000,0.044800,0
883,755.74,17,0.051227,0.0000,0.047900,0
884,755.74,17,0.045796,0.0000,0.045700,0
885,755.02,17,0.019347,0.0000,0.053000,0
886,755.02,17,0.028241,0.0000,0.043300,0
887,754.69,17,0.094272,0.0000,0.044400,0
888,754.69,17,0.169987,0.0000,0.042700,0
889,754.69,9,0.256217,0.0000,0.094900,0
890,754.10,9,0.285042,0.0000,0.093400,0
891,754.10,9,0.308675,0.0000,0.094300,0
892,754.10,9,0.265159,0.0000,0.093700,0
893,754.10,9,0.251147,0.0000,0.093600,0
894,753.83,9,0.354736,0.0000,0.092800,0
895,753.83,9,0.359526,0.0000,0.093200,0
896,753.18,9,0.386497,0.0000,0.095000,0
897,752.91,9,0.418100,0.0000,0.091400,0
898,752.85,9,0.443882,0.0000,0.092900,0
899,752.52,5,0.538177,0.0000,0.158500,0
900,752.52,9,0.484456,0.0000,0.092900,0
901,751.79,5,0.522505,0.0000,0.161800,0
902,751.27,5,0.518509,0.0000,0.162000,0
903,751.07,5,0.527081,0.0000,0.153100,0
904,750.54,5,0.533971,0.0000,0.159400,0
905,750.28,5,0.501748,0.0000,0.151800,0
906,750.08,5,0.544642,0.0000,0.158100,0
907,749.56,5,0.535735,0.0000,0.158100,0
908,748.50,5,0.544263,0.0000,0.155400,0
909,748.24,5,0.557751,0.0000,0.152200,0
910,748.11,5,0.570697,0.0000,0.153700,0
911,747.58,5,0.582147,0.0000,0.158600,0
912,747.52,5,0.592564,0.0000,0.154000,0
913,747.19,5,0.604061,0.0000,0.155900,0
914,747.12,5,0.613738,0.0000,0.158800,0
915,746.26,5,0.630831,0.0000,0.152900,0
916,745.61,5,0.644976,0.0000,0.160600,0
917,745.28,5,0.704407,0.0000,0.162700,0
918,744.62,5,0.778754,0.0000,0.158500,0
919,744.16,5,0.874490,0.0000,0.156300,0
920,743.63,5,0.824639,0.0000,0.160900,0
921,743.30,5,0.782364,0.0000,0.159300,0
922,742.97,5,0.727346,0.0000,0.153600,0
923,742.64,5,0.660790,0.0000,0.155100,0
924,742.25,9,0.498011,0.0000,0.090600,0
925,741.66,9,0.238404,0.0000,0.097200,0
926,741.13,17,0.101758,0.0000,0.045400,0
927,740.67,17,0.041820,0.0000,0.047800,0
928,740.27,3,0.082139,0.0000,0.025400,0
929,740.14,3,0.064201,0.0000,0.029800,0
930,739.42,17,0.043757,0.0000,0.047800,0
931,739.16,9,0.205667,0.0000,0.097200,0
932,738.69,9,0.200720,0.0000,0.094000,0
933,738.69,9,0.215123,0.0000,0.097000,0
934,738.17,9,0.228176,0.0000,0.095900,0
935,737.71,9,0.244379,0.0000,0.096500,0
936,737.18,9,0.294908,0.0000,0.097800,0
937,737.18,9,0.414167,0.0000,0.092700,0
938,736.46,5,0.539869,0.0000,0.157600,0
939,736.19,5,0.684217,0.0000,0.156800,0
940,736.13,5,0.824606,0.0000,0.161500,0
941,735.47,5,0.904611,0.0000,0.161000,0
942,735.14,5,0.921476,0.0000,0.153700,0
943,735.07,5,0.890896,0.0000,0.165200,0
944,734.48,5,0.831046,0.0000,0.159900,0
945,734.15,5,0.768622,0.0000,0.156800,0
946,733.56,5,0.687026,0.0000,0.162000,0
947,733.17,5,0.621185,0.0000,0.152400,0
948,732.51,5,0.548806,0.0000,0.159700,0
949,732.18,9,0.482906,0.0000,0.092400,0
950,731.52,9,0.415265,0.0000,0.097400,0
951,731.26,9,0.354598,0.0000,0.095800,0
952,731.12,9,0.312909,0.0000,0.095400,0
953,730.47,9,0.283359,0.0000,0.095300,0
954,730.27,9,0.263554,0.0000,0.093000,0
955,729.87,9,0.258186,0.0000,0.092500,0
956,729.55,9,0.258450,0.0000,0.094800,0
957,728.56,9,0.262617,0.0000,0.098300,0
958,728.49,9,0.259922,0.0000,0.094100,0
959,728.23,9,0.263181,0.0000,0.091800,0
960,727.44,9,0.266713,0.0000,0.093800,0
961,727.24,9,0.267502,0.0000,0.094800,0
962,726.32,9,0.270447,0.0000,0.094900,0
963,726.25,9,0.270652,0.0000,0.093300,0
964,725.27,9,0.270097,0.0000,0.096300,0
965,724.48,9,0.268021,0.0000,0.097700,0
966,724.28,9,0.240205,0.0000,0.094600,0
967,723.62,9,0.197982,0.0000,0.095600,0
968,723.42,9,0.178808,0.0000,0.093900,0
969,723.29,17,0.166708,0.0000,0.047500,0
970,722.50,17,0.158795,0.0000,0.044000,0
971,722.50,17,0.152297,0.0000,0.045000,0
972,721.51,17,0.153628,0.0000,0.044700,0
973,721.32,17,0.150408,0.0000,0.043000,0
974,720.46,17,0.154034,0.0000,0.046400,0
975,720.40,17,0.151935,0.0000,0.046100,0
976,719.47,17,0.159584,0.0000,0.049200,0
977,719.41,17,0.156627,0.0000,0.049000,0
978,719.34,17,0.154798,0.0000,0.041700,0
979,718.49,17,0.158255,0.0000,0.046700,0
980,718.36,17,0.157336,0.0000,0.043000,0
981,717.57,17,0.164576,0.0000,0.045300,0
982,717.37,17,0.163930,0.2000,0.044600,0
983,716.84,17,0.170510,0.0000,0.043900,0
984,716.25,9,0.174944,0.0000,0.095800,0
985,715.79,9,0.180095,0.0000,0.100600,0
986,715.46,9,0.182780,0.0000,0.093000,0
987,715.33,9,0.183594,0.0000,0.099100,0
988,714.80,9,0.189578,0.0000,0.097100,0
989,714.60,9,0.190122,0.0000,0.090500,0
990,714.34,9,0.193801,0.2000,0.092700,0
991,713.55,9,0.202836,0.0000,0.095600,0
992,713.48,9,0.204687,0.0000,0.091000,0
993,712.50,9,0.219144,0.0000,0.093600,0
994,712.37,9,0.226951,0.0000,0.093500,0
995,711.44,9,0.257284,0.0000,0.091600,0
996,711.38,9,0.260131,0.0000,0.095300,0
997,710.92,9,0.254875,0.0000,0.091900,0
998,710.46,9,0.244636,0.0000,0.097300,0
999,710.39,9,0.218049,0.0000,0.098500,0
1000,709.86,9,0.211097,0.0000,0.093300,0
1001,709.47,9,0.210478,0.0000,0.093200,0
1002,709.40,9,0.218171,0.0000,0.094100,0
1003,708.61,9,0.237496,0.0000,0.093000,0
1004,708.48,9,0.246235,0.0000,0.094500,0
1005,708.42,9,0.249542,0.0000,0.098700,0
1006,707.43,9,0.259315,0.0000,0.093200,0
1007,706.51,9,0.267257,0.0000,0.092100,0
1008,706.44,9,0.264588,0.0000,0.096600,0
1009,705.92,9,0.263773,0.0000,0.090200,0
1010,705.59,9,0.262226,0.0000,0.095300,0
1011,705.45,9,0.266962,0.0000,0.091100,0
1012,704.67,9,0.266439,0.0000,0.094400,0
1013,703.61,9,0.272878,0.0000,0.092400,0
1014,703.48,9,0.274340,0.0000,0.095500,0
1015,703.28,9,0.275707,0.0000,0.098000,0
1016,702.49,9,0.277255,0.0000,0.095300,0
1017,702.49,9,0.276352,0.0000,0.092300,0
1018,701.64,9,0.277771,0.0000,0.100000,0
1019,701.51,9,0.281262,0.0000,0.096700,0
1020,700.91,9,0.279118,0.0000,0.089300,0
1021,700.78,9,0.279427,0.0000,0.088100,0
1022,700.52,9,0.276822,0.0000,0.095700,0
1023,699.60,9,0.278727,0.0000,0.094600,0
1024,699.53,9,0.273567,0.0000,0.098200,0
1025,699.33,9,0.270342,0.0000,0.095900,0
1026,698.54,9,0.269731,0.0000,0.099400,0
1027,698.35,9,0.267807,0.0000,0.093900,0
1028,697.56,9,0.265040,0.0000,0.095700,0
1029,696.90,9,0.260693,0.0000,0.093800,0
1030,696.57,9,0.252923,0.0000,0.094900,0
1031,696.37,9,0.241412,0.0000,0.096600,0
1032,695.71,9,0.232751,0.0000,0.096000,0
1033,695.58,9,0.226600,0.0000,0.095800,0
1034,695.12,9,0.227887,0.0000,0.097600,0
1035,694.60,9,0.228558,0.0000,0.096100,0
1036,694.13,9,0.215867,0.0000,0.096200,0
1037,693.61,9,0.179733,0.0000,0.094200,0
1038,693.41,17,0.154547,0.0000,0.048100,0
1039,692.62,17,0.130730,0.0000,0.040700,0
1040,692.16,17,0.115295,0.0000,0.047200,0
1041,691.83,17,0.106556,0.0000,0.043200,0
1042,691.63,17,0.100218,0.0000,0.042800,0
1043,691.17,17,0.101024,0.0000,0.046500,0
1044,690.84,17,0.101739,0.0000,0.043700,0
1045,690.71,17,0.100539,0.0000,0.047700,0
1046,690.45,17,0.101865,0.0000,0.044500,0
1047,689.46,17,0.110002,0.0000,0.045700,0
1048,689.20,17,0.112673,0.0000,0.046000,0
1049,689.13,17,0.114041,0.0000,0.045500,0
1050,688.74,17,0.115008,0.0000,0.048200,0
1051,688.15,17,0.116194,0.0000,0.046900,0
1052,687.88,17,0.116486,0.0000,0.048800,0
1053,687.82,17,0.115479,0.0000,0.042400,0
1054,687.16,17,0.113670,0.0000,0.046400,0
1055,686.83,17,0.113729,0.0000,0.042200,0
1056,686.76,17,0.112703,0.0000,0.044200,0
1057,686.11,17,0.111466,0.0000,0.045000,0
1058,685.51,17,0.112732,0.0000,0.046200,0
1059,685.51,17,0.114444,0.0000,0.043700,0
1060,684.79,17,0.124182,0.0000,0.045000,0
1061,684.33,17,0.130553,0.0000,0.045000,0
1062,683.80,17,0.138600,0.0000,0.047800,0
1063,682.88,17,0.154170,0.0000,0.044100,0
1064,682.81,9,0.174500,0.0000,0.095400,0
1065,682.22,17,0.157009,0.0000,0.042100,0
1066,681.83,17,0.104907,0.0000,0.045400,0
1067,681.83,17,0.110889,0.0000,0.042000,0
1068,681.17,17,0.101025,0.0000,0.044800,0
1069,681.17,17,0.107985,0.0000,0.047800,0
1070,675.84,17,0.126610,0.0000,0.045100,0
1071,675.51,17,0.150824,0.0000,0.043800,0
1072,675.18,9,0.174411,0.0000,0.095500,0
1073,674.72,9,0.176252,0.0000,0.094300,0
1074,674.13,17,0.164863,0.0000,0.044000,0
1075,673.73,17,0.163043,0.0000,0.047100,0
1076,673.14,17,0.144869,0.0000,0.049500,0
1077,672.75,17,0.094693,0.0000,0.048600,0
1078,671.76,17,0.056523,0.0000,0.045300,0
1079,671.10,17,0.044143,0.0000,0.043400,0
1080,670.77,17,0.046133,0.0000,0.040600,0
1081,670.24,17,0.067419,0.0000,0.042600,0
1082,669.52,17,0.081686,0.0000,0.041100,0
1083,669.13,17,0.104864,0.0000,0.045600,0
1084,668.99,17,0.130844,0.0000,0.046400,0
1085,668.53,17,0.155221,0.0000,0.048400,0
1086,668.20,9,0.182707,0.0000,0.092800,0
1087,667.81,9,0.206407,0.0000,0.100800,0
1088,667.55,9,0.216593,0.0000,0.090000,0
1089,667.15,9,0.229906,0.0000,0.091900,0
1090,666.43,9,0.219981,0.0000,0.095400,0
1091,666.36,9,0.202854,0.0000,0.095200,0
1092,666.36,9,0.193599,0.0000,0.096200,0
1093,665.51,9,0.190972,0.0000,0.095400,0
1094,665.44,9,0.187990,0.0000,0.090500,0
1095,665.18,9,0.181133,0.2000,0.090600,0
1096,664.45,9,0.178332,0.0000,0.093600,0
1097,664.26,17,0.171826,0.0000,0.044200,0
1098,664.19,17,0.166643,0.0000,0.048200,0
1099,663.40,17,0.151298,0.0000,0.040100,0
1100,663.14,17,0.150221,0.0000,0.046700,0
1101,662.87,17,0.151066,0.0000,0.046600,0
1102,662.61,17,0.153420,0.0000,0.046300,0
1103,662.15,17,0.156563,0.0000,0.045700,0
1104,661.62,17,0.162088,0.0000,0.044600,0
1105,661.36,17,0.162363,0.0000,0.044900,0
1106,661.16,17,0.157685,0.0000,0.047600,0
1107,660.24,17,0.160187,0.0000,0.049900,0
1108,660.18,17,0.158814,0.0000,0.047100,0
1109,659.91,17,0.159410,0.0000,0.046400,0
1110,659.19,17,0.163744,0.0000,0.045600,0
1111,659.19,17,0.157558,0.0000,0.044500,0
1112,658.46,17,0.164721,0.2000,0.045400,0
1113,658.20,17,0.167537,0.0000,0.046900,0
1114,657.94,9,0.174259,0.0000,0.101100,0
1115,657.48,9,0.178560,0.0000,0.091000,0
1116,657.21,9,0.185508,0.0000,0.098500,0
1117,656.23,9,0.197682,0.0000,0.092800,0
1118,655.50,9,0.211776,0.0000,0.093000,0
1119,655.24,9,0.220551,0.0000,0.101700,0
1120,654.45,9,0.238178,0.0000,0.100300,0
1121,654.25,9,0.256376,0.0000,0.092300,0
1122,653.46,9,0.283080,0.0000,0.098300,0
1123,653.33,9,0.296656,0.0000,0.100000,0
1124,652.54,9,0.307936,0.0000,0.094600,0
1125,652.54,9,0.309541,0.0000,0.092900,0
1126,651.49,9,0.315969,0.0000,0.095900,0
1127,651.49,9,0.320814,0.0000,0.096200,0
1128,650.50,9,0.317396,0.0000,0.094400,0
1129,650.31,9,0.320460,0.0000,0.095500,0
1130,649.78,9,0.322078,0.0000,0.092000,0
1131,649.12,9,0.323505,0.2000,0.094500,0
1132,649.12,9,0.323002,0.0000,0.088700,0
1133,648.66,9,0.322165,0.0000,0.093700,0
1134,648.33,9,0.324794,0.0000,0.098800,0
1135,647.15,9,0.326234,0.0000,0.094600,0
1136,646.42,9,0.320344,0.2000,0.099500,0
1137,646.16,9,0.317342,0.0000,0.095500,0
1138,644.84,9,0.313651,0.0000,0.092800,0
1139,644.45,9,0.305357,0.0000,0.094400,0
1140,644.19,9,0.304111,0.0000,0.091300,0
1141,643.46,9,0.294724,0.0000,0.095900,0
1142,643.20,9,0.293740,0.0000,0.096500,0
1143,642.74,9,0.292181,0.0000,0.095500,0
1144,642.54,9,0.290245,0.0000,0.098100,0
1145,642.21,9,0.292199,0.0000,0.088400,0
1146,641.49,9,0.292880,0.0000,0.094400,0
1147,641.22,9,0.293010,0.0000,0.096000,0
1148,640.44,9,0.287103,0.0000,0.090800,0
1149,640.24,9,0.272321,0.0000,0.092400,0
1150,639.58,9,0.250100,0.0000,0.092300,0
1151,639.51,9,0.225692,0.0000,0.094900,0
1152,639.45,9,0.205993,0.0000,0.092500,0
1153,638.53,9,0.180426,0.0000,0.097500,0
1154,638.26,17,0.169531,0.0000,0.045700,0
1155,637.47,17,0.162622,0.0000,0.045000,0
1156,637.28,17,0.171244,0.0000,0.046600,0
1157,636.82,9,0.189415,0.0000,0.097700,0
1158,636.29,9,0.193517,0.0000,0.093900,0
1159,635.83,9,0.199860,0.0000,0.096000,0
1160,635.50,9,0.189815,0.0000,0.098300,0
1161,635.30,9,0.185137,0.0000,0.094700,0
1162,634.58,17,0.159797,0.0000,0.046300,0
1163,634.51,17,0.138436,0.0000,0.046900,0
1164,634.32,17,0.128912,0.0000,0.044000,0
1165,633.53,17,0.121824,0.0000,0.044700,0
1166,633.07,17,0.119023,0.0000,0.044400,0
1167,632.80,17,0.115664,0.0000,0.040300,0
1168,632.34,17,0.113487,0.0000,0.043500,0
1169,631.82,17,0.112159,0.0000,0.041700,0
1170,631.62,17,0.108489,0.0000,0.044600,0
1171,631.36,17,0.108574,0.0000,0.041700,0
1172,630.63,17,0.111047,0.0000,0.046000,0
1173,630.37,17,0.109856,0.0000,0.044600,0
1174,629.64,17,0.109891,0.0000,0.044700,0
1175,629.38,17,0.110449,0.0000,0.046200,0
1176,628.66,17,0.110153,0.0000,0.044500,0
1177,628.26,17,0.106992,0.0000,0.043800,0
1178,628.20,17,0.107133,0.0000,0.042500,0
1179,624.91,17,0.097066,0.0000,0.046700,0
1180,624.71,17,0.095515,0.0000,0.042900,0
1181,623.92,17,0.095002,0.0000,0.047200,0
1182,622.74,17,0.102364,0.0000,0.049400,0
1183,621.88,17,0.130426,0.0000,0.046700,0
1184,621.22,17,0.173029,0.0000,0.043200,0
1185,620.56,9,0.248537,0.0000,0.092800,0
1186,620.24,9,0.349320,0.0000,0.093000,0
1187,619.58,9,0.468130,0.0000,0.096600,0
1188,619.25,5,0.596695,0.0000,0.157000,0
1189,618.59,5,0.710538,0.0000,0.156200,0
1190,618.13,5,0.814674,0.0000,0.158200,0
1191,618.00,5,0.908496,0.0000,0.155900,0
1192,617.47,11,0.976827,0.0000,0.230400,0
1193,617.14,11,1.040791,0.0000,0.238700,0
1194,617.01,11,1.090894,0.0000,0.220900,0
1195,616.49,11,1.106130,0.0000,0.226600,0
1196,616.16,11,1.121292,0.0000,0.228200,0
1197,616.02,11,1.103835,0.0000,0.230300,0
1198,615.24,11,1.076189,0.0000,0.225500,0
1199,615.04,11,1.035714,0.0000,0.229800,0
1200,614.18,11,0.995820,0.0000,0.226700,0
1201,614.05,11,0.941214,0.0000,0.234600,0
1202,613.85,5,0.879249,0.0000,0.153900,0
1203,613.13,5,0.807229,0.0000,0.161000,0
1204,612.87,5,0.744115,0.0000,0.160500,0
1205,612.41,5,0.675432,0.0000,0.161000,0
1206,612.14,5,0.613323,0.0000,0.156500,0
1207,612.01,5,0.545749,0.0000,0.155000,0
1208,611.68,9,0.452450,0.0000,0.096800,0
1209,611.16,9,0.406797,0.0000,0.094800,0
1210,610.70,9,0.388881,0.0000,0.092700,0
1211,610.24,9,0.393182,0.0000,0.095000,0
1212,610.10,9,0.427471,0.0000,0.094400,0
1213,609.45,9,0.472338,0.0000,0.093100,0
1214,609.18,5,0.506379,0.0000,0.149500,0
1215,609.12,5,0.531889,0.0000,0.161100,0
1216,608.72,5,0.554947,0.0000,0.159700,0
1217,608.26,5,0.570465,0.0000,0.152400,0
1218,607.93,5,0.581366,0.0000,0.161800,0
1219,607.47,5,0.589312,0.0000,0.164200,0
1220,606.49,5,0.602867,0.0000,0.167300,0
1221,606.16,5,0.612223,0.0000,0.154900,0
1222,605.76,5,0.619759,0.0000,0.154600,0
1223,605.24,5,0.631002,0.0000,0.156100,0
1224,604.51,5,0.636801,0.0000,0.155100,0
1225,604.18,5,0.642138,0.0000,0.156600,0
1226,604.12,5,0.636323,0.0000,0.152000,0
1227,603.79,5,0.633997,0.0000,0.165400,0
1228,603.13,5,0.635131,0.0000,0.152600,0
1229,603.06,5,0.622108,0.0000,0.153100,0
1230,602.80,5,0.611344,0.0000,0.157400,0
1231,602.54,5,0.596716,0.0000,0.160200,0
1232,602.34,5,0.574520,0.0000,0.154800,0
1233,601.55,5,0.554420,0.0000,0.149200,0
1234,601.22,5,0.519102,0.0000,0.160000,0
1235,601.09,9,0.477781,0.0000,0.097500,0
1236,600.24,9,0.446774,0.0000,0.093600,0
1237,600.10,9,0.408114,0.0000,0.101100,0
1238,599.84,9,0.378573,0.0000,0.092800,0
1239,599.58,9,0.354319,0.0000,0.089600,0
1240,599.18,9,0.340508,0.0000,0.094500,0
1241,598.85,9,0.330500,0.0000,0.090900,0
1242,598.46,9,0.324206,0.0000,0.090300,0
1243,598.13,9,0.321214,0.0000,0.090800,0
1244,598.13,9,0.316231,0.0000,0.096100,0
1245,597.47,9,0.329632,0.0000,0.095400,0
1246,596.62,9,0.344735,0.0000,0.092400,0
1247,596.16,9,0.351147,0.0000,0.097000,0
1248,595.50,9,0.352363,0.0000,0.096000,0
1249,595.37,9,0.348899,0.0000,0.095900,0
1250,595.24,9,0.342067,0.0000,0.098400,0
1251,594.51,9,0.343546,0.0000,0.095000,0
1252,594.25,9,0.343512,0.0000,0.097600,0
1253,594.25,9,0.331150,0.0000,0.091700,0
1254,593.26,9,0.350193,0.0000,0.099700,0
1255,592.47,9,0.349963,0.0000,0.097600,0
1256,592.21,9,0.348073,0.0000,0.093500,0
1257,591.42,9,0.361027,0.0000,0.095300,0
1258,590.44,9,0.372176,0.0000,0.097700,0
1259,590.37,9,0.371179,0.0000,0.095300,0
1260,589.51,9,0.373390,0.0000,0.091700,0
1261,589.51,9,0.378521,0.0000,0.092400,0
1262,589.25,9,0.373707,0.0000,0.093000,0
1263,588.46,9,0.378560,0.0000,0.093100,0
1264,587.74,9,0.382131,0.0000,0.095700,0
1265,587.28,9,0.380388,0.0000,0.091800,0
1266,587.28,9,0.374862,0.0000,0.093400,0
1267,586.49,9,0.370820,0.0000,0.093100,0
1268,586.29,9,0.365359,0.0000,0.097100,0
1269,585.83,9,0.358401,0.0000,0.093500,0
1270,585.50,9,0.349588,0.0000,0.091500,0
1271,585.31,9,0.343414,0.0000,0.094500,0
1272,584.52,9,0.335444,0.0000,0.098100,0
1273,584.52,9,0.339511,0.0000,0.091800,0
1274,584.32,9,0.337418,0.0000,0.096900,0
1275,583.53,9,0.343477,0.0000,0.097300,0
1276,583.46,9,0.351206,0.0000,0.093900,0
1277,582.54,9,0.358929,0.0000,0.092400,0
1278,582.15,9,0.358290,0.0000,0.099900,0
1279,581.16,9,0.364780,0.0000,0.092400,0
1280,580.83,9,0.384817,0.2000,0.095800,0
1281,580.51,9,0.389306,0.0000,0.090800,0
1282,580.18,9,0.400642,0.0000,0.097200,0
1283,579.52,9,0.399650,0.0000,0.095600,0
1284,579.52,9,0.399715,0.0000,0.093600,0
1285,579.19,9,0.405859,0.0000,0.098000,0
1286,578.53,9,0.405126,0.0000,0.092300,0
1287,578.20,9,0.384696,0.2000,0.095400,0
1288,577.74,9,0.367054,0.0000,0.101900,0
1289,577.22,9,0.370951,0.0000,0.091600,0
1290,576.89,9,0.353580,0.0000,0.089600,0
1291,576.49,9,0.341061,0.0000,0.094300,0
1292,576.23,9,0.327808,0.0000,0.094200,0
1293,575.84,9,0.318153,0.0000,0.095300,0
1294,575.57,9,0.303194,0.0000,0.099000,0
1295,575.24,9,0.291047,0.0000,0.094600,0
1296,574.59,9,0.282811,0.0000,0.097500,0
1297,574.59,9,0.264922,0.0000,0.089600,0
1298,574.46,9,0.253131,0.2000,0.090700,0
1299,573.27,9,0.250898,0.0000,0.094400,0
1300,573.27,9,0.234128,0.0000,0.092500,0
1301,572.48,9,0.229285,0.0000,0.096100,0
1302,572.29,9,0.212258,0.0000,0.092300,0
1303,571.82,9,0.194266,0.0000,0.092800,0
1304,571.43,9,0.182175,0.0000,0.092100,0
1305,571.30,9,0.180562,0.0000,0.097900,0
1306,570.58,9,0.192131,0.0000,0.092800,0
1307,570.51,9,0.199956,0.0000,0.098000,0
1308,569.59,9,0.213562,0.0000,0.092700,0
1309,569.33,9,0.216887,0.0000,0.095100,0
1310,569.33,9,0.217726,0.0000,0.100800,0
1311,568.54,9,0.221970,0.0000,0.098800,0
1312,568.34,9,0.223558,0.0000,0.094800,0
1313,567.81,9,0.226310,0.0000,0.094400,0
1314,567.62,9,0.227761,0.0000,0.091700,0
1315,567.35,9,0.229202,0.2000,0.099700,0
1316,566.56,9,0.237091,0.0000,0.094400,0
1317,566.56,9,0.241963,0.0000,0.094400,0
1318,566.37,9,0.246317,0.0000,0.093900,0
1319,565.58,9,0.252639,0.0000,0.100000,0
1320,565.12,9,0.268110,0.0000,0.097600,0
1321,565.12,9,0.285197,0.0000,0.093900,0
1322,564.66,9,0.308923,0.0000,0.096000,0
1323,564.33,9,0.346589,0.0000,0.091000,0
1324,563.41,9,0.401424,0.2000,0.096100,0
1325,563.34,9,0.448204,0.0000,0.099300,0
1326,562.42,5,0.536158,0.0000,0.158100,0
1327,562.16,5,0.598000,0.0000,0.163800,0
1328,561.76,5,0.648115,0.0000,0.153400,0
1329,561.70,5,0.686869,0.0000,0.160400,0
1330,561.24,5,0.709579,0.0000,0.154500,0
1331,560.71,5,0.731149,0.0000,0.156900,0
1332,560.45,5,0.759558,0.0000,0.151800,0
1333,560.12,5,0.772505,0.2000,0.156500,0
1334,559.46,5,0.784514,0.0000,0.160100,0
1335,559.33,5,0.768797,0.0000,0.157300,0
1336,559.20,5,0.714147,0.0000,0.162200,0
1337,558.48,5,0.641533,0.0000,0.155600,0
1338,558.21,5,0.575501,0.0000,0.160000,0
1339,558.21,5,0.511769,0.0000,0.157400,0
1340,557.75,9,0.441034,0.0000,0.099100,0
1341,557.23,9,0.404908,0.0000,0.102900,0
1342,556.83,9,0.373777,0.0000,0.097900,0
1343,556.83,9,0.346715,0.0000,0.090100,0
1344,556.11,9,0.300510,0.0000,0.092400,0
1345,555.85,9,0.260786,0.0000,0.093400,0
1346,555.25,9,0.218996,0.0000,0.098900,0
1347,555.06,9,0.195034,0.0000,0.093100,0
1348,554.86,9,0.180795,0.0000,0.091500,0
1349,554.20,9,0.172832,0.0000,0.094000,0
1350,554.20,9,0.173207,0.2000,0.094500,0
1351,553.48,9,0.187107,0.0000,0.093600,0
1352,553.15,9,0.205816,0.0000,0.094700,0
1353,552.89,9,0.241719,0.0000,0.094000,0
1354,552.03,9,0.262998,0.0000,0.095900,0
1355,551.90,9,0.293634,0.0000,0.093000,0
1356,551.90,9,0.291866,0.0000,0.093000,0
1357,551.05,9,0.285436,0.0000,0.093600,0
1358,550.52,9,0.279024,0.0000,0.096700,0
1359,550.45,9,0.265537,0.0000,0.095000,0
1360,550.06,9,0.242638,0.0000,0.092000,0
1361,549.47,9,0.212068,0.0000,0.098100,0
1362,549.21,9,0.191587,0.0000,0.091800,0
1363,549.07,9,0.178483,0.0000,0.095900,0
1364,548.42,9,0.176759,0.0000,0.088500,0
1365,548.22,9,0.177151,0.0000,0.092400,0
1366,547.96,9,0.173842,0.0000,0.090000,0
1367,547.43,9,0.175880,0.0000,0.094600,0
1368,547.10,9,0.180757,0.0000,0.088700,0
1369,546.44,9,0.182426,0.0000,0.095700,0
1370,546.18,9,0.185068,0.0000,0.093900,0
1371,546.12,9,0.187486,0.0000,0.094800,0
1372,545.39,9,0.194080,0.0000,0.092100,0
1373,545.13,9,0.197023,0.0000,0.092000,0
1374,545.06,9,0.203828,0.0000,0.090900,0
1375,544.41,9,0.210671,0.0000,0.091600,0
1376,543.09,9,0.221496,0.0000,0.088600,0
1377,543.03,9,0.233626,0.0000,0.095700,0
1378,542.50,9,0.248329,0.0000,0.093500,0
1379,541.45,9,0.302562,0.2000,0.095700,0
1380,541.45,9,0.273342,0.0000,0.094900,0
1381,541.18,9,0.376622,0.2000,0.087400,0
1382,540.46,9,0.486194,0.0000,0.094800,0
1383,540.20,5,0.655245,0.0000,0.162500,0
1384,540.20,5,0.607065,0.0000,0.152500,0
1385,539.67,5,0.652523,0.0000,0.158700,0
1386,539.08,5,0.621587,0.0000,0.153900,0
1387,538.82,5,0.600868,0.0000,0.151700,0
1388,538.49,5,0.580650,0.0000,0.155600,0
1389,538.09,5,0.538604,0.0000,0.159300,0
1390,537.50,9,0.488557,0.0000,0.093300,0
1391,537.50,9,0.477527,0.0000,0.096600,0
1392,537.17,9,0.467729,0.0000,0.094600,0
1393,536.52,5,0.536465,0.0000,0.158100,0
1394,536.19,5,0.770517,0.0000,0.154200,0
1395,536.19,5,0.651008,0.0000,0.156500,0
1396,535.53,5,0.770534,0.0000,0.153900,0
1397,535.20,5,0.809251,0.0000,0.158100,0
1398,535.14,5,0.837234,0.0000,0.155400,0
1399,534.48,5,0.865316,0.0000,0.157200,0
1400,534.22,5,0.895770,0.0000,0.149500,0
1401,533.56,5,0.885650,0.0000,0.156800,0
1402,533.56,5,0.871944,0.0000,0.154300,0
1403,533.23,5,0.853592,0.0000,0.155400,0
1404,532.51,5,0.819215,0.2000,0.157400,0
1405,532.24,5,0.731580,0.0000,0.154400,0
1406,532.24,5,0.775332,0.0000,0.158400,0
1407,531.45,5,0.624821,0.0000,0.161300,0
1408,531.13,5,0.548153,0.0000,0.158800,0
1409,530.93,5,0.522643,0.0000,0.155100,0
1410,530.60,5,0.506684,0.2000,0.159100,0
1411,530.14,9,0.438331,0.0000,0.092300,0
1412,529.61,9,0.349131,0.0000,0.097800,0
1413,529.61,9,0.307877,0.0000,0.097400,0
1414,529.15,9,0.285258,0.0000,0.097500,0
1415,528.63,9,0.274605,0.0000,0.098100,0
1416,528.30,9,0.256815,0.0000,0.091300,0
1417,528.17,9,0.244071,0.0000,0.101400,0
1418,527.71,9,0.233043,0.0000,0.096100,0
1419,527.18,9,0.218882,0.0000,0.092700,0
1420,526.72,9,0.204630,0.0000,0.088400,0
1421,526.19,9,0.194767,0.0000,0.092900,0
1422,526.19,9,0.185313,0.0000,0.090200,0
1423,525.47,9,0.191813,0.0000,0.096000,0
1424,525.41,9,0.195532,0.0000,0.095100,0
1425,524.75,9,0.196880,0.0000,0.094200,0
1426,524.49,9,0.203060,0.0000,0.093400,0
1427,523.50,9,0.201394,0.0000,0.098400,0
1428,523.50,9,0.202244,0.0000,0.097800,0
1429,523.30,9,0.200628,0.0000,0.096700,0
1430,522.51,9,0.202560,0.0000,0.094900,0
1431,522.51,9,0.206498,0.0000,0.100200,0
1432,522.32,9,0.208410,0.0000,0.090500,0
1433,521.46,9,0.212253,0.0000,0.092500,0
1434,521.33,9,0.217922,0.0000,0.092200,0
1435,521.33,9,0.224187,0.0000,0.092700,0
1436,520.54,9,0.232449,0.0000,0.095100,0
1437,519.82,9,0.234097,0.0000,0.092400,0
1438,519.82,9,0.242754,0.0000,0.090100,0
1439,519.56,9,0.251410,0.0000,0.095600,0
1440,518.57,9,0.277805,0.0000,0.092900,0
1441,518.44,9,0.296699,0.0000,0.096700,0
1442,517.52,9,0.315756,0.0000,0.093000,0
1443,517.45,9,0.323571,0.0000,0.096100,0
1444,517.12,9,0.329255,0.0000,0.097100,0
1445,516.53,9,0.330508,0.0000,0.093500,0
1446,516.40,9,0.330922,0.0000,0.093200,0
1447,516.14,9,0.327258,0.0000,0.094200,0
1448,515.61,9,0.324105,0.0000,0.089200,0
1449,515.41,9,0.321616,0.0000,0.094100,0
1450,514.89,9,0.316891,0.0000,0.096000,0
1451,514.49,9,0.313296,0.0000,0.096800,0
1452,514.43,9,0.308722,0.0000,0.097500,0
1453,514.16,9,0.307033,0.0000,0.092500,0
1454,513.64,9,0.305514,0.0000,0.093800,0
1455,513.44,9,0.303874,0.0000,0.091100,0
1456,512.52,9,0.297636,0.0000,0.091400,0
1457,512.52,9,0.296325,0.0000,0.099000,0
1458,512.46,9,0.290872,0.0000,0.095000,0
1459,511.54,9,0.291839,0.0000,0.095200,0
1460,511.47,9,0.291274,0.0000,0.090500,0
1461,511.47,9,0.285322,0.0000,0.097300,0
1462,510.48,9,0.286054,0.0000,0.093500,0
1463,509.56,9,0.288959,0.0000,0.094700,0
1464,509.56,9,0.290358,0.0000,0.097400,0
1465,509.50,9,0.295717,0.0000,0.090600,0
1466,508.51,9,0.290438,0.0000,0.094000,0
1467,508.51,9,0.296947,0.0000,0.091900,0
1468,508.12,9,0.251195,0.0000,0.097600,0
1469,507.53,9,0.198138,0.0000,0.091600,0
1470,507.00,9,0.195150,0.0000,0.092900,0
1471,506.54,9,0.206403,0.0000,0.091600,0
1472,505.88,9,0.212599,0.0000,0.095200,0
1473,505.55,9,0.220327,0.0000,0.093200,0
1474,504.83,9,0.216265,0.0000,0.098800,0
1475,504.57,9,0.260314,0.0000,0.094200,0
1476,503.78,9,0.281131,0.0000,0.093700,0
1477,503.65,9,0.279160,0.0000,0.091300,0
1478,503.65,9,0.293805,0.0000,0.092800,0
1479,502.66,9,0.340398,0.0000,0.095900,0
1480,502.20,9,0.389149,0.0000,0.091900,0
1481,502.20,9,0.364296,0.0000,0.094600,0
1482,501.68,9,0.481452,0.0000,0.095000,0
1483,500.82,5,0.790583,0.0000,0.158700,0
1484,500.69,5,0.914578,0.0000,0.163600,0
1485,500.10,11,0.968253,0.0000,0.225100,0
1486,499.70,11,0.999164,0.0000,0.225400,0
1487,499.70,11,1.020396,0.0000,0.232100,0
1488,499.11,11,1.009804,0.0000,0.235700,0
1489,498.72,11,0.975509,0.2000,0.226000,0
1490,498.19,5,0.912198,0.0000,0.157400,0
1491,498.13,5,0.846771,0.0000,0.159700,0
1492,497.47,5,0.784681,0.0000,0.157200,0
1493,497.14,5,0.736029,0.0000,0.155800,0
1494,496.48,5,0.695774,0.0000,0.160200,0
1495,496.15,5,0.658793,0.0000,0.156300,0
1496,495.89,5,0.626387,0.0000,0.159500,0
1497,495.83,5,0.599923,0.0000,0.157100,0
1498,495.10,5,0.584865,0.0000,0.157000,0
1499,494.91,5,0.573469,0.0000,0.157800,0
1500,494.84,5,0.581015,0.0000,0.158800,0
1501,494.18,5,0.612442,0.0000,0.157100,0
1502,494.12,5,0.649658,0.0000,0.151200,0
1503,493.79,5,0.671243,0.0000,0.165500,0
1504,493.13,5,0.677845,0.0000,0.152600,0
1505,492.87,5,0.678760,0.0000,0.157400,0
1506,492.54,5,0.679318,0.0000,0.158300,0
1507,492.21,5,0.686874,0.0000,0.154900,0
1508,491.88,5,0.689873,0.0000,0.158700,0
1509,491.55,5,0.692239,0.0000,0.152400,0
1510,491.22,5,0.698172,0.0000,0.159500,0
1511,490.57,5,0.701999,0.0000,0.156600,0
1512,489.91,5,0.701263,0.0000,0.157600,0
1513,489.91,5,0.704729,0.0000,0.159000,0
1514,489.12,5,0.698694,0.2000,0.156500,0
1515,488.86,5,0.691458,0.0000,0.149700,0
1516,488.60,5,0.682031,0.0000,0.156500,0
1517,488.14,5,0.673934,0.2000,0.157000,0
1518,487.94,5,0.664169,0.0000,0.155900,0
1519,487.61,5,0.646959,0.0000,0.153000,0
1520,487.15,5,0.635107,0.0000,0.158800,0
1521,487.02,5,0.613040,0.0000,0.162400,0
1522,486.62,5,0.583738,0.0000,0.157300,0
1523,486.36,5,0.551879,0.0000,0.156900,0
1524,485.97,5,0.505226,0.2000,0.162200,0
1525,485.24,9,0.475583,0.0000,0.089900,0
1526,485.18,9,0.423425,0.0000,0.099100,0
1527,484.65,9,0.354752,0.0000,0.097000,0
1528,484.13,9,0.298076,0.0000,0.101600,0
1529,484.00,9,0.274359,0.0000,0.096100,0
1530,483.14,9,0.282479,0.0000,0.096100,0
1531,483.07,9,0.294624,0.0000,0.093600,0
1532,482.68,9,0.313346,0.0000,0.095700,0
1533,482.15,9,0.342259,0.0000,0.089500,0
1534,482.02,9,0.335019,0.0000,0.093000,0
1535,481.43,9,0.332214,0.0000,0.094300,0
1536,481.10,9,0.312299,0.0000,0.094600,0
1537,480.64,9,0.293549,0.0000,0.093600,0
1538,480.64,9,0.250756,0.0000,0.096100,0
1539,480.25,9,0.195101,0.0000,0.097800,0
1540,479.26,17,0.127459,0.0000,0.044400,0
1541,479.07,17,0.066784,0.0000,0.044100,0
1542,478.21,17,0.036513,0.0000,0.047200,0
1543,478.08,17,0.040527,0.0000,0.046700,0
1544,477.09,17,0.075158,0.0000,0.046200,0
1545,477.09,17,0.119443,0.0000,0.047200,0
1546,476.50,9,0.174727,0.0000,0.094400,0
1547,476.11,9,0.194393,0.0000,0.092600,0
1548,475.78,9,0.211749,0.0000,0.090000,0
1549,475.52,9,0.227217,0.0000,0.095500,0
1550,475.19,9,0.230927,0.0000,0.092400,0
1551,474.53,9,0.250072,0.0000,0.098300,0
1552,474.53,9,0.242725,0.0000,0.099600,0
1553,474.14,9,0.265711,0.0000,0.094500,0
1554,473.41,9,0.278936,0.0000,0.095100,0
1555,473.22,9,0.268948,0.0000,0.096100,0
1556,473.22,9,0.277294,0.0000,0.094900,0
1557,472.43,9,0.266369,0.0000,0.094600,0
1558,471.84,9,0.258051,0.0000,0.094200,0
1559,471.25,9,0.189188,0.0000,0.090200,0
1560,470.46,9,0.184077,0.0000,0.099800,0
1561,469.87,17,0.170864,0.0000,0.047200,0
1562,469.60,17,0.160366,0.0000,0.044100,0
1563,469.34,17,0.160310,0.0000,0.045400,0
1564,468.88,17,0.161404,0.0000,0.043600,0
1565,468.29,17,0.169485,0.0000,0.042800,0
1566,468.16,17,0.168314,0.0000,0.048600,0
1567,467.63,9,0.173173,0.0000,0.094200,0
1568,467.30,9,0.174091,0.0000,0.091900,0
1569,467.30,17,0.171226,0.0000,0.046100,0
1570,466.65,9,0.184676,0.0000,0.097200,0
1571,466.38,9,0.192947,0.0000,0.092300,0
1572,465.59,9,0.205722,0.0000,0.091200,0
1573,465.40,9,0.209871,0.0000,0.097700,0
1574,465.33,9,0.213481,0.0000,0.089300,0
1575,464.41,9,0.229822,0.0000,0.095400,0
1576,464.28,9,0.234092,0.0000,0.097700,0
1577,464.28,9,0.231052,0.0000,0.098000,0
1578,463.43,9,0.245554,0.0000,0.093300,0
1579,463.36,9,0.248721,0.0000,0.094200,0
1580,462.97,9,0.256757,0.0000,0.090000,0
1581,462.44,9,0.267666,0.2000,0.091900,0
1582,461.98,9,0.279277,0.0000,0.096000,0
1583,461.45,9,0.293120,0.0000,0.097000,0
1584,461.45,9,0.304195,0.0000,0.098300,0
1585,460.47,9,0.328400,0.0000,0.097700,0
1586,460.34,9,0.356836,0.0000,0.092800,0
1587,460.34,9,0.346359,0.0000,0.094100,0
1588,459.48,9,0.364689,0.0000,0.095000,0
1589,459.35,9,0.380624,0.0000,0.097300,0
1590,459.35,9,0.380556,0.0000,0.094200,0
1591,458.50,9,0.401802,0.0000,0.097600,0
1592,458.37,9,0.429147,0.0000,0.098100,0
1593,458.04,9,0.440947,0.0000,0.094100,0
1594,457.51,9,0.419686,0.0000,0.092100,0
1595,456.79,9,0.393952,0.0000,0.093300,0
1596,456.53,9,0.358695,0.0000,0.092800,0
1597,456.53,9,0.326976,0.0000,0.092400,0
1598,455.54,9,0.303637,0.0000,0.097400,0
1599,454.56,9,0.275833,0.0000,0.098200,0
1600,454.42,9,0.258767,0.0000,0.100200,0
1601,453.57,9,0.256649,0.0000,0.093600,0
1602,452.85,9,0.256007,0.0000,0.095800,0
1603,452.58,9,0.256534,0.0000,0.096200,0
1604,451.80,9,0.260801,0.0000,0.093800,0
1605,451.47,9,0.265936,0.0000,0.097700,0
1606,450.61,9,0.279493,0.0000,0.100600,0
1607,450.55,9,0.288678,0.0000,0.091900,0
1608,449.63,9,0.309095,0.0000,0.098700,0
1609,449.63,9,0.297172,0.0000,0.094900,0
1610,448.64,9,0.324189,0.0000,0.091900,0
1611,448.64,9,0.335695,0.0000,0.096700,0
1612,448.51,9,0.353853,0.0000,0.094100,0
1613,447.53,9,0.391168,0.0000,0.091300,0
1614,447.53,9,0.422687,0.0000,0.092200,0
1615,446.54,9,0.443375,0.0000,0.095500,0
1616,445.95,9,0.461707,0.0000,0.084700,0
1617,445.95,9,0.460390,0.0000,0.093600,0
1618,445.55,9,0.451623,0.0000,0.092000,0
1619,444.83,9,0.423068,0.0000,0.100700,0
1620,444.57,9,0.382956,0.0000,0.093600,0
1621,443.78,9,0.354752,0.0000,0.093400,0
1622,443.58,9,0.313575,0.0000,0.097900,0
1623,443.58,9,0.277263,0.2000,0.094400,0
1624,442.60,9,0.234461,0.0000,0.089100,0
1625,442.60,9,0.197753,0.0000,0.094100,0
1626,440.82,9,0.216723,0.0000,0.092100,0
1627,440.76,9,0.243786,0.0000,0.090500,0
1628,439.84,9,0.263473,0.0000,0.091700,0
1629,439.05,9,0.284040,0.0000,0.094200,0
1630,438.66,9,0.299584,0.0000,0.095400,0
1631,437.08,9,0.321168,0.0000,0.092800,0
1632,436.88,9,0.332790,0.0000,0.093400,0
1633,436.69,9,0.350109,0.0000,0.096200,0
1634,436.09,9,0.364624,0.0000,0.100200,0
1635,435.77,9,0.369072,0.0000,0.093000,0
1636,435.77,9,0.384143,0.0000,0.092000,0
1637,435.11,9,0.395838,0.0000,0.099600,0
1638,434.71,5,0.555893,0.0000,0.163900,0
1639,434.71,9,0.474294,0.0000,0.096000,0
1640,433.73,5,0.941159,0.0000,0.154300,0
1641,433.73,5,0.743785,0.0000,0.159500,0
1642,433.14,11,0.978260,0.0000,0.229800,0
1643,432.74,11,0.999811,0.0000,0.231100,0
1644,432.74,11,1.037702,0.0000,0.228300,0
1645,432.15,11,1.091174,0.0000,0.233700,0
1646,431.76,11,1.106722,0.0000,0.230300,0
1647,431.17,11,1.112176,0.0000,0.227700,0
1648,431.17,11,1.113337,0.0000,0.221600,0
1649,430.77,11,1.103708,0.0000,0.227300,0
1650,429.79,11,1.063074,0.0000,0.233900,0
1651,429.79,11,1.078978,0.0000,0.226800,0
1652,429.20,11,1.017916,0.0000,0.230000,0
1653,428.80,11,0.971148,0.0000,0.234800,0
1654,428.54,5,0.902961,0.0000,0.155700,0
1655,427.55,5,0.819901,0.0000,0.160600,0
1656,427.09,5,0.807177,0.0000,0.161700,0
1657,426.77,5,0.804965,0.0000,0.156400,0
1658,426.57,5,0.787553,0.0000,0.158500,0
1659,426.24,5,0.759141,0.0000,0.163500,0
1660,425.78,5,0.717143,0.0000,0.155600,0
1661,425.19,5,0.671558,0.0000,0.153100,0
1662,425.12,5,0.623023,0.0000,0.162300,0
1663,424.80,5,0.575238,0.0000,0.159600,0
1664,424.14,5,0.539521,0.0000,0.158200,0
1665,423.88,5,0.506995,0.0000,0.154900,0
1666,423.88,9,0.466511,0.0000,0.102400,0
1667,423.15,9,0.422653,0.0000,0.094200,0
1668,422.63,9,0.405832,0.0000,0.094400,0
1669,422.63,9,0.383991,0.0000,0.091400,0
1670,422.17,9,0.398019,0.0000,0.095800,0
1671,421.51,9,0.404857,0.0000,0.089800,0
1672,421.25,9,0.418549,0.0000,0.090400,0
1673,420.66,9,0.429519,0.0000,0.100300,0
1674,420.20,9,0.440850,0.0000,0.091800,0
1675,420.00,9,0.448565,0.0000,0.092000,0
1676,419.67,9,0.460561,0.0000,0.097400,0
1677,419.08,9,0.466639,0.0000,0.093300,0
1678,418.69,5,0.497990,0.0000,0.159300,0
1679,418.69,9,0.478570,0.0000,0.094300,0
1680,418.10,5,0.528271,0.0000,0.156900,0
1681,417.70,5,0.552857,0.0000,0.157700,0
1682,417.24,5,0.542201,0.0000,0.165900,0
1683,417.11,5,0.540767,0.0000,0.160900,0
1684,416.72,5,0.515468,0.0000,0.158200,0
1685,416.13,9,0.475757,0.0000,0.091500,0
1686,415.73,9,0.461429,0.0000,0.095900,0
1687,415.14,9,0.463038,0.0000,0.092700,0
1688,415.01,9,0.451144,0.0000,0.096800,0
1689,414.48,9,0.435734,0.0000,0.094600,0
1690,414.16,9,0.431992,0.0000,0.092500,0
1691,413.43,9,0.421508,0.0000,0.095700,0
1692,413.17,9,0.407862,0.0000,0.095300,0
1693,413.17,9,0.414487,0.0000,0.097300,0
1694,412.51,9,0.391767,0.0000,0.094100,0
1695,412.12,9,0.375575,0.0000,0.091300,0
1696,412.12,9,0.358999,0.0000,0.089300,0
1697,411.46,9,0.335658,0.0000,0.095700,0
1698,411.20,9,0.303130,0.0000,0.094200,0
1699,410.54,9,0.276309,0.2000,0.098700,0
1700,410.21,9,0.276089,0.0000,0.095100,0
1701,410.15,9,0.268886,0.0000,0.094200,0
1702,409.82,9,0.260053,0.0000,0.091300,0
1703,409.16,9,0.260005,0.0000,0.097000,0
1704,409.16,9,0.259783,0.0000,0.091100,0
1705,408.44,9,0.261916,0.0000,0.091300,0
1706,408.24,9,0.266271,0.0000,0.093600,0
1707,407.59,9,0.262620,0.0000,0.096300,0
1708,407.39,9,0.252224,0.0000,0.095900,0
1709,407.26,9,0.251735,0.0000,0.091200,0
1710,406.40,9,0.280981,0.0000,0.097000,0
1711,406.27,9,0.289723,0.0000,0.095200,0
1712,406.21,9,0.298296,0.0000,0.096200,0
1713,405.68,9,0.290175,0.0000,0.100400,0
1714,405.29,9,0.286005,0.0000,0.097000,0
1715,404.50,9,0.291326,0.0000,0.089300,0
1716,404.24,9,0.294541,0.0000,0.097300,0
1717,403.65,9,0.303987,0.0000,0.089000,0
1718,402.46,9,0.300441,0.0000,0.094100,0
1719,402.46,9,0.293942,0.0000,0.093000,0
1720,401.54,9,0.300085,0.0000,0.093600,0
1721,401.41,9,0.306763,0.0000,0.100100,0
1722,400.43,9,0.316773,0.0000,0.093900,0
1723,400.36,9,0.329396,0.0000,0.099900,0
1724,399.71,9,0.341252,0.0000,0.093800,0
1725,399.25,9,0.410914,0.0000,0.091000,0
1726,398.98,9,0.427676,0.0000,0.092200,0
1727,398.46,9,0.429165,0.0000,0.092400,0
1728,398.26,9,0.428761,0.0000,0.091500,0
1729,397.54,9,0.423364,0.0000,0.098100,0
1730,397.47,9,0.420803,0.0000,0.096400,0
1731,397.41,9,0.416960,0.2000,0.093800,0
1732,396.49,9,0.419070,0.0000,0.093100,0
1733,396.36,9,0.420648,0.0000,0.091400,0
1734,395.63,9,0.429914,0.0000,0.093200,0
1735,395.37,9,0.434862,0.0000,0.102900,0
1736,395.04,9,0.442265,0.0000,0.098200,0
1737,395.04,9,0.438699,0.2000,0.091200,0
1738,394.38,9,0.435577,0.0000,0.096600,0
1739,393.60,9,0.434186,0.0000,0.096700,0
1740,393.47,9,0.449059,0.0000,0.093000,0
1741,392.48,9,0.468727,0.0000,0.090500,0
1742,392.09,9,0.479863,0.0000,0.095600,0
1743,392.09,9,0.486677,0.0000,0.094700,0
1744,391.50,9,0.489183,0.0000,0.095800,0
1745,390.97,9,0.493284,0.0000,0.094800,0
1746,390.51,9,0.490756,0.0000,0.097400,0
1747,390.12,9,0.486107,0.0000,0.099000,0
1748,389.52,9,0.477200,0.0000,0.092500,0
1749,389.46,9,0.467493,0.0000,0.089000,0
1750,388.47,9,0.440787,0.0000,0.095400,0
1751,388.47,9,0.457861,0.0000,0.093000,0
1752,388.15,9,0.420099,0.0000,0.092800,0
1753,387.49,9,0.387942,0.0000,0.099500,0
1754,387.09,9,0.302269,0.0000,0.100600,0
1755,386.18,9,0.292227,0.0000,0.095400,0
1756,385.58,9,0.300798,0.0000,0.094600,0
1757,385.52,9,0.310034,0.0000,0.094900,0
1758,385.06,9,0.325149,0.0000,0.095200,0
1759,384.60,9,0.321178,0.0000,0.096100,0
1760,384.21,9,0.320045,0.0000,0.096000,0
1761,383.88,9,0.320892,0.0000,0.096800,0
1762,383.61,9,0.315373,0.0000,0.098000,0
1763,383.15,9,0.312275,0.0000,0.104200,0
1764,382.56,9,0.299275,0.0000,0.094500,0
1765,382.56,9,0.280371,0.0000,0.090500,0
1766,382.10,9,0.263180,0.0000,0.091100,0
1767,381.58,9,0.241326,0.0000,0.091200,0
1768,381.18,9,0.219813,0.0000,0.094000,0
1769,380.92,9,0.202115,0.0000,0.093300,0
1770,380.66,9,0.197452,0.0000,0.088400,0
1771,379.61,9,0.190155,0.0000,0.092500,0
1772,379.61,9,0.194255,0.0000,0.087900,0
1773,378.69,9,0.200630,0.0000,0.090900,0
1774,378.03,9,0.210101,0.0000,0.089700,0
1775,377.64,9,0.218171,0.0000,0.089900,0
1776,377.51,9,0.223279,0.0000,0.094100,0
1777,376.65,9,0.229477,0.0000,0.093800,0
1778,376.65,9,0.232418,0.0000,0.097000,0
1779,376.13,9,0.239750,0.0000,0.091300,0
1780,375.67,9,0.235957,0.0000,0.096800,0
1781,375.21,9,0.226757,0.0000,0.092400,0
1782,375.14,9,0.207325,0.0000,0.096100,0
1783,374.09,9,0.187475,0.0000,0.093300,0
1784,373.70,17,0.158856,0.0000,0.048900,0
1785,373.30,17,0.152081,0.0000,0.047200,0
1786,372.91,17,0.147304,0.0000,0.044600,0
1787,372.71,17,0.143612,0.0000,0.047400,0
1788,372.12,17,0.142925,0.0000,0.048500,0
1789,371.79,17,0.139933,0.0000,0.046100,0
1790,371.79,17,0.141871,0.0000,0.046500,0
1791,371.14,17,0.143460,0.0000,0.042300,0
1792,370.81,17,0.144235,0.0000,0.050100,0
1793,370.15,17,0.151681,0.0000,0.044100,0
1794,369.76,17,0.159927,0.0000,0.044400,0
1795,369.03,9,0.177487,0.0000,0.097400,0
1796,368.38,9,0.195168,0.0000,0.097200,0
1797,368.05,9,0.231772,0.0000,0.100400,0
1798,367.20,9,0.275236,0.0000,0.094000,0
1799,366.47,9,0.314692,0.0000,0.096800,0
1800,366.21,9,0.340232,0.0000,0.096900,0
1801,365.95,9,0.361231,0.0000,0.094800,0
1802,365.82,9,0.385333,0.0000,0.096700,0
1803,365.23,9,0.402458,0.0000,0.099300,0
1804,364.90,9,0.408609,0.0000,0.096800,0
1805,364.50,9,0.418618,0.0000,0.097600,0
1806,363.52,9,0.431834,0.0000,0.095800,0
1807,363.26,9,0.432911,0.0000,0.088500,0
1808,363.26,9,0.435141,0.0000,0.094300,0
1809,362.53,9,0.433556,0.0000,0.092100,0
1810,362.14,9,0.428628,0.2000,0.094000,0
1811,361.88,9,0.410889,0.0000,0.094300,0
1812,361.88,9,0.391087,0.0000,0.098700,0
1813,361.15,9,0.375552,0.0000,0.092600,0
1814,360.56,9,0.333927,0.0000,0.095000,0
1815,360.56,9,0.356214,0.0000,0.091900,0
1816,360.30,9,0.314724,0.0000,0.088000,0
1817,359.45,9,0.300854,0.0000,0.096800,0
1818,359.25,9,0.283212,0.0000,0.095800,0
1819,359.25,9,0.266379,0.0000,0.091400,0
1820,358.46,9,0.261949,0.0000,0.093900,0
1821,358.20,9,0.255837,0.0000,0.089900,0
1822,358.20,9,0.253632,0.0000,0.095500,0
1823,357.48,9,0.262619,0.0000,0.090300,0
1824,357.08,9,0.270535,0.0000,0.097000,0
1825,357.02,9,0.274947,0.0000,0.099000,0
1826,357.02,9,0.273491,0.0000,0.092200,0
1827,356.43,9,0.280473,0.0000,0.097500,0
1828,355.97,9,0.280124,0.0000,0.094700,0
1829,355.97,9,0.274106,0.0000,0.092800,0
1830,355.38,9,0.274388,0.0000,0.098100,0
1831,354.59,9,0.276783,0.0000,0.092900,0
1832,354.59,9,0.268890,0.0000,0.092100,0
1833,354.13,9,0.266570,0.0000,0.094200,0
1834,353.67,9,0.264936,0.0000,0.091100,0
1835,353.21,9,0.255562,0.0000,0.096200,0
1836,353.21,9,0.261354,0.0000,0.093200,0
1837,352.49,9,0.257899,0.0000,0.096000,0
1838,352.16,9,0.252555,0.0000,0.091500,0
1839,352.03,9,0.248149,0.0000,0.091000,0
1840,351.57,9,0.248623,0.0000,0.103100,0
1841,351.11,9,0.249228,0.0000,0.094400,0
1842,350.58,9,0.249678,0.0000,0.093300,0
1843,350.45,9,0.247151,0.0000,0.096500,0
1844,349.47,9,0.255766,0.0000,0.093300,0
1845,349.20,9,0.256137,0.0000,0.092600,0
1846,349.14,9,0.255917,0.0000,0.098000,0
1847,348.48,9,0.254841,0.0000,0.094500,0
1848,348.09,9,0.251690,0.0000,0.097800,0
1849,348.09,9,0.242972,0.0000,0.095900,0
1850,347.50,9,0.238236,0.0000,0.096000,0
1851,347.23,9,0.230857,0.0000,0.088800,0
1852,346.51,9,0.208932,0.0000,0.097600,0
1853,346.51,9,0.222383,0.0000,0.092600,0
1854,346.25,9,0.197960,0.0000,0.098600,0
1855,345.53,9,0.190721,0.0000,0.092300,0
1856,345.26,17,0.161103,0.0000,0.045200,0
1857,345.26,17,0.170500,0.0000,0.045900,0
1858,344.48,17,0.155207,0.0000,0.045500,0
1859,344.28,17,0.141112,0.0000,0.047100,0
1860,343.82,17,0.133957,0.0000,0.045800,0
1861,343.49,17,0.122395,0.0000,0.045600,0
1862,343.29,17,0.111947,0.0000,0.045500,0
1863,342.57,17,0.109539,0.0000,0.043700,0
1864,342.31,17,0.102985,0.0000,0.042700,0
1865,342.31,17,0.098209,0.0000,0.043800,0
1866,341.46,17,0.091968,0.0000,0.045300,0
1867,341.32,17,0.083187,0.0000,0.046300,0
1868,341.32,17,0.084401,0.0000,0.047300,0
1869,340.47,17,0.087194,0.0000,0.045000,0
1870,340.34,17,0.110368,0.0000,0.050800,0
1871,339.88,17,0.153266,0.0000,0.048100,0
1872,339.42,9,0.227293,0.0000,0.093300,0
1873,339.35,9,0.328558,0.0000,0.094500,0
1874,338.63,9,0.431666,0.0000,0.094200,0
1875,338.44,5,0.539552,0.0000,0.157300,0
1876,338.37,5,0.646130,0.0000,0.154000,0
1877,337.38,5,0.881313,0.0000,0.151800,0
1878,337.38,5,0.765273,0.2000,0.152600,0
1879,336.40,11,1.000138,0.0000,0.229300,0
1880,335.68,11,1.074309,0.0000,0.229300,0
1881,335.48,11,1.136716,0.0000,0.228700,0
1882,335.41,11,1.164807,0.0000,0.224900,0
1883,334.96,11,1.193285,0.2000,0.235900,0
1884,334.43,11,1.213982,0.0000,0.229300,0
1885,334.43,11,1.224654,0.0000,0.229800,0
1886,333.45,11,1.236883,0.0000,0.228300,0
1887,332.99,11,1.246173,0.0000,0.227600,0
1888,332.53,11,1.252286,0.2000,0.225000,0
1889,332.46,11,1.256282,0.0000,0.234100,0
1890,332.00,11,1.242595,0.0000,0.227400,0
1891,332.00,11,1.233094,0.2000,0.225600,0
1892,331.48,11,1.216671,0.0000,0.230400,0
1893,330.56,11,1.148159,0.0000,0.221200,0
1894,330.49,11,1.068622,0.0000,0.226000,0
1895,329.51,11,0.974074,0.0000,0.233100,0
1896,328.78,5,0.866889,0.0000,0.155500,0
1897,328.39,5,0.708444,0.0000,0.159900,0
1898,328.39,5,0.767197,0.0000,0.155400,0
1899,327.54,5,0.646236,0.0000,0.157000,0
1900,327.41,5,0.597396,0.0000,0.159100,0
1901,327.08,5,0.561503,0.0000,0.153300,0
1902,326.42,5,0.532650,0.0000,0.155700,0
1903,325.57,5,0.503007,0.0000,0.152800,0
1904,325.11,9,0.476643,0.0000,0.094600,0
1905,324.58,9,0.453216,0.0000,0.094000,0
1906,324.12,9,0.430680,0.0000,0.095200,0
1907,323.86,9,0.415199,0.0000,0.095500,0
1908,323.47,9,0.396180,0.2000,0.095000,0
1909,322.74,9,0.383824,0.0000,0.093300,0
1910,322.74,9,0.373125,0.0000,0.093900,0
1911,322.09,9,0.368677,0.0000,0.092900,0
1912,321.76,9,0.366451,0.0000,0.086900,0
1913,321.10,9,0.374591,0.0000,0.097500,0
1914,320.91,9,0.374535,0.0000,0.089700,0
1915,320.45,9,0.374883,0.0000,0.092300,0
1916,319.59,9,0.367608,0.0000,0.094900,0
1917,319.46,9,0.363770,0.0000,0.097100,0
1918,318.67,9,0.362690,0.0000,0.093500,0
1919,318.08,9,0.364388,0.0000,0.094700,0
1920,317.95,9,0.364102,0.0000,0.096600,0
1921,317.76,9,0.362908,0.2000,0.094400,0
1922,317.69,9,0.354169,0.0000,0.090100,0
1923,316.77,9,0.356597,0.0000,0.095100,0
1924,316.57,9,0.350823,0.0000,0.095200,0
1925,316.25,9,0.344095,0.0000,0.094800,0
1926,315.65,9,0.338438,0.0000,0.095500,0
1927,315.65,9,0.335406,0.0000,0.096700,0
1928,315.26,9,0.323915,0.0000,0.096800,0
1929,314.67,9,0.321559,0.0000,0.098700,0
1930,314.28,9,0.305166,0.0000,0.094600,0
1931,314.28,9,0.314923,0.0000,0.092600,0
1932,313.62,9,0.292662,0.0000,0.092600,0
1933,313.29,9,0.290009,0.0000,0.091900,0
1934,312.96,9,0.295827,0.0000,0.090500,0
1935,312.70,9,0.300433,0.0000,0.090000,0
1936,312.31,9,0.311363,0.0000,0.097700,0
1937,311.65,9,0.320305,0.2000,0.097200,0
1938,311.65,9,0.316245,0.0000,0.096200,0
1939,311.32,9,0.319915,0.0000,0.096400,0
1940,310.73,9,0.316917,0.0000,0.099700,0
1941,310.34,9,0.302899,0.0000,0.091800,0
1942,310.34,9,0.314945,0.0000,0.096300,0
1943,309.75,9,0.288975,0.0000,0.092500,0
1944,309.35,9,0.268529,0.0000,0.089100,0
1945,308.96,9,0.248089,0.0000,0.095500,0
1946,308.70,9,0.232137,0.0000,0.094900,0
1947,308.37,9,0.205906,0.0000,0.092100,0
1948,307.84,9,0.195010,0.0000,0.092500,0
1949,307.78,9,0.188425,0.0000,0.090100,0
1950,307.12,9,0.174110,0.0000,0.093400,0
1951,306.92,17,0.168679,0.0000,0.048600,0
1952,306.86,17,0.158845,0.0000,0.047400,0
1953,306.40,17,0.157536,0.0000,0.046400,0
1954,305.87,17,0.147940,0.0000,0.049900,0
1955,305.41,17,0.142397,0.0000,0.045100,0
1956,305.41,17,0.140492,0.2000,0.044400,0
1957,304.43,17,0.141680,0.0000,0.045700,0
1958,304.17,17,0.137621,0.0000,0.048900,0
1959,303.90,17,0.140297,0.0000,0.047100,0
1960,303.45,17,0.147101,0.0000,0.044300,0
1961,302.79,17,0.147572,0.0000,0.040700,0
1962,302.46,17,0.150002,0.0000,0.043100,0
1963,301.48,17,0.154640,0.0000,0.046900,0
1964,301.48,17,0.159011,0.0000,0.048500,0
1965,300.49,9,0.208268,0.0000,0.093700,0
1966,300.49,9,0.185793,0.0000,0.099500,0
1967,299.84,9,0.245739,0.0000,0.098600,0
1968,299.24,9,0.328740,0.0000,0.096600,0
1969,299.24,9,0.411744,0.0000,0.095100,0
1970,298.85,5,0.561476,0.0000,0.149100,0
1971,298.52,5,0.725317,0.0000,0.161800,0
1972,298.06,5,0.900268,0.0000,0.159600,0
1973,297.54,11,1.147742,0.0000,0.223800,0
1974,297.54,11,1.031867,0.0000,0.231200,0
1975,296.88,11,1.206266,0.2000,0.232800,0
1976,296.03,11,1.238110,0.0000,0.235300,0
1977,295.90,11,1.263647,0.0000,0.227400,0
1978,295.57,11,1.283828,0.2000,0.225000,0
1979,294.58,11,1.303314,0.0000,0.224100,0
1980,294.58,11,1.316542,0.0000,0.224000,0
1981,294.06,11,1.332606,0.0000,0.235600,0
1982,293.60,11,1.330785,0.0000,0.225000,0
1983,293.08,11,1.320325,0.0000,0.226200,0
1984,292.94,11,1.292799,0.0000,0.236100,0
1985,292.94,11,1.307104,0.0000,0.230200,0
1986,292.62,11,1.265755,0.0000,0.231100,0
1987,291.63,11,1.245212,0.0000,0.232800,0
1988,291.63,11,1.259636,0.0000,0.234800,0
1989,291.11,11,1.200672,0.0000,0.225700,0
1990,290.98,11,1.143919,0.0000,0.232200,0
1991,290.65,11,1.123845,0.0000,0.232900,0
1992,290.65,11,1.087726,0.0000,0.227500,0
1993,290.12,11,0.989100,0.0000,0.232000,0
1994,289.99,5,0.867376,0.0000,0.160600,0
1995,289.66,5,0.801258,0.0000,0.154000,0
1996,288.68,5,0.645337,0.0000,0.154000,0
1997,288.68,5,0.725527,0.0000,0.158700,0
1998,288.09,5,0.606420,0.0000,0.153900,0
1999,287.43,5,0.571309,0.0000,0.163200,0
2000,287.43,5,0.561990,0.0000,0.157300,0
2001,287.17,5,0.552737,0.0000,0.162500,0
2002,286.71,5,0.548782,0.0000,0.156500,0
2003,286.19,5,0.545064,0.0000,0.160900,0
2004,286.19,5,0.541646,0.0000,0.162000,0
2005,286.05,5,0.543560,0.0000,0.154800,0
2006,285.73,5,0.537207,0.0000,0.156500,0
2007,285.46,5,0.521244,0.0000,0.160200,0
2008,284.74,5,0.515397,0.0000,0.155100,0
2009,284.48,5,0.512037,0.0000,0.156500,0
2010,283.76,5,0.544555,0.0000,0.154100,0
2011,283.76,5,0.576169,0.0000,0.159200,0
2012,283.17,5,0.584838,0.0000,0.160700,0
2013,282.51,5,0.577528,0.0000,0.154600,0
2014,282.25,5,0.567414,0.0000,0.154400,0
2015,282.18,5,0.570507,0.0000,0.159700,0
2016,281.53,5,0.555476,0.0000,0.160000,0
2017,281.20,5,0.559814,0.0000,0.159400,0
2018,281.20,5,0.563666,0.0000,0.160200,0
2019,280.54,5,0.544872,0.0000,0.157400,0
2020,280.54,5,0.526774,0.0000,0.158000,0
2021,279.56,5,0.518536,0.0000,0.161500,0
2022,279.56,5,0.508017,0.0000,0.153400,0
2023,279.30,9,0.472155,0.0000,0.095900,0
2024,278.84,9,0.443454,0.0000,0.093300,0
2025,278.25,9,0.420292,0.0000,0.093900,0
2026,278.25,9,0.433235,0.0000,0.092800,0
2027,277.46,9,0.427343,0.0000,0.095200,0
2028,277.26,9,0.407636,0.0000,0.097700,0
2029,277.20,9,0.398204,0.0000,0.092100,0
2030,276.61,9,0.411442,0.0000,0.089900,0
2031,276.28,9,0.456161,0.0000,0.096500,0
2032,275.62,5,0.503253,0.2000,0.158100,0
2033,275.29,5,0.541736,0.0000,0.153500,0
2034,274.64,5,0.572579,0.0000,0.157300,0
2035,273.92,5,0.607251,0.0000,0.156200,0
2036,273.59,5,0.622428,0.0000,0.163600,0
2037,273.33,5,0.642132,0.0000,0.154800,0
2038,272.60,5,0.670123,0.0000,0.154600,0
2039,272.60,5,0.658129,0.0000,0.167300,0
2040,272.34,5,0.686706,0.0000,0.159700,0
2041,271.95,5,0.706892,0.0000,0.155100,0
2042,271.95,5,0.717763,0.0000,0.163500,0
2043,271.36,5,0.732850,0.0000,0.157300,0
2044,271.36,5,0.738992,0.4000,0.160500,0
2045,270.37,5,0.763873,0.0000,0.159500,0
2046,269.98,5,0.777537,0.0000,0.158000,0
2047,269.98,5,0.781893,0.0000,0.156500,0
2048,269.32,5,0.782913,0.0000,0.155400,0
2049,269.32,5,0.787353,0.2000,0.164700,0
2050,269.00,5,0.778353,0.0000,0.164100,0
2051,267.68,5,0.783872,0.0000,0.154200,0
2052,267.55,5,0.778954,0.0000,0.165100,0
2053,266.44,5,0.790769,0.0000,0.152300,0
2054,266.18,5,0.813011,0.0000,0.158600,0
2055,266.11,5,0.807115,0.0000,0.158000,0
2056,265.91,5,0.799566,0.0000,0.155900,0
2057,265.45,5,0.784353,0.0000,0.160500,0
2058,265.19,5,0.765429,0.0000,0.164100,0
2059,265.19,5,0.745187,0.0000,0.161500,0
2060,264.73,5,0.721512,0.0000,0.158200,0
2061,264.47,5,0.705175,0.0000,0.155800,0
2062,264.08,5,0.686803,0.0000,0.154400,0
2063,263.42,5,0.671011,0.0000,0.161200,0
2064,263.16,5,0.653775,0.0000,0.155200,0
2065,262.83,5,0.636095,0.0000,0.150700,0
2066,262.44,5,0.612774,0.2000,0.157500,0
2067,262.11,5,0.597403,0.0000,0.164600,0
2068,261.59,5,0.568413,0.0000,0.158100,0
2069,261.39,5,0.536422,0.0000,0.166500,0
2070,261.19,5,0.515372,0.0000,0.154500,0
2071,260.99,9,0.493492,0.0000,0.096900,0
2072,260.54,9,0.477037,0.0000,0.092700,0
2073,260.21,9,0.454080,0.0000,0.094500,0
2074,259.49,9,0.424759,0.0000,0.093500,0
2075,259.49,9,0.441085,0.0000,0.094400,0
2076,258.44,9,0.414039,0.0000,0.098400,0
2077,258.18,9,0.378454,0.0000,0.095000,0
2078,258.18,9,0.403160,0.0000,0.091500,0
2079,257.45,9,0.357831,0.0000,0.093000,0
2080,257.19,9,0.336649,0.0000,0.086000,0
2081,256.93,9,0.311121,0.0000,0.095900,0
2082,256.47,9,0.303356,0.0000,0.092600,0
2083,256.40,9,0.286722,0.0000,0.097600,0
2084,255.55,9,0.221897,0.0000,0.095700,0
2085,255.55,9,0.208137,0.0000,0.094400,0
2086,255.22,9,0.173973,0.0000,0.097700,0
2087,254.63,9,0.222459,0.0000,0.096200,0
2088,254.63,9,0.198354,0.0000,0.094100,0
2089,254.24,9,0.250747,0.0000,0.099800,0
2090,253.59,9,0.279803,0.0000,0.095900,0
2091,253.59,9,0.310148,0.0000,0.094300,0
2092,253.26,9,0.346279,0.0000,0.095900,0
2093,252.47,9,0.343207,0.0000,0.093500,0
2094,252.47,9,0.346804,0.2000,0.095600,0
2095,252.27,9,0.337204,0.0000,0.093000,0
2096,251.55,9,0.322837,0.0000,0.094300,0
2097,251.03,9,0.319818,0.0000,0.095600,0
2098,250.96,9,0.317834,0.0000,0.091700,0
2099,250.70,9,0.318083,0.0000,0.091500,0
2100,250.31,9,0.322055,0.0000,0.095200,0
2101,249.59,9,0.349674,0.0000,0.100400,0
2102,249.52,9,0.380668,0.0000,0.091800,0
2103,249.32,9,0.413880,0.0000,0.091500,0
2104,248.54,9,0.428601,0.0000,0.094700,0
2105,248.21,9,0.439722,0.0000,0.096300,0
2106,248.21,9,0.440008,0.0000,0.092900,0
2107,247.55,9,0.445137,0.0000,0.091500,0
2108,247.03,9,0.452912,0.0000,0.095400,0
2109,246.57,9,0.450153,0.0000,0.092500,0
2110,245.98,9,0.445556,0.0000,0.091700,0
2111,245.65,9,0.440035,0.0000,0.099900,0
2112,244.73,9,0.460185,0.0000,0.089400,0
2113,244.73,9,0.457784,0.0000,0.094500,0
2114,243.69,9,0.447319,0.0000,0.094000,0
2115,243.69,9,0.460930,0.0000,0.093100,0
2116,242.70,5,0.578791,0.0000,0.166600,0
2117,242.70,5,0.515696,0.0000,0.158300,0
2118,241.72,5,0.645871,0.0000,0.153000,0
2119,240.87,5,0.677676,0.0000,0.153600,0
2120,240.74,5,0.699523,0.0000,0.154900,0
2121,239.75,5,0.734959,0.0000,0.155400,0
2122,239.75,5,0.744844,0.0000,0.157800,0
2123,238.90,5,0.763240,0.0000,0.165100,0
2124,238.77,5,0.768709,0.0000,0.151500,0
2125,237.79,5,0.778749,0.0000,0.155400,0
2126,237.79,5,0.772323,0.2000,0.153500,0
2127,236.74,5,0.778445,0.0000,0.166400,0
2128,236.74,5,0.782370,0.0000,0.159800,0
2129,235.95,5,0.772949,0.0000,0.158500,0
2130,235.49,5,0.762505,0.0000,0.160300,0
2131,234.51,5,0.748877,0.0000,0.158900,0
2132,234.51,5,0.725347,0.0000,0.159700,0
2133,233.46,5,0.721506,0.0000,0.160200,0
2134,233.20,5,0.694767,0.0000,0.165700,0
2135,233.20,5,0.662862,0.0000,0.162800,0
2136,232.54,5,0.636070,0.0000,0.157100,0
2137,232.08,5,0.602580,0.0000,0.159800,0
2138,232.02,5,0.569351,0.2000,0.155400,0
2139,231.30,5,0.543668,0.0000,0.154500,0
2140,230.58,5,0.518578,0.0000,0.157300,0
2141,230.05,9,0.486609,0.0000,0.098000,0
2142,229.59,9,0.450333,0.0000,0.091200,0
2143,229.59,9,0.410807,0.0000,0.088900,0
2144,229.07,9,0.371876,0.0000,0.098200,0
2145,228.61,9,0.330537,0.0000,0.092100,0
2146,228.15,9,0.302484,0.0000,0.096100,0
2147,228.09,9,0.275048,0.0000,0.093300,0
2148,227.63,9,0.264258,0.0000,0.096800,0
2149,227.10,9,0.245157,0.0000,0.099700,0
2150,227.04,9,0.229874,0.0000,0.094700,0
2151,227.04,9,0.228801,0.0000,0.094600,0
2152,226.12,9,0.245416,0.0000,0.093200,0
2153,225.99,9,0.254099,0.0000,0.091600,0
2154,225.66,9,0.282376,0.0000,0.091500,0
2155,225.07,9,0.300950,0.0000,0.094900,0
2156,225.01,9,0.328050,0.0000,0.088800,0
2157,224.68,9,0.353276,0.0000,0.098000,0
2158,224.09,9,0.407898,0.2000,0.101600,0
2159,223.70,9,0.456338,0.0000,0.091200,0
2160,223.11,5,0.527138,0.2000,0.164200,0
2161,222.71,5,0.592860,0.0000,0.154900,0
2162,222.19,5,0.687934,0.0000,0.154300,0
2163,222.12,5,0.754454,0.0000,0.153900,0
2164,221.47,5,0.837915,0.2000,0.157900,0
2165,221.14,5,0.939045,0.0000,0.155200,0
2166,220.94,11,1.030542,0.0000,0.231000,0
2167,220.75,11,1.120253,0.0000,0.228000,0
2168,220.09,11,1.233274,0.0000,0.218300,0
2169,219.50,11,1.330755,0.0000,0.232300,0
2170,219.50,11,1.379303,0.0000,0.223300,0
2171,219.18,11,1.412045,0.0000,0.236600,0
2172,219.04,11,1.429714,0.0000,0.223100,0
2173,218.19,11,1.454479,0.0000,0.232700,0
2174,218.13,11,1.465780,0.0000,0.233600,0
2175,218.00,11,1.474299,0.0000,0.229900,0
2176,217.08,11,1.484295,0.0000,0.229500,0
2177,217.01,11,1.488936,0.0000,0.221100,0
2178,216.42,11,1.495794,0.0000,0.231400,0
2179,216.16,11,1.501246,0.0000,0.231400,0
2180,215.38,11,1.511045,0.0000,0.231300,0
2181,215.18,11,1.517806,0.0000,0.232600,0
2182,214.39,11,1.516275,0.4000,0.227300,0
2183,214.20,11,1.510406,0.0000,0.231500,0
2184,214.13,11,1.503862,0.0000,0.229000,0
2185,213.41,11,1.499174,0.0000,0.223200,0
2186,213.21,11,1.495657,0.0000,0.225000,0
2187,212.56,11,1.495095,0.0000,0.229800,0
2188,212.43,11,1.497048,0.0000,0.224200,0
2189,212.23,11,1.495550,0.0000,0.226000,0
2190,211.38,11,1.488814,0.0000,0.223800,0
2191,211.25,11,1.449022,0.0000,0.229300,0
2192,211.25,11,1.471854,0.0000,0.228900,0
2193,210.40,11,1.409260,0.0000,0.240400,0
2194,210.27,11,1.346970,0.0000,0.225800,0
2195,209.42,11,1.180714,0.0000,0.231400,0
2196,209.22,11,1.085541,0.0000,0.227100,0
2197,208.50,11,1.094483,0.0000,0.228200,0
2198,208.24,11,1.068347,0.0000,0.233400,0
2199,208.24,11,1.051088,0.0000,0.217000,0
2200,207.39,11,1.002634,0.0000,0.228800,0
2201,207.39,5,0.932300,0.0000,0.154400,0
2202,206.40,5,0.897652,0.0000,0.159900,0
2203,206.21,5,0.851425,0.0000,0.152500,0
2204,206.21,5,0.879496,0.0000,0.157600,0
2205,205.49,5,0.822661,0.0000,0.159500,0
2206,205.29,5,0.781507,0.0000,0.151000,0
2207,205.29,5,0.750388,0.0000,0.158100,0
2208,204.44,5,0.722186,0.0000,0.160000,0
2209,204.31,5,0.702831,0.0000,0.159100,0
2210,203.52,5,0.692319,0.0000,0.157300,0
2211,203.46,5,0.679761,0.0000,0.160800,0
2212,203.33,5,0.652343,0.0000,0.151700,0
2213,202.47,5,0.591584,0.0000,0.161700,0
2214,202.47,5,0.622778,0.0000,0.157700,0
2215,201.49,5,0.568520,0.0000,0.159000,0
2216,201.36,5,0.550935,0.0000,0.153100,0
2217,201.36,5,0.531271,0.2000,0.153700,0
2218,200.51,5,0.561190,0.0000,0.158300,0
2219,200.51,5,0.593111,0.0000,0.155700,0
2220,200.38,5,0.594685,0.0000,0.163600,0
2221,200.05,5,0.602857,0.0000,0.152200,0
2222,199.53,5,0.623426,0.0000,0.156800,0
2223,199.53,5,0.623517,0.0000,0.155300,0
2224,198.55,5,0.589371,0.0000,0.158000,0
2225,198.55,5,0.629935,0.0000,0.151500,0
2226,197.56,5,0.543645,0.0000,0.150900,0
2227,196.52,5,0.502322,0.0000,0.161300,0
2228,196.52,9,0.483930,0.0000,0.094400,0
2229,196.32,9,0.460679,0.0000,0.093300,0
2230,195.54,9,0.460532,0.0000,0.093400,0
2231,195.34,9,0.490624,0.0000,0.091900,0
2232,195.34,5,0.551230,0.0000,0.157600,0
2233,194.55,11,1.091389,0.0000,0.227800,0
2234,194.55,5,0.869718,0.0000,0.153700,0
2235,194.16,11,1.098127,0.0000,0.233000,0
2236,193.83,11,1.132302,0.0000,0.231600,0
2237,193.57,11,1.181847,0.0000,0.229400,0
2238,193.18,11,1.203436,0.0000,0.221100,0
2239,192.85,11,1.233639,0.0000,0.231000,0
2240,192.52,11,1.251522,0.0000,0.227900,0
2241,192.20,11,1.268788,0.0000,0.226900,0
2242,191.54,11,1.311609,0.0000,0.233500,0
2243,191.48,11,1.336958,0.2000,0.230700,0
2244,190.56,11,1.375842,0.2000,0.226200,0
2245,190.23,11,1.407431,0.0000,0.232600,0
2246,190.23,11,1.434526,0.0000,0.229400,0
2247,189.58,11,1.433067,0.0000,0.227900,0
2248,189.58,11,1.444670,0.0000,0.224700,0
2249,189.25,11,1.440384,0.0000,0.224800,0
2250,188.66,11,1.427785,0.2000,0.222700,0
2251,188.47,11,1.399990,0.0000,0.228800,0
2252,188.27,11,1.382539,0.0000,0.229300,0
2253,187.62,11,1.386557,0.0000,0.233700,0
2254,187.55,11,1.382187,0.0000,0.227400,0
2255,187.55,11,1.362993,0.0000,0.226600,0
2256,186.50,11,1.325576,0.2000,0.228100,0
2257,186.31,11,1.232712,0.0000,0.235700,0
2258,186.31,11,1.284363,0.0000,0.235800,0
2259,185.52,11,1.152695,0.0000,0.232900,0
2260,184.87,11,1.056537,0.0000,0.231200,0
2261,184.54,11,1.012449,0.0000,0.232300,0
2262,184.54,11,0.952238,0.0000,0.226400,0
2263,183.56,11,0.995324,0.0000,0.237200,0
2264,183.56,11,1.035236,0.0000,0.235800,0
2265,181.86,11,1.049324,0.0000,0.231900,0
2266,181.66,11,1.078089,0.0000,0.230700,0
2267,181.07,11,1.117810,0.0000,0.233200,0
2268,180.81,11,1.116026,0.0000,0.232800,0
2269,180.81,11,1.112319,0.0000,0.226400,0
2270,180.29,11,1.177821,0.0000,0.223700,0
2271,180.09,11,1.186191,0.0000,0.224200,0
2272,179.83,11,1.233588,0.0000,0.240000,0
2273,179.83,11,1.270508,0.0000,0.226100,0
2274,179.31,11,1.404146,0.0000,0.224300,0
2275,178.85,11,1.467639,0.0000,0.222700,0
2276,178.85,11,1.538590,0.4000,0.230200,0
2277,178.33,11,1.520654,0.2000,0.225200,0
2278,178.13,11,1.532766,0.0000,0.222500,0
2279,177.93,11,1.541784,0.2000,0.225600,0
2280,177.74,11,1.543434,0.0000,0.235900,0
2281,177.74,11,1.539353,0.2000,0.230100,0
2282,177.41,11,1.537677,0.0000,0.226900,0
2283,177.41,11,1.535171,0.4000,0.218000,0
2284,176.89,11,1.510935,0.0000,0.236400,0
2285,176.76,11,1.515513,0.4000,0.229200,0
2286,176.43,11,1.452373,0.0000,0.229800,0
2287,176.43,11,1.488487,0.0000,0.229600,0
2288,175.45,11,1.457563,0.4000,0.231400,0
2289,175.45,11,1.460521,0.0000,0.227100,0
2290,174.47,11,1.442710,0.0000,0.220700,0
2291,174.47,11,1.450239,0.0000,0.232700,0
2292,173.88,11,1.470931,0.0000,0.231000,0
2293,173.49,11,1.466128,0.4000,0.225900,0
2294,173.49,11,1.475250,0.2000,0.226800,0
2295,172.51,11,1.477675,0.2000,0.225900,0
2296,171.85,11,1.470754,0.0000,0.221000,0
2297,171.53,11,1.444869,0.0000,0.225300,0
2298,170.54,11,1.414321,0.0000,0.230100,0
2299,170.54,11,1.379667,0.0000,0.225700,0
2300,170.09,11,1.362086,0.0000,0.223500,0
2301,169.56,11,1.328978,0.0000,0.220400,0
2302,169.24,11,1.278181,0.0000,0.229900,0
2303,168.58,11,1.218027,0.0000,0.230700,0
2304,168.13,11,1.195451,0.0000,0.229500,0
2305,167.86,11,1.169182,0.0000,0.229800,0
2306,167.86,11,1.144577,0.0000,0.226800,0
2307,167.08,11,1.156245,0.0000,0.230800,0
2308,166.88,11,1.186937,0.0000,0.229400,0
2309,166.88,11,1.168846,0.0000,0.224200,0
2310,166.10,11,1.185975,0.0000,0.229100,0
2311,165.90,11,1.148129,0.0000,0.226700,0
2312,165.90,11,1.174413,0.0000,0.226000,0
2313,164.92,11,1.135111,0.0000,0.236400,0
2314,164.20,11,1.083189,0.2000,0.227500,0
2315,164.20,11,1.027141,0.0000,0.231800,0
2316,163.62,11,0.953217,0.0000,0.234500,0
2317,163.09,5,0.886321,0.0000,0.160100,0
2318,162.96,5,0.846491,0.0000,0.160400,0
2319,162.64,5,0.835146,0.2000,0.159000,0
2320,162.11,5,0.813956,0.0000,0.161600,0
2321,161.92,5,0.803519,0.0000,0.158200,0
2322,161.66,5,0.808982,0.0000,0.157000,0
2323,161.13,5,0.781060,0.0000,0.156600,0
2324,160.68,5,0.772754,0.0000,0.157000,0
2325,160.68,5,0.750449,0.0000,0.150200,0
2326,160.09,5,0.734242,0.0000,0.156400,0
2327,159.89,5,0.716804,0.0000,0.159600,0
2328,159.70,5,0.685502,0.0000,0.158600,0
2329,159.17,5,0.661015,0.0000,0.161900,0
2330,159.11,5,0.624424,0.0000,0.162400,0
2331,158.72,5,0.599467,0.0000,0.156600,0
2332,158.13,5,0.564572,0.2000,0.158700,0
2333,158.00,5,0.535016,0.0000,0.155500,0
2334,157.21,5,0.527365,0.0000,0.152800,0
2335,157.15,5,0.506254,0.0000,0.155000,0
2336,156.76,5,0.510989,0.0000,0.156500,0
2337,156.17,5,0.501126,0.0000,0.156600,0
2338,156.17,9,0.482843,0.0000,0.093800,0
2339,155.78,9,0.482301,0.0000,0.091400,0
2340,155.78,9,0.466988,0.0000,0.092200,0
2341,155.19,9,0.447800,0.0000,0.091800,0
2342,154.99,9,0.446951,0.0000,0.094300,0
2343,154.80,9,0.441199,0.0000,0.091600,0
2344,154.08,9,0.414354,0.0000,0.091000,0
2345,153.49,9,0.389766,0.0000,0.092500,0
2346,153.23,9,0.376957,0.0000,0.097000,0
2347,153.23,9,0.347568,0.0000,0.094800,0
2348,152.51,9,0.342319,0.0000,0.096300,0
2349,152.51,9,0.320031,0.0000,0.095800,0
2350,152.12,9,0.318753,0.4000,0.085800,0
2351,152.05,9,0.323955,0.0000,0.091000,0
2352,152.05,9,0.322472,0.0000,0.096400,0
2353,151.27,9,0.410338,0.0000,0.098300,0
2354,151.14,9,0.446566,0.0000,0.093600,0
2355,150.42,5,0.517430,0.0000,0.162300,0
2356,150.16,5,0.606223,0.2000,0.166600,0
2357,150.16,5,0.566951,0.0000,0.156700,0
2358,149.18,5,0.713500,0.0000,0.154300,0
2359,149.18,5,0.744774,0.0000,0.158400,0
2360,148.40,5,0.829252,0.0000,0.154200,0
2361,148.20,5,0.867843,0.2000,0.160200,0
2362,147.87,5,0.906295,0.0000,0.159300,0
2363,147.42,11,0.945108,0.0000,0.227100,0
2364,147.22,11,0.959250,0.0000,0.236100,0
2365,146.63,11,1.012980,0.0000,0.237500,0
2366,146.44,11,1.019444,0.0000,0.229500,0
2367,146.31,11,1.024493,0.0000,0.235100,0
2368,145.52,11,1.069778,0.0000,0.229400,0
2369,145.46,11,1.076522,0.0000,0.230500,0
2370,145.26,11,1.085354,0.0000,0.228600,0
2371,144.94,11,1.101570,0.0000,0.229100,0
2372,144.41,11,1.134459,0.0000,0.224000,0
2373,144.28,11,1.131566,0.0000,0.225400,0
2374,143.50,11,1.149542,0.0000,0.229500,0
2375,143.50,11,1.161041,0.0000,0.225300,0
2376,143.24,11,1.147574,0.0000,0.221900,0
2377,142.39,11,1.153214,0.0000,0.229500,0
2378,142.33,11,1.134219,0.0000,0.230900,0
2379,142.33,11,1.113839,0.0000,0.221300,0
2380,141.41,11,1.102344,0.0000,0.232000,0
2381,141.35,11,1.069158,0.0000,0.232500,0
2382,140.43,11,1.083741,0.0000,0.230900,0
2383,140.30,11,1.065900,0.0000,0.227300,0
2384,140.30,11,1.048795,0.0000,0.224600,0
2385,139.52,11,1.074226,0.0000,0.220300,0
2386,139.52,11,1.081779,0.2000,0.229700,0
2387,139.32,11,1.075675,0.0000,0.229600,0
2388,138.48,11,1.123806,0.0000,0.225300,0
2389,138.48,11,1.122132,0.0000,0.233200,0
2390,138.34,11,1.105562,0.0000,0.230600,0
2391,138.34,11,1.081235,0.0000,0.233800,0
2392,137.50,11,1.064893,0.0000,0.224700,0
2393,137.37,11,1.038188,0.0000,0.231100,0
2394,137.04,11,1.055848,0.0000,0.228000,0
2395,136.52,11,1.069211,0.0000,0.227100,0
2396,136.32,11,1.006679,0.0000,0.228600,0
2397,136.32,11,1.041833,0.0000,0.228800,0
2398,135.28,11,0.997113,0.0000,0.233500,0
2399,134.43,11,0.971198,0.0000,0.228700,0
2400,134.30,11,0.949079,0.2000,0.227900,0
2401,134.11,11,0.962526,0.2000,0.224000,0
2402,133.45,11,0.955505,0.0000,0.224400,0
2403,133.45,11,0.948224,0.0000,0.227300,0
2404,132.47,5,0.897977,0.0000,0.150800,0
2405,132.47,5,0.925756,0.0000,0.158700,0
2406,131.50,5,0.900011,0.2000,0.156900,0
2407,130.52,5,0.892151,0.0000,0.163100,0
2408,130.45,5,0.874307,0.0000,0.160800,0
2409,129.48,5,0.872966,0.0000,0.158000,0
2410,129.28,5,0.847778,0.0000,0.151800,0
2411,129.28,5,0.831282,0.0000,0.163500,0
2412,128.50,5,0.827052,0.0000,0.155600,0
2413,128.50,5,0.802687,0.0000,0.168700,0
2414,127.52,5,0.805340,0.0000,0.154800,0
2415,127.19,5,0.807082,0.0000,0.160300,0
2416,126.54,5,0.821176,0.0000,0.155000,0
2417,126.22,5,0.904620,0.0000,0.148400,0
2418,126.22,5,0.872630,0.0000,0.157500,0
2419,125.56,5,0.936335,0.0000,0.162700,0
2420,125.24,11,0.957135,0.0000,0.232800,0
2421,125.24,11,0.977020,0.0000,0.225300,0
2422,124.59,11,0.965737,0.0000,0.230500,0
2423,124.26,11,0.969413,0.0000,0.220400,0
2424,123.80,11,1.065733,0.0000,0.228300,0
2425,123.61,11,1.133438,0.0000,0.228300,0
2426,123.28,11,1.148274,0.0000,0.235500,0
2427,122.83,11,1.180013,0.0000,0.219900,0
2428,122.63,11,1.202677,0.0000,0.223400,0
2429,122.31,11,1.201621,0.2000,0.227800,0
2430,122.31,11,1.191787,0.0000,0.222800,0
2431,121.85,11,1.203059,0.0000,0.231700,0
2432,121.65,11,1.188603,0.0000,0.232300,0
2433,121.00,11,1.205727,0.0000,0.229000,0
2434,120.61,11,1.206051,0.2000,0.234600,0
2435,119.83,11,1.217784,0.0000,0.231700,0
2436,119.63,11,1.243257,0.2000,0.235400,0
2437,118.79,11,1.291517,0.0000,0.232400,0
2438,118.66,11,1.331510,0.0000,0.222200,0
2439,118.33,11,1.387333,0.2000,0.229700,0
2440,118.33,11,1.368356,0.0000,0.228300,0
2441,117.81,11,1.436740,0.0000,0.225600,0
2442,117.36,11,1.532355,0.2000,0.232100,0
2443,117.36,11,1.481228,0.2000,0.232800,0
2444,116.57,11,1.603940,0.2000,0.225400,0
2445,116.12,2,1.692566,0.0000,0.390600,0
2446,115.86,2,1.797544,0.4000,0.400600,0
2447,115.73,2,1.887372,0.0000,0.395200,0
2448,115.73,2,1.972896,0.0000,0.402400,0
2449,114.88,2,2.128132,0.4000,0.401700,0
2450,114.69,2,2.216743,0.2000,0.391900,0
2451,114.10,2,2.342002,0.4000,0.401800,0
2452,113.84,2,2.432379,0.8000,0.397900,0
2453,113.45,2,2.511192,0.4000,0.397800,0
2454,113.13,2,2.550801,0.2000,0.399100,0
2455,112.67,2,2.594109,0.6000,0.405700,0
2456,112.67,2,2.612577,0.8000,0.390800,0
2457,111.89,2,2.666134,0.4000,0.395400,0
2458,111.76,2,2.694862,0.0000,0.398200,0
2459,110.91,2,2.692460,0.2000,0.402100,0
2460,110.78,2,2.691098,0.4000,0.389800,0
2461,110.46,2,2.674810,0.4000,0.394800,0
2462,109.48,14,2.752715,0.6000,0.601100,0
2463,108.90,2,2.587526,0.0000,0.391600,0
2464,108.90,2,2.711169,0.6000,0.400900,0
2465,108.51,2,2.565870,0.4000,0.398500,0
2466,107.86,2,2.555224,0.4000,0.394500,0
2467,107.53,2,2.583682,0.6000,0.397100,0
2468,106.88,2,2.591167,0.6000,0.399500,0
2469,106.56,2,2.622036,0.6000,0.398100,0
2470,106.23,2,2.577009,0.0000,0.395700,0
2471,106.23,2,2.497991,0.4000,0.397200,0
2472,105.84,2,2.376215,0.6000,0.401300,0
2473,105.84,2,2.415076,0.2000,0.412300,0
2474,104.87,2,2.322226,0.6000,0.406100,0
2475,104.28,2,2.237371,0.2000,0.392700,0
2476,104.09,2,2.212273,0.2000,0.403900,0
2477,103.89,2,2.188918,0.0000,0.397500,0
2478,103.57,2,2.163165,0.4000,0.390800,0
2479,103.31,2,2.090981,0.6000,0.404200,0
2480,103.05,2,2.029715,0.2000,0.392800,0
2481,102.92,2,1.944084,0.4000,0.399100,0
2482,102.60,2,1.890786,0.0000,0.398700,0
2483,102.08,2,1.840042,0.6000,0.394500,0
2484,101.62,2,1.681530,0.0000,0.393800,0
2485,101.62,2,1.770024,0.0000,0.396300,0
2486,101.10,11,1.622759,0.0000,0.238500,0
2487,100.91,11,1.599359,0.0000,0.227800,0
2488,100.52,2,1.638719,0.2000,0.402600,0
2489,99.54,2,1.653600,0.0000,0.392800,0
2490,99.48,2,1.674705,0.2000,0.398100,0
2491,99.09,2,1.740077,0.2000,0.399100,0
2492,98.57,2,1.923423,0.0000,0.391700,0
2493,98.31,2,1.981748,0.0000,0.404200,0
2494,97.60,2,2.030197,0.2000,0.394300,0
2495,97.14,2,2.119699,0.2000,0.406400,0
2496,96.69,2,2.202620,0.2000,0.394800,0
2497,96.69,2,2.305233,0.8000,0.407000,0
2498,96.30,2,2.382400,0.6000,0.395400,0
2499,96.30,2,2.380075,0.8000,0.394700,0
2500,94.48,2,2.462613,0.6000,0.399400,0
2501,94.48,2,2.452395,0.4000,0.408900,0
2502,94.16,2,2.481693,0.8000,0.397100,0
2503,93.18,2,2.572246,0.4000,0.395900,0
2504,93.18,2,2.609791,0.8000,0.398400,0
2505,92.47,2,2.672799,0.6000,0.400300,0
2506,92.08,2,2.691020,0.4000,0.404400,0
2507,91.69,14,2.765264,0.6000,0.609300,0
2508,91.69,14,2.738030,0.4000,0.604900,0
2509,91.24,14,2.797237,0.6000,0.609500,0
2510,90.53,14,2.839036,0.8000,0.602500,0
2511,90.27,14,2.866359,0.8000,0.599500,0
2512,90.20,14,2.886960,0.8000,0.607000,0
2513,89.42,14,2.933240,0.8000,0.613700,0
2514,89.23,14,2.954359,0.4000,0.604700,0
2515,89.16,14,2.929400,0.6000,0.610800,0
2516,89.16,14,2.877532,0.6000,0.603800,0
2517,88.19,14,2.806677,1.0000,0.603100,0
2518,88.13,2,2.608560,0.6000,0.405800,0
2519,88.13,2,2.705947,0.6000,0.400000,0
2520,87.29,2,2.498702,0.6000,0.390200,0
2521,87.09,2,2.352325,0.0000,0.389300,0
2522,86.57,2,2.251567,0.2000,0.399900,0
2523,86.31,2,2.182545,0.0000,0.404300,0
2524,86.31,2,2.063801,0.2000,0.390400,0
2525,85.86,2,1.983372,0.0000,0.392600,0
2526,85.08,2,1.931681,0.2000,0.399500,0
2527,85.08,2,1.860187,0.0000,0.399900,0
2528,84.31,2,2.173938,0.2000,0.391900,0
2529,84.31,2,2.060466,0.4000,0.398100,0
2530,83.92,2,2.178412,0.4000,0.400400,0
2531,83.59,2,2.199008,0.4000,0.405400,0
2532,83.59,2,2.200997,0.2000,0.398300,0
2533,83.34,2,2.201002,0.2000,0.398900,0
2534,83.14,2,2.217745,0.2000,0.389900,0
2535,82.62,2,2.244482,0.6000,0.403300,0
2536,82.43,2,2.272378,0.6000,0.399200,0
2537,82.23,2,2.260270,0.4000,0.399300,0
2538,82.23,2,2.265283,0.4000,0.395100,0
2539,81.91,2,2.272887,1.0000,0.391000,0
2540,81.46,2,2.276349,0.0000,0.397400,0
2541,81.26,2,2.255635,0.2000,0.398800,0
2542,81.26,2,2.244142,0.6000,0.399200,0
2543,80.94,2,2.228747,0.2000,0.409200,0
2544,80.49,2,2.186038,0.0000,0.397900,0
2545,80.42,2,2.124746,0.2000,0.396900,0
2546,80.16,2,2.073195,0.0000,0.398400,0
2547,79.97,2,2.014392,0.8000,0.387700,0
2548,79.45,2,1.944690,0.2000,0.397500,0
2549,79.39,2,1.860499,0.0000,0.403000,0
2550,78.55,2,1.799351,0.0000,0.395800,0
2551,78.42,2,1.715057,0.4000,0.400600,0
2552,78.35,11,1.629655,0.2000,0.230500,0
2553,78.35,11,1.532310,0.2000,0.226400,0
2554,77.45,11,1.479502,0.0000,0.231700,0
2555,77.45,11,1.416635,0.0000,0.237000,0
2556,76.99,11,1.363281,0.0000,0.234400,0
2557,76.54,11,1.324798,0.0000,0.229600,0
2558,75.57,11,1.452039,0.0000,0.230300,0
2559,75.51,11,1.531338,0.2000,0.227000,0
2560,75.38,11,1.620731,0.0000,0.226900,0
2561,74.47,2,1.841357,0.0000,0.399900,0
2562,74.41,2,1.976023,0.2000,0.389000,0
2563,74.41,2,2.092836,0.6000,0.401400,0
2564,73.57,2,2.275555,0.4000,0.392200,0
2565,73.50,2,2.434852,0.0000,0.396400,0
2566,73.50,2,2.569968,0.2000,0.398700,0
2567,73.05,2,2.655454,0.6000,0.399000,0
2568,72.79,14,2.745316,0.2000,0.605700,0
2569,72.53,14,2.818716,1.0000,0.598200,0
2570,72.53,14,2.786643,0.4000,0.598700,0
2571,71.50,14,2.895840,0.4000,0.604200,0
2572,71.11,14,2.929151,0.6000,0.594700,0
2573,70.53,14,2.976265,0.6000,0.592200,0
2574,70.34,14,3.020598,0.6000,0.600800,0
2575,70.34,14,3.050030,0.6000,0.597100,0
2576,69.56,14,3.102170,0.8000,0.601500,0
2577,69.56,14,3.136928,0.6000,0.593400,0
2578,68.85,14,3.192027,0.8000,0.596100,0
2579,68.59,14,3.233921,0.2000,0.601500,0
2580,68.47,14,3.267317,0.8000,0.609600,0
2581,68.47,14,3.286632,0.8000,0.612500,0
2582,68.14,14,3.301403,1.0000,0.606500,0
2583,67.56,14,3.359403,0.8000,0.594600,0
2584,67.18,14,3.403814,0.6000,0.600300,0
2585,66.59,14,3.597154,1.0000,0.600200,0
2586,66.59,14,3.510929,0.4000,0.606000,0
2587,65.63,14,3.899389,0.8000,0.609400,0
2588,65.63,14,3.773776,0.8000,0.599400,0
2589,65.43,14,3.992056,0.2000,0.592500,0
2590,65.43,14,3.907530,1.0000,0.595400,0
2591,64.66,14,3.882572,0.6000,0.600400,0
2592,64.66,14,3.951164,0.4000,0.612100,0
2593,64.21,14,3.891625,0.4000,0.605600,0
2594,63.63,14,3.778901,0.8000,0.601200,0
2595,63.50,14,3.613012,0.8000,0.595700,0
2596,62.86,14,3.420490,0.4000,0.600300,0
2597,62.47,14,3.190037,0.8000,0.597100,0
2598,62.28,14,2.960149,1.0000,0.607800,0
2599,61.83,14,2.817842,0.6000,0.599100,0
2600,61.50,14,2.783317,0.4000,0.608100,0
2601,61.25,14,2.737489,0.6000,0.603600,0
2602,61.25,2,2.666321,0.4000,0.396200,0
2603,60.86,2,2.581251,0.0000,0.400900,0
2604,60.54,2,2.497285,0.4000,0.397000,0
2605,60.47,2,2.458898,0.4000,0.399500,0
2606,59.57,2,2.420522,0.2000,0.397500,0
2607,59.57,2,2.399971,0.2000,0.405000,0
2608,58.86,2,2.422987,0.0000,0.405600,0
2609,58.67,2,2.407043,0.2000,0.403900,0
2610,58.67,2,2.338624,0.2000,0.397800,0
2611,57.64,2,2.333839,0.4000,0.391700,0
2612,57.06,2,2.332978,0.2000,0.399500,0
2613,56.87,2,2.312348,0.2000,0.397900,0
2614,56.68,2,2.232590,0.2000,0.404800,0
2615,56.68,2,2.313766,0.4000,0.406800,0
2616,55.84,2,2.285024,0.2000,0.399200,0
2617,55.58,2,2.254344,0.2000,0.399400,0
2618,54.81,2,2.242020,0.4000,0.395300,0
2619,54.62,2,2.187553,0.0000,0.398700,0
2620,54.36,2,2.199388,0.2000,0.391300,0
2621,54.10,2,2.134094,0.4000,0.389700,0
2622,53.91,2,2.108534,0.2000,0.390300,0
2623,53.40,2,2.113494,0.6000,0.406300,0
2624,52.62,2,2.104388,0.2000,0.392200,0
2625,52.62,2,2.117048,0.4000,0.400600,0
2626,51.85,2,2.139680,0.0000,0.398500,0
2627,51.72,2,2.109501,0.2000,0.391100,0
2628,51.15,2,2.144914,0.2000,0.392300,0
2629,50.89,2,2.203890,0.2000,0.405200,0
2630,50.76,2,2.269521,0.2000,0.398000,0
2631,49.86,2,2.376641,0.6000,0.395000,0
2632,49.73,2,2.499783,0.6000,0.396900,0
2633,49.73,2,2.484504,0.2000,0.396100,0
2634,48.90,2,2.585184,0.4000,0.401300,0
2635,48.77,2,2.665255,0.4000,0.397800,0
2636,48.45,2,2.717709,0.4000,0.395200,0
2637,48.45,2,2.693040,0.2000,0.399200,0
2638,47.81,14,2.752705,0.6000,0.599300,0
2639,47.48,2,2.684245,0.4000,0.388400,0
2640,46.91,2,2.720216,0.4000,0.391700,0
2641,46.78,2,2.719802,0.4000,0.397700,0
2642,46.78,2,2.699757,0.6000,0.402700,0
2643,45.94,14,2.731918,1.0000,0.600400,0
2644,45.94,2,2.690542,0.6000,0.386500,0
2645,44.85,14,2.832489,0.6000,0.598100,0
2646,43.89,14,2.931226,0.2000,0.602900,0
2647,43.12,14,3.069150,0.6000,0.598000,0
2648,42.99,14,3.158751,0.6000,0.593500,0
2649,39.60,14,3.697850,0.8000,0.602400,0
2650,39.02,14,3.988007,0.8000,0.604400,0
2651,38.64,6,4.266244,0.6000,0.774800,0
2652,38.64,6,4.510289,0.6000,0.782400,0
2653,38.32,6,4.757002,1.0000,0.774300,0
2654,38.06,6,4.941735,0.8000,0.777000,0
2655,38.06,6,5.124641,1.0000,0.770900,0
2656,37.17,6,5.623188,0.6000,0.776000,0
2657,37.17,6,5.344276,1.0000,0.777100,0
2658,37.10,6,5.914561,0.8000,0.774400,0
2659,37.10,6,5.685436,0.4000,0.780800,0
2660,36.21,15,6.015103,0.8000,0.860100,0
2661,35.82,15,6.009911,1.0000,0.852500,0
2662,35.69,15,5.979486,0.6000,0.849700,0
2663,35.69,15,5.969997,0.8000,0.863200,0
2664,35.12,6,5.776636,1.0000,0.774400,0
2665,34.80,6,5.348597,1.0000,0.779200,0
2666,34.80,6,5.532236,1.0000,0.775500,0
2667,34.16,6,5.085421,0.6000,0.781100,0
2668,33.90,6,4.691147,0.8000,0.771100,0
2669,33.90,6,4.420161,0.8000,0.765500,0
2670,33.26,14,4.131138,0.8000,0.596300,0
2671,33.14,14,3.788525,0.6000,0.597700,0
2672,33.01,14,3.272158,0.6000,0.599200,0
2673,33.01,14,3.498875,0.6000,0.600900,0
2674,32.18,14,2.991156,0.8000,0.601400,0
2675,31.73,2,2.521887,0.4000,0.396200,0
2676,31.73,2,2.172674,0.0000,0.401900,0
2677,31.15,2,1.804171,0.2000,0.400700,0
2678,30.77,2,1.721986,0.0000,0.405000,0
2679,30.45,2,1.704233,0.0000,0.401300,0
2680,30.26,2,1.668899,0.4000,0.404800,0
2681,30.20,2,1.635523,0.2000,0.407500,0
2682,29.49,2,1.645766,0.0000,0.392600,0
2683,29.17,2,1.662262,0.2000,0.396800,0
2684,28.54,2,1.675447,0.2000,0.397900,0
2685,28.28,2,1.797002,0.2000,0.398800,0
2686,27.51,2,1.826345,0.0000,0.404800,0
2687,27.13,2,1.866741,0.2000,0.407200,0
2688,26.56,2,1.916243,0.4000,0.383500,0
2689,26.17,2,2.047285,0.4000,0.400200,0
2690,25.85,2,2.109792,0.0000,0.399500,0
2691,25.41,2,2.115498,0.0000,0.403700,0
2692,25.15,2,2.117107,0.4000,0.391300,0
2693,24.58,2,2.192936,0.0000,0.405500,0
2694,24.19,2,2.296373,0.2000,0.393200,0
2695,23.87,2,2.393038,0.4000,0.403700,0
2696,23.43,2,2.566610,0.6000,0.405000,0
2697,23.24,2,2.664088,0.4000,0.400900,0
2698,23.17,14,2.727908,0.2000,0.603400,0
2699,23.11,14,2.786617,0.4000,0.609400,0
2700,22.60,14,2.859831,0.4000,0.605700,0
2701,22.60,14,2.841885,1.0000,0.608200,0
2702,22.22,14,2.879402,0.6000,0.595200,0
2703,21.45,14,3.030817,0.6000,0.600200,0
2704,21.39,14,3.095444,0.2000,0.607500,0
2705,20.43,14,3.278131,0.6000,0.604700,0
2706,20.24,14,3.449749,0.6000,0.601000,0
2707,19.47,14,3.695315,0.6000,0.600800,0
2708,19.28,14,3.850849,0.6000,0.601500,0
2709,18.52,14,4.081026,1.0000,0.597100,0
2710,18.26,6,4.229002,0.6000,0.773100,0
2711,17.69,6,4.478332,0.6000,0.775500,0
2712,17.69,6,4.609500,0.8000,0.773100,0
2713,17.31,6,4.814262,0.6000,0.773300,0
2714,16.67,6,5.065374,0.8000,0.776700,0
2715,16.42,6,5.277086,0.8000,0.775400,0
2716,16.29,6,5.658378,0.8000,0.775300,0
2717,16.29,6,5.454844,1.0000,0.771000,0
2718,15.72,6,6.083386,1.0000,0.779300,0
2719,15.72,6,5.821590,0.8000,0.771300,0
2720,15.02,15,6.182966,1.0000,0.852200,0
2721,14.70,15,6.335312,0.8000,0.858000,0
2722,14.70,15,6.255120,0.8000,0.861400,0
2723,13.75,15,6.683904,0.8000,0.864000,0
2724,13.75,15,6.538068,0.8000,0.854900,0
2725,13.37,15,6.785096,1.0000,0.855100,0
2726,13.37,15,6.806689,1.0000,0.858100,0
2727,12.80,15,6.901010,1.0000,0.858200,0
2728,12.55,15,6.942211,1.0000,0.861200,0
2729,12.48,15,6.946736,0.8000,0.852000,0
2730,12.36,15,6.866729,0.6000,0.856200,0
2731,12.36,15,6.904402,1.0000,0.857600,0
2732,11.79,15,7.002164,0.8000,0.854800,0
2733,11.53,15,7.002046,0.8000,0.863400,0
2734,11.41,15,7.209578,1.0000,0.862100,0
2735,11.09,15,7.173970,1.0000,0.854200,0
2736,11.09,15,7.167954,1.0000,0.854400,0
2737,10.77,15,7.244971,1.0000,0.860600,0
2738,10.46,15,7.348329,1.0000,0.854700,0
2739,10.46,15,8.339330,1.0000,0.859200,0
2740,9.82,15,7.750956,0.8000,0.861200,0
2741,9.63,15,7.712963,1.0000,0.858300,0
2742,9.44,15,7.782704,1.0000,0.861500,0
2743,9.32,15,7.826640,0.8000,0.864100,0
2744,8.62,15,8.208369,1.0000,0.858800,0
2745,8.62,15,8.135979,1.0000,0.858800,0
2746,7.68,1,8.404649,0.8000,0.897900,0
2747,7.49,1,8.571024,1.0000,0.901000,0
2748,7.43,1,8.627856,1.0000,0.895600,0
2749,6.54,1,9.265807,1.0000,0.899800,0
2750,5.47,1,10.191480,0.8000,0.905900,0
2751,5.22,1,10.698482,0.8000,0.895700,0
2752,4.85,10,11.844653,1.0000,0.899300,0
2753,4.47,10,12.448774,1.0000,0.897800,0
2754,4.34,10,13.256694,0.8000,0.903100,0
2755,3.41,4,14.832501,1.0000,0.875500,0
2756,3.22,4,15.909477,0.8000,0.873200,0
2757,3.08,4,16.836681,1.0000,0.877900,0
2758,2.96,4,17.475650,0.8000,0.874700,0
2759,2.78,7,18.319311,1.0000,0.841600,0
2760,2.59,7,18.961592,1.0000,0.843600,0
2761,2.47,7,19.587966,1.0000,0.841100,0
2762,2.39,7,20.213612,1.0000,0.846100,0
2763,2.16,7,20.679441,1.0000,0.847900,0
2764,2.09,7,20.976414,1.0000,0.837100,0
2765,1.91,7,21.052640,1.0000,0.846400,0
2766,1.84,7,21.148176,1.0000,0.845700,0
2767,1.47,7,21.426714,1.0000,0.839800,0
2768,1.47,7,21.050795,1.0000,0.838700,0
2769,0.90,7,22.057137,1.0000,0.841100,0
2770,0.45,7,22.827166,1.0000,0.845400,0
2771,0.10,18,27.605063,1.0000,0.896100,0
