t,days_to_reentry,M2_cell,H_t,p_t,P_forward,artifact_flag
0,1196.12,14,3.448148,0.8000,0.601300,0
1,1195.52,14,4.067772,0.2000,0.598200,0
2,1195.12,14,3.773466,0.2000,0.607100,0
3,1194.26,14,3.955038,0.4000,0.603800,0
4,1193.46,14,3.735396,0.6000,0.600400,0
5,1192.60,14,3.925985,1.0000,0.597200,0
6,1192.27,14,3.731882,1.0000,0.598900,0
7,1191.54,14,4.049905,0.4000,0.602900,0
8,1191.27,14,3.931367,0.8000,0.598100,0
9,1190.61,14,3.869618,0.6000,0.607700,0
10,1189.61,14,3.740058,0.6000,0.611400,0
11,1189.55,14,3.375317,0.8000,0.603200,0
12,1188.42,14,2.915993,0.4000,0.602200,0
13,1187.56,11,2.462878,0.2000,0.224400,0
14,1186.83,11,1.077927,0.0000,0.226100,0
15,1186.56,3,0.805501,0.0000,0.028700,0
16,1185.56,17,0.032558,0.0000,0.047200,0
17,1184.50,17,0.003076,0.0000,0.043000,0
18,1183.51,3,0.188784,0.0000,0.028500,0
19,1182.51,3,0.179659,0.0000,0.029000,0
20,1181.45,3,0.176555,0.0000,0.026500,0
21,1180.85,3,0.180111,0.0000,0.027900,0
22,1180.45,3,0.181337,0.0000,0.025700,0
23,1179.59,3,0.184120,0.0000,0.026100,0
24,1178.46,3,0.185544,0.0000,0.025100,0
25,1177.53,3,0.187001,0.0000,0.026700,0
26,1176.54,3,0.189409,0.0000,0.029400,0
27,1175.61,3,0.190321,0.0000,0.032100,0
28,1175.54,3,0.201104,0.0000,0.028300,0
29,1174.54,3,0.210637,0.0000,0.027100,0
30,1173.55,3,0.209407,0.0000,0.030300,0
31,1172.55,3,0.219578,0.0000,0.025700,0
32,1171.89,3,0.239919,0.0000,0.029300,0
33,1171.62,3,0.251055,0.0000,0.030400,0
34,1171.09,3,0.259348,0.0000,0.025500,0
35,1170.63,3,0.261625,0.0000,0.027900,0
36,1169.83,3,0.260349,0.0000,0.026900,0
37,1169.63,3,0.267605,0.0000,0.028000,0
38,1167.64,3,0.270089,0.0000,0.025800,0
39,1166.78,3,0.280564,0.0000,0.025600,0
40,1166.18,3,0.286389,0.0000,0.025400,0
41,1165.78,3,0.288894,0.0000,0.029200,0
42,1164.92,3,0.275517,0.0000,0.026000,0
43,1164.06,3,0.242638,0.0000,0.027700,0
44,1163.92,3,0.189966,0.0000,0.026600,0
45,1163.19,3,0.114816,0.0000,0.026500,0
46,1162.86,17,0.019538,0.0000,0.043000,0
47,1162.20,17,0.128749,0.0000,0.040900,0
48,1161.80,9,0.243399,0.0000,0.094500,0
49,1160.87,9,0.393755,0.0000,0.095400,0
50,1159.08,5,0.566835,0.0000,0.155400,0
51,1158.15,5,0.729135,0.0000,0.155400,0
52,1158.08,5,0.890530,0.0000,0.150800,0
53,1157.35,11,0.967635,0.0000,0.235100,0
54,1156.82,11,0.961829,0.0000,0.225000,0
55,1156.09,5,0.904554,0.0000,0.160000,0
56,1155.16,5,0.851327,0.0000,0.159900,0
57,1155.09,5,0.782058,0.0000,0.158100,0
58,1154.10,5,0.687255,0.0000,0.157500,0
59,1153.90,5,0.606732,0.0000,0.154800,0
60,1153.10,5,0.505894,0.0000,0.156100,0
61,1152.17,9,0.434046,0.0000,0.094800,0
62,1151.24,9,0.363826,0.0000,0.099700,0
63,1150.98,9,0.325126,0.0000,0.093300,0
64,1150.11,9,0.274708,0.0000,0.096000,0
65,1149.78,9,0.226211,0.0000,0.092300,0
66,1149.12,9,0.194377,0.0000,0.095900,0
67,1148.19,17,0.155657,0.0000,0.044200,0
68,1147.06,17,0.122245,0.0000,0.045900,0
69,1146.99,17,0.089142,0.0000,0.043700,0
70,1146.13,17,0.069515,0.0000,0.042200,0
71,1145.27,17,0.051933,0.0000,0.048900,0
72,1145.14,17,0.010636,0.0000,0.041800,0
73,1144.27,17,0.009268,0.0000,0.045700,0
74,1144.01,17,0.038166,0.0000,0.047600,0
75,1143.14,3,0.060965,0.0000,0.031200,0
76,1142.55,3,0.086691,0.0000,0.027100,0
77,1142.15,3,0.107667,0.0000,0.027900,0
78,1141.15,3,0.150423,0.0000,0.025700,0
79,1141.09,3,0.184416,0.0000,0.027400,0
80,1140.09,3,0.175992,0.0000,0.028800,0
81,1139.56,3,0.149998,0.0000,0.027300,0
82,1139.23,3,0.108602,0.0000,0.026500,0
83,1139.09,3,0.057609,0.0000,0.030700,0
84,1138.16,17,0.043754,0.0000,0.042400,0
85,1137.17,17,0.024862,0.0000,0.045800,0
86,1136.24,17,0.010148,0.0000,0.046900,0
87,1136.11,17,0.003120,0.0000,0.043800,0
88,1135.18,17,0.040319,0.0000,0.044800,0
89,1134.18,17,0.046647,0.0000,0.044200,0
90,1133.25,17,0.028190,0.0000,0.046300,0
91,1132.26,17,0.043928,0.0000,0.043300,0
92,1131.26,17,0.049695,0.0000,0.044900,0
93,1131.19,17,0.047227,0.0000,0.047200,0
94,1130.20,17,0.046944,0.0000,0.037200,0
95,1130.20,17,0.061477,0.0000,0.046200,0
96,1129.27,17,0.078688,0.0000,0.043400,0
97,1128.34,17,0.101540,0.0000,0.044400,0
98,1127.54,17,0.110482,0.0000,0.044800,0
99,1126.21,17,0.064005,0.0000,0.045400,0
100,1125.29,17,0.007492,0.0000,0.044700,0
101,1124.82,3,0.070054,0.0000,0.031800,0
102,1124.29,3,0.121321,0.0000,0.028800,0
103,1123.56,3,0.162480,0.0000,0.026800,0
104,1123.36,3,0.195826,0.0000,0.027700,0
105,1122.36,3,0.212214,0.0000,0.025800,0
106,1121.37,3,0.208457,0.0000,0.027600,0
107,1120.57,3,0.198999,0.0000,0.028700,0
108,1120.37,3,0.185233,0.0000,0.031000,0
109,1119.38,3,0.164290,0.0000,0.026400,0
110,1118.38,3,0.142347,0.0000,0.028000,0
111,1117.52,3,0.163450,0.0000,0.029700,0
112,1117.39,3,0.177124,0.0000,0.032400,0
113,1116.46,3,0.182444,0.0000,0.029700,0
114,1115.66,3,0.182849,0.0000,0.026300,0
115,1115.46,3,0.184341,0.0000,0.028400,0
116,1114.53,3,0.179081,0.0000,0.029800,0
117,1114.13,3,0.178156,0.0000,0.027300,0
118,1113.47,3,0.160618,0.0000,0.027500,0
119,1112.34,3,0.155041,0.0000,0.030600,0
120,1111.21,3,0.151566,0.0000,0.026200,0
121,1111.15,3,0.144240,0.0000,0.028800,0
122,1110.55,3,0.142892,0.0000,0.027200,0
123,1109.88,3,0.138609,0.0000,0.029600,0
124,1109.62,3,0.155954,0.0000,0.031400,0
125,1109.55,3,0.166608,0.0000,0.030100,0
126,1108.56,3,0.188658,0.0000,0.030200,0
127,1107.10,3,0.203511,0.0000,0.027800,0
128,1106.83,3,0.221969,0.0000,0.029700,0
129,1106.56,3,0.231591,0.0000,0.029100,0
130,1105.57,3,0.238705,0.0000,0.028500,0
131,1105.10,3,0.245408,0.0000,0.027500,0
132,1104.11,3,0.253475,0.0000,0.026700,0
133,1103.84,3,0.261018,0.0000,0.027300,0
134,1103.78,3,0.271158,0.0000,0.031200,0
135,1102.71,3,0.278154,0.0000,0.026500,0
136,1101.65,3,0.280620,0.0000,0.029300,0
137,1101.12,3,0.262699,0.0000,0.025100,0
138,1100.66,3,0.229553,0.0000,0.024800,0
139,1099.86,3,0.194210,0.0000,0.026500,0
140,1099.66,3,0.151362,0.0000,0.029300,0
141,1098.66,3,0.157898,0.0000,0.026800,0
142,1097.07,3,0.153472,0.0000,0.030100,0
143,1096.94,3,0.145675,0.0000,0.028500,0
144,1096.14,3,0.084254,0.0000,0.030000,0
145,1095.88,17,0.010182,0.0000,0.047400,0
146,1095.15,17,0.033189,0.0000,0.046300,0
147,1094.81,17,0.055166,0.0000,0.041500,0
148,1094.08,3,0.091442,0.0000,0.026500,0
149,1093.75,3,0.128078,0.0000,0.032000,0
150,1093.09,3,0.134552,0.0000,0.026800,0
151,1092.29,3,0.132906,0.0000,0.024800,0
152,1092.09,3,0.121631,0.0000,0.029700,0
153,1091.16,3,0.102204,0.0000,0.028700,0
154,1091.10,3,0.080723,0.0000,0.027400,0
155,1090.30,3,0.056876,0.0000,0.027100,0
156,1089.90,3,0.056328,0.0000,0.028400,0
157,1089.10,17,0.046738,0.0000,0.043600,0
158,1088.84,17,0.033181,0.0000,0.045400,0
159,1088.11,17,0.015006,0.0000,0.045200,0
160,1087.25,17,0.004521,0.0000,0.045100,0
161,1087.18,17,0.021999,0.0000,0.043600,0
162,1086.18,17,0.032727,0.0000,0.044700,0
163,1086.12,17,0.044675,0.0000,0.045500,0
164,1085.19,17,0.018040,0.0000,0.044600,0
165,1085.12,17,0.003495,0.0000,0.043500,0
166,1084.13,17,0.006570,0.0000,0.047000,0
167,1083.93,17,0.008090,0.0000,0.044800,0
168,1083.40,17,0.007522,0.0000,0.044100,0
169,1082.40,17,0.003463,0.0000,0.047300,0
170,1081.40,17,0.005056,0.0000,0.042400,0
171,1081.07,17,0.017842,0.0000,0.049400,0
172,1080.47,17,0.027243,0.0000,0.047000,0
173,1079.08,17,0.037560,0.0000,0.047100,0
174,1078.08,17,0.042437,0.0000,0.044500,0
175,1077.49,17,0.043471,0.0000,0.044200,0
176,1077.09,17,0.041760,0.0000,0.047000,0
177,1076.23,17,0.048827,0.0000,0.047500,0
178,1076.16,3,0.060693,0.0000,0.027300,0
179,1075.16,3,0.091338,0.0000,0.027700,0
180,1075.10,3,0.118557,0.0000,0.029100,0
181,1074.17,3,0.134157,0.0000,0.025500,0
182,1073.57,3,0.148248,0.0000,0.027100,0
183,1073.17,3,0.158869,0.0000,0.030300,0
184,1072.51,3,0.168954,0.0000,0.026300,0
185,1071.25,3,0.188826,0.0000,0.028200,0
186,1071.18,3,0.191503,0.0000,0.027600,0
187,1070.18,3,0.195231,0.0000,0.027600,0
188,1069.19,3,0.187838,0.0000,0.028300,0
189,1068.26,3,0.163994,0.0000,0.027400,0
190,1067.53,3,0.114651,0.0000,0.030500,0
191,1067.40,17,0.052754,0.0000,0.044900,0
192,1067.06,17,0.020251,0.0000,0.045500,0
193,1066.20,17,0.018524,0.0000,0.043000,0
194,1065.47,3,0.066783,0.0000,0.028600,0
195,1064.41,3,0.096384,0.0000,0.027800,0
196,1064.21,9,0.455294,0.0000,0.093800,0
197,1062.49,11,2.147497,0.0000,0.226000,0
198,1062.08,11,1.630814,0.4000,0.231300,0
199,1061.75,2,1.863909,0.4000,0.408500,0
200,1061.42,2,2.055223,0.4000,0.403700,0
201,1061.08,2,2.275308,0.0000,0.394100,0
202,1060.75,2,2.470787,0.4000,0.390300,0
203,1060.42,2,2.667144,0.4000,0.398800,0
204,1060.08,14,2.896682,0.6000,0.613000,0
205,1059.75,14,3.118121,0.6000,0.606500,0
206,1059.50,14,3.303737,0.8000,0.598200,0
207,1059.17,14,3.556070,0.4000,0.600400,0
208,1059.08,14,3.748416,0.6000,0.603500,0
209,1058.75,14,3.984183,0.6000,0.587000,0
210,1058.42,6,4.184772,0.2000,0.772100,0
211,1058.08,6,4.410208,1.0000,0.771700,0
212,1057.75,6,4.489921,0.8000,0.774100,0
213,1057.42,6,4.566799,0.6000,0.778500,0
214,1057.17,6,4.561406,0.6000,0.768400,0
215,1056.75,6,4.537747,0.4000,0.764500,0
216,1056.42,6,4.478913,0.6000,0.779600,0
217,1056.08,6,4.386368,0.8000,0.776600,0
218,1055.75,6,4.260091,1.0000,0.774400,0
219,1055.34,14,4.096946,0.6000,0.598300,0
220,1054.08,14,3.902258,0.6000,0.595500,0
221,1053.08,14,3.675385,1.0000,0.599100,0
222,1052.50,14,3.411863,0.4000,0.611400,0
223,1052.08,14,3.104322,0.8000,0.603400,0
224,1051.75,2,2.741137,0.8000,0.390000,0
225,1051.17,2,2.331183,0.0000,0.404000,0
226,1050.75,2,2.149844,0.2000,0.396100,0
227,1050.08,2,1.917748,0.0000,0.411600,0
228,1049.75,2,1.736453,0.0000,0.402900,0
229,1049.08,11,1.495990,0.0000,0.225700,0
230,1048.75,11,1.248750,0.2000,0.238300,0
231,1048.13,11,1.093662,0.0000,0.220200,0
232,1048.08,5,0.925029,0.0000,0.161600,0
233,1047.75,5,0.734114,0.0000,0.160800,0
234,1047.17,5,0.644888,0.0000,0.160900,0
235,1046.75,5,0.560887,0.0000,0.162700,0
236,1046.08,9,0.389101,0.0000,0.094000,0
237,1045.75,9,0.283020,0.0000,0.091200,0
238,1045.17,9,0.279875,0.0000,0.097100,0
239,1045.08,9,0.284310,0.0000,0.094300,0
240,1044.75,17,0.154280,0.0000,0.046300,0
241,1044.08,17,0.023974,0.0000,0.046200,0
242,1043.75,3,0.068245,0.0000,0.029300,0
243,1043.08,17,0.033998,0.0000,0.043900,0
244,1042.75,17,0.009228,0.0000,0.045200,0
245,1042.08,17,0.050575,0.0000,0.043900,0
246,1041.83,17,0.073211,0.0000,0.044100,0
247,1041.25,17,0.119371,0.0000,0.043100,0
248,1040.08,17,0.145630,0.0000,0.047400,0
249,1039.83,17,0.171700,0.0000,0.043700,0
250,1039.08,9,0.174107,0.0000,0.095100,0
251,1038.75,17,0.148243,0.0000,0.044800,0
252,1038.08,17,0.116120,0.0000,0.043400,0
253,1037.75,17,0.067459,0.0000,0.048300,0
254,1037.08,17,0.044554,0.0000,0.046400,0
255,1036.75,17,0.030046,0.0000,0.046300,0
256,1036.08,17,0.010768,0.0000,0.047800,0
257,1035.75,17,0.016053,0.0000,0.044200,0
258,1035.08,17,0.026223,0.0000,0.044500,0
259,1034.75,17,0.046399,0.0000,0.044300,0
260,1034.42,17,0.050150,0.0000,0.046900,0
261,1034.33,17,0.039499,0.0000,0.044900,0
262,1033.75,17,0.035951,0.0000,0.042700,0
263,1033.08,17,0.025106,0.0000,0.045100,0
264,1032.92,17,0.017287,0.0000,0.045900,0
265,1032.08,17,0.019174,0.0000,0.047300,0
266,1031.58,17,0.013178,0.0000,0.047800,0
267,1031.25,17,0.073249,0.0000,0.046000,0
268,1031.08,17,0.051944,0.0000,0.045800,0
269,1030.75,17,0.008569,0.0000,0.044700,0
270,1030.09,17,0.072788,0.0000,0.045500,0
271,1030.08,17,0.071709,0.0000,0.044400,0
272,1029.17,17,0.120371,0.0000,0.045600,0
273,1029.10,9,0.194267,0.0000,0.090700,0
274,1028.75,9,0.211124,0.0000,0.095000,0
275,1028.08,9,0.210562,0.0000,0.094700,0
276,1027.42,9,0.269964,0.0000,0.093200,0
277,1027.08,9,0.268753,0.0000,0.094200,0
278,1026.42,9,0.298259,0.0000,0.091700,0
279,1026.08,9,0.294310,0.0000,0.093300,0
280,1025.42,9,0.295350,0.0000,0.092500,0
281,1025.08,9,0.268084,0.0000,0.090400,0
282,1024.58,9,0.254143,0.0000,0.091500,0
283,1024.25,9,0.251605,0.2000,0.098000,0
284,1024.08,9,0.214592,0.0000,0.092100,0
285,1023.42,9,0.219180,0.0000,0.096100,0
286,1023.08,17,0.173363,0.0000,0.045700,0
287,1022.58,17,0.165705,0.0000,0.046700,0
288,1020.75,17,0.124726,0.0000,0.046200,0
289,1020.42,17,0.102995,0.0000,0.047300,0
290,1020.08,17,0.079176,0.0000,0.044600,0
291,1019.42,17,0.060064,0.0000,0.044800,0
292,1019.08,17,0.054840,0.0000,0.046600,0
293,1018.08,17,0.059744,0.0000,0.046600,0
294,1017.75,17,0.057267,0.0000,0.047000,0
295,1017.67,17,0.065267,0.0000,0.048300,0
296,1017.42,17,0.054135,0.0000,0.043300,0
297,1016.75,17,0.043829,0.0000,0.046200,0
298,1016.42,17,0.049928,0.0000,0.042600,0
299,1016.08,17,0.059949,0.0000,0.047000,0
300,1015.75,17,0.081035,0.0000,0.044900,0
301,1015.42,17,0.092324,0.0000,0.043400,0
302,1015.08,17,0.098625,0.0000,0.046400,0
303,1014.42,17,0.095060,0.0000,0.045900,0
304,1014.08,17,0.086419,0.0000,0.043300,0
305,1013.42,17,0.060770,0.0000,0.041000,0
306,1013.08,17,0.044374,0.0000,0.044300,0
307,1012.75,17,0.012510,0.0000,0.045900,0
308,1012.42,17,0.049877,0.0000,0.046200,0
309,1012.11,3,0.083282,0.0000,0.027400,0
310,1011.45,3,0.135752,0.0000,0.027700,0
311,1011.42,3,0.152889,0.0000,0.027800,0
312,1010.75,3,0.185480,0.0000,0.027800,0
313,1010.42,3,0.220527,0.0000,0.029400,0
314,1010.25,3,0.234467,0.0000,0.028400,0
315,1009.75,3,0.271113,0.0000,0.027700,0
316,1009.42,3,0.280763,0.0000,0.028900,0
317,1009.08,3,0.296731,0.0000,0.026500,0
318,1008.42,3,0.294185,0.0000,0.026000,0
319,1008.08,3,0.296769,0.0000,0.027100,0
320,1007.75,3,0.301525,0.0000,0.026100,0
321,1007.42,3,0.303864,0.0000,0.028500,0
322,1007.08,3,0.292795,0.0000,0.026600,0
323,1006.75,3,0.299955,0.0000,0.026100,0
324,1006.42,3,0.300011,0.0000,0.026400,0
325,1006.08,3,0.306230,0.0000,0.027700,0
326,1005.75,3,0.271751,0.0000,0.028100,0
327,1005.42,3,0.260141,0.0000,0.026500,0
328,1005.08,3,0.262419,0.0000,0.027400,0
329,1004.75,3,0.225557,0.0000,0.027200,0
330,1004.42,3,0.214428,0.0000,0.029200,0
331,1004.08,3,0.198732,0.0000,0.029400,0
332,1003.75,3,0.150654,0.0000,0.030700,0
333,1003.50,3,0.127466,0.0000,0.027200,0
334,1003.42,3,0.093184,0.0000,0.026800,0
335,1003.08,17,0.049583,0.0000,0.045000,0
336,1002.75,17,0.021508,0.0000,0.042400,0
337,1002.42,17,0.035589,0.0000,0.045500,0
338,1001.42,17,0.090259,0.0000,0.046600,0
339,1000.75,17,0.138881,0.0000,0.045100,0
340,1000.58,17,0.172274,0.0000,0.043600,0
341,1000.08,9,0.221611,0.0000,0.095100,0
342,999.75,9,0.236947,0.0000,0.097100,0
343,999.42,9,0.262991,0.0000,0.093700,0
344,999.08,9,0.297226,0.0000,0.099100,0
345,998.75,9,0.303001,0.0000,0.097400,0
346,998.42,9,0.314553,0.0000,0.098700,0
347,998.08,9,0.323674,0.0000,0.091600,0
348,997.75,9,0.324818,0.0000,0.091500,0
349,997.42,9,0.322080,0.0000,0.096700,0
350,997.08,9,0.324029,0.0000,0.096500,0
351,996.75,9,0.327534,0.0000,0.095900,0
352,996.50,9,0.318393,0.0000,0.096200,0
353,995.58,9,0.301810,0.0000,0.098500,0
354,995.42,9,0.298829,0.0000,0.097300,0
355,995.08,9,0.291024,0.0000,0.094700,0
356,995.00,9,0.270933,0.0000,0.092200,0
357,994.75,9,0.266845,0.2000,0.092100,0
358,994.42,9,0.261746,0.0000,0.093000,0
359,993.42,9,0.227242,0.0000,0.091000,0
360,993.08,9,0.227095,0.0000,0.096000,0
361,993.00,9,0.235887,0.0000,0.091100,0
362,992.75,9,0.203766,0.0000,0.094900,0
363,992.75,9,0.199481,0.0000,0.097800,0
364,992.08,9,0.190046,0.0000,0.096000,0
365,991.92,9,0.188851,0.0000,0.098100,0
366,991.75,17,0.172800,0.0000,0.046000,0
367,991.42,17,0.162445,0.0000,0.048100,0
368,990.83,17,0.165256,0.0000,0.043400,0
369,990.75,17,0.166668,0.0000,0.040900,0
370,990.42,17,0.154562,0.0000,0.044600,0
371,990.08,17,0.153305,0.0000,0.044800,0
372,989.92,17,0.138459,0.2000,0.043500,0
373,989.17,17,0.146935,0.0000,0.045700,0
374,989.08,17,0.132695,0.0000,0.045900,0
375,988.75,17,0.137843,0.0000,0.047400,0
376,988.42,17,0.102497,0.0000,0.045500,0
377,988.08,17,0.096230,0.0000,0.047200,0
378,987.75,17,0.078905,0.0000,0.044800,0
379,987.42,17,0.051611,0.0000,0.041500,0
380,987.33,17,0.048212,0.0000,0.044000,0
381,987.17,17,0.056705,0.0000,0.041500,0
382,986.83,17,0.054436,0.0000,0.045100,0
383,986.50,17,0.039688,0.0000,0.044900,0
384,986.33,17,0.051605,0.0000,0.042400,0
385,985.67,17,0.066496,0.0000,0.043400,0
386,985.42,17,0.108730,0.0000,0.043300,0
387,985.08,17,0.158824,0.0000,0.043400,0
388,984.75,17,0.164519,0.0000,0.043200,0
389,984.42,17,0.142296,0.0000,0.044800,0
390,984.08,17,0.158310,0.0000,0.047600,0
391,983.75,17,0.110124,0.0000,0.043300,0
392,983.42,17,0.066431,0.0000,0.048600,0
393,983.08,17,0.056205,0.0000,0.044500,0
394,982.75,17,0.013969,0.0000,0.048400,0
395,982.42,3,0.127614,0.0000,0.026300,0
396,982.08,3,0.076074,0.0000,0.030500,0
397,981.75,3,0.116284,0.0000,0.027500,0
398,981.42,3,0.159836,0.0000,0.025900,0
399,981.08,3,0.151758,0.0000,0.028000,0
400,980.75,3,0.172057,0.0000,0.029400,0
401,980.42,3,0.184136,0.0000,0.031400,0
402,980.08,3,0.190029,0.0000,0.028500,0
403,979.50,3,0.197793,0.0000,0.026400,0
404,979.08,3,0.199580,0.0000,0.029400,0
405,978.42,3,0.194524,0.0000,0.027200,0
406,978.08,3,0.196596,0.0000,0.027300,0
407,977.92,3,0.199173,0.0000,0.030500,0
408,977.58,3,0.192022,0.0000,0.025200,0
409,977.08,3,0.193333,0.0000,0.026000,0
410,976.75,3,0.196519,0.0000,0.028600,0
411,976.42,3,0.179879,0.0000,0.027900,0
412,976.08,3,0.188658,0.0000,0.027800,0
413,975.42,3,0.184274,0.0000,0.026700,0
414,975.17,3,0.150671,0.0000,0.025100,0
415,975.08,3,0.141452,0.0000,0.026500,0
416,974.75,3,0.139427,0.0000,0.027300,0
417,974.42,3,0.142655,0.0000,0.029400,0
418,974.08,3,0.118705,0.0000,0.027900,0
419,973.42,3,0.100874,0.0000,0.025600,0
420,973.08,3,0.069113,0.0000,0.028100,0
421,972.42,17,0.052701,0.0000,0.045100,0
422,972.13,17,0.017732,0.0000,0.048000,0
423,971.80,17,0.026683,0.0000,0.046600,0
424,971.75,17,0.052453,0.0000,0.044800,0
425,971.13,17,0.072822,0.0000,0.050100,0
426,971.08,17,0.008600,0.0000,0.048200,0
427,970.42,17,0.051718,0.0000,0.049600,0
428,970.08,3,0.086212,0.0000,0.026500,0
429,970.01,3,0.086201,0.0000,0.026600,0
430,969.42,3,0.117457,0.0000,0.025400,0
431,969.17,3,0.140325,0.0000,0.029400,0
432,968.75,3,0.172227,0.0000,0.029000,0
433,968.16,3,0.169642,0.0000,0.028300,0
434,968.08,3,0.180083,0.0000,0.028300,0
435,967.75,3,0.190901,0.0000,0.029400,0
436,967.42,3,0.189762,0.0000,0.027600,0
437,967.17,3,0.186399,0.0000,0.026000,0
438,967.08,3,0.181467,0.0000,0.030000,0
439,967.00,3,0.184639,0.0000,0.027700,0
440,966.42,3,0.173725,0.0000,0.030300,0
441,966.08,3,0.164698,0.0000,0.029300,0
442,965.75,3,0.164187,0.0000,0.026900,0
443,965.42,3,0.163391,0.0000,0.024500,0
444,965.08,3,0.147831,0.0000,0.029300,0
445,964.75,3,0.141550,0.0000,0.031200,0
446,964.42,3,0.141830,0.0000,0.027000,0
447,964.08,3,0.141455,0.0000,0.022600,0
448,963.42,3,0.119558,0.0000,0.028000,0
449,963.07,3,0.107020,0.0000,0.030200,0
450,962.42,3,0.097570,0.0000,0.027900,0
451,962.08,3,0.090703,0.0000,0.025100,0
452,961.75,17,0.026387,0.0000,0.046500,0
453,961.17,17,0.113452,0.0000,0.043800,0
454,961.08,17,0.103548,0.0000,0.048200,0
455,960.58,17,0.055449,0.0000,0.047900,0
456,960.42,17,0.084831,0.0000,0.045800,0
457,960.08,17,0.075970,0.0000,0.043100,0
458,959.58,17,0.070823,0.0000,0.044600,0
459,959.50,9,0.182291,0.0000,0.095000,0
460,959.25,9,0.179930,0.0000,0.096400,0
461,958.83,9,0.173107,0.0000,0.099500,0
462,958.08,9,0.194535,0.0000,0.090200,0
463,957.42,9,0.241032,0.0000,0.095000,0
464,957.08,9,0.221271,0.0000,0.096700,0
465,957.06,9,0.223637,0.0000,0.092600,0
466,956.86,9,0.222171,0.0000,0.093600,0
467,956.25,9,0.303413,0.0000,0.093300,0
468,956.08,9,0.282161,0.0000,0.090300,0
469,953.08,9,0.280366,0.0000,0.097300,0
470,952.75,9,0.276242,0.0000,0.094500,0
471,952.08,9,0.279664,0.0000,0.097800,0
472,951.08,9,0.282264,0.0000,0.098700,0
473,950.83,9,0.277179,0.0000,0.095900,0
474,950.08,9,0.280258,0.0000,0.099600,0
475,949.50,9,0.250102,0.0000,0.093100,0
476,949.42,9,0.221437,0.0000,0.095100,0
477,949.08,9,0.212352,0.0000,0.090100,0
478,948.75,17,0.146902,0.0000,0.045000,0
479,948.08,17,0.164065,0.2000,0.045100,0
480,947.17,17,0.136296,0.0000,0.043000,0
481,947.08,17,0.104341,0.0000,0.048200,0
482,946.50,17,0.085432,0.0000,0.045700,0
483,946.33,17,0.064041,0.0000,0.044700,0
484,944.75,17,0.028512,0.0000,0.040500,0
485,944.42,17,0.003853,0.0000,0.049300,0
486,944.33,17,0.049848,0.0000,0.042800,0
487,943.08,3,0.089804,0.0000,0.028200,0
488,942.42,3,0.133106,0.0000,0.028100,0
489,942.38,3,0.167970,0.0000,0.029100,0
490,942.08,3,0.189914,0.0000,0.029000,0
491,941.42,3,0.203976,0.0000,0.029800,0
492,940.75,3,0.196165,0.0000,0.028500,0
493,940.58,3,0.194046,0.0000,0.025400,0
494,940.17,3,0.204870,0.0000,0.025800,0
495,940.08,3,0.245779,0.0000,0.026500,0
496,939.42,3,0.266520,0.0000,0.027800,0
497,939.08,3,0.277185,0.0000,0.027200,0
498,938.75,3,0.280005,0.0000,0.028100,0
499,938.42,3,0.278549,0.0000,0.029400,0
500,938.08,3,0.267332,0.0000,0.028900,0
501,937.83,3,0.285369,0.0000,0.029400,0
502,937.42,3,0.279341,0.0000,0.027700,0
503,937.17,3,0.270336,0.0000,0.027100,0
504,936.83,3,0.278828,0.0000,0.026700,0
505,936.75,3,0.292688,0.0000,0.028600,0
506,936.67,3,0.286389,0.0000,0.025600,0
507,936.08,3,0.278386,0.0000,0.026900,0
508,936.00,3,0.285722,0.0000,0.029000,0
509,935.08,3,0.283949,0.0000,0.028700,0
510,934.75,3,0.287698,0.0000,0.026000,0
511,934.50,3,0.295284,0.0000,0.026700,0
512,933.75,3,0.293030,0.0000,0.027100,0
513,933.58,3,0.298266,0.0000,0.026800,0
514,933.26,3,0.302206,0.0000,0.027300,0
515,933.08,3,0.294796,0.0000,0.027000,0
516,932.42,3,0.287740,0.0000,0.029500,0
517,932.08,3,0.278416,0.0000,0.027300,0
518,931.83,3,0.276933,0.0000,0.027200,0
519,931.42,3,0.269815,0.0000,0.029600,0
520,931.08,3,0.265682,0.0000,0.025800,0
521,930.75,3,0.251498,0.0000,0.029400,0
522,930.25,3,0.275748,0.0000,0.028600,0
523,929.42,3,0.287074,0.0000,0.027600,0
524,929.08,3,0.279644,0.0000,0.026300,0
525,928.42,3,0.267191,0.0000,0.027800,0
526,928.08,3,0.253448,0.0000,0.031400,0
527,927.42,3,0.239492,0.0000,0.027600,0
528,927.08,3,0.247393,0.0000,0.031100,0
529,926.75,3,0.209627,0.0000,0.029300,0
530,926.42,3,0.189645,0.0000,0.026500,0
531,926.08,3,0.218616,0.0000,0.026900,0
532,925.75,3,0.165487,0.0000,0.027800,0
533,925.42,3,0.156613,0.0000,0.024300,0
534,925.08,3,0.190720,0.0000,0.026400,0
535,924.75,3,0.221566,0.0000,0.028700,0
536,924.08,3,0.285431,0.0000,0.029600,0
537,923.75,3,0.275449,0.0000,0.029400,0
538,923.50,3,0.288418,0.0000,0.028200,0
539,923.17,3,0.293459,0.0000,0.025400,0
540,922.75,3,0.318680,0.0000,0.029500,0
541,922.42,3,0.316981,0.0000,0.026500,0
542,922.08,3,0.305090,0.0000,0.029300,0
543,921.75,3,0.284473,0.0000,0.027600,0
544,921.42,3,0.272700,0.0000,0.026300,0
545,921.17,3,0.274165,0.0000,0.028100,0
546,920.75,3,0.268672,0.0000,0.030000,0
547,920.42,3,0.289011,0.0000,0.029500,0
548,920.08,3,0.271065,0.0000,0.029200,0
549,919.83,3,0.241729,0.0000,0.026900,0
550,919.42,3,0.188793,0.0000,0.029600,0
551,919.08,17,0.022153,0.0000,0.047900,0
552,918.75,17,0.067987,0.0000,0.047600,0
553,918.42,17,0.036442,0.0000,0.044900,0
554,918.25,17,0.032102,0.0000,0.044000,0
555,917.75,17,0.035252,0.0000,0.044600,0
556,917.42,17,0.045573,0.0000,0.044000,0
557,917.08,3,0.061836,0.0000,0.025700,0
558,916.75,3,0.073067,0.0000,0.026900,0
559,916.50,17,0.011238,0.0000,0.045700,0
560,916.17,17,0.016863,0.0000,0.046100,0
561,916.08,17,0.010722,0.0000,0.046900,0
562,915.08,17,0.011421,0.0000,0.044500,0
563,914.75,17,0.007533,0.0000,0.047700,0
564,914.08,17,0.001581,0.0000,0.044200,0
565,913.42,17,0.014118,0.0000,0.045300,0
566,913.08,17,0.010847,0.0000,0.044500,0
567,912.83,17,0.017597,0.0000,0.045900,0
568,912.75,17,0.027362,0.0000,0.045500,0
569,912.42,17,0.027279,0.0000,0.048000,0
570,912.08,17,0.033838,0.0000,0.046100,0
571,911.75,17,0.037157,0.0000,0.043100,0
572,911.42,17,0.043596,0.0000,0.044900,0
573,911.08,17,0.055102,0.0000,0.047700,0
574,910.75,17,0.051146,0.0000,0.047500,0
575,910.42,17,0.063516,0.0000,0.043200,0
576,910.08,9,0.195810,0.0000,0.097200,0
577,909.75,9,0.198324,0.0000,0.094800,0
578,909.42,9,0.173297,0.0000,0.093600,0
579,909.17,9,0.246014,0.0000,0.096100,0
580,908.83,9,0.254847,0.0000,0.093600,0
581,908.58,9,0.280436,0.0000,0.094500,0
582,908.08,9,0.196288,0.0000,0.091400,0
583,907.75,9,0.177825,0.0000,0.092100,0
584,907.42,9,0.186651,0.0000,0.087700,0
585,907.33,9,0.221124,0.0000,0.095100,0
586,907.15,9,0.224879,0.0000,0.091300,0
587,906.96,9,0.242166,0.0000,0.091100,0
588,906.82,9,0.254119,0.0000,0.092300,0
589,906.63,9,0.235510,0.0000,0.100300,0
590,906.43,9,0.237030,0.0000,0.092600,0
591,905.96,9,0.260649,0.2000,0.093500,0
592,905.77,9,0.267368,0.0000,0.090600,0
593,905.70,9,0.257161,0.0000,0.091300,0
594,905.63,9,0.239210,0.0000,0.092600,0
595,904.91,9,0.232529,0.0000,0.098200,0
596,904.77,9,0.211204,0.0000,0.099200,0
597,904.64,9,0.212630,0.0000,0.095200,0
598,903.72,9,0.196638,0.0000,0.096200,0
599,902.86,9,0.180937,0.0000,0.098200,0
600,902.73,17,0.172780,0.0000,0.049600,0
601,901.93,9,0.174302,0.0000,0.101900,0
602,901.73,9,0.173220,0.2000,0.097300,0
603,901.21,9,0.180644,0.0000,0.093900,0
604,900.88,9,0.184688,0.0000,0.094500,0
605,900.81,9,0.181808,0.0000,0.087300,0
606,900.74,17,0.161726,0.0000,0.041700,0
607,900.15,9,0.176565,0.0000,0.088700,0
608,899.88,17,0.165902,0.0000,0.044000,0
609,899.55,17,0.085842,0.0000,0.046400,0
610,898.96,17,0.086772,0.0000,0.045500,0
611,898.76,17,0.089087,0.0000,0.043700,0
612,898.10,17,0.098087,0.0000,0.045700,0
613,897.84,17,0.047575,0.0000,0.045700,0
614,897.77,17,0.041437,0.0000,0.046100,0
615,897.08,9,0.259228,0.0000,0.089300,0
616,896.92,17,0.050692,0.0000,0.043600,0
617,896.08,17,0.019924,0.0000,0.047200,0
618,895.42,17,0.003787,0.0000,0.044600,0
619,895.08,17,0.003318,0.0000,0.045700,0
620,894.75,17,0.000528,0.0000,0.043300,0
621,894.42,17,0.005833,0.0000,0.045700,0
622,894.08,17,0.022570,0.0000,0.044700,0
623,893.75,17,0.009518,0.0000,0.047200,0
624,893.08,17,0.043714,0.0000,0.048400,0
625,892.75,17,0.049685,0.0000,0.048200,0
626,892.42,17,0.065214,0.0000,0.045800,0
627,892.08,17,0.082740,0.0000,0.040300,0
628,891.75,17,0.097725,0.0000,0.048500,0
629,891.09,17,0.095061,0.0000,0.047200,0
630,890.90,17,0.040830,0.0000,0.043800,0
631,890.10,17,0.082460,0.0000,0.049900,0
632,889.90,17,0.076363,0.0000,0.044400,0
633,889.31,17,0.090604,0.0000,0.042400,0
634,889.11,17,0.104055,0.0000,0.042100,0
635,888.98,17,0.108161,0.0000,0.046000,0
636,888.32,17,0.098830,0.0000,0.047100,0
637,887.92,17,0.150216,0.0000,0.044700,0
638,887.13,17,0.164472,0.0000,0.044600,0
639,886.73,9,0.178969,0.0000,0.094600,0
640,886.14,9,0.222038,0.0000,0.096700,0
641,885.48,9,0.266696,0.2000,0.097100,0
642,885.28,9,0.278811,0.0000,0.095500,0
643,885.15,9,0.301394,0.2000,0.096900,0
644,884.48,9,0.338190,0.2000,0.096800,0
645,884.15,17,0.097926,0.0000,0.044400,0
646,884.02,17,0.003631,0.0000,0.044100,0
647,883.16,17,0.085545,0.0000,0.043800,0
648,882.37,17,0.125314,0.0000,0.044600,0
649,881.05,9,0.210210,0.0000,0.096700,0
650,880.52,9,0.333225,0.0000,0.100000,0
651,879.26,9,0.444004,0.0000,0.092300,0
652,879.13,9,0.439621,0.0000,0.089700,0
653,879.07,9,0.467530,0.0000,0.096600,0
654,878.27,9,0.421385,0.0000,0.097200,0
655,878.07,9,0.371813,0.0000,0.086200,0
656,877.61,9,0.406465,0.0000,0.095100,0
657,877.35,9,0.381232,0.0000,0.093100,0
658,876.88,9,0.210455,0.2000,0.098200,0
659,876.42,17,0.166367,0.0000,0.046200,0
660,876.16,17,0.153997,0.0000,0.047600,0
661,875.43,17,0.143073,0.0000,0.042100,0
662,875.43,17,0.145504,0.0000,0.043200,0
663,874.17,17,0.134354,0.0000,0.045900,0
664,874.17,17,0.125432,0.0000,0.044400,0
665,873.65,17,0.119122,0.0000,0.045500,0
666,873.18,17,0.082482,0.0000,0.047300,0
667,872.46,17,0.064528,0.0000,0.043200,0
668,872.32,17,0.054210,0.0000,0.044200,0
669,872.19,17,0.049604,0.0000,0.045000,0
670,871.47,17,0.045536,0.0000,0.047000,0
671,871.47,17,0.049464,0.0000,0.046600,0
672,871.27,17,0.044036,0.0000,0.044500,0
673,870.54,17,0.047550,0.0000,0.044000,0
674,870.34,17,0.048447,0.0000,0.045300,0
675,870.21,17,0.048380,0.0000,0.044500,0
676,869.48,17,0.054719,0.0000,0.045200,0
677,869.28,17,0.059840,0.0000,0.045400,0
678,868.62,17,0.070922,0.0000,0.044400,0
679,868.29,17,0.082227,0.0000,0.045000,0
680,868.29,17,0.078010,0.0000,0.043500,0
681,867.50,17,0.088097,0.0000,0.042200,0
682,867.43,17,0.094730,0.0000,0.046400,0
683,867.43,17,0.091652,0.0000,0.044700,0
684,867.30,17,0.100989,0.0000,0.046400,0
685,867.24,17,0.105854,0.0000,0.043500,0
686,866.71,17,0.114472,0.0000,0.045000,0
687,866.71,17,0.119346,0.0000,0.041900,0
688,866.24,17,0.140008,0.0000,0.042900,0
689,866.24,17,0.149283,0.0000,0.045200,0
690,866.24,17,0.158278,0.0000,0.046400,0
691,866.24,17,0.131224,0.0000,0.044700,0
692,865.45,9,0.178399,0.0000,0.089000,0
693,865.45,9,0.173205,0.2000,0.097900,0
694,865.25,9,0.185899,0.0000,0.090800,0
695,865.25,9,0.184235,0.0000,0.090700,0
696,865.25,9,0.182987,0.0000,0.093400,0
697,864.79,9,0.184813,0.0000,0.094400,0
698,864.79,9,0.181705,0.0000,0.092100,0
699,864.39,9,0.181338,0.0000,0.090100,0
700,864.26,9,0.177059,0.0000,0.099500,0
701,864.26,9,0.178904,0.0000,0.097100,0
702,864.26,9,0.176105,0.0000,0.095300,0
703,863.53,9,0.177351,0.0000,0.094300,0
704,863.53,9,0.173380,0.0000,0.091800,0
705,863.53,17,0.170347,0.0000,0.043400,0
706,863.53,17,0.163586,0.0000,0.044600,0
707,862.81,17,0.159820,0.0000,0.046300,0
708,862.61,17,0.149796,0.0000,0.046100,0
709,862.61,17,0.142910,0.0000,0.045900,0
710,862.48,17,0.103665,0.0000,0.046500,0
711,862.48,17,0.117817,0.0000,0.047500,0
712,862.48,17,0.108880,0.0000,0.044300,0
713,862.48,17,0.097005,0.0000,0.044300,0
714,862.48,17,0.126519,0.0000,0.044100,0
715,862.48,17,0.136022,0.0000,0.044300,0
716,861.62,17,0.086215,0.0000,0.043900,0
717,861.42,17,0.056685,0.0000,0.052300,0
718,861.42,17,0.059909,0.0000,0.044600,0
719,861.35,17,0.048207,0.0000,0.044400,0
720,861.35,17,0.040413,0.0000,0.045200,0
721,861.35,17,0.053124,0.0000,0.042000,0
722,860.83,17,0.057047,0.0000,0.039900,0
723,860.76,17,0.073212,0.0000,0.044300,0
724,860.76,17,0.089750,0.0000,0.047900,0
725,860.63,17,0.112109,0.0000,0.046200,0
726,860.43,17,0.141819,0.0000,0.047000,0
727,860.36,17,0.145004,0.0000,0.046300,0
728,860.36,17,0.146088,0.0000,0.046200,0
729,860.36,17,0.154264,0.0000,0.049300,0
730,859.77,17,0.163279,0.0000,0.044800,0
731,859.50,17,0.169929,0.0000,0.043200,0
732,859.37,9,0.176887,0.0000,0.091300,0
733,858.84,9,0.181724,0.0000,0.090600,0
734,858.78,9,0.182235,0.0000,0.096000,0
735,858.38,9,0.184180,0.0000,0.095600,0
736,858.38,9,0.182760,0.0000,0.094300,0
737,858.38,9,0.180276,0.0000,0.095800,0
738,857.79,9,0.181049,0.0000,0.096900,0
739,857.59,9,0.177340,0.0000,0.094800,0
740,857.52,17,0.171649,0.0000,0.045500,0
741,857.45,17,0.167122,0.0000,0.046800,0
742,857.39,17,0.158709,0.0000,0.046000,0
743,857.39,17,0.163021,0.0000,0.044900,0
744,856.73,17,0.158523,0.0000,0.045300,0
745,856.60,17,0.154572,0.0000,0.045600,0
746,856.46,17,0.151122,0.0000,0.045300,0
747,856.40,17,0.146724,0.0000,0.043400,0
748,856.40,17,0.143018,0.0000,0.045500,0
749,855.67,17,0.143219,0.0000,0.043800,0
750,855.41,17,0.127986,0.0000,0.048500,0
751,855.41,17,0.134336,0.0000,0.043000,0
752,855.41,17,0.140747,0.0000,0.046100,0
753,854.94,17,0.126463,0.0000,0.042800,0
754,854.94,17,0.121222,0.0000,0.047700,0
755,854.94,17,0.115820,0.0000,0.045400,0
756,854.94,17,0.112074,0.0000,0.044900,0
757,854.41,17,0.112319,0.0000,0.044200,0
758,854.41,17,0.107380,0.0000,0.047300,0
759,853.75,17,0.106598,0.0000,0.050300,0
760,853.49,17,0.101612,0.0000,0.045900,0
761,853.42,17,0.084068,0.0000,0.040500,0
762,853.42,17,0.093730,0.0000,0.044400,0
763,852.96,17,0.064960,0.0000,0.047400,0
764,852.96,17,0.075634,0.0000,0.044200,0
765,852.76,17,0.055889,0.0000,0.043400,0
766,852.56,17,0.045615,0.0000,0.045700,0
767,852.50,17,0.031150,0.0000,0.045500,0
768,852.50,17,0.018744,0.0000,0.049700,0
769,852.50,17,0.003845,0.0000,0.043600,0
770,852.50,17,0.014208,0.0000,0.045600,0
771,851.77,17,0.035116,0.0000,0.046700,0
772,851.71,3,0.060957,0.0000,0.026500,0
773,851.51,3,0.109927,0.0000,0.027000,0
774,851.51,3,0.115824,0.0000,0.027000,0
775,851.51,3,0.096733,0.0000,0.027300,0
776,850.91,3,0.123662,0.0000,0.029000,0
777,850.52,3,0.128685,0.0000,0.029200,0
778,850.52,3,0.134601,0.0000,0.027300,0
779,850.52,3,0.133668,0.0000,0.027000,0
780,850.52,3,0.132762,0.0000,0.026100,0
781,849.85,3,0.117327,0.0000,0.029700,0
782,849.72,3,0.096112,0.0000,0.030000,0
783,849.59,3,0.077661,0.0000,0.027000,0
784,849.52,17,0.028491,0.0000,0.050200,0
785,849.52,17,0.046738,0.0000,0.045700,0
786,849.52,3,0.061205,0.0000,0.024800,0
787,849.00,17,0.013315,0.0000,0.039700,0
788,848.86,17,0.001040,0.0000,0.047600,0
789,848.80,17,0.003196,0.0000,0.044400,0
790,848.53,17,0.007173,0.0000,0.045800,0
791,848.53,17,0.023387,0.0000,0.045700,0
792,848.53,17,0.050804,0.0000,0.045100,0
793,847.94,17,0.115507,0.0000,0.048100,0
794,847.87,9,0.196852,0.0000,0.097200,0
795,847.81,9,0.374882,0.0000,0.096600,0
796,847.81,9,0.290180,0.0000,0.092600,0
797,847.61,9,0.455451,0.0000,0.097100,0
798,847.54,5,0.533731,0.0000,0.159100,0
799,846.95,5,0.642994,0.0000,0.162200,0
800,846.88,5,0.755993,0.0000,0.159700,0
801,846.68,5,0.836277,0.0000,0.154800,0
802,846.62,5,0.862139,0.0000,0.157900,0
803,846.55,5,0.860933,0.0000,0.160800,0
804,845.89,5,0.882288,0.0000,0.160300,0
805,845.82,5,0.895487,0.0000,0.155300,0
806,845.69,5,0.894954,0.0000,0.155400,0
807,845.69,5,0.889719,0.0000,0.157400,0
808,845.56,5,0.844608,0.0000,0.158900,0
809,844.90,5,0.806124,0.0000,0.160500,0
810,844.57,5,0.754799,0.0000,0.166600,0
811,844.57,5,0.770438,0.0000,0.159000,0
812,843.91,5,0.792594,0.0000,0.157800,0
813,843.64,5,0.707815,0.0000,0.158600,0
814,843.58,5,0.662519,0.0000,0.162500,0
815,843.58,5,0.622209,0.0000,0.156600,0
816,843.58,5,0.570707,0.0000,0.154300,0
817,842.92,5,0.534174,0.0000,0.159700,0
818,842.85,5,0.501331,0.0000,0.156200,0
819,842.85,9,0.458045,0.0000,0.091000,0
820,842.25,9,0.292305,0.0000,0.099300,0
821,842.17,9,0.238277,0.0000,0.096100,0
822,842.08,9,0.191432,0.0000,0.098500,0
823,841.92,9,0.176641,0.0000,0.095400,0
824,841.83,9,0.192526,0.0000,0.094800,0
825,841.75,17,0.163842,0.0000,0.047900,0
826,841.58,17,0.164359,0.0000,0.046700,0
827,841.50,17,0.139369,0.0000,0.046200,0
828,841.33,17,0.090083,0.0000,0.046000,0
829,841.17,17,0.068091,0.0000,0.047300,0
830,841.08,17,0.045933,0.0000,0.046400,0
831,841.00,17,0.029019,0.0000,0.048800,0
832,840.83,17,0.034994,0.0000,0.047600,0
833,840.58,17,0.041814,0.0000,0.044900,0
834,840.50,17,0.045145,0.0000,0.047100,0
835,840.42,17,0.049591,0.0000,0.045600,0
836,840.25,17,0.014359,0.0000,0.040700,0
837,840.08,17,0.003584,0.0000,0.042700,0
838,839.92,17,0.000071,0.0000,0.044400,0
839,839.83,17,0.019315,0.0000,0.045500,0
840,839.67,17,0.054053,0.0000,0.043500,0
841,839.50,3,0.071127,0.0000,0.025600,0
842,839.42,3,0.084815,0.0000,0.029400,0
843,839.17,3,0.089310,0.0000,0.029500,0
844,839.08,3,0.095109,0.0000,0.029700,0
845,838.83,3,0.099488,0.0000,0.026500,0
846,838.67,3,0.114022,0.0000,0.027900,0
847,838.42,3,0.131693,0.0000,0.025500,0
848,838.17,3,0.150324,0.0000,0.028500,0
849,838.08,3,0.168786,0.0000,0.027000,0
850,837.50,3,0.188156,0.0000,0.027200,0
851,837.08,3,0.202603,0.0000,0.029200,0
852,836.75,3,0.208951,0.0000,0.024200,0
853,836.42,3,0.214939,0.0000,0.029700,0
854,836.17,3,0.226384,0.0000,0.029000,0
855,836.17,3,0.220505,0.0000,0.024400,0
856,835.71,3,0.226395,0.0000,0.027200,0
857,834.72,3,0.224569,0.0000,0.029500,0
858,834.13,3,0.202522,0.0000,0.029200,0
859,833.86,3,0.176841,0.0000,0.030800,0
860,833.73,3,0.186912,0.0000,0.026800,0
861,833.14,3,0.198443,0.0000,0.028000,0
862,833.07,3,0.187077,0.0000,0.026800,0
863,833.00,3,0.176594,0.0000,0.028200,0
864,832.01,3,0.168861,0.0000,0.028200,0
865,831.81,3,0.166804,0.0000,0.028600,0
866,830.89,3,0.110432,0.0000,0.028400,0
867,829.90,3,0.120498,0.0000,0.028100,0
868,828.97,3,0.103901,0.0000,0.029500,0
869,828.31,3,0.078876,0.0000,0.028000,0
870,827.91,17,0.040664,0.0000,0.045500,0
871,827.12,17,0.017757,0.0000,0.044900,0
872,826.92,17,0.008798,0.0000,0.046900,0
873,826.33,17,0.003390,0.0000,0.046900,0
874,826.20,17,0.005716,0.0000,0.046500,0
875,825.40,17,0.023804,0.0000,0.046900,0
876,825.07,17,0.043522,0.0000,0.046300,0
877,825.01,17,0.048027,0.0000,0.046600,0
878,825.01,17,0.045585,0.0000,0.040900,0
879,824.41,17,0.062698,0.0000,0.048600,0
880,824.08,17,0.087745,0.0000,0.042800,0
881,824.02,17,0.154793,0.0000,0.044800,0
882,823.42,9,0.200796,0.0000,0.093500,0
883,823.02,9,0.186947,0.0000,0.092100,0
884,822.43,9,0.211449,0.0000,0.090000,0
885,821.75,9,0.259503,0.0000,0.095300,0
886,821.42,9,0.237081,0.0000,0.100200,0
887,821.08,9,0.178898,0.0000,0.093000,0
888,820.42,17,0.164670,0.0000,0.047000,0
889,820.08,17,0.107608,0.0000,0.045300,0
890,819.75,17,0.098262,0.0000,0.047500,0
891,819.08,17,0.052958,0.0000,0.043000,0
892,818.42,17,0.020201,0.0000,0.044100,0
893,818.08,17,0.022469,0.0000,0.046200,0
894,817.42,3,0.063754,0.0000,0.029100,0
895,817.08,3,0.099567,0.0000,0.030300,0
896,816.42,3,0.146939,0.0000,0.027100,0
897,816.08,3,0.173319,0.0000,0.027100,0
898,815.75,3,0.188612,0.0000,0.024500,0
899,815.58,3,0.200741,0.0000,0.029500,0
900,815.08,3,0.216730,0.0000,0.027100,0
901,814.75,3,0.226002,0.0000,0.030800,0
902,814.42,3,0.241293,0.0000,0.028800,0
903,814.08,3,0.242442,0.0000,0.028800,0
904,813.75,3,0.247853,0.0000,0.024400,0
905,813.42,3,0.244624,0.0000,0.027900,0
906,813.08,3,0.237073,0.0000,0.029400,0
907,812.75,3,0.236103,0.0000,0.026700,0
908,812.08,3,0.218922,0.0000,0.027800,0
909,811.75,3,0.204851,0.0000,0.026900,0
910,811.08,3,0.189339,0.0000,0.029400,0
911,810.75,3,0.167197,0.0000,0.029900,0
912,810.42,3,0.118347,0.0000,0.028300,0
913,810.08,3,0.071666,0.0000,0.027000,0
914,809.42,17,0.019979,0.0000,0.043800,0
915,809.08,17,0.041623,0.0000,0.045100,0
916,808.75,17,0.040131,0.0000,0.046800,0
917,808.42,17,0.097495,0.0000,0.041700,0
918,808.08,17,0.118584,0.0000,0.046400,0
919,807.42,9,0.175511,0.0000,0.099800,0
920,807.08,17,0.166987,0.0000,0.046500,0
921,806.42,9,0.200365,0.0000,0.100600,0
922,806.08,9,0.180722,0.0000,0.090800,0
923,805.42,9,0.182464,0.0000,0.095500,0
924,805.08,17,0.153700,0.0000,0.045000,0
925,804.42,17,0.137226,0.0000,0.043400,0
926,804.08,17,0.113202,0.0000,0.045100,0
927,803.42,17,0.089517,0.0000,0.046700,0
928,803.08,17,0.064748,0.0000,0.046100,0
929,802.75,17,0.034772,0.0000,0.045600,0
930,802.08,17,0.015989,0.0000,0.046400,0
931,801.42,17,0.003708,0.0000,0.042700,0
932,801.08,17,0.001163,0.0000,0.048500,0
933,800.75,17,0.019633,0.0000,0.048600,0
934,800.17,17,0.024766,0.0000,0.046700,0
935,800.08,17,0.017762,0.0000,0.048600,0
936,799.42,17,0.036119,0.0000,0.045900,0
937,798.42,3,0.055986,0.0000,0.024800,0
938,798.08,17,0.054059,0.0000,0.044000,0
939,797.42,3,0.071902,0.0000,0.029500,0
940,797.08,3,0.066129,0.0000,0.028500,0
941,796.75,17,0.039715,0.0000,0.044200,0
942,796.42,3,0.078698,0.0000,0.025800,0
943,796.08,3,0.075876,0.0000,0.029300,0
944,795.42,3,0.113184,0.0000,0.028900,0
945,795.08,3,0.118555,0.0000,0.026600,0
946,794.75,3,0.099589,0.0000,0.027900,0
947,794.42,3,0.141631,0.0000,0.026400,0
948,794.15,3,0.149468,0.0000,0.026700,0
949,793.08,3,0.164954,0.0000,0.027200,0
950,792.42,3,0.193599,0.0000,0.028300,0
951,792.17,3,0.195164,0.0000,0.033000,0
952,792.08,3,0.210966,0.0000,0.031400,0
953,791.42,3,0.230309,0.0000,0.028100,0
954,791.08,3,0.239487,0.0000,0.029300,0
955,790.75,3,0.255061,0.0000,0.027500,0
956,790.42,3,0.259706,0.0000,0.030300,0
957,790.08,3,0.275195,0.0000,0.029500,0
958,789.42,3,0.275091,0.0000,0.025500,0
959,789.08,3,0.280099,0.0000,0.031800,0
960,788.42,3,0.281195,0.0000,0.029400,0
961,788.08,3,0.288289,0.0000,0.028700,0
962,787.42,3,0.285085,0.0000,0.028900,0
963,787.08,3,0.283582,0.0000,0.025200,0
964,786.75,3,0.264046,0.0000,0.030200,0
965,786.17,3,0.246737,0.0000,0.028100,0
966,786.08,3,0.219055,0.0000,0.028900,0
967,785.42,3,0.149536,0.0000,0.027600,0
968,785.08,3,0.108562,0.0000,0.026400,0
969,784.42,17,0.005843,0.0000,0.045900,0
970,784.08,17,0.035743,0.0000,0.047500,0
971,783.42,17,0.168492,0.0000,0.042600,0
972,783.08,9,0.227686,0.0000,0.092900,0
973,782.75,9,0.184589,0.0000,0.092800,0
974,782.42,9,0.193378,0.0000,0.094500,0
975,782.08,17,0.157401,0.0000,0.046300,0
976,781.75,17,0.062296,0.0000,0.046300,0
977,781.42,17,0.036087,0.0000,0.045300,0
978,781.08,17,0.013779,0.0000,0.045600,0
979,780.42,17,0.041746,0.0000,0.047100,0
980,780.08,3,0.108842,0.0000,0.026900,0
981,779.75,3,0.157622,0.0000,0.029500,0
982,779.42,3,0.151069,0.0000,0.027000,0
983,779.08,3,0.165897,0.0000,0.027900,0
984,778.42,3,0.153691,0.0000,0.026400,0
985,778.08,3,0.135895,0.0000,0.027100,0
986,777.75,3,0.144387,0.0000,0.025400,0
987,777.42,3,0.128066,0.0000,0.028900,0
988,777.08,3,0.116589,0.0000,0.027400,0
989,776.75,3,0.132367,0.0000,0.027200,0
990,776.42,3,0.119106,0.0000,0.028100,0
991,776.25,3,0.146934,0.0000,0.028200,0
992,775.75,3,0.152666,0.0000,0.026900,0
993,775.42,3,0.153751,0.0000,0.028100,0
994,775.08,3,0.137666,0.0000,0.028800,0
995,774.42,3,0.150716,0.0000,0.028900,0
996,774.08,3,0.161128,0.0000,0.024600,0
997,773.75,3,0.179425,0.0000,0.028500,0
998,773.08,3,0.193791,0.0000,0.027700,0
999,772.75,3,0.205982,0.0000,0.026400,0
1000,772.17,3,0.212794,0.0000,0.030000,0
1001,772.08,3,0.219099,0.0000,0.026800,0
1002,771.42,3,0.226221,0.0000,0.027100,0
1003,771.08,3,0.230069,0.0000,0.027100,0
1004,770.42,3,0.233965,0.0000,0.026900,0
1005,770.08,3,0.235870,0.0000,0.029800,0
1006,769.75,3,0.225640,0.0000,0.028100,0
1007,769.42,3,0.228690,0.0000,0.026800,0
1008,769.08,3,0.234052,0.0000,0.026600,0
1009,768.75,3,0.235184,0.0000,0.029800,0
1010,768.42,3,0.228702,0.0000,0.026900,0
1011,768.08,3,0.236194,0.0000,0.029700,0
1012,767.42,3,0.235968,0.0000,0.029100,0
1013,767.42,3,0.235101,0.0000,0.025300,0
1014,767.08,3,0.240491,0.0000,0.027500,0
1015,766.75,3,0.238973,0.0000,0.026500,0
1016,766.42,3,0.238222,0.0000,0.025700,0
1017,766.08,3,0.235284,0.0000,0.030600,0
1018,765.58,3,0.234091,0.0000,0.028800,0
1019,765.42,3,0.236145,0.0000,0.028800,0
1020,765.08,3,0.233327,0.0000,0.025700,0
1021,764.75,3,0.237624,0.0000,0.029300,0
1022,764.42,3,0.238148,0.0000,0.029100,0
1023,764.08,3,0.237742,0.0000,0.027200,0
1024,763.75,3,0.227958,0.0000,0.030700,0
1025,763.42,3,0.217268,0.0000,0.028200,0
1026,763.08,3,0.203002,0.0000,0.028000,0
1027,762.75,3,0.195811,0.0000,0.026500,0
1028,762.42,3,0.174848,0.0000,0.025800,0
1029,762.17,3,0.169591,0.0000,0.028400,0
1030,761.42,3,0.158516,0.0000,0.028400,0
1031,761.08,3,0.143929,0.0000,0.026200,0
1032,760.75,3,0.111503,0.0000,0.028300,0
1033,760.42,3,0.112012,0.0000,0.026300,0
1034,760.08,3,0.119018,0.0000,0.031400,0
1035,759.42,3,0.149580,0.0000,0.028400,0
1036,759.08,3,0.180132,0.0000,0.027100,0
1037,758.42,3,0.203461,0.0000,0.025400,0
1038,758.17,3,0.213297,0.0000,0.029600,0
1039,758.08,3,0.229719,0.0000,0.025900,0
1040,757.42,3,0.241304,0.0000,0.026900,0
1041,757.14,3,0.240285,0.0000,0.028600,0
1042,756.75,3,0.234734,0.0000,0.030400,0
1043,756.42,3,0.240336,0.0000,0.027400,0
1044,756.08,3,0.241467,0.0000,0.029600,0
1045,755.42,3,0.234526,0.0000,0.027600,0
1046,755.16,3,0.241040,0.0000,0.027000,0
1047,755.08,3,0.238551,0.0000,0.027700,0
1048,754.50,3,0.230340,0.0000,0.026600,0
1049,754.08,3,0.236672,0.0000,0.027300,0
1050,753.42,3,0.222336,0.0000,0.028100,0
1051,753.08,3,0.202412,0.0000,0.026000,0
1052,752.42,3,0.196482,0.0000,0.030200,0
1053,752.08,3,0.177308,0.0000,0.026400,0
1054,752.00,3,0.152759,0.0000,0.030300,0
1055,751.42,3,0.135824,0.0000,0.027000,0
1056,751.08,3,0.121894,0.0000,0.027400,0
1057,750.42,3,0.058892,0.0000,0.026400,0
1058,750.08,3,0.086157,0.0000,0.030100,0
1059,749.42,17,0.045818,0.0000,0.044500,0
1060,749.08,3,0.113181,0.0000,0.028600,0
1061,748.75,3,0.136948,0.0000,0.029800,0
1062,748.42,3,0.114945,0.0000,0.028300,0
1063,748.08,3,0.166770,0.0000,0.027600,0
1064,747.75,3,0.180540,0.0000,0.026500,0
1065,747.42,3,0.172437,0.0000,0.027100,0
1066,747.10,3,0.200395,0.0000,0.029400,0
1067,747.08,3,0.216937,0.0000,0.030600,0
1068,746.57,3,0.233027,0.0000,0.028200,0
1069,746.10,3,0.243309,0.0000,0.029100,0
1070,745.91,3,0.251554,0.0000,0.026200,0
1071,745.25,3,0.262810,0.0000,0.026000,0
1072,745.18,3,0.271880,0.0000,0.026200,0
1073,744.45,3,0.270301,0.0000,0.027100,0
1074,744.12,3,0.274438,0.0000,0.028800,0
1075,743.92,3,0.271071,0.0000,0.029300,0
1076,743.46,3,0.269651,0.0000,0.030000,0
1077,742.93,3,0.270025,0.0000,0.028700,0
1078,742.14,3,0.262703,0.0000,0.030800,0
1079,741.48,3,0.257051,0.0000,0.027800,0
1080,741.21,3,0.247333,0.0000,0.025100,0
1081,741.15,3,0.243374,0.0000,0.028400,0
1082,740.42,3,0.226562,0.0000,0.028300,0
1083,740.16,3,0.214225,0.0000,0.027800,0
1084,739.96,3,0.206642,0.0000,0.031000,0
1085,739.43,3,0.192873,0.0000,0.029400,0
1086,739.23,3,0.174168,0.0000,0.028900,0
1087,738.57,3,0.155894,0.0000,0.029300,0
1088,738.57,3,0.138364,0.0000,0.027200,0
1089,737.45,3,0.088691,0.0000,0.026900,0
1090,737.45,3,0.101972,0.0000,0.027800,0
1091,736.46,3,0.071626,0.0000,0.029700,0
1092,736.33,17,0.021309,0.0000,0.044400,0
1093,735.80,17,0.005354,0.0000,0.047500,0
1094,735.27,17,0.019435,0.0000,0.041000,0
1095,734.47,17,0.137931,0.0000,0.050100,0
1096,734.28,17,0.129342,0.0000,0.048200,0
1097,733.55,17,0.075114,0.0000,0.050100,0
1098,733.09,17,0.072587,0.0000,0.047500,0
1099,732.43,17,0.071085,0.0000,0.043200,0
1100,732.10,17,0.061604,0.0000,0.048100,0
1101,732.10,17,0.067914,0.0000,0.046700,0
1102,730.84,17,0.063191,0.0000,0.043900,0
1103,730.44,17,0.056298,0.0000,0.045900,0
1104,729.45,17,0.050893,0.0000,0.043900,0
1105,729.12,17,0.042135,0.0000,0.045600,0
1106,728.59,17,0.034038,0.0000,0.043100,0
1107,728.40,17,0.024531,0.0000,0.042100,0
1108,727.47,17,0.019866,0.0000,0.042800,0
1109,727.40,17,0.010363,0.0000,0.044900,0
1110,726.48,17,0.007722,0.0000,0.044800,0
1111,726.41,17,0.001174,0.0000,0.044200,0
1112,725.49,17,0.002235,0.0000,0.045400,0
1113,725.42,17,0.009132,0.0000,0.044500,0
1114,724.63,17,0.008129,0.0000,0.042700,0
1115,724.23,17,0.014277,0.0000,0.044500,0
1116,723.44,17,0.016043,0.0000,0.047300,0
1117,723.24,17,0.019371,0.0000,0.043300,0
1118,722.78,17,0.024386,0.0000,0.045100,0
1119,722.58,17,0.027478,0.0000,0.045400,0
1120,722.25,17,0.031059,0.0000,0.042400,0
1121,721.46,17,0.033970,0.0000,0.043200,0
1122,721.26,17,0.037164,0.0000,0.045800,0
1123,720.47,17,0.043840,0.0000,0.046800,0
1124,720.27,17,0.049684,0.0000,0.045100,0
1125,720.00,17,0.052046,0.0000,0.046600,0
1126,719.47,17,0.053569,0.0000,0.048000,0
1127,718.81,17,0.053426,0.0000,0.047900,0
1128,718.29,17,0.051851,0.0000,0.046500,0
1129,717.56,17,0.051654,0.0000,0.041600,0
1130,716.57,3,0.057868,0.0000,0.028500,0
1131,715.84,3,0.074091,0.0000,0.026900,0
1132,715.58,3,0.098911,0.0000,0.029100,0
1133,715.38,3,0.126897,0.0000,0.028100,0
1134,714.59,3,0.147236,0.0000,0.025900,0
1135,714.39,3,0.137705,0.0000,0.027900,0
1136,710.88,17,0.043258,0.0000,0.046000,0
1137,710.42,17,0.084789,0.0000,0.047200,0
1138,709.76,9,0.186038,0.0000,0.096000,0
1139,708.44,9,0.283364,0.0000,0.091500,0
1140,706.79,9,0.360119,0.0000,0.092100,0
1141,705.73,5,0.510693,0.0000,0.160600,0
1142,705.73,9,0.439337,0.0000,0.094200,0
1143,704.54,5,0.583974,0.0000,0.161600,0
1144,703.55,5,0.636761,0.0000,0.161800,0
1145,703.15,5,0.677530,0.0000,0.157900,0
1146,702.96,5,0.705085,0.0000,0.158200,0
1147,702.10,5,0.730891,0.0000,0.148500,0
1148,701.83,5,0.751670,0.0000,0.164300,0
1149,701.17,5,0.760610,0.2000,0.156500,0
1150,700.97,5,0.766994,0.0000,0.163900,0
1151,700.58,5,0.732412,0.0000,0.156600,0
1152,700.05,5,0.698107,0.0000,0.145000,0
1153,699.59,5,0.658600,0.0000,0.155100,0
1154,699.19,5,0.613610,0.0000,0.158300,0
1155,699.06,5,0.565412,0.0000,0.161600,0
1156,698.59,5,0.514688,0.0000,0.155800,0
1157,698.07,9,0.467944,0.0000,0.089200,0
1158,697.07,9,0.417661,0.0000,0.095900,0
1159,696.88,9,0.370457,0.0000,0.100000,0
1160,696.08,9,0.333344,0.0000,0.093500,0
1161,695.88,9,0.307658,0.0000,0.099100,0
1162,695.22,9,0.285251,0.0000,0.093900,0
1163,695.09,9,0.259410,0.0000,0.095200,0
1164,694.70,9,0.249254,0.0000,0.094100,0
1165,694.23,9,0.217174,0.0000,0.091700,0
1166,693.90,9,0.215019,0.0000,0.092600,0
1167,693.70,9,0.211898,0.0000,0.090700,0
1168,692.71,9,0.205630,0.0000,0.094800,0
1169,692.12,9,0.194485,0.0000,0.096800,0
1170,691.46,9,0.182568,0.0000,0.093900,0
1171,691.26,9,0.179949,0.0000,0.096100,0
1172,690.47,17,0.167552,0.0000,0.048700,0
1173,690.20,17,0.159934,0.0000,0.043400,0
1174,690.14,17,0.159306,0.0000,0.043700,0
1175,689.74,17,0.161794,0.0000,0.046800,0
1176,689.15,17,0.159767,0.0000,0.046100,0
1177,688.95,17,0.161455,0.0000,0.046600,0
1178,688.75,17,0.162064,0.0000,0.044800,0
1179,688.48,17,0.164640,0.0000,0.046500,0
1180,688.22,17,0.168266,0.0000,0.042400,0
1181,687.76,17,0.171218,0.0000,0.046200,0
1182,687.23,9,0.174259,0.0000,0.097500,0
1183,687.03,9,0.175374,0.0000,0.098100,0
1184,686.17,17,0.171631,0.0000,0.043100,0
1185,686.17,17,0.168600,0.0000,0.044600,0
1186,686.04,17,0.163944,0.2000,0.045400,0
1187,685.51,17,0.154327,0.0000,0.049200,0
1188,685.18,17,0.132460,0.0000,0.047700,0
1189,685.18,17,0.144189,0.0000,0.045400,0
1190,685.05,17,0.123939,0.0000,0.045700,0
1191,684.45,17,0.112320,0.0000,0.046400,0
1192,684.12,17,0.112003,0.0000,0.043800,0
1193,684.12,17,0.108502,0.0000,0.043000,0
1194,683.46,17,0.100052,0.0000,0.045800,0
1195,683.07,17,0.098505,0.0000,0.044600,0
1196,682.14,17,0.091615,0.0000,0.045900,0
1197,682.07,17,0.112593,0.0000,0.044700,0
1198,681.61,9,0.180855,0.0000,0.096200,0
1199,681.41,9,0.246410,0.0000,0.100300,0
1200,681.15,9,0.277558,0.0000,0.097100,0
1201,681.08,9,0.317486,0.0000,0.095200,0
1202,680.42,9,0.285453,0.0000,0.094400,0
1203,680.22,9,0.267109,0.0000,0.094600,0
1204,680.09,9,0.230726,0.0000,0.091300,0
1205,679.89,9,0.177338,0.0000,0.093700,0
1206,679.23,17,0.120438,0.0000,0.045200,0
1207,678.90,17,0.045447,0.0000,0.046500,0
1208,678.90,17,0.016407,0.0000,0.047000,0
1209,678.18,3,0.073086,0.0000,0.027500,0
1210,677.52,3,0.101454,0.0000,0.027400,0
1211,677.38,3,0.096874,0.0000,0.027100,0
1212,676.46,3,0.070502,0.0000,0.025300,0
1213,676.33,17,0.040854,0.0000,0.044900,0
1214,675.53,17,0.002926,0.0000,0.043600,0
1215,675.20,17,0.036433,0.0000,0.046600,0
1216,675.20,17,0.063130,0.0000,0.045200,0
1217,674.41,17,0.090334,0.2000,0.041500,0
1218,673.49,17,0.117722,0.2000,0.043800,0
1219,673.22,17,0.142356,0.0000,0.046500,0
1220,672.49,17,0.164951,0.2000,0.046000,0
1221,672.23,9,0.182905,0.0000,0.092800,0
1222,672.23,9,0.178669,0.0000,0.100000,0
1223,671.50,9,0.190405,0.0000,0.090200,0
1224,671.24,9,0.196713,0.0000,0.090600,0
1225,671.04,9,0.198525,0.0000,0.096500,0
1226,670.51,9,0.200106,0.0000,0.097800,0
1227,670.31,9,0.200163,0.0000,0.097100,0
1228,669.52,9,0.200419,0.0000,0.089300,0
1229,669.52,9,0.199018,0.0000,0.094100,0
1230,668.53,9,0.195964,0.0000,0.092700,0
1231,668.27,9,0.187423,0.0000,0.093100,0
1232,667.34,9,0.179392,0.0000,0.094100,0
1233,667.08,17,0.170050,0.0000,0.043000,0
1234,666.48,17,0.163299,0.0000,0.047200,0
1235,666.35,17,0.156339,0.0000,0.046100,0
1236,665.56,17,0.150639,0.0000,0.047000,0
1237,665.56,17,0.142861,0.0000,0.042100,0
1238,665.36,17,0.135535,0.0000,0.042300,0
1239,664.56,17,0.129182,0.0000,0.044900,0
1240,664.43,17,0.120656,0.0000,0.047000,0
1241,663.71,17,0.114469,0.0000,0.044500,0
1242,663.18,17,0.100601,0.0000,0.045000,0
1243,663.18,17,0.108996,0.0000,0.041400,0
1244,662.58,17,0.096262,0.2000,0.046500,0
1245,662.19,17,0.094437,0.0000,0.044300,0
1246,661.86,17,0.090302,0.0000,0.045400,0
1247,661.53,17,0.090616,0.0000,0.048800,0
1248,661.20,17,0.096639,0.0000,0.049000,0
1249,660.53,17,0.109934,0.0000,0.043400,0
1250,660.53,17,0.102951,0.0000,0.040400,0
1251,660.20,17,0.119858,0.0000,0.047000,0
1252,659.74,17,0.129100,0.0000,0.042100,0
1253,659.21,17,0.150000,0.0000,0.047500,0
1254,659.21,17,0.139739,0.0000,0.044600,0
1255,658.68,17,0.162126,0.0000,0.044600,0
1256,658.22,9,0.174888,0.0000,0.095800,0
1257,657.96,9,0.187193,0.0000,0.092700,0
1258,657.56,9,0.194014,0.0000,0.089500,0
1259,657.23,9,0.202621,0.0000,0.096900,0
1260,656.83,9,0.202909,0.0000,0.091000,0
1261,656.50,9,0.199663,0.0000,0.092400,0
1262,655.58,9,0.191753,0.0000,0.098700,0
1263,655.58,9,0.181751,0.0000,0.095000,0
1264,655.51,17,0.172396,0.0000,0.044300,0
1265,654.52,17,0.160312,0.0000,0.045100,0
1266,653.60,17,0.150372,0.0000,0.046100,0
1267,653.53,17,0.138343,0.0000,0.045700,0
1268,652.87,17,0.124214,0.0000,0.044300,0
1269,652.61,17,0.109111,0.0000,0.044000,0
1270,652.34,17,0.092452,0.2000,0.043400,0
1271,651.68,17,0.076945,0.0000,0.048000,0
1272,651.68,17,0.064344,0.0000,0.044200,0
1273,651.35,17,0.047881,0.0000,0.047100,0
1274,650.56,17,0.028749,0.0000,0.042300,0
1275,650.36,17,0.011166,0.0000,0.047100,0
1276,649.57,17,0.020686,0.0000,0.045900,0
1277,649.37,17,0.053200,0.0000,0.045100,0
1278,648.71,3,0.100047,0.0000,0.029100,0
1279,648.38,3,0.138964,0.0000,0.026200,0
1280,647.78,3,0.173190,0.0000,0.028600,0
1281,647.72,3,0.190436,0.0000,0.027500,0
1282,647.39,3,0.192547,0.0000,0.029000,0
1283,646.72,3,0.187260,0.0000,0.028700,0
1284,646.72,3,0.175617,0.0000,0.028100,0
1285,646.13,3,0.158876,0.0000,0.027800,0
1286,645.67,3,0.138387,0.0000,0.029400,0
1287,645.40,3,0.098529,0.0000,0.028300,0
1288,645.14,17,0.038170,0.0000,0.047000,0
1289,644.74,17,0.017732,0.0000,0.044600,0
1290,643.88,17,0.020454,0.0000,0.045200,0
1291,643.75,17,0.025053,0.0000,0.043400,0
1292,643.16,17,0.036350,0.0000,0.043500,0
1293,642.76,17,0.076259,0.0000,0.042100,0
1294,642.76,17,0.089927,0.0000,0.041600,0
1295,642.17,17,0.098394,0.0000,0.045100,0
1296,641.50,17,0.106166,0.0000,0.045600,0
1297,641.50,17,0.092557,0.0000,0.045100,0
1298,641.17,17,0.109077,0.0000,0.045400,0
1299,640.51,17,0.114865,0.0000,0.047500,0
1300,640.18,17,0.110055,0.0000,0.044800,0
1301,640.12,17,0.115961,0.0000,0.044000,0
1302,639.52,17,0.121887,0.0000,0.043100,0
1303,639.19,17,0.124493,0.0000,0.045100,0
1304,638.86,17,0.127769,0.0000,0.046600,0
1305,638.47,17,0.129313,0.0000,0.046100,0
1306,638.14,17,0.132028,0.0000,0.045600,0
1307,637.54,17,0.133842,0.0000,0.044000,0
1308,637.54,17,0.135887,0.0000,0.051300,0
1309,637.08,17,0.141386,0.0000,0.047200,0
1310,636.42,17,0.143984,0.0000,0.046500,0
1311,636.22,17,0.145975,0.0000,0.044800,0
1312,636.09,17,0.147453,0.0000,0.048400,0
1313,635.43,17,0.154427,0.0000,0.045600,0
1314,635.16,17,0.165149,0.0000,0.041500,0
1315,634.90,9,0.181041,0.0000,0.094600,0
1316,634.50,9,0.214613,0.0000,0.097700,0
1317,634.24,9,0.219649,0.0000,0.090800,0
1318,633.91,9,0.228339,0.0000,0.090900,0
1319,633.91,9,0.229554,0.0000,0.092700,0
1320,633.05,9,0.265268,0.2000,0.093100,0
1321,632.32,9,0.360866,0.0000,0.094500,0
1322,632.32,9,0.316280,0.0000,0.098400,0
1323,631.40,9,0.275260,0.0000,0.094700,0
1324,631.26,9,0.212004,0.0000,0.094500,0
1325,631.26,17,0.168294,0.0000,0.047900,0
1326,630.40,17,0.159118,0.0000,0.045600,0
1327,629.15,17,0.148564,0.0000,0.045600,0
1328,629.02,17,0.126136,0.0000,0.044800,0
1329,628.49,17,0.117105,0.0000,0.044700,0
1330,628.03,17,0.107350,0.0000,0.050400,0
1331,627.23,17,0.084646,0.0000,0.043400,0
1332,627.04,17,0.059639,0.0000,0.050500,0
1333,626.44,17,0.021527,0.0000,0.042500,0
1334,626.18,17,0.007570,0.0000,0.047700,0
1335,625.45,17,0.043603,0.0000,0.044200,0
1336,625.45,3,0.076304,0.0000,0.030000,0
1337,624.46,3,0.094377,0.0000,0.027500,0
1338,624.19,3,0.133559,0.0000,0.027400,0
1339,624.06,3,0.159800,0.0000,0.030400,0
1340,623.47,3,0.178339,0.0000,0.027800,0
1341,623.07,3,0.193208,0.0000,0.028100,0
1342,623.07,3,0.188412,0.0000,0.028100,0
1343,622.48,3,0.182264,0.0000,0.028200,0
1344,622.15,3,0.157782,0.0000,0.026000,0
1345,621.49,3,0.076039,0.0000,0.027600,0
1346,621.49,3,0.123326,0.0000,0.026100,0
1347,621.09,3,0.064746,0.0000,0.027900,0
1348,620.49,17,0.048650,0.0000,0.046000,0
1349,620.16,17,0.023236,0.0000,0.046800,0
1350,620.10,17,0.004686,0.0000,0.049100,0
1351,619.50,17,0.040940,0.0000,0.049600,0
1352,619.17,17,0.094522,0.0000,0.042300,0
1353,618.84,17,0.107790,0.0000,0.044500,0
1354,618.51,17,0.126024,0.0000,0.045100,0
1355,618.12,17,0.141422,0.0000,0.046300,0
1356,617.52,17,0.144780,0.0000,0.041500,0
1357,617.19,17,0.148113,0.0000,0.047400,0
1358,616.60,17,0.135430,0.0000,0.046000,0
1359,616.20,17,0.109679,0.0000,0.045700,0
1360,616.20,17,0.091728,0.0000,0.048900,0
1361,615.60,17,0.076063,0.0000,0.045400,0
1362,615.21,17,0.066839,0.0000,0.048200,0
1363,614.88,17,0.062966,0.0000,0.043800,0
1364,614.48,17,0.058729,0.0000,0.043200,0
1365,614.28,17,0.056196,0.0000,0.043700,0
1366,613.69,17,0.056514,0.0000,0.045900,0
1367,613.36,17,0.048389,0.0000,0.045500,0
1368,612.57,17,0.042587,0.0000,0.045800,0
1369,612.57,17,0.048493,0.0000,0.044000,0
1370,612.37,17,0.040260,0.0000,0.043800,0
1371,611.57,17,0.040787,0.0000,0.046300,0
1372,611.38,17,0.038857,0.0000,0.040700,0
1373,611.38,17,0.035182,0.0000,0.045700,0
1374,610.58,17,0.036498,0.0000,0.046000,0
1375,609.86,17,0.044616,0.0000,0.045400,0
1376,609.39,17,0.045243,0.0000,0.044700,0
1377,609.26,17,0.043679,0.0000,0.047500,0
1378,608.60,17,0.045013,0.0000,0.044600,0
1379,608.40,17,0.041950,0.0000,0.045700,0
1380,608.27,17,0.044068,0.0000,0.049200,0
1381,607.48,17,0.048305,0.0000,0.045700,0
1382,607.35,17,0.046530,0.0000,0.047500,0
1383,607.35,17,0.043457,0.0000,0.041900,0
1384,606.75,17,0.045108,0.0000,0.046300,0
1385,605.50,17,0.057659,0.0000,0.047400,0
1386,605.50,17,0.049192,0.0000,0.045800,0
1387,604.51,17,0.041744,0.0000,0.043800,0
1388,604.04,17,0.068073,0.0000,0.045000,0
1389,603.51,17,0.073821,0.0000,0.041600,0
1390,603.32,17,0.082267,0.0000,0.044200,0
1391,602.85,17,0.091280,0.0000,0.043400,0
1392,602.52,17,0.097527,0.0000,0.046100,0
1393,602.39,17,0.102116,0.0000,0.046900,0
1394,601.53,17,0.102313,0.0000,0.045400,0
1395,601.47,17,0.101135,0.0000,0.046800,0
1396,601.33,17,0.099486,0.0000,0.045000,0
1397,600.67,17,0.096627,0.0000,0.045600,0
1398,600.54,17,0.090007,0.2000,0.043900,0
1399,600.14,17,0.082320,0.0000,0.042400,0
1400,599.55,17,0.076229,0.0000,0.045400,0
1401,598.56,17,0.069908,0.0000,0.041800,0
1402,598.16,17,0.058146,0.0000,0.047600,0
1403,597.83,9,0.464575,0.2000,0.091700,0
1404,597.83,5,0.734749,0.0000,0.156900,0
1405,597.44,5,0.909393,0.0000,0.160400,0
1406,597.44,5,0.933291,0.0000,0.157600,0
1407,596.91,11,0.973431,0.0000,0.234200,0
1408,596.51,11,1.032655,0.0000,0.231600,0
1409,595.85,11,1.072407,0.0000,0.232400,0
1410,595.59,11,1.121281,0.0000,0.225000,0
1411,595.19,11,1.210817,0.0000,0.228300,0
1412,595.19,11,1.168012,0.0000,0.226000,0
1413,594.53,11,1.303164,0.0000,0.229700,0
1414,594.20,11,1.373834,0.0000,0.227200,0
1415,593.67,11,1.486565,0.2000,0.225400,0
1416,593.21,11,1.624352,0.2000,0.219500,0
1417,592.88,2,1.774464,0.0000,0.403600,0
1418,592.62,2,1.883885,0.2000,0.400700,0
1419,591.89,2,2.056570,0.2000,0.397900,0
1420,591.76,2,2.407297,0.4000,0.395000,0
1421,591.76,2,2.220248,0.6000,0.399800,0
1422,591.63,2,2.558244,0.6000,0.401100,0
1423,591.63,2,2.632437,0.4000,0.400800,0
1424,590.57,14,2.833400,1.0000,0.603100,0
1425,590.57,14,2.955827,0.4000,0.604100,0
1426,589.85,14,3.116463,0.6000,0.607400,0
1427,589.78,14,3.270322,0.4000,0.606800,0
1428,589.65,14,3.363288,0.8000,0.602300,0
1429,589.65,14,3.453135,0.8000,0.605800,0
1430,588.66,14,3.453945,0.6000,0.592800,0
1431,588.66,14,3.367557,0.8000,0.600200,0
1432,587.87,14,3.353914,0.2000,0.598100,0
1433,587.67,14,3.196538,0.0000,0.615100,0
1434,587.67,14,3.244773,0.4000,0.605300,0
1435,586.62,14,2.914642,0.0000,0.603300,0
1436,586.62,14,2.989366,0.8000,0.604100,0
1437,586.36,2,2.721231,0.4000,0.392400,0
1438,585.63,2,2.588087,0.6000,0.391300,0
1439,585.63,2,2.423163,0.4000,0.394200,0
1440,585.04,2,2.270102,0.4000,0.399500,0
1441,584.64,2,2.093859,0.4000,0.393800,0
1442,584.38,2,1.922387,0.2000,0.406700,0
1443,584.12,2,1.764650,0.0000,0.406100,0
1444,583.66,11,1.624926,0.2000,0.227900,0
1445,583.06,11,1.474765,0.2000,0.228800,0
1446,583.06,11,1.327153,0.0000,0.230100,0
1447,582.67,11,1.161958,0.0000,0.229100,0
1448,582.07,11,1.085729,0.0000,0.227300,0
1449,581.88,11,0.990718,0.0000,0.230500,0
1450,581.68,5,0.888106,0.0000,0.156100,0
1451,581.09,5,0.785282,0.0000,0.157500,0
1452,580.16,5,0.671090,0.0000,0.154600,0
1453,580.10,5,0.620940,0.0000,0.157300,0
1454,579.77,5,0.552353,0.0000,0.152800,0
1455,579.11,5,0.526235,0.0000,0.157400,0
1456,578.85,9,0.473322,0.0000,0.090400,0
1457,578.45,9,0.427164,0.0000,0.098600,0
1458,577.79,17,0.150701,0.0000,0.047300,0
1459,577.79,9,0.361653,0.0000,0.091400,0
1460,577.13,17,0.140400,0.0000,0.048400,0
1461,576.47,9,0.472213,0.0000,0.099000,0
1462,576.47,17,0.174750,0.0000,0.044800,0
1463,576.01,9,0.528165,0.0000,0.092700,0
1464,575.22,5,0.530998,0.0000,0.158000,0
1465,575.22,5,0.596294,0.0000,0.158700,0
1466,574.50,5,0.655080,0.0000,0.151900,0
1467,574.23,5,0.692639,0.0000,0.158400,0
1468,573.84,5,0.723168,0.0000,0.160400,0
1469,573.51,5,0.771341,0.0000,0.160300,0
1470,573.25,5,0.804560,0.0000,0.156900,0
1471,572.85,5,0.787566,0.0000,0.163700,0
1472,571.99,5,0.760299,0.0000,0.168800,0
1473,571.86,5,0.738419,0.0000,0.160200,0
1474,571.14,5,0.699864,0.0000,0.154800,0
1475,570.87,5,0.665501,0.0000,0.162800,0
1476,569.89,5,0.635846,0.0000,0.159900,0
1477,569.29,5,0.604754,0.0000,0.159500,0
1478,569.10,5,0.559525,0.0000,0.154400,0
1479,568.90,5,0.505341,0.0000,0.157800,0
1480,568.24,9,0.457912,0.0000,0.094800,0
1481,568.17,9,0.403441,0.0000,0.092900,0
1482,567.65,9,0.403289,0.0000,0.088600,0
1483,567.19,9,0.393059,0.0000,0.092100,0
1484,567.12,9,0.375676,0.0000,0.096400,0
1485,566.92,9,0.364207,0.0000,0.089900,0
1486,566.26,9,0.339256,0.0000,0.095400,0
1487,565.28,9,0.298314,0.0000,0.093100,0
1488,565.08,9,0.275796,0.0000,0.094900,0
1489,564.88,9,0.252565,0.0000,0.090300,0
1490,564.16,9,0.226318,0.0000,0.096200,0
1491,563.89,9,0.216855,0.0000,0.093100,0
1492,562.90,9,0.227718,0.0000,0.096800,0
1493,562.90,9,0.246406,0.0000,0.089600,0
1494,561.72,9,0.263077,0.0000,0.092500,0
1495,561.26,9,0.310623,0.0000,0.093500,0
1496,561.26,9,0.286371,0.0000,0.090800,0
1497,560.93,9,0.335834,0.0000,0.090600,0
1498,560.01,9,0.362912,0.0000,0.090900,0
1499,559.74,9,0.399527,0.0000,0.098200,0
1500,559.21,9,0.427427,0.0000,0.093700,0
1501,558.75,9,0.442778,0.0000,0.092000,0
1502,557.96,9,0.464635,0.0000,0.097300,0
1503,556.51,5,0.521241,0.0000,0.155300,0
1504,556.32,5,0.571505,0.0000,0.164900,0
1505,555.53,5,0.756291,0.0000,0.156400,0
1506,555.26,5,0.847750,0.0000,0.157400,0
1507,555.13,5,0.894040,0.0000,0.157500,0
1508,554.80,11,0.945078,0.0000,0.231100,0
1509,554.21,11,0.990741,0.0000,0.223200,0
1510,554.21,11,1.024810,0.0000,0.226300,0
1511,553.48,11,1.087902,0.0000,0.229300,0
1512,553.22,11,1.145972,0.0000,0.227500,0
1513,553.22,11,1.188697,0.0000,0.232200,0
1514,552.43,11,1.225105,0.0000,0.221400,0
1515,552.23,11,1.254389,0.0000,0.227800,0
1516,551.57,11,1.271931,0.0000,0.229300,0
1517,551.44,11,1.273556,0.0000,0.229000,0
1518,551.31,11,1.280226,0.0000,0.227700,0
1519,551.31,11,1.285697,0.0000,0.230400,0
1520,550.39,11,1.286882,0.0000,0.231900,0
1521,550.19,11,1.285504,0.0000,0.224200,0
1522,550.19,11,1.283806,0.2000,0.229000,0
1523,549.40,11,1.265453,0.2000,0.223300,0
1524,549.33,11,1.234503,0.0000,0.233600,0
1525,548.61,11,1.184893,0.0000,0.225300,0
1526,548.48,11,1.110687,0.0000,0.227300,0
1527,548.35,11,1.021614,0.0000,0.227100,0
1528,547.95,5,0.934252,0.0000,0.150700,0
1529,547.29,5,0.762648,0.0000,0.153700,0
1530,547.29,5,0.829580,0.0000,0.163300,0
1531,546.50,5,0.692783,0.0000,0.155300,0
1532,546.37,5,0.624022,0.0000,0.159100,0
1533,545.97,5,0.579147,0.0000,0.162200,0
1534,545.45,5,0.540194,0.0000,0.156900,0
1535,545.25,5,0.515379,0.0000,0.161100,0
1536,544.53,5,0.508218,0.0000,0.153600,0
1537,544.39,9,0.460490,0.0000,0.093100,0
1538,544.33,9,0.411192,0.0000,0.094400,0
1539,543.41,9,0.297307,0.0000,0.094200,0
1540,543.41,9,0.361040,0.0000,0.092600,0
1541,542.55,9,0.252729,0.0000,0.098800,0
1542,541.50,9,0.206836,0.0000,0.097000,0
1543,540.57,17,0.172326,0.0000,0.046600,0
1544,540.51,17,0.139568,0.0000,0.043300,0
1545,539.72,17,0.115099,0.0000,0.045400,0
1546,539.39,17,0.108201,0.0000,0.046600,0
1547,538.40,17,0.101865,0.0000,0.045100,0
1548,537.81,17,0.106885,0.0000,0.045100,0
1549,537.41,17,0.114940,0.0000,0.044900,0
1550,536.56,17,0.116130,0.0000,0.043300,0
1551,536.49,17,0.115557,0.0000,0.043600,0
1552,536.29,17,0.128223,0.0000,0.044900,0
1553,535.57,17,0.122980,0.0000,0.053400,0
1554,534.58,17,0.120575,0.0000,0.050300,0
1555,534.58,17,0.109876,0.0000,0.044400,0
1556,533.59,17,0.104192,0.0000,0.043300,0
1557,533.13,17,0.101520,0.0000,0.045500,0
1558,532.93,17,0.099899,0.0000,0.046000,0
1559,532.47,17,0.095611,0.0000,0.045300,0
1560,531.88,17,0.092950,0.0000,0.047900,0
1561,531.75,17,0.089336,0.0000,0.049100,0
1562,531.49,17,0.088270,0.0000,0.045700,0
1563,530.63,17,0.092733,0.0000,0.043500,0
1564,530.63,17,0.091847,0.0000,0.042000,0
1565,530.50,17,0.083396,0.0000,0.049400,0
1566,529.77,17,0.098271,0.0000,0.045300,0
1567,529.44,17,0.131614,0.0000,0.040900,0
1568,529.44,17,0.115156,0.0000,0.045200,0
1569,528.52,9,0.202298,0.0000,0.088700,0
1570,526.94,9,0.310084,0.0000,0.092400,0
1571,526.68,9,0.397268,0.0000,0.087800,0
1572,525.89,9,0.421912,0.0000,0.094400,0
1573,524.57,9,0.387826,0.0000,0.091900,0
1574,522.92,9,0.338422,0.0000,0.094400,0
1575,522.66,9,0.319434,0.0000,0.093200,0
1576,522.07,9,0.359409,0.0000,0.094500,0
1577,521.87,9,0.382154,0.0000,0.099000,0
1578,521.67,9,0.408909,0.0000,0.096900,0
1579,521.34,9,0.437301,0.0000,0.098800,0
1580,520.62,9,0.430410,0.0000,0.096800,0
1581,520.62,9,0.421500,0.0000,0.096000,0
1582,520.36,9,0.421105,0.0000,0.093300,0
1583,519.70,9,0.447241,0.0000,0.094000,0
1584,519.37,9,0.445231,0.0000,0.091600,0
1585,519.04,9,0.438879,0.0000,0.088000,0
1586,518.71,9,0.444916,0.0000,0.096100,0
1587,518.05,9,0.443444,0.0000,0.096400,0
1588,517.85,9,0.449282,0.0000,0.090700,0
1589,517.72,9,0.456062,0.0000,0.098400,0
1590,517.13,9,0.467966,0.0000,0.093700,0
1591,516.73,9,0.494435,0.0000,0.099400,0
1592,516.41,5,0.516284,0.0000,0.155100,0
1593,515.61,5,0.549520,0.0000,0.156100,0
1594,515.42,5,0.561580,0.0000,0.158600,0
1595,514.63,5,0.608201,0.0000,0.157100,0
1596,514.43,5,0.637842,0.0000,0.158800,0
1597,513.90,5,0.688178,0.0000,0.164300,0
1598,513.71,5,0.775385,0.0000,0.155300,0
1599,512.72,5,0.919003,0.0000,0.152100,0
1600,512.45,11,1.013690,0.0000,0.222400,0
1601,511.73,11,1.125868,0.0000,0.234300,0
1602,511.47,11,1.201866,0.0000,0.227100,0
1603,511.47,11,1.190349,0.0000,0.228900,0
1604,510.81,11,1.177491,0.0000,0.220800,0
1605,509.95,11,1.151880,0.2000,0.226400,0
1606,509.82,11,1.153491,0.0000,0.232300,0
1607,508.90,11,1.137573,0.0000,0.226600,0
1608,508.77,11,1.122723,0.0000,0.225800,0
1609,508.11,11,1.115584,0.0000,0.222100,0
1610,507.78,11,1.074363,0.0000,0.228500,0
1611,507.78,11,1.096760,0.0000,0.224800,0
1612,506.79,11,1.024353,0.0000,0.227200,0
1613,505.87,11,0.995919,0.0000,0.230800,0
1614,505.87,11,0.948062,0.2000,0.230800,0
1615,505.08,5,0.896598,0.0000,0.160700,0
1616,504.62,5,0.791200,0.0000,0.158700,0
1617,504.62,5,0.848609,0.0000,0.159800,0
1618,504.09,5,0.728466,0.0000,0.157200,0
1619,503.63,5,0.665075,0.0000,0.161600,0
1620,503.24,5,0.612278,0.0000,0.163000,0
1621,503.10,5,0.582433,0.0000,0.161800,0
1622,502.84,5,0.549254,0.0000,0.156900,0
1623,502.18,5,0.526885,0.0000,0.157100,0
1624,502.12,9,0.483874,0.0000,0.097800,0
1625,501.85,9,0.457851,0.0000,0.095300,0
1626,501.06,9,0.399418,0.0000,0.090300,0
1627,500.93,9,0.340442,0.0000,0.096400,0
1628,500.67,9,0.299648,0.0000,0.098300,0
1629,500.14,9,0.269189,0.0000,0.097600,0
1630,499.68,9,0.237585,0.0000,0.098000,0
1631,499.22,9,0.221553,0.0000,0.095500,0
1632,499.22,9,0.208101,0.0000,0.101300,0
1633,498.69,9,0.196355,0.0000,0.095300,0
1634,498.10,9,0.180538,0.0000,0.097600,0
1635,497.97,9,0.184184,0.0000,0.095200,0
1636,497.70,9,0.193217,0.0000,0.089300,0
1637,497.18,9,0.220243,0.0000,0.097000,0
1638,496.91,9,0.243361,0.0000,0.096500,0
1639,496.72,9,0.238021,0.0000,0.091700,0
1640,496.12,9,0.269945,0.0000,0.094400,0
1641,495.60,9,0.336104,0.0000,0.091600,0
1642,495.60,9,0.311773,0.0000,0.094800,0
1643,495.14,9,0.362541,0.0000,0.094400,0
1644,494.48,9,0.394265,0.0000,0.099400,0
1645,494.22,9,0.426858,0.0000,0.092600,0
1646,494.15,9,0.457314,0.0000,0.094600,0
1647,493.49,9,0.494878,0.0000,0.093000,0
1648,493.16,5,0.498528,0.0000,0.153100,0
1649,493.16,5,0.505074,0.0000,0.164600,0
1650,492.44,5,0.514308,0.0000,0.155600,0
1651,492.11,9,0.483058,0.0000,0.094300,0
1652,492.11,5,0.503208,0.0000,0.153500,0
1653,491.52,9,0.467260,0.0000,0.095300,0
1654,491.45,9,0.450268,0.0000,0.097100,0
1655,490.53,9,0.427100,0.0000,0.094800,0
1656,490.13,9,0.385130,0.0000,0.095500,0
1657,489.74,9,0.344134,0.0000,0.092600,0
1658,488.49,9,0.316201,0.0000,0.091700,0
1659,488.42,9,0.279835,0.0000,0.092500,0
1660,487.70,9,0.232548,0.0000,0.095600,0
1661,487.17,9,0.193845,0.0000,0.098500,0
1662,486.45,17,0.171476,0.0000,0.043800,0
1663,486.31,17,0.156153,0.0000,0.046300,0
1664,486.18,17,0.145701,0.0000,0.050000,0
1665,485.46,17,0.139931,0.0000,0.044500,0
1666,485.20,17,0.138069,0.0000,0.044100,0
1667,485.20,17,0.133172,0.0000,0.050200,0
1668,484.47,17,0.130032,0.0000,0.044500,0
1669,484.21,17,0.123312,0.0000,0.046100,0
1670,483.62,17,0.122963,0.0000,0.046200,0
1671,483.48,17,0.123344,0.2000,0.044200,0
1672,483.22,17,0.124345,0.0000,0.045000,0
1673,482.43,17,0.130050,0.0000,0.046100,0
1674,482.23,17,0.140899,0.0000,0.044500,0
1675,482.23,17,0.135599,0.0000,0.042300,0
1676,481.64,17,0.151301,0.0000,0.045600,0
1677,481.25,17,0.152351,0.0000,0.046600,0
1678,480.98,17,0.136835,0.0000,0.046800,0
1679,480.98,17,0.117198,0.0000,0.043700,0
1680,480.39,17,0.111401,0.0000,0.041700,0
1681,479.53,17,0.126317,0.0000,0.045800,0
1682,479.40,17,0.118050,0.0000,0.044400,0
1683,479.34,17,0.117864,0.0000,0.041300,0
1684,478.48,17,0.111733,0.0000,0.043400,0
1685,478.28,17,0.086004,0.0000,0.044800,0
1686,478.28,17,0.099327,0.0000,0.046100,0
1687,477.43,17,0.083350,0.0000,0.044500,0
1688,477.03,17,0.070197,0.0000,0.043800,0
1689,476.44,17,0.059457,0.0000,0.045000,0
1690,476.37,17,0.029371,0.0000,0.045200,0
1691,475.52,17,0.003561,0.0000,0.043900,0
1692,475.45,17,0.008293,0.0000,0.043500,0
1693,475.39,17,0.018181,0.0000,0.046100,0
1694,474.46,17,0.024296,0.0000,0.042700,0
1695,474.40,17,0.026095,0.0000,0.041300,0
1696,473.48,17,0.022993,0.0000,0.047800,0
1697,473.08,17,0.022024,0.0000,0.042400,0
1698,472.49,17,0.031510,0.0000,0.043800,0
1699,471.83,17,0.004678,0.0000,0.049600,0
1700,471.57,17,0.033675,0.0000,0.046100,0
1701,471.44,17,0.074187,0.0000,0.043900,0
1702,470.58,17,0.119129,0.0000,0.046300,0
1703,470.51,9,0.215890,0.0000,0.094600,0
1704,470.51,17,0.161197,0.0000,0.044800,0
1705,469.59,9,0.276362,0.0000,0.091800,0
1706,469.13,9,0.343729,0.0000,0.092000,0
1707,468.87,9,0.442612,0.0000,0.096800,0
1708,468.61,5,0.592337,0.0000,0.159300,0
1709,467.62,5,0.773291,0.0000,0.153800,0
1710,467.49,11,0.973711,0.0000,0.232200,0
1711,466.50,11,1.123626,0.0000,0.233100,0
1712,466.50,11,1.280595,0.0000,0.236700,0
1713,465.58,11,1.434758,0.0000,0.225300,0
1714,465.45,11,1.470569,0.0000,0.224600,0
1715,465.45,11,1.475008,0.0000,0.220400,0
1716,464.72,11,1.482286,0.2000,0.228100,0
1717,464.06,11,1.400167,0.0000,0.232100,0
1718,463.54,11,1.328574,0.0000,0.219600,0
1719,462.94,11,1.252839,0.0000,0.223300,0
1720,462.68,11,1.154726,0.0000,0.233900,0
1721,462.55,11,1.052566,0.0000,0.231500,0
1722,461.69,11,0.966158,0.0000,0.231300,0
1723,461.50,5,0.881440,0.0000,0.155500,0
1724,460.57,5,0.801171,0.0000,0.159200,0
1725,460.51,5,0.721804,0.0000,0.157700,0
1726,459.52,5,0.591724,0.0000,0.156400,0
1727,459.52,5,0.644328,0.0000,0.162100,0
1728,458.53,5,0.540633,0.0000,0.157800,0
1729,457.94,5,0.498298,0.0000,0.161800,0
1730,457.61,9,0.467534,0.0000,0.094000,0
1731,457.35,9,0.443896,0.0000,0.099100,0
1732,456.89,9,0.423478,0.0000,0.095000,0
1733,456.63,9,0.397416,0.0000,0.087400,0
1734,456.36,9,0.363986,0.0000,0.093200,0
1735,455.64,9,0.343792,0.0000,0.093000,0
1736,455.57,9,0.337068,0.0000,0.097700,0
1737,454.65,9,0.338434,0.0000,0.094700,0
1738,454.39,9,0.355275,0.0000,0.095700,0
1739,453.73,9,0.392769,0.0000,0.092600,0
1740,452.94,9,0.455367,0.0000,0.092500,0
1741,452.74,5,0.536909,0.0000,0.159900,0
1742,452.41,5,0.634063,0.0000,0.157100,0
1743,451.89,5,0.719187,0.0000,0.155700,0
1744,451.75,5,0.805397,0.0000,0.159400,0
1745,450.44,5,0.882091,0.0000,0.153400,0
1746,450.44,11,0.972493,0.0000,0.230600,0
1747,449.71,11,0.995121,0.0000,0.232800,0
1748,449.45,11,0.978934,0.0000,0.218200,0
1749,448.92,11,0.950649,0.0000,0.226900,0
1750,448.92,5,0.919345,0.0000,0.156700,0
1751,448.46,5,0.875234,0.0000,0.157700,0
1752,447.67,5,0.804615,0.0000,0.161800,0
1753,447.48,5,0.729614,0.0000,0.158200,0
1754,446.49,5,0.649784,0.0000,0.155500,0
1755,446.49,5,0.576093,0.0000,0.152300,0
1756,445.50,5,0.524408,0.0000,0.154400,0
1757,444.91,9,0.452723,0.0000,0.093200,0
1758,444.71,9,0.385582,0.0000,0.094500,0
1759,444.51,9,0.336685,0.0000,0.096000,0
1760,443.72,9,0.279994,0.0000,0.098800,0
1761,443.53,9,0.235169,0.0000,0.094900,0
1762,442.87,9,0.205499,0.0000,0.095900,0
1763,442.54,17,0.171139,0.2000,0.042200,0
1764,442.54,17,0.159594,0.0000,0.049200,0
1765,441.95,17,0.152839,0.0000,0.046800,0
1766,441.55,17,0.162842,0.0000,0.043200,0
1767,440.89,9,0.197337,0.0000,0.094500,0
1768,440.83,9,0.230381,0.0000,0.095400,0
1769,440.17,9,0.253036,0.0000,0.098900,0
1770,439.58,9,0.257874,0.0000,0.100100,0
1771,439.58,9,0.261047,0.0000,0.092300,0
1772,438.59,9,0.267703,0.0000,0.094700,0
1773,438.13,9,0.278091,0.0000,0.092100,0
1774,438.00,9,0.285567,0.0000,0.091200,0
1775,437.54,9,0.283261,0.0000,0.099600,0
1776,437.08,9,0.278590,0.0000,0.097700,0
1777,436.95,9,0.281402,0.0000,0.098800,0
1778,436.95,9,0.283722,0.0000,0.094800,0
1779,435.96,9,0.281763,0.0000,0.096400,0
1780,435.23,9,0.271277,0.0000,0.094900,0
1781,435.10,9,0.265002,0.0000,0.094900,0
1782,434.97,9,0.276909,0.0000,0.095000,0
1783,434.12,9,0.275619,0.0000,0.094100,0
1784,433.98,9,0.290637,0.0000,0.093900,0
1785,433.98,9,0.311597,0.0000,0.091300,0
1786,433.19,9,0.308729,0.0000,0.094600,0
1787,432.93,9,0.309715,0.0000,0.090500,0
1788,432.93,9,0.317486,0.2000,0.093300,0
1789,432.14,9,0.356630,0.0000,0.094100,0
1790,432.01,9,0.373776,0.0000,0.095800,0
1791,431.29,9,0.367037,0.0000,0.089600,0
1792,431.15,9,0.393272,0.0000,0.098200,0
1793,430.43,9,0.394267,0.0000,0.093500,0
1794,430.17,9,0.389473,0.0000,0.090900,0
1795,429.44,9,0.372258,0.0000,0.094400,0
1796,429.25,9,0.387280,0.0000,0.093700,0
1797,428.98,9,0.424789,0.0000,0.090400,0
1798,428.79,9,0.457467,0.0000,0.095100,0
1799,428.19,9,0.468130,0.0000,0.095600,0
1800,427.80,9,0.462755,0.0000,0.097300,0
1801,427.14,9,0.488912,0.0000,0.094400,0
1802,426.81,9,0.452175,0.0000,0.092400,0
1803,426.22,9,0.397708,0.2000,0.095500,0
1804,426.15,9,0.341718,0.0000,0.090600,0
1805,425.43,9,0.328486,0.0000,0.094800,0
1806,425.10,9,0.292343,0.0000,0.094000,0
1807,425.03,9,0.264993,0.0000,0.094600,0
1808,424.44,9,0.237962,0.0000,0.097900,0
1809,424.11,9,0.223630,0.0000,0.099200,0
1810,423.59,9,0.296062,0.0000,0.091100,0
1811,423.39,9,0.356491,0.0000,0.094300,0
1812,423.13,9,0.404182,0.2000,0.099700,0
1813,422.40,9,0.442279,0.0000,0.094900,0
1814,422.27,9,0.461639,0.0000,0.090900,0
1815,422.07,9,0.480318,0.0000,0.092700,0
1816,421.88,9,0.489066,0.0000,0.093600,0
1817,421.28,5,0.497915,0.0000,0.154900,0
1818,420.89,5,0.525188,0.0000,0.154200,0
1819,420.89,5,0.513741,0.0000,0.153100,0
1820,420.30,5,0.543359,0.0000,0.161400,0
1821,419.90,5,0.556011,0.0000,0.162600,0
1822,419.44,5,0.569596,0.0000,0.157400,0
1823,419.31,5,0.577837,0.0000,0.157200,0
1824,418.91,5,0.584787,0.0000,0.160400,0
1825,418.45,5,0.595030,0.0000,0.160300,0
1826,418.32,5,0.594456,0.0000,0.152600,0
1827,418.32,5,0.592170,0.0000,0.155600,0
1828,417.93,5,0.584468,0.0000,0.155800,0
1829,417.93,5,0.577643,0.0000,0.154300,0
1830,417.47,5,0.567038,0.0000,0.155100,0
1831,417.33,5,0.542131,0.0000,0.159400,0
1832,417.33,5,0.554493,0.0000,0.159500,0
1833,416.68,5,0.522702,0.0000,0.160000,0
1834,416.48,5,0.506659,0.2000,0.155500,0
1835,416.35,9,0.489568,0.0000,0.096300,0
1836,415.43,9,0.473839,0.0000,0.093700,0
1837,415.30,9,0.452337,0.0000,0.092400,0
1838,415.30,9,0.429780,0.0000,0.087200,0
1839,414.70,9,0.405769,0.0000,0.093200,0
1840,414.44,9,0.381941,0.0000,0.090400,0
1841,413.98,9,0.369387,0.0000,0.096600,0
1842,413.45,9,0.351097,0.0000,0.092300,0
1843,412.73,9,0.332370,0.0000,0.090300,0
1844,412.47,9,0.308541,0.0000,0.093100,0
1845,411.48,9,0.286423,0.0000,0.092200,0
1846,411.41,9,0.255798,0.0000,0.098600,0
1847,411.41,9,0.226305,0.0000,0.093200,0
1848,410.49,9,0.218257,0.0000,0.097300,0
1849,410.43,9,0.206036,0.0000,0.092500,0
1850,410.03,9,0.212391,0.0000,0.093500,0
1851,409.50,9,0.237973,0.0000,0.093600,0
1852,409.37,9,0.251763,0.0000,0.099500,0
1853,408.85,9,0.261066,0.0000,0.096200,0
1854,408.45,9,0.279609,0.0000,0.096800,0
1855,408.39,9,0.319543,0.4000,0.095000,0
1856,407.79,9,0.362841,0.0000,0.093100,0
1857,407.47,5,0.505769,0.0000,0.159900,0
1858,407.47,5,0.531399,0.0000,0.157400,0
1859,406.48,5,0.573694,0.0000,0.156400,0
1860,405.62,5,0.583499,0.0000,0.166600,0
1861,405.49,5,0.592807,0.0000,0.155100,0
1862,404.50,5,0.594269,0.2000,0.164600,0
1863,404.50,5,0.599647,0.0000,0.159500,0
1864,403.52,5,0.571589,0.0000,0.155200,0
1865,403.19,5,0.526438,0.0000,0.159300,0
1866,403.19,5,0.549162,0.0000,0.156600,0
1867,402.53,9,0.490100,0.0000,0.095000,0
1868,402.20,9,0.440708,0.0000,0.095300,0
1869,401.61,9,0.404827,0.0000,0.087000,0
1870,401.54,9,0.366580,0.0000,0.095200,0
1871,400.62,9,0.347153,0.2000,0.091200,0
1872,400.56,9,0.320734,0.0000,0.092200,0
1873,400.23,9,0.300850,0.0000,0.089600,0
1874,399.57,9,0.275601,0.0000,0.093800,0
1875,399.24,9,0.231313,0.0000,0.094900,0
1876,399.24,9,0.252287,0.0000,0.098500,0
1877,398.58,9,0.210810,0.0000,0.092300,0
1878,398.25,9,0.174248,0.0000,0.098800,0
1879,397.93,17,0.148576,0.0000,0.045200,0
1880,397.60,17,0.123644,0.0000,0.043500,0
1881,397.27,17,0.113207,0.0000,0.044000,0
1882,396.68,17,0.077092,0.0000,0.041400,0
1883,396.68,17,0.102193,0.0000,0.043500,0
1884,396.28,17,0.074836,0.0000,0.046000,0
1885,395.56,17,0.119925,0.0000,0.043800,0
1886,395.56,17,0.158155,0.0000,0.043600,0
1887,395.29,9,0.207215,0.0000,0.095900,0
1888,394.64,9,0.274377,0.0000,0.096400,0
1889,394.31,9,0.415507,0.2000,0.098200,0
1890,394.31,9,0.354434,0.0000,0.093800,0
1891,393.78,9,0.441982,0.0000,0.094600,0
1892,393.32,9,0.475697,0.0000,0.093200,0
1893,393.32,5,0.511065,0.0000,0.151600,0
1894,393.06,5,0.539270,0.0000,0.157100,0
1895,392.33,5,0.619350,0.0000,0.162000,0
1896,391.74,5,0.671773,0.0000,0.156700,0
1897,391.74,5,0.710072,0.0000,0.157600,0
1898,391.35,5,0.691013,0.0000,0.158700,0
1899,390.69,5,0.713766,0.0000,0.157600,0
1900,390.69,5,0.705150,0.0000,0.157000,0
1901,390.36,5,0.737920,0.0000,0.158300,0
1902,389.64,5,0.771899,0.0000,0.151900,0
1903,389.51,5,0.796648,0.0000,0.156800,0
1904,388.72,5,0.831697,0.0000,0.159600,0
1905,388.39,5,0.888844,0.0000,0.155900,0
1906,387.79,11,0.950958,0.0000,0.228800,0
1907,387.79,11,0.999014,0.0000,0.230500,0
1908,386.74,11,1.012860,0.0000,0.233400,0
1909,386.74,11,1.019413,0.0000,0.225000,0
1910,386.41,11,1.034300,0.0000,0.232900,0
1911,385.89,11,1.091095,0.0000,0.224900,0
1912,385.82,11,1.097433,0.0000,0.224400,0
1913,385.43,11,1.148758,0.0000,0.233100,0
1914,384.77,11,1.168673,0.2000,0.224800,0
1915,384.77,11,1.176388,0.0000,0.227200,0
1916,384.44,11,1.161883,0.0000,0.232800,0
1917,383.45,11,1.166695,0.0000,0.237600,0
1918,383.45,11,1.160544,0.0000,0.224900,0
1919,382.80,11,1.141282,0.0000,0.236700,0
1920,381.94,11,1.105373,0.0000,0.227600,0
1921,381.81,11,1.042910,0.0000,0.225900,0
1922,381.48,11,0.990538,0.0000,0.220100,0
1923,380.82,5,0.926816,0.0000,0.159900,0
1924,380.49,11,0.939158,0.0000,0.224000,0
1925,380.49,5,0.936713,0.0000,0.161800,0
1926,379.51,5,0.915724,0.2000,0.162300,0
1927,379.51,5,0.891150,0.0000,0.159600,0
1928,378.98,5,0.856631,0.0000,0.158800,0
1929,378.26,5,0.838379,0.0000,0.157500,0
1930,378.26,5,0.816283,0.0000,0.158400,0
1931,377.86,5,0.798957,0.0000,0.159400,0
1932,377.07,5,0.799816,0.0000,0.159000,0
1933,376.88,5,0.790608,0.0000,0.157600,0
1934,376.88,5,0.803398,0.0000,0.158100,0
1935,376.09,5,0.781729,0.0000,0.157900,0
1936,375.89,5,0.808962,0.0000,0.159500,0
1937,374.90,5,0.916396,0.0000,0.152200,0
1938,374.90,11,1.020003,0.0000,0.225500,0
1939,374.11,11,1.048670,0.0000,0.225900,0
1940,374.05,11,1.087239,0.0000,0.226500,0
1941,374.05,11,1.111601,0.0000,0.226200,0
1942,372.93,11,1.047538,0.0000,0.226400,0
1943,372.93,11,1.065323,0.0000,0.229200,0
1944,371.94,11,1.015660,0.0000,0.230100,0
1945,370.96,11,0.980054,0.0000,0.229300,0
1946,370.96,11,0.941288,0.0000,0.233000,0
1947,369.45,5,0.914954,0.0000,0.151600,0
1948,369.45,5,0.893863,0.0000,0.159700,0
1949,369.12,5,0.882614,0.0000,0.159300,0
1950,368.99,5,0.849264,0.0000,0.156800,0
1951,368.26,5,0.782621,0.2000,0.159000,0
1952,368.20,5,0.712766,0.0000,0.159400,0
1953,367.74,5,0.609435,0.0000,0.158100,0
1954,367.21,5,0.587206,0.0000,0.157500,0
1955,367.14,5,0.578921,0.0000,0.155800,0
1956,366.49,5,0.533624,0.0000,0.161500,0
1957,364.78,9,0.493182,0.0000,0.091200,0
1958,364.18,9,0.462920,0.0000,0.096400,0
1959,363.46,9,0.420404,0.0000,0.095900,0
1960,363.20,9,0.370196,0.4000,0.093300,0
1961,363.20,9,0.330096,0.0000,0.093200,0
1962,362.80,9,0.300797,0.0000,0.092300,0
1963,362.21,9,0.275447,0.0000,0.096100,0
1964,361.55,9,0.255230,0.0000,0.088500,0
1965,360.83,9,0.255206,0.0000,0.092200,0
1966,360.83,9,0.259625,0.2000,0.089300,0
1967,359.52,9,0.338480,0.0000,0.094900,0
1968,359.52,9,0.445300,0.0000,0.097000,0
1969,359.32,9,0.484748,0.0000,0.093000,0
1970,358.53,5,0.516445,0.0000,0.158000,0
1971,358.40,5,0.537924,0.0000,0.153400,0
1972,358.33,5,0.534104,0.0000,0.157100,0
1973,357.87,5,0.539095,0.2000,0.156200,0
1974,356.89,5,0.556267,0.0000,0.163200,0
1975,356.89,5,0.551473,0.0000,0.158200,0
1976,355.90,5,0.579558,0.0000,0.163200,0
1977,355.90,5,0.568235,0.0000,0.149800,0
1978,355.24,5,0.570583,0.0000,0.163400,0
1979,355.11,5,0.572686,0.0000,0.158300,0
1980,354.65,5,0.576013,0.2000,0.158800,0
1981,354.65,5,0.579561,0.0000,0.163500,0
1982,353.60,5,0.578719,0.0000,0.156400,0
1983,353.60,5,0.577208,0.2000,0.155800,0
1984,352.61,5,0.585394,0.2000,0.158600,0
1985,352.61,5,0.601068,0.0000,0.153300,0
1986,352.61,5,0.851944,0.0000,0.159200,0
1987,352.61,5,0.797407,0.0000,0.158700,0
1988,351.30,5,0.806356,0.0000,0.156600,0
1989,351.30,5,0.812143,0.0000,0.153000,0
1990,350.97,5,0.816144,0.0000,0.159700,0
1991,350.51,5,0.878291,0.0000,0.161000,0
1992,349.52,11,0.954011,0.0000,0.230400,0
1993,349.46,11,1.005417,0.0000,0.223200,0
1994,349.33,11,1.048118,0.0000,0.233400,0
1995,349.00,11,1.088724,0.0000,0.232500,0
1996,348.41,11,1.134597,0.0000,0.228600,0
1997,348.41,11,1.162505,0.0000,0.230400,0
1998,348.01,11,1.197175,0.2000,0.223300,0
1999,347.42,11,1.224042,0.2000,0.232300,0
2000,346.50,11,1.270894,0.0000,0.230900,0
2001,346.50,11,1.321608,0.0000,0.232900,0
2002,345.45,11,1.426047,0.0000,0.226400,0
2003,345.45,11,1.392964,0.0000,0.225700,0
2004,344.53,11,1.444464,0.0000,0.223000,0
2005,344.07,11,1.480219,0.2000,0.226700,0
2006,343.81,11,1.396901,0.2000,0.231300,0
2007,343.81,11,1.300312,0.0000,0.235200,0
2008,343.08,11,1.239272,0.2000,0.227800,0
2009,342.56,11,1.182448,0.0000,0.233600,0
2010,342.56,11,1.107008,0.0000,0.227700,0
2011,342.10,11,1.042095,0.0000,0.230200,0
2012,341.57,11,0.984569,0.0000,0.233500,0
2013,341.11,11,0.951308,0.0000,0.234600,0
2014,340.85,5,0.903416,0.2000,0.163700,0
2015,340.52,5,0.684169,0.0000,0.153500,0
2016,339.67,5,0.641633,0.0000,0.156700,0
2017,339.67,5,0.645718,0.0000,0.156200,0
2018,339.14,5,0.620779,0.0000,0.158100,0
2019,338.61,5,0.595458,0.0000,0.160300,0
2020,338.61,5,0.523490,0.0000,0.158400,0
2021,338.15,5,0.517059,0.0000,0.156100,0
2022,337.50,5,0.514282,0.0000,0.157300,0
2023,337.17,5,0.504267,0.2000,0.160000,0
2024,336.91,5,0.497227,0.0000,0.156500,0
2025,336.64,9,0.489398,0.0000,0.095500,0
2026,336.18,9,0.481191,0.0000,0.099600,0
2027,335.52,9,0.465436,0.0000,0.095500,0
2028,335.52,9,0.439694,0.0000,0.096600,0
2029,335.20,9,0.416414,0.0000,0.090000,0
2030,334.54,9,0.395613,0.0000,0.093100,0
2031,333.95,9,0.359549,0.0000,0.094700,0
2032,333.55,9,0.354869,0.0000,0.095600,0
2033,332.70,9,0.332571,0.0000,0.092500,0
2034,331.58,9,0.354156,0.0000,0.097500,0
2035,331.58,9,0.345873,0.0000,0.095800,0
2036,331.25,9,0.368763,0.0000,0.096100,0
2037,330.73,9,0.368820,0.4000,0.096600,0
2038,330.73,9,0.368947,0.2000,0.091500,0
2039,329.61,9,0.376215,0.0000,0.097000,0
2040,329.61,9,0.376414,0.2000,0.098000,0
2041,328.62,9,0.396030,0.0000,0.094600,0
2042,328.62,9,0.392069,0.0000,0.096700,0
2043,327.64,9,0.423679,0.0000,0.093300,0
2044,327.05,9,0.445726,0.2000,0.092300,0
2045,326.78,9,0.448775,0.0000,0.093800,0
2046,324.68,9,0.495259,0.0000,0.093400,0
2047,324.68,5,0.525850,0.0000,0.162500,0
2048,323.70,5,0.593757,0.0000,0.156100,0
2049,322.84,5,0.672232,0.0000,0.157600,0
2050,322.84,5,0.735356,0.0000,0.156300,0
2051,321.86,5,0.793402,0.0000,0.155000,0
2052,321.86,5,0.841620,0.2000,0.158800,0
2053,320.87,5,0.906172,0.0000,0.161200,0
2054,320.21,11,0.959860,0.0000,0.228900,0
2055,320.21,11,0.939749,0.0000,0.225700,0
2056,319.75,11,0.964901,0.0000,0.228500,0
2057,318.77,11,0.954455,0.0000,0.233800,0
2058,318.77,11,0.940460,0.2000,0.222500,0
2059,318.18,5,0.936374,0.0000,0.162000,0
2060,317.19,5,0.921863,0.0000,0.163000,0
2061,316.80,5,0.885119,0.0000,0.158700,0
2062,315.88,5,0.848018,0.2000,0.159000,0
2063,315.81,5,0.800051,0.0000,0.156000,0
2064,315.22,5,0.749713,0.0000,0.160900,0
2065,314.89,5,0.687081,0.0000,0.159000,0
2066,314.24,5,0.632482,0.0000,0.157800,0
2067,314.10,5,0.585826,0.0000,0.159100,0
2068,313.84,5,0.535877,0.0000,0.154900,0
2069,313.05,5,0.501239,0.0000,0.161500,0
2070,312.92,9,0.456494,0.0000,0.093500,0
2071,312.86,9,0.449056,0.0000,0.092200,0
2072,312.07,9,0.440317,0.0000,0.095800,0
2073,311.87,9,0.434670,0.0000,0.091000,0
2074,311.87,9,0.431044,0.0000,0.097800,0
2075,311.08,9,0.474336,0.0000,0.096000,0
2076,310.62,5,0.532217,0.0000,0.158500,0
2077,310.62,5,0.607820,0.0000,0.159400,0
2078,310.10,5,0.686176,0.0000,0.156000,0
2079,309.18,5,0.793009,0.0000,0.157600,0
2080,309.11,5,0.885372,0.0000,0.154800,0
2081,308.65,5,0.895236,0.0000,0.161300,0
2082,308.06,5,0.868374,0.0000,0.156300,0
2083,307.93,5,0.834957,0.2000,0.151800,0
2084,307.67,5,0.796486,0.0000,0.156800,0
2085,307.08,5,0.757517,0.0000,0.155700,0
2086,306.68,5,0.701005,0.0000,0.160600,0
2087,306.68,5,0.723459,0.0000,0.150100,0
2088,306.09,5,0.691535,0.0000,0.153500,0
2089,305.96,5,0.688821,0.0000,0.161200,0
2090,305.70,5,0.692920,0.0000,0.158500,0
2091,305.10,5,0.689797,0.0000,0.168900,0
2092,304.71,5,0.691759,0.0000,0.160300,0
2093,304.71,5,0.688730,0.0000,0.158400,0
2094,304.12,5,0.685933,0.0000,0.154900,0
2095,303.40,5,0.685830,0.0000,0.156500,0
2096,303.20,5,0.687171,0.0000,0.154900,0
2097,303.13,5,0.685201,0.0000,0.154300,0
2098,302.41,5,0.687029,0.0000,0.158000,0
2099,302.15,5,0.687086,0.0000,0.163000,0
2100,302.15,5,0.692956,0.0000,0.161100,0
2101,301.76,5,0.683711,0.0000,0.155500,0
2102,301.23,5,0.677463,0.0000,0.156200,0
2103,300.51,5,0.662947,0.0000,0.155200,0
2104,300.51,5,0.643712,0.0000,0.156700,0
2105,300.18,5,0.634035,0.0000,0.158700,0
2106,299.46,5,0.622657,0.0000,0.155300,0
2107,299.19,5,0.614928,0.0000,0.154800,0
2108,299.19,5,0.602450,0.2000,0.157800,0
2109,298.54,5,0.588500,0.0000,0.156600,0
2110,298.21,5,0.589393,0.0000,0.158700,0
2111,297.49,5,0.540083,0.0000,0.153700,0
2112,297.49,5,0.569504,0.0000,0.153100,0
2113,297.22,5,0.525844,0.0000,0.159000,0
2114,296.50,9,0.487087,0.2000,0.097100,0
2115,296.30,9,0.463461,0.0000,0.090700,0
2116,295.39,9,0.447744,0.0000,0.097500,0
2117,295.25,9,0.443527,0.0000,0.097100,0
2118,295.25,9,0.420453,0.0000,0.092600,0
2119,294.40,9,0.427678,0.0000,0.094500,0
2120,294.40,9,0.433340,0.0000,0.094500,0
2121,293.35,9,0.364837,0.2000,0.093300,0
2122,293.35,9,0.396776,0.2000,0.093500,0
2123,292.30,9,0.367894,0.0000,0.096500,0
2124,292.30,9,0.360121,0.0000,0.091700,0
2125,291.45,9,0.370588,0.0000,0.094300,0
2126,291.31,9,0.359426,0.0000,0.090300,0
2127,291.31,9,0.344002,0.0000,0.095200,0
2128,290.39,9,0.335779,0.0000,0.096200,0
2129,289.67,9,0.336076,0.0000,0.091300,0
2130,289.41,9,0.328648,0.0000,0.095000,0
2131,289.34,9,0.307701,0.0000,0.095000,0
2132,288.62,9,0.297156,0.0000,0.088600,0
2133,288.43,9,0.276639,0.0000,0.099800,0
2134,288.36,9,0.251653,0.2000,0.091900,0
2135,287.51,9,0.241139,0.0000,0.090900,0
2136,287.44,9,0.223928,0.0000,0.097500,0
2137,286.39,9,0.222737,0.0000,0.092800,0
2138,286.39,9,0.216114,0.0000,0.096200,0
2139,285.40,9,0.225971,0.0000,0.091400,0
2140,284.55,9,0.243911,0.0000,0.096300,0
2141,284.42,9,0.245952,0.0000,0.092300,0
2142,283.50,9,0.259118,0.0000,0.091600,0
2143,283.44,9,0.290281,0.0000,0.094800,0
2144,282.45,9,0.329100,0.2000,0.094900,0
2145,282.25,9,0.378254,0.0000,0.097100,0
2146,282.25,9,0.378263,0.0000,0.100000,0
2147,281.47,9,0.395677,0.0000,0.101000,0
2148,281.27,9,0.421092,0.0000,0.091300,0
2149,280.55,5,0.523368,0.0000,0.158900,0
2150,280.48,5,0.575337,0.0000,0.151700,0
2151,280.28,5,0.595192,0.0000,0.152300,0
2152,279.43,5,0.641746,0.0000,0.155800,0
2153,279.43,5,0.629472,0.0000,0.153000,0
2154,279.10,5,0.647711,0.0000,0.155400,0
2155,278.51,5,0.644976,0.0000,0.160800,0
2156,278.12,5,0.646681,0.0000,0.162800,0
2157,277.86,5,0.649522,0.0000,0.151300,0
2158,277.53,5,0.658181,0.0000,0.157300,0
2159,277.13,5,0.656022,0.0000,0.153900,0
2160,276.54,5,0.672738,0.0000,0.164500,0
2161,276.54,5,0.667895,0.0000,0.164700,0
2162,275.89,5,0.665931,0.0000,0.159300,0
2163,275.49,5,0.645087,0.0000,0.157100,0
2164,275.49,5,0.617019,0.0000,0.154000,0
2165,274.51,5,0.589427,0.0000,0.158100,0
2166,274.18,5,0.562850,0.0000,0.162800,0
2167,274.18,5,0.536629,0.0000,0.156400,0
2168,273.72,5,0.515939,0.2000,0.154100,0
2169,273.20,9,0.491172,0.0000,0.095400,0
2170,272.87,9,0.458916,0.0000,0.094300,0
2171,272.47,9,0.429785,0.0000,0.091900,0
2172,272.21,9,0.395591,0.0000,0.089200,0
2173,271.55,9,0.358638,0.0000,0.095600,0
2174,271.49,9,0.321104,0.0000,0.095700,0
2175,270.57,9,0.285550,0.0000,0.093600,0
2176,269.91,9,0.259756,0.0000,0.096500,0
2177,269.52,9,0.238156,0.0000,0.092300,0
2178,268.67,9,0.226848,0.0000,0.090700,0
2179,268.27,9,0.233695,0.0000,0.096600,0
2180,268.27,9,0.233677,0.0000,0.092200,0
2181,267.68,9,0.249133,0.0000,0.091000,0
2182,267.68,9,0.261340,0.0000,0.098000,0
2183,266.70,9,0.382178,0.0000,0.094900,0
2184,266.70,9,0.323404,0.0000,0.093900,0
2185,266.17,9,0.422663,0.0000,0.091900,0
2186,265.71,9,0.456775,0.0000,0.098800,0
2187,265.32,5,0.502549,0.0000,0.160200,0
2188,265.32,5,0.557085,0.0000,0.159800,0
2189,264.66,5,0.618630,0.0000,0.166000,0
2190,264.34,5,0.688405,0.0000,0.151800,0
2191,264.34,5,0.736738,0.0000,0.158800,0
2192,263.61,5,0.728455,0.0000,0.156900,0
2193,263.61,5,0.727583,0.0000,0.155500,0
2194,263.35,5,0.730435,0.0000,0.161500,0
2195,263.35,5,0.729754,0.0000,0.156700,0
2196,262.89,5,0.722018,0.0000,0.154600,0
2197,262.70,5,0.720798,0.2000,0.157800,0
2198,262.37,5,0.716067,0.0000,0.158800,0
2199,261.65,5,0.706839,0.0000,0.154200,0
2200,261.65,5,0.694123,0.0000,0.158200,0
2201,261.38,5,0.697447,0.0000,0.151400,0
2202,261.38,5,0.696573,0.0000,0.155000,0
2203,260.73,5,0.692258,0.0000,0.156100,0
2204,260.40,5,0.686452,0.0000,0.160400,0
2205,260.40,5,0.678096,0.0000,0.159200,0
2206,259.74,5,0.684949,0.0000,0.159100,0
2207,259.74,5,0.683514,0.0000,0.154700,0
2208,258.82,5,0.702789,0.0000,0.154100,0
2209,258.43,5,0.703172,0.2000,0.162700,0
2210,258.10,5,0.732178,0.0000,0.163300,0
2211,257.71,5,0.715969,0.0000,0.155700,0
2212,257.45,5,0.704006,0.0000,0.160100,0
2213,257.12,5,0.716108,0.0000,0.161400,0
2214,256.46,5,0.787172,0.0000,0.157400,0
2215,256.46,5,0.752056,0.0000,0.159200,0
2216,256.13,5,0.807262,0.0000,0.158500,0
2217,255.74,5,0.803180,0.0000,0.157700,0
2218,255.74,5,0.803430,0.0000,0.160000,0
2219,254.76,5,0.855342,0.0000,0.157500,0
2220,253.90,11,0.993153,0.0000,0.223200,0
2221,253.90,11,1.106021,0.4000,0.228200,0
2222,253.12,11,1.211252,0.0000,0.239400,0
2223,252.85,11,1.318655,0.0000,0.231900,0
2224,252.85,11,1.275617,0.2000,0.227700,0
2225,252.07,11,1.352858,0.2000,0.232800,0
2226,251.81,11,1.390515,0.0000,0.232100,0
2227,251.81,11,1.366213,0.0000,0.230500,0
2228,250.82,11,1.397892,0.0000,0.226800,0
2229,250.23,11,1.319038,0.0000,0.220600,0
2230,249.84,11,1.252933,0.0000,0.223700,0
2231,249.84,11,1.231008,0.0000,0.232600,0
2232,249.12,11,1.190172,0.0000,0.227700,0
2233,248.85,11,1.145744,0.0000,0.228600,0
2234,248.07,11,1.123933,0.0000,0.222800,0
2235,248.00,11,1.117387,0.0000,0.224900,0
2236,248.00,11,1.109738,0.0000,0.224400,0
2237,247.08,11,1.104882,0.0000,0.226400,0
2238,246.89,11,1.062632,0.0000,0.232500,0
2239,246.89,11,1.021523,0.0000,0.227500,0
2240,246.10,11,0.976629,0.0000,0.220400,0
2241,245.90,5,0.937832,0.0000,0.160600,0
2242,245.90,5,0.889394,0.0000,0.154100,0
2243,245.05,5,0.854648,0.0000,0.156800,0
2244,244.92,5,0.811605,0.0000,0.160600,0
2245,244.20,5,0.774907,0.0000,0.160100,0
2246,244.13,5,0.739390,0.0000,0.155900,0
2247,243.08,5,0.712564,0.0000,0.156100,0
2248,242.95,5,0.692934,0.0000,0.154800,0
2249,242.95,5,0.680232,0.0000,0.161300,0
2250,242.10,5,0.677500,0.0000,0.157500,0
2251,241.97,5,0.689929,0.0000,0.160500,0
2252,241.18,5,0.689051,0.0000,0.151100,0
2253,241.12,5,0.684588,0.0000,0.152500,0
2254,240.53,5,0.705591,0.0000,0.159300,0
2255,240.20,5,0.720845,0.0000,0.156900,0
2256,240.13,5,0.719657,0.0000,0.160900,0
2257,240.00,5,0.727223,0.0000,0.151000,0
2258,239.15,5,0.797535,0.0000,0.147700,0
2259,239.15,5,0.836606,0.0000,0.159200,0
2260,238.43,5,0.849344,0.0000,0.157600,0
2261,238.17,5,0.887037,0.0000,0.155600,0
2262,238.04,5,0.843817,0.0000,0.160000,0
2263,237.71,5,0.830038,0.0000,0.158800,0
2264,237.18,11,0.969468,0.0000,0.229600,0
2265,237.05,11,1.077516,0.0000,0.228900,0
2266,236.46,11,1.191288,0.0000,0.227500,0
2267,236.07,11,1.198306,0.0000,0.224400,0
2268,235.48,11,1.205093,0.0000,0.225300,0
2269,235.48,11,1.205602,0.0000,0.226300,0
2270,235.09,11,1.234485,0.0000,0.226700,0
2271,234.50,11,1.263325,0.0000,0.227900,0
2272,234.23,11,1.294373,0.0000,0.226300,0
2273,234.10,11,1.318454,0.0000,0.227100,0
2274,233.51,11,1.353708,0.0000,0.235800,0
2275,233.12,11,1.387594,0.0000,0.228000,0
2276,233.12,11,1.401127,0.0000,0.234600,0
2277,232.53,11,1.429707,0.0000,0.227600,0
2278,232.14,11,1.455890,0.2000,0.224600,0
2279,232.14,11,1.477703,0.2000,0.227400,0
2280,231.81,11,1.475428,0.2000,0.229600,0
2281,231.55,11,1.495354,0.0000,0.226600,0
2282,231.15,11,1.508423,0.0000,0.233100,0
2283,230.56,11,1.521149,0.0000,0.233900,0
2284,230.56,11,1.530627,0.4000,0.226500,0
2285,230.24,11,1.546235,0.0000,0.233500,0
2286,229.58,11,1.548186,0.0000,0.227500,0
2287,229.32,11,1.539123,0.2000,0.225700,0
2288,229.32,11,1.534060,0.0000,0.224800,0
2289,228.53,11,1.547149,0.0000,0.226100,0
2290,228.27,11,1.514383,0.0000,0.229000,0
2291,228.27,11,1.529937,0.0000,0.224900,0
2292,227.42,11,1.484136,0.0000,0.229100,0
2293,227.29,11,1.417316,0.0000,0.227000,0
2294,227.29,11,1.440959,0.0000,0.228000,0
2295,226.57,11,1.397095,0.0000,0.231800,0
2296,226.30,11,1.366810,0.0000,0.227400,0
2297,225.91,11,1.354594,0.2000,0.226700,0
2298,225.58,11,1.353342,0.0000,0.224500,0
2299,225.32,11,1.343768,0.0000,0.231900,0
2300,225.32,11,1.339388,0.0000,0.229000,0
2301,224.47,11,1.328912,0.0000,0.231000,0
2302,224.27,11,1.282657,0.0000,0.223400,0
2303,224.27,11,1.305755,0.0000,0.217500,0
2304,223.42,11,1.227304,0.0000,0.230900,0
2305,223.29,11,1.178513,0.0000,0.235700,0
2306,222.96,11,1.193549,0.0000,0.231200,0
2307,222.44,11,1.169964,0.0000,0.231200,0
2308,222.37,11,1.161578,0.0000,0.223800,0
2309,222.37,11,1.149201,0.0000,0.222800,0
2310,221.39,11,1.118207,0.0000,0.230200,0
2311,221.00,11,1.090784,0.2000,0.226800,0
2312,220.41,11,1.075111,0.2000,0.232400,0
2313,219.49,11,1.107882,0.0000,0.230900,0
2314,219.43,11,1.139994,0.0000,0.236500,0
2315,219.36,11,1.151680,0.2000,0.229600,0
2316,218.51,11,1.120471,0.0000,0.232800,0
2317,218.51,11,1.084799,0.0000,0.224100,0
2318,217.46,11,1.054323,0.0000,0.234900,0
2319,217.46,11,1.034278,0.0000,0.224800,0
2320,216.48,11,1.028798,0.0000,0.227800,0
2321,216.41,11,1.011628,0.0000,0.231900,0
2322,216.41,11,0.974780,0.0000,0.239600,0
2323,215.50,5,0.921501,0.0000,0.159500,0
2324,215.43,5,0.859559,0.0000,0.154200,0
2325,215.10,5,0.802813,0.0000,0.155500,0
2326,214.51,5,0.763437,0.0000,0.154300,0
2327,214.12,5,0.738639,0.0000,0.155100,0
2328,213.79,5,0.733100,0.0000,0.157300,0
2329,213.47,5,0.739451,0.0000,0.157400,0
2330,212.48,5,0.760359,0.0000,0.153900,0
2331,212.48,5,0.773161,0.0000,0.160700,0
2332,211.50,5,0.806684,0.0000,0.153400,0
2333,210.91,5,0.822290,0.0000,0.153300,0
2334,210.46,5,0.811717,0.0000,0.152900,0
2335,209.93,5,0.819932,0.0000,0.157700,0
2336,209.47,5,0.877492,0.0000,0.155900,0
2337,208.82,11,1.014283,0.0000,0.227800,0
2338,208.56,11,1.138381,0.0000,0.233100,0
2339,207.57,11,1.405030,0.0000,0.225900,0
2340,206.53,11,1.457253,0.0000,0.223200,0
2341,206.20,11,1.523890,0.0000,0.227100,0
2342,205.68,11,1.543413,0.2000,0.231100,0
2343,205.22,11,1.574557,0.0000,0.232400,0
2344,205.22,11,1.593954,0.2000,0.228800,0
2345,204.56,11,1.632198,0.2000,0.226900,0
2346,204.24,2,1.651262,0.2000,0.398700,0
2347,204.24,2,1.666790,0.0000,0.393900,0
2348,203.25,2,1.699580,0.0000,0.400600,0
2349,202.99,2,1.726399,0.2000,0.399000,0
2350,202.73,2,1.750456,0.0000,0.396900,0
2351,202.27,2,1.791820,0.2000,0.400700,0
2352,202.27,2,1.770904,0.2000,0.400100,0
2353,201.62,2,1.813072,0.2000,0.400800,0
2354,201.62,2,1.823948,0.4000,0.402900,0
2355,201.29,2,1.832042,0.4000,0.391200,0
2356,200.83,2,1.834315,0.2000,0.399900,0
2357,200.64,2,1.834480,0.0000,0.399400,0
2358,200.31,2,1.831914,0.4000,0.392000,0
2359,199.85,2,1.839965,0.4000,0.389300,0
2360,199.66,2,1.836028,0.0000,0.392800,0
2361,198.80,2,1.835917,0.0000,0.399400,0
2362,198.35,2,1.851108,0.0000,0.386000,0
2363,197.76,2,1.850607,0.2000,0.401400,0
2364,197.37,2,1.837154,0.2000,0.400600,0
2365,196.84,2,1.817239,0.2000,0.394600,0
2366,196.78,2,1.805645,0.0000,0.391400,0
2367,196.38,2,1.794260,0.6000,0.394900,0
2368,196.38,2,1.783425,0.4000,0.395600,0
2369,195.86,2,1.754847,0.0000,0.397200,0
2370,195.40,2,1.754124,0.0000,0.397100,0
2371,195.40,2,1.760691,0.0000,0.404800,0
2372,194.75,2,1.727531,0.2000,0.396100,0
2373,194.42,2,1.681642,0.2000,0.392700,0
2374,194.16,11,1.592898,0.2000,0.227900,0
2375,193.90,11,1.461204,0.0000,0.234700,0
2376,193.90,11,1.385587,0.2000,0.234000,0
2377,193.11,11,1.412493,0.0000,0.226300,0
2378,192.85,11,1.305403,0.0000,0.225900,0
2379,192.85,11,1.379901,0.0000,0.233600,0
2380,192.13,11,1.229445,0.0000,0.238000,0
2381,191.87,11,1.143738,0.0000,0.228700,0
2382,191.87,11,1.083213,0.0000,0.228200,0
2383,190.83,11,1.069902,0.0000,0.232500,0
2384,190.76,11,1.050829,0.0000,0.223200,0
2385,190.17,11,1.038276,0.0000,0.229800,0
2386,189.78,11,0.978111,0.0000,0.228600,0
2387,189.19,5,0.925730,0.0000,0.158700,0
2388,188.93,5,0.899117,0.0000,0.157100,0
2389,188.80,5,0.871298,0.0000,0.148800,0
2390,188.21,5,0.864674,0.0000,0.166600,0
2391,187.82,5,0.846921,0.0000,0.153900,0
2392,187.49,5,0.862548,0.0000,0.167000,0
2393,187.23,5,0.877824,0.0000,0.162400,0
2394,186.84,5,0.885935,0.0000,0.161600,0
2395,186.51,5,0.885875,0.0000,0.156200,0
2396,185.86,5,0.896748,0.0000,0.159000,0
2397,185.53,5,0.912118,0.0000,0.157200,0
2398,185.14,5,0.920224,0.0000,0.156400,0
2399,184.55,11,0.942107,0.0000,0.226700,0
2400,183.57,11,0.969431,0.0000,0.222000,0
2401,183.31,11,1.017627,0.0000,0.230400,0
2402,182.59,11,1.048289,0.0000,0.228100,0
2403,181.87,11,1.080488,0.0000,0.228600,0
2404,181.61,11,1.101734,0.0000,0.231700,0
2405,180.96,11,1.090299,0.2000,0.225900,0
2406,180.63,11,1.091114,0.0000,0.230300,0
2407,180.17,11,1.186929,0.0000,0.227000,0
2408,179.65,11,1.205917,0.2000,0.230000,0
2409,179.65,11,1.233988,0.0000,0.228700,0
2410,179.13,11,1.228514,0.0000,0.231800,0
2411,179.13,11,1.210363,0.0000,0.226300,0
2412,178.67,11,1.226465,0.0000,0.229500,0
2413,178.15,11,1.233497,0.0000,0.228300,0
2414,177.95,11,1.269475,0.0000,0.220900,0
2415,177.95,11,1.264516,0.0000,0.223000,0
2416,177.23,11,1.281948,0.0000,0.234800,0
2417,176.97,11,1.283506,0.0000,0.227600,0
2418,176.12,11,1.305200,0.0000,0.231900,0
2419,175.99,11,1.309763,0.0000,0.231400,0
2420,175.99,11,1.304183,0.0000,0.229600,0
2421,175.15,11,1.315238,0.0000,0.233800,0
2422,175.01,11,1.297926,0.0000,0.224900,0
2423,175.01,11,1.276668,0.0000,0.233900,0
2424,174.17,11,1.278596,0.0000,0.238100,0
2425,174.17,11,1.259786,0.0000,0.226700,0
2426,173.45,11,1.251657,0.0000,0.227400,0
2427,173.19,11,1.221969,0.0000,0.227500,0
2428,173.06,11,1.178178,0.0000,0.227500,0
2429,172.73,11,1.170472,0.0000,0.228500,0
2430,172.14,11,1.134690,0.0000,0.232300,0
2431,171.75,11,1.129797,0.0000,0.229000,0
2432,171.49,11,1.125376,0.0000,0.231300,0
2433,170.51,11,1.165122,0.0000,0.238800,0
2434,170.51,11,1.176161,0.0000,0.225300,0
2435,169.79,11,1.185048,0.0000,0.230300,0
2436,169.47,11,1.174709,0.2000,0.229200,0
2437,169.47,11,1.156348,0.0000,0.235000,0
2438,168.81,11,1.139123,0.0000,0.236100,0
2439,168.49,11,1.130463,0.0000,0.234400,0
2440,168.23,11,1.108909,0.0000,0.228000,0
2441,168.23,11,1.084811,0.0000,0.227100,0
2442,167.84,11,1.060399,0.0000,0.227400,0
2443,167.51,11,1.069092,0.0000,0.231400,0
2444,167.25,11,1.064443,0.0000,0.227400,0
2445,167.18,11,1.081051,0.0000,0.214000,0
2446,166.53,11,1.055122,0.0000,0.221900,0
2447,166.53,11,1.046017,0.0000,0.229100,0
2448,166.27,11,1.022983,0.0000,0.229300,0
2449,165.55,11,0.984491,0.0000,0.232600,0
2450,165.29,11,0.955138,0.0000,0.228600,0
2451,165.29,11,0.981581,0.0000,0.226300,0
2452,164.57,5,0.934826,0.0000,0.151800,0
2453,163.46,11,0.953696,0.0000,0.224700,0
2454,163.33,11,0.946187,0.0000,0.232800,0
2455,163.20,11,0.955518,0.0000,0.238000,0
2456,162.62,11,0.965694,0.0000,0.234900,0
2457,162.62,11,0.967673,0.0000,0.231700,0
2458,162.36,11,0.969468,0.0000,0.220200,0
2459,161.64,11,1.044921,0.0000,0.222400,0
2460,161.64,11,1.017537,0.0000,0.229800,0
2461,161.38,11,1.055433,0.0000,0.234400,0
2462,160.92,11,1.103164,0.0000,0.231100,0
2463,160.40,11,1.219575,0.0000,0.229000,0
2464,160.33,11,1.331601,0.0000,0.230300,0
2465,159.94,11,1.443071,0.0000,0.231400,0
2466,159.68,11,1.479789,0.2000,0.233600,0
2467,159.42,11,1.562555,0.2000,0.224600,0
2468,159.29,2,1.733579,0.0000,0.393400,0
2469,159.29,2,1.642104,0.2000,0.390100,0
2470,158.51,2,1.800578,0.0000,0.395200,0
2471,158.31,2,1.840711,0.4000,0.398400,0
2472,157.53,2,1.891486,0.0000,0.400700,0
2473,157.27,2,1.925563,0.4000,0.403100,0
2474,156.42,2,1.967199,0.0000,0.396100,0
2475,156.36,2,2.001457,0.2000,0.390700,0
2476,156.36,2,2.000383,0.2000,0.405000,0
2477,155.58,2,2.011147,0.6000,0.399100,0
2478,155.44,2,2.021189,0.0000,0.400600,0
2479,154.47,2,2.057887,0.4000,0.401100,0
2480,154.47,2,2.057372,0.4000,0.391900,0
2481,153.49,2,2.149685,0.4000,0.398400,0
2482,153.49,2,2.107565,0.0000,0.396900,0
2483,153.03,2,2.173433,0.4000,0.393400,0
2484,152.51,2,2.206675,0.4000,0.395300,0
2485,152.51,2,2.230120,0.2000,0.396300,0
2486,151.80,2,2.232980,0.2000,0.400400,0
2487,151.54,2,2.206178,0.4000,0.399700,0
2488,150.49,2,2.221657,0.2000,0.403200,0
2489,149.52,2,2.077561,0.2000,0.406700,0
2490,149.52,2,2.152411,0.2000,0.401300,0
2491,149.13,2,2.003305,0.6000,0.395000,0
2492,148.47,2,1.862051,0.0000,0.399900,0
2493,148.47,2,1.918399,0.4000,0.401700,0
2494,147.82,2,1.862509,0.2000,0.404600,0
2495,147.50,2,1.861725,0.2000,0.403000,0
2496,147.43,2,1.810873,0.2000,0.400000,0
2497,146.59,2,1.743783,0.0000,0.410000,0
2498,146.59,2,1.659399,0.0000,0.399100,0
2499,145.61,11,1.596148,0.2000,0.225200,0
2500,144.89,11,1.492988,0.2000,0.232300,0
2501,144.89,11,1.538750,0.0000,0.227900,0
2502,144.18,11,1.446978,0.0000,0.235800,0
2503,143.20,11,1.404843,0.2000,0.236400,0
2504,142.88,11,1.368946,0.0000,0.227500,0
2505,142.62,11,1.326494,0.0000,0.234000,0
2506,142.23,11,1.298383,0.0000,0.226100,0
2507,141.64,11,1.246651,0.0000,0.229000,0
2508,141.64,11,1.215069,0.0000,0.230500,0
2509,140.60,11,1.168444,0.0000,0.231100,0
2510,140.60,11,1.188587,0.0000,0.231600,0
2511,140.27,11,1.147569,0.0000,0.231700,0
2512,139.69,11,1.136384,0.0000,0.220500,0
2513,139.04,11,1.128754,0.0000,0.225200,0
2514,138.58,11,1.122387,0.0000,0.226300,0
2515,138.58,11,1.124730,0.0000,0.228000,0
2516,137.74,11,1.121522,0.0000,0.228300,0
2517,137.02,11,1.135684,0.0000,0.228600,0
2518,136.76,11,1.165689,0.0000,0.222700,0
2519,136.30,11,1.155116,0.0000,0.225900,0
2520,135.85,11,1.143340,0.2000,0.228500,0
2521,135.65,11,1.143557,0.2000,0.224900,0
2522,135.33,11,1.121809,0.0000,0.229500,0
2523,134.94,11,1.107958,0.0000,0.228700,0
2524,134.68,11,1.132689,0.0000,0.223100,0
2525,134.35,11,1.170125,0.0000,0.227700,0
2526,133.83,11,1.262105,0.0000,0.233300,0
2527,133.38,11,1.251011,0.0000,0.225600,0
2528,132.79,11,1.248730,0.0000,0.225300,0
2529,132.40,11,1.244993,0.0000,0.226300,0
2530,131.82,11,1.241778,0.0000,0.231100,0
2531,130.71,11,1.281835,0.0000,0.230800,0
2532,129.86,11,1.324789,0.0000,0.234600,0
2533,129.41,11,1.338874,0.0000,0.228600,0
2534,129.41,11,1.344502,0.0000,0.225600,0
2535,129.02,11,1.361975,0.0000,0.231200,0
2536,125.51,11,1.523333,0.0000,0.227400,0
2537,125.18,11,1.555570,0.0000,0.230800,0
2538,124.79,11,1.610652,0.2000,0.219700,0
2539,123.95,2,1.699431,0.4000,0.394000,0
2540,123.95,2,1.669450,0.2000,0.400800,0
2541,122.97,2,1.759397,0.2000,0.392600,0
2542,122.52,2,1.836721,0.2000,0.390400,0
2543,122.52,2,1.803656,0.2000,0.393100,0
2544,121.87,2,1.873239,0.2000,0.390700,0
2545,121.54,2,1.897528,0.2000,0.405300,0
2546,121.54,2,1.909854,0.2000,0.399800,0
2547,121.02,2,1.909912,0.2000,0.405600,0
2548,120.57,2,1.911119,0.4000,0.396600,0
2549,120.12,2,1.894402,0.0000,0.400100,0
2550,119.92,2,1.863951,0.2000,0.401800,0
2551,119.60,2,1.742939,0.0000,0.400400,0
2552,119.60,2,1.808696,0.0000,0.389800,0
2553,119.08,2,1.672611,0.2000,0.402100,0
2554,118.62,11,1.618114,0.0000,0.225100,0
2555,118.62,11,1.547470,0.2000,0.230800,0
2556,118.17,11,1.463274,0.0000,0.229800,0
2557,118.10,11,1.367524,0.0000,0.227500,0
2558,118.04,11,1.243694,0.0000,0.235000,0
2559,117.06,11,1.058450,0.0000,0.224800,0
2560,117.06,11,1.130326,0.0000,0.223500,0
2561,116.15,11,0.977641,0.2000,0.230100,0
2562,115.63,5,0.894704,0.0000,0.160400,0
2563,115.11,5,0.827331,0.2000,0.161600,0
2564,114.66,5,0.766447,0.0000,0.151300,0
2565,114.14,5,0.803387,0.0000,0.158200,0
2566,113.43,5,0.782410,0.0000,0.160200,0
2567,113.10,5,0.760012,0.0000,0.160200,0
2568,112.71,5,0.748489,0.0000,0.159600,0
2569,112.13,5,0.737706,0.0000,0.159600,0
2570,111.41,5,0.750586,0.0000,0.154600,0
2571,111.15,5,0.747601,0.0000,0.154200,0
2572,111.02,5,0.734747,0.0000,0.159500,0
2573,110.11,5,0.763942,0.0000,0.159700,0
2574,109.47,5,0.768575,0.0000,0.161200,0
2575,109.21,5,0.758234,0.0000,0.158600,0
2576,108.75,5,0.751709,0.0000,0.153600,0
2577,108.43,5,0.742368,0.0000,0.156100,0
2578,108.23,5,0.734534,0.0000,0.161300,0
2579,108.17,5,0.709973,0.0000,0.161700,0
2580,107.52,5,0.716818,0.0000,0.160300,0
2581,107.19,5,0.745104,0.0000,0.153700,0
2582,107.06,5,0.782331,0.0000,0.154700,0
2583,106.48,5,0.844553,0.0000,0.151700,0
2584,106.22,5,0.894754,0.0000,0.159100,0
2585,106.09,11,0.962754,0.0000,0.230100,0
2586,106.09,11,0.941022,0.0000,0.230300,0
2587,105.25,11,1.018483,0.0000,0.228100,0
2588,105.25,11,1.055395,0.0000,0.232200,0
2589,105.18,11,1.052104,0.0000,0.230900,0
2590,104.14,11,1.108275,0.0000,0.227900,0
2591,104.14,11,1.110787,0.0000,0.229400,0
2592,103.49,11,1.146044,0.0000,0.235600,0
2593,103.30,11,1.162583,0.0000,0.226100,0
2594,103.30,11,1.164200,0.0000,0.235300,0
2595,102.59,11,1.201200,0.0000,0.233000,0
2596,102.26,11,1.230895,0.0000,0.226800,0
2597,101.61,11,1.272257,0.0000,0.233000,0
2598,101.29,11,1.308152,0.0000,0.233300,0
2599,100.90,11,1.338098,0.0000,0.228000,0
2600,100.58,11,1.363483,0.0000,0.232300,0
2601,100.58,11,1.365352,0.0000,0.217700,0
2602,100.32,11,1.386166,0.2000,0.228700,0
2603,100.32,11,1.391130,0.0000,0.230800,0
2604,99.28,11,1.430077,0.0000,0.230100,0
2605,99.21,11,1.440686,0.0000,0.228100,0
2606,98.63,11,1.474016,0.0000,0.230100,0
2607,98.63,11,1.483971,0.0000,0.232100,0
2608,98.31,11,1.496765,0.0000,0.232300,0
2609,97.46,11,1.548281,0.0000,0.221200,0
2610,97.27,11,1.595584,0.2000,0.225400,0
2611,97.27,11,1.581399,0.4000,0.231000,0
2612,96.68,11,1.635618,0.2000,0.224800,0
2613,96.49,2,1.662004,0.2000,0.397300,0
2614,96.36,2,1.679329,0.0000,0.398400,0
2615,95.71,2,1.731830,0.0000,0.394800,0
2616,95.39,2,1.806683,0.0000,0.395600,0
2617,94.42,2,1.917172,0.4000,0.399100,0
2618,94.42,2,2.009669,0.0000,0.406000,0
2619,93.70,2,2.144773,0.2000,0.394200,0
2620,93.44,2,2.215234,0.2000,0.401500,0
2621,93.25,2,2.333367,0.4000,0.400300,0
2622,92.99,2,2.431354,0.8000,0.396500,0
2623,92.99,2,2.470061,0.6000,0.404900,0
2624,92.54,2,2.504035,0.2000,0.393800,0
2625,92.47,2,2.486077,0.4000,0.395800,0
2626,91.44,2,2.538824,0.6000,0.399200,0
2627,91.37,2,2.517029,0.2000,0.405300,0
2628,90.46,2,2.412651,0.2000,0.402900,0
2629,90.34,2,2.329750,0.4000,0.391200,0
2630,89.56,2,2.180594,0.0000,0.398000,0
2631,89.36,2,1.936174,0.2000,0.400800,0
2632,89.36,2,2.047546,0.4000,0.404300,0
2633,88.52,2,1.857247,0.2000,0.394300,0
2634,88.07,2,1.753682,0.0000,0.401900,0
2635,87.49,2,1.695960,0.0000,0.398100,0
2636,87.10,2,1.639804,0.2000,0.385300,0
2637,86.58,11,1.596147,0.2000,0.223900,0
2638,86.58,11,1.558090,0.0000,0.228700,0
2639,85.54,11,1.465983,0.0000,0.231100,0
2640,85.54,11,1.517891,0.4000,0.231100,0
2641,85.48,11,1.402124,0.0000,0.226100,0
2642,84.51,11,1.340703,0.0000,0.222600,0
2643,84.51,11,1.268101,0.2000,0.231000,0
2644,83.54,11,1.213573,0.0000,0.226200,0
2645,83.15,11,1.182664,0.0000,0.223400,0
2646,82.89,11,1.178849,0.0000,0.228200,0
2647,81.59,11,1.164140,0.0000,0.237800,0
2648,81.59,11,1.132884,0.0000,0.230700,0
2649,80.62,11,1.126598,0.0000,0.227200,0
2650,80.56,11,1.103705,0.0000,0.234600,0
2651,79.65,11,1.095277,0.0000,0.229900,0
2652,78.94,11,1.095445,0.0000,0.229300,0
2653,78.68,11,1.135458,0.0000,0.232900,0
2654,78.68,11,1.119480,0.0000,0.225900,0
2655,77.65,11,1.198468,0.0000,0.234600,0
2656,77.65,11,1.244523,0.0000,0.234600,0
2657,76.68,11,1.376988,0.2000,0.235300,0
2658,76.29,11,1.610285,0.0000,0.228500,0
2659,76.29,2,1.736164,0.4000,0.403200,0
2660,75.96,2,1.797483,0.6000,0.397300,0
2661,75.71,2,1.859660,0.0000,0.397900,0
2662,75.71,2,1.835424,0.0000,0.407500,0
2663,74.99,2,1.891870,0.0000,0.398200,0
2664,74.73,2,1.909298,0.2000,0.396200,0
2665,74.73,2,1.909306,0.2000,0.387000,0
2666,73.64,2,1.920908,0.2000,0.403200,0
2667,73.64,2,1.898993,0.0000,0.407300,0
2668,72.66,2,1.894214,0.0000,0.394200,0
2669,72.34,2,1.873341,0.0000,0.398000,0
2670,72.08,2,1.825737,0.4000,0.403100,0
2671,71.63,2,1.749005,0.6000,0.398800,0
2672,70.92,2,1.687862,0.2000,0.399600,0
2673,70.66,11,1.628394,0.2000,0.230600,0
2674,70.08,11,1.612307,0.0000,0.229500,0
2675,69.88,11,1.596288,0.2000,0.230200,0
2676,69.69,11,1.599576,0.0000,0.230500,0
2677,69.11,11,1.601518,0.0000,0.219900,0
2678,68.72,11,1.602295,0.2000,0.231100,0
2679,68.72,11,1.576070,0.2000,0.228900,0
2680,68.14,11,1.587333,0.0000,0.231300,0
2681,67.82,11,1.573126,0.0000,0.229900,0
2682,67.75,11,1.549013,0.0000,0.227300,0
2683,67.10,11,1.527297,0.2000,0.225200,0
2684,66.85,11,1.517469,0.0000,0.225200,0
2685,66.72,11,1.473582,0.0000,0.230600,0
2686,65.88,11,1.538788,0.2000,0.229500,0
2687,65.75,11,1.565241,0.0000,0.228300,0
2688,64.91,11,1.601829,0.0000,0.224900,0
2689,64.91,11,1.617814,0.0000,0.228000,0
2690,63.94,2,1.661104,0.0000,0.393400,0
2691,63.87,2,1.703947,0.2000,0.394900,0
2692,63.87,2,1.762796,0.0000,0.403000,0
2693,62.97,2,1.753265,0.0000,0.392400,0
2694,62.84,2,1.801643,0.0000,0.393900,0
2695,62.84,2,1.756662,0.2000,0.399000,0
2696,61.94,2,1.810851,0.2000,0.401400,0
2697,61.81,2,1.837459,0.2000,0.401200,0
2698,61.81,2,1.835827,0.0000,0.390800,0
2699,60.84,2,1.833524,0.4000,0.398200,0
2700,60.52,2,1.851201,0.0000,0.410800,0
2701,59.87,2,1.899437,0.0000,0.392300,0
2702,59.87,2,1.871508,0.2000,0.397300,0
2703,59.10,2,1.857538,0.0000,0.388900,0
2704,58.90,2,1.833088,0.4000,0.394800,0
2705,57.87,2,1.790810,0.0000,0.399100,0
2706,57.09,2,1.731155,0.0000,0.401300,0
2707,56.90,2,1.687495,0.2000,0.398000,0
2708,56.13,11,1.603420,0.0000,0.227500,0
2709,55.93,11,1.550387,0.0000,0.236600,0
2710,55.61,11,1.419470,0.0000,0.228900,0
2711,55.61,11,1.500750,0.0000,0.225100,0
2712,55.16,11,1.364474,0.0000,0.224300,0
2713,54.64,11,1.292262,0.0000,0.240300,0
2714,54.64,11,1.207733,0.0000,0.227800,0
2715,53.93,11,1.185244,0.2000,0.232500,0
2716,53.93,11,1.188434,0.0000,0.228400,0
2717,53.16,11,1.253315,0.0000,0.229800,0
2718,52.96,11,1.271453,0.0000,0.230300,0
2719,52.12,11,1.374139,0.0000,0.230900,0
2720,51.99,11,1.410564,0.0000,0.228400,0
2721,51.99,11,1.388786,0.0000,0.231700,0
2722,51.16,11,1.513847,0.0000,0.222900,0
2723,51.16,11,1.482464,0.2000,0.228000,0
2724,50.70,11,1.489592,0.0000,0.235300,0
2725,50.12,11,1.522783,0.0000,0.225500,0
2726,50.00,11,1.527492,0.2000,0.228500,0
2727,50.00,11,1.496472,0.0000,0.232600,0
2728,49.22,11,1.565102,0.2000,0.231800,0
2729,49.16,11,1.586904,0.0000,0.239700,0
2730,48.71,2,1.696091,0.4000,0.399700,0
2731,48.71,2,1.649647,0.0000,0.395600,0
2732,48.19,2,1.779762,0.4000,0.404100,0
2733,48.12,2,1.831464,0.0000,0.397400,0
2734,47.48,2,1.950220,0.0000,0.401000,0
2735,47.22,2,2.079540,0.0000,0.392200,0
2736,47.16,2,2.153468,0.2000,0.400800,0
2737,47.03,2,2.238531,0.2000,0.391400,0
2738,46.19,2,2.315353,0.2000,0.402500,0
2739,46.19,2,2.361162,0.2000,0.393600,0
2740,45.16,2,2.432135,0.8000,0.397100,0
2741,45.09,2,2.481674,0.8000,0.390900,0
2742,44.51,2,2.559118,0.4000,0.396900,0
2743,44.26,2,2.590242,0.6000,0.401900,0
2744,43.48,2,2.676382,0.4000,0.384800,0
2745,43.23,2,2.715860,0.4000,0.398000,0
2746,42.52,14,2.809969,0.8000,0.600700,0
2747,42.26,14,2.860287,0.4000,0.604100,0
2748,42.26,14,2.922009,0.4000,0.606800,0
2749,41.55,14,2.984659,0.6000,0.601700,0
2750,41.23,14,3.030021,0.4000,0.604100,0
2751,41.23,14,3.089334,0.4000,0.614300,0
2752,40.59,14,3.154082,0.6000,0.603100,0
2753,40.52,14,3.207653,0.6000,0.605100,0
2754,40.52,14,3.181096,0.0000,0.611400,0
2755,39.56,14,3.272819,0.8000,0.603600,0
2756,39.43,14,3.289356,1.0000,0.598100,0
2757,39.30,14,3.310238,0.2000,0.598200,0
2758,38.59,14,3.349075,0.2000,0.602300,0
2759,38.33,14,3.373024,0.6000,0.611800,0
2760,38.33,14,3.358583,0.8000,0.596400,0
2761,37.56,14,3.388750,0.4000,0.608500,0
2762,37.43,14,3.365528,0.6000,0.607000,0
2763,36.92,14,3.406868,0.6000,0.598400,0
2764,36.66,14,3.422523,0.4000,0.595800,0
2765,36.21,14,3.433714,0.4000,0.604000,0
2766,35.63,14,3.477576,0.6000,0.596900,0
2767,35.63,14,3.508351,0.4000,0.599200,0
2768,35.38,14,3.512313,0.8000,0.599600,0
2769,34.67,14,3.609661,0.8000,0.601300,0
2770,34.48,14,3.599412,0.8000,0.604700,0
2771,34.35,14,3.567737,1.0000,0.602000,0
2772,34.35,14,3.604478,0.8000,0.613100,0
2773,33.51,14,3.578947,0.8000,0.592700,0
2774,33.38,14,3.531634,0.6000,0.597400,0
2775,33.38,14,3.465452,0.6000,0.608200,0
2776,32.68,14,3.451121,0.8000,0.610600,0
2777,32.42,14,3.329122,0.8000,0.595400,0
2778,32.42,14,3.166110,0.6000,0.589400,0
2779,31.71,14,3.067666,0.6000,0.608900,0
2780,31.71,14,2.929506,0.6000,0.597100,0
2781,30.43,14,2.745204,0.2000,0.601600,0
2782,29.59,14,2.839137,0.2000,0.594900,0
2783,29.46,14,2.872547,0.6000,0.597300,0
2784,29.46,14,2.946113,0.6000,0.603200,0
2785,28.50,14,3.205484,0.0000,0.597100,0
2786,28.44,14,3.411451,0.4000,0.594700,0
2787,27.54,14,3.852485,0.6000,0.607700,0
2788,27.54,14,3.645290,0.6000,0.600900,0
2789,26.64,14,3.814786,0.8000,0.604100,0
2790,26.64,14,3.833322,0.8000,0.595300,0
2791,26.06,6,4.394453,0.6000,0.770400,0
2792,25.61,14,4.135563,0.6000,0.606900,0
2793,25.55,14,4.094929,0.4000,0.596400,0
2794,25.55,14,4.021924,0.0000,0.601600,0
2795,25.10,14,3.971813,0.4000,0.599200,0
2796,25.10,14,3.915968,0.8000,0.597600,0
2797,24.52,14,3.985087,0.4000,0.605900,0
2798,24.52,14,3.950862,0.2000,0.602700,0
2799,23.56,14,4.058846,1.0000,0.603800,0
2800,23.43,14,4.032345,0.8000,0.601500,0
2801,23.43,14,3.988464,0.8000,0.597100,0
2802,23.11,14,3.976797,0.4000,0.604600,0
2803,22.86,14,3.962503,0.6000,0.605900,0
2804,22.60,14,3.916689,0.8000,0.598000,0
2805,22.60,14,3.879356,0.6000,0.602500,0
2806,22.15,14,3.807860,0.8000,0.610400,0
2807,21.83,14,3.757494,0.2000,0.607500,0
2808,21.58,14,3.667726,0.8000,0.608800,0
2809,21.58,14,3.735135,0.8000,0.596200,0
2810,20.87,14,3.665969,0.8000,0.603700,0
2811,20.62,14,3.706185,0.6000,0.601200,0
2812,20.62,14,3.656131,0.8000,0.604100,0
2813,20.17,14,3.608707,1.0000,0.604500,0
2814,19.91,14,3.580653,1.0000,0.602100,0
2815,19.53,14,3.533286,0.6000,0.588600,0
2816,18.63,14,3.654668,1.0000,0.602100,0
2817,18.63,14,3.622552,0.6000,0.600600,0
2818,17.54,14,3.898055,0.6000,0.609100,0
2819,17.48,14,3.999688,1.0000,0.607100,0
2820,17.48,14,4.120232,0.2000,0.603900,0
2821,16.65,6,4.329178,0.6000,0.770200,0
2822,16.46,6,4.419914,0.8000,0.776200,0
2823,16.46,6,4.490258,0.8000,0.769800,0
2824,15.56,6,4.728000,0.8000,0.770400,0
2825,15.50,6,4.797066,0.6000,0.773600,0
2826,15.24,6,4.930153,0.8000,0.771800,0
2827,15.24,6,4.997222,0.6000,0.767600,0
2828,14.61,6,5.164434,0.8000,0.776400,0
2829,14.61,6,5.220619,0.8000,0.775400,0
2830,14.29,6,5.289523,0.8000,0.780200,0
2831,14.29,6,5.284117,0.8000,0.779400,0
2832,13.78,6,5.395038,1.0000,0.768400,0
2833,13.52,6,5.421127,1.0000,0.776300,0
2834,12.50,6,5.600138,0.8000,0.778700,0
2835,12.44,6,5.738793,0.8000,0.774900,0
2836,11.87,6,5.903306,1.0000,0.767900,0
2837,11.61,15,6.020933,1.0000,0.851600,0
2838,11.61,15,6.069876,0.8000,0.854100,0
2839,10.85,15,6.283488,0.6000,0.857800,0
2840,10.66,15,6.420769,0.8000,0.855900,0
2841,10.66,15,6.386771,1.0000,0.856300,0
2842,10.34,15,6.501055,0.6000,0.849200,0
2843,10.34,15,6.459915,1.0000,0.859400,0
2844,9.89,15,6.541538,0.8000,0.863200,0
2845,9.77,15,6.685776,0.8000,0.860300,0
2846,9.64,15,6.723572,0.8000,0.856200,0
2847,8.81,15,7.104852,0.8000,0.849600,0
2848,8.62,15,7.119147,1.0000,0.866600,0
2849,8.62,15,7.160252,1.0000,0.857200,0
2850,7.93,15,7.756521,1.0000,0.855700,0
2851,7.61,15,7.908245,1.0000,0.855200,0
2852,7.58,15,7.994575,1.0000,0.861800,0
2853,6.41,1,8.932611,1.0000,0.899300,0
2854,6.03,1,10.051569,1.0000,0.901400,0
2855,5.14,1,10.475166,0.8000,0.899100,0
2856,4.83,10,11.064506,1.0000,0.899700,0
2857,4.74,10,11.957404,1.0000,0.898100,0
2858,4.70,10,12.361259,1.0000,0.902300,0
2859,4.57,10,12.756432,0.8000,0.897300,0
2860,4.42,10,13.175956,1.0000,0.898000,0
2861,4.20,4,13.866415,1.0000,0.874900,0
2862,4.13,4,14.041567,1.0000,0.882100,0
2863,3.82,4,14.723188,0.8000,0.870300,0
2864,3.63,4,15.108236,1.0000,0.868600,0
2865,3.44,4,15.564341,1.0000,0.881800,0
2866,3.44,4,15.672002,1.0000,0.877600,0
2867,3.19,4,16.502583,1.0000,0.878600,0
2868,3.19,4,16.616647,1.0000,0.874900,0
2869,3.00,4,16.891994,1.0000,0.871000,0
2870,2.73,4,16.872439,1.0000,0.875600,0
2871,2.50,4,17.131814,0.8000,0.880600,0
2872,2.41,4,16.894989,1.0000,0.877200,0
2873,2.30,4,16.765511,1.0000,0.882900,0
2874,2.19,4,16.582990,1.0000,0.874400,0
2875,1.92,4,16.289766,0.8000,0.872300,0
2876,1.87,4,16.575111,1.0000,0.875800,0
2877,1.60,4,16.409270,1.0000,0.881300,0
2878,1.50,4,16.025966,1.0000,0.875300,0
2879,1.18,4,15.999337,1.0000,0.869800,0
2880,1.18,4,15.816418,1.0000,0.876500,0
2881,0.85,4,15.610771,1.0000,0.872100,0
2882,0.23,4,16.335866,0.8000,0.872600,0
2883,0.05,4,18.159458,0.8000,0.876300,0
