t,days_to_reentry,M2_cell,H_t,p_t,P_forward,artifact_flag
0,1172.08,12,1.300868,0.0000,0.038600,0
1,1171.75,12,1.262263,0.0000,0.039900,0
2,1171.42,19,1.067275,0.0000,0.020000,0
3,1171.08,19,0.756538,0.0000,0.017000,0
4,1170.42,0,0.563335,0.0000,0.020100,0
5,1170.08,3,0.319220,0.0000,0.030400,1
6,1169.75,3,0.153745,0.0000,0.027200,0
7,1169.42,17,0.103340,0.0000,0.046600,0
8,1169.08,9,0.339325,0.0000,0.097700,0
9,1168.75,9,0.471651,0.0000,0.097200,0
10,1168.50,5,0.669718,0.0000,0.158100,0
11,1168.17,5,0.590988,0.0000,0.161600,0
12,1168.08,5,0.768769,0.0000,0.163700,0
13,1167.75,5,0.861437,0.0000,0.158300,0
14,1167.42,11,0.969331,0.0000,0.222700,0
15,1167.08,11,1.081139,0.2000,0.226200,0
16,1166.42,11,1.094214,0.0000,0.223400,0
17,1166.17,11,1.140938,0.0000,0.232600,0
18,1165.42,11,1.170913,0.0000,0.231300,0
19,1165.08,11,1.172870,0.0000,0.225700,0
20,1164.75,11,1.204916,0.2000,0.230600,0
21,1164.50,11,1.197394,0.0000,0.225800,0
22,1164.08,11,1.177015,0.0000,0.230500,0
23,1163.08,11,1.118126,0.0000,0.231300,0
24,1162.08,11,1.127785,0.0000,0.225100,0
25,1161.50,11,1.139937,0.0000,0.230300,0
26,1161.08,17,0.640171,0.2000,0.046400,0
27,1160.75,17,0.170430,0.0000,0.047600,0
28,1160.42,17,0.160906,0.2000,0.045700,0
29,1160.08,17,0.147562,0.0000,0.040900,0
30,1159.75,17,0.147214,0.0000,0.044300,0
31,1159.42,17,0.108140,0.0000,0.048400,0
32,1159.08,17,0.077268,0.0000,0.044600,0
33,1158.50,17,0.076250,0.0000,0.043300,0
34,1158.08,17,0.044428,0.0000,0.048500,0
35,1157.75,17,0.060252,0.0000,0.044100,0
36,1157.08,17,0.114759,0.0000,0.045400,0
37,1156.75,17,0.114393,0.0000,0.042400,0
38,1156.17,17,0.126545,0.0000,0.043100,0
39,1155.42,17,0.119181,0.0000,0.043300,0
40,1155.08,17,0.092982,0.0000,0.049500,0
41,1154.75,17,0.087873,0.0000,0.044800,0
42,1154.50,17,0.094659,0.0000,0.045900,0
43,1154.08,17,0.170212,0.0000,0.044400,0
44,1153.75,17,0.135493,0.0000,0.043300,0
45,1153.08,17,0.124711,0.0000,0.043800,0
46,1152.75,17,0.103147,0.0000,0.042900,0
47,1152.08,17,0.103599,0.0000,0.043100,0
48,1151.75,17,0.091780,0.0000,0.047500,0
49,1151.08,17,0.096246,0.0000,0.044100,0
50,1150.83,17,0.066679,0.0000,0.047400,0
51,1150.25,17,0.049920,0.0000,0.048300,0
52,1149.08,17,0.037852,0.0000,0.046400,0
53,1148.75,17,0.021559,0.0000,0.045700,0
54,1148.08,17,0.019396,0.0000,0.047100,0
55,1147.50,17,0.025658,0.0000,0.041000,0
56,1147.08,17,0.009107,0.0000,0.041800,0
57,1146.75,17,0.003710,0.0000,0.042000,0
58,1146.08,17,0.000868,0.0000,0.046900,0
59,1145.75,17,0.001119,0.0000,0.046100,0
60,1145.08,17,0.016043,0.0000,0.043900,0
61,1144.75,17,0.016167,0.0000,0.042200,0
62,1144.08,17,0.008558,0.0000,0.045400,0
63,1143.75,17,0.007551,0.0000,0.047200,0
64,1143.42,17,0.000726,0.0000,0.044000,0
65,1143.17,17,0.002834,0.0000,0.044000,0
66,1142.75,17,0.002637,0.0000,0.045600,0
67,1142.08,17,0.009444,0.0000,0.043400,0
68,1141.92,17,0.022117,0.0000,0.043800,0
69,1141.08,17,0.031656,0.0000,0.040600,0
70,1140.75,17,0.024093,0.0000,0.043500,0
71,1140.08,17,0.069629,0.0000,0.043800,0
72,1139.08,17,0.074897,0.0000,0.043500,0
73,1138.75,17,0.051456,0.0000,0.044400,0
74,1138.42,17,0.093506,0.0000,0.045800,0
75,1138.15,17,0.099993,0.0000,0.044400,0
76,1137.75,17,0.132077,0.0000,0.044500,0
77,1137.08,17,0.132165,0.0000,0.044500,0
78,1136.08,9,0.178278,0.0000,0.090500,0
79,1135.42,9,0.215711,0.0000,0.096500,0
80,1135.08,9,0.254923,0.0000,0.095600,0
81,1134.42,9,0.270849,0.0000,0.092200,0
82,1134.08,9,0.273948,0.0000,0.092900,0
83,1133.08,9,0.269407,0.0000,0.093000,0
84,1132.08,9,0.320568,0.0000,0.095200,0
85,1131.75,9,0.328848,0.0000,0.091000,0
86,1131.08,9,0.330306,0.0000,0.098200,0
87,1130.42,9,0.356561,0.0000,0.093500,0
88,1130.25,9,0.370708,0.0000,0.092900,0
89,1129.42,9,0.397740,0.0000,0.097300,0
90,1129.08,9,0.392094,0.0000,0.089300,0
91,1128.42,9,0.411913,0.0000,0.091300,0
92,1128.08,9,0.424129,0.0000,0.089600,0
93,1127.42,9,0.423335,0.0000,0.099800,0
94,1127.08,9,0.433287,0.0000,0.093400,0
95,1126.67,9,0.412082,0.0000,0.097700,0
96,1126.08,9,0.437480,0.0000,0.092100,0
97,1125.42,9,0.413272,0.0000,0.097800,0
98,1125.08,9,0.414056,0.0000,0.091400,0
99,1124.42,9,0.372879,0.0000,0.095000,0
100,1124.08,9,0.395202,0.0000,0.098100,0
101,1123.42,9,0.357824,0.0000,0.099600,0
102,1123.08,9,0.363151,0.0000,0.095000,0
103,1122.42,9,0.394230,0.0000,0.097300,0
104,1122.08,9,0.395930,0.0000,0.094600,0
105,1121.42,9,0.334968,0.0000,0.091600,0
106,1121.08,9,0.338487,0.0000,0.097900,0
107,1120.42,9,0.316985,0.0000,0.094000,0
108,1120.08,9,0.313569,0.0000,0.093600,0
109,1119.75,9,0.249351,0.0000,0.092800,0
110,1119.50,9,0.226079,0.0000,0.095700,0
111,1119.42,9,0.215267,0.0000,0.092500,0
112,1119.25,9,0.230498,0.0000,0.096400,0
113,1118.75,9,0.252907,0.0000,0.101700,0
114,1118.42,9,0.241306,0.0000,0.088700,0
115,1118.08,9,0.271184,0.0000,0.091600,0
116,1117.75,9,0.285654,0.0000,0.090100,0
117,1117.42,9,0.244471,0.0000,0.091800,0
118,1117.08,9,0.250063,0.0000,0.094000,0
119,1116.75,9,0.216273,0.0000,0.094000,0
120,1116.42,9,0.259026,0.0000,0.092900,0
121,1116.08,9,0.195721,0.0000,0.096700,0
122,1115.75,9,0.267127,0.0000,0.092100,0
123,1115.42,9,0.247335,0.2000,0.095900,0
124,1115.08,9,0.266911,0.0000,0.090800,0
125,1114.75,9,0.414423,0.0000,0.092500,0
126,1114.42,9,0.429794,0.0000,0.091800,0
127,1113.42,9,0.423191,0.0000,0.097300,0
128,1112.75,5,0.527193,0.0000,0.162200,0
129,1112.50,5,0.526882,0.0000,0.155900,0
130,1112.42,5,0.537429,0.0000,0.156100,0
131,1112.08,5,0.539043,0.2000,0.155500,0
132,1111.75,5,0.567326,0.0000,0.156800,0
133,1111.42,5,0.559196,0.0000,0.156900,0
134,1111.08,5,0.564507,0.0000,0.152500,0
135,1110.75,5,0.595680,0.0000,0.157600,0
136,1110.42,5,0.595138,0.0000,0.156700,0
137,1109.75,5,0.608522,0.0000,0.151500,0
138,1109.58,5,0.601490,0.0000,0.154800,0
139,1109.08,5,0.603694,0.0000,0.156300,0
140,1108.75,5,0.616322,0.0000,0.158500,0
141,1108.42,5,0.619029,0.0000,0.156900,0
142,1108.23,5,0.562395,0.0000,0.155600,0
143,1108.08,5,0.581317,0.0000,0.157800,0
144,1107.42,5,0.595809,0.0000,0.159600,0
145,1107.08,5,0.602349,0.2000,0.153900,0
146,1106.75,5,0.608376,0.0000,0.156300,0
147,1106.50,5,0.629717,0.0000,0.153300,0
148,1106.08,5,0.624207,0.0000,0.158600,0
149,1105.75,5,0.607212,0.0000,0.155600,0
150,1105.50,5,0.601863,0.0000,0.164800,0
151,1104.42,5,0.590237,0.0000,0.150100,0
152,1104.08,5,0.572384,0.0000,0.158900,0
153,1103.75,5,0.550192,0.0000,0.154200,0
154,1103.42,5,0.551475,0.0000,0.158100,0
155,1102.67,9,0.476789,0.0000,0.096700,0
156,1102.17,9,0.454994,0.0000,0.095900,0
157,1102.08,9,0.435607,0.2000,0.098800,0
158,1102.00,9,0.347424,0.0000,0.094700,0
159,1101.67,9,0.310253,0.0000,0.093400,0
160,1101.08,9,0.290504,0.0000,0.095700,0
161,1100.92,9,0.328328,0.0000,0.094500,0
162,1100.75,9,0.252981,0.0000,0.096300,0
163,1100.42,9,0.236385,0.0000,0.092600,0
164,1099.75,9,0.223956,0.0000,0.093700,0
165,1099.08,17,0.115678,0.0000,0.048600,0
166,1098.75,17,0.098415,0.0000,0.041700,0
167,1098.58,17,0.072075,0.0000,0.043500,0
168,1098.17,17,0.077683,0.0000,0.047200,0
169,1098.08,17,0.074672,0.0000,0.045700,0
170,1097.42,17,0.051250,0.0000,0.046500,0
171,1097.08,17,0.053192,0.0000,0.044700,0
172,1096.75,17,0.121245,0.0000,0.045700,0
173,1096.50,17,0.150471,0.0000,0.046000,0
174,1096.17,9,0.185984,0.0000,0.095300,0
175,1095.75,9,0.242019,0.0000,0.096300,0
176,1095.25,9,0.237253,0.0000,0.093900,0
177,1094.42,9,0.279187,0.0000,0.097500,0
178,1094.08,9,0.322016,0.0000,0.097000,0
179,1093.75,9,0.374044,0.0000,0.095200,0
180,1093.42,9,0.420700,0.0000,0.097600,0
181,1093.08,9,0.462483,0.0000,0.098900,0
182,1092.92,9,0.495991,0.0000,0.096600,0
183,1092.42,9,0.491654,0.0000,0.092200,0
184,1092.08,5,0.552003,0.0000,0.161600,0
185,1091.75,5,0.595112,0.0000,0.163100,0
186,1091.42,5,0.623419,0.0000,0.164600,0
187,1091.08,5,0.637146,0.0000,0.150700,0
188,1090.75,5,0.635076,0.0000,0.156800,0
189,1090.42,5,0.623439,0.0000,0.162800,0
190,1090.08,9,0.454329,0.0000,0.091800,0
191,1089.75,5,0.561815,0.0000,0.156800,0
192,1089.42,9,0.468421,0.0000,0.090600,0
193,1089.08,9,0.427264,0.0000,0.095400,0
194,1088.75,17,0.201969,0.0000,0.044600,0
195,1088.42,9,0.217834,0.0000,0.096500,0
196,1088.08,9,0.183210,0.0000,0.093700,0
197,1087.75,17,0.137722,0.0000,0.045000,0
198,1087.42,17,0.075023,0.0000,0.043700,0
199,1087.17,17,0.175793,0.0000,0.048200,0
200,1086.83,17,0.064651,0.0000,0.046500,0
201,1086.42,3,0.186935,0.0000,0.030700,0
202,1086.08,3,0.301069,0.0000,0.027000,0
203,1085.75,0,0.535645,0.0000,0.018500,0
204,1085.42,19,0.801908,0.0000,0.021400,0
205,1085.17,19,0.775338,0.0000,0.018100,0
206,1085.08,19,0.795161,0.0000,0.019800,0
207,1084.75,19,0.935983,0.0000,0.018900,0
208,1084.50,19,0.966395,0.0000,0.020100,0
209,1084.42,19,0.840295,0.0000,0.018800,0
210,1084.17,19,0.791579,0.0000,0.019900,0
211,1084.08,19,0.680554,0.0000,0.019200,0
212,1083.75,0,0.656830,0.0000,0.023500,0
213,1083.42,0,0.625368,0.0000,0.019300,0
214,1083.10,0,0.486840,0.0000,0.017700,0
215,1083.08,0,0.396522,0.0000,0.019300,0
216,1082.75,0,0.337648,0.0000,0.022500,0
217,1082.42,3,0.282729,0.0000,0.030100,0
218,1082.08,3,0.206243,0.0000,0.028000,0
219,1081.75,3,0.269521,0.0000,0.025800,0
220,1081.42,3,0.257235,0.0000,0.028600,0
221,1081.08,3,0.272402,0.0000,0.026800,0
222,1080.75,3,0.217528,0.0000,0.027600,0
223,1080.42,3,0.236675,0.0000,0.026500,0
224,1080.08,0,0.477899,0.0000,0.021200,0
225,1079.42,0,0.678782,0.0000,0.018100,0
226,1079.08,0,0.623996,0.0000,0.022100,0
227,1078.75,0,0.611552,0.0000,0.019700,0
228,1078.42,0,0.654122,0.0000,0.022100,0
229,1078.08,19,0.757341,0.0000,0.019100,0
230,1077.18,19,0.869685,0.0000,0.019100,0
231,1077.17,19,1.135205,0.0000,0.018200,0
232,1077.08,19,0.999512,0.0000,0.018900,0
233,1076.75,19,0.938863,0.0000,0.022200,0
234,1076.58,19,0.986377,0.0000,0.018600,0
235,1076.42,19,0.894224,0.0000,0.018400,0
236,1076.21,19,0.749863,0.0000,0.018400,0
237,1076.08,19,0.722055,0.0000,0.019700,0
238,1076.01,0,0.570855,0.0000,0.021200,0
239,1075.75,0,0.544477,0.0000,0.020900,0
240,1075.67,3,0.337220,0.0000,0.029000,0
241,1075.08,0,0.365959,0.0000,0.021500,0
242,1074.75,3,0.234187,0.0000,0.029300,0
243,1074.42,3,0.215789,0.0000,0.028200,0
244,1074.08,3,0.189344,0.0000,0.027400,0
245,1074.07,17,0.062606,0.0000,0.044800,0
246,1073.75,17,0.109968,0.0000,0.049800,0
247,1073.42,17,0.151205,0.0000,0.049900,0
248,1073.08,9,0.234982,0.0000,0.093000,0
249,1072.42,17,0.165193,0.0000,0.042800,0
250,1072.12,9,0.244838,0.0000,0.089600,0
251,1072.08,17,0.165384,0.0000,0.043900,0
252,1071.75,17,0.163047,0.0000,0.049700,0
253,1071.42,3,0.147351,0.0000,0.023300,0
254,1071.08,3,0.190190,0.0000,0.027700,0
255,1070.75,3,0.252594,0.0000,0.026400,0
256,1070.50,3,0.254478,0.0000,0.025500,0
257,1070.17,3,0.254265,0.0000,0.025200,0
258,1070.08,3,0.125150,0.0000,0.029700,0
259,1069.75,3,0.080530,0.0000,0.028100,0
260,1069.42,3,0.293825,0.0000,0.027000,0
261,1069.08,3,0.238588,0.0000,0.029000,0
262,1068.83,3,0.228933,0.0000,0.030800,0
263,1068.50,3,0.179217,0.0000,0.027500,0
264,1068.33,17,0.027326,0.0000,0.050000,0
265,1068.08,17,0.048484,0.0000,0.046600,0
266,1067.75,17,0.020983,0.0000,0.046900,0
267,1067.42,17,0.027970,0.0000,0.045000,0
268,1067.08,17,0.013817,0.0000,0.042900,0
269,1066.92,17,0.138603,0.0000,0.043400,0
270,1066.08,3,0.105774,0.0000,0.027200,0
271,1065.75,17,0.056071,0.0000,0.046300,0
272,1065.42,17,0.153328,0.0000,0.045800,0
273,1065.08,9,0.200332,0.0000,0.094000,0
274,1065.00,9,0.207556,0.0000,0.096800,0
275,1062.08,19,1.662753,0.0000,0.018900,0
276,1061.75,19,0.836858,0.0000,0.018500,0
277,1061.42,0,0.642451,0.0000,0.024100,0
278,1061.08,0,0.463451,0.0000,0.022400,0
279,1060.42,0,0.423149,0.0000,0.019900,0
280,1060.17,3,0.326408,0.0000,0.030900,0
281,1059.75,3,0.272909,0.0000,0.028400,0
282,1059.42,3,0.194187,0.0000,0.028900,0
283,1059.08,3,0.168824,0.0000,0.028900,0
284,1058.53,3,0.218740,0.0000,0.027600,0
285,1058.08,0,0.517711,0.0000,0.022700,0
286,1057.75,0,0.456356,0.0000,0.019900,0
287,1057.42,0,0.451752,0.0000,0.020800,0
288,1057.08,3,0.337768,0.0000,0.028300,0
289,1056.75,3,0.247413,0.0000,0.026900,0
290,1056.58,17,0.214162,0.0000,0.043500,0
291,1056.17,5,0.608115,0.0000,0.158200,0
292,1056.08,5,0.776463,0.0000,0.159500,0
293,1055.75,11,1.108852,0.0000,0.229300,0
294,1055.42,11,1.410137,0.0000,0.231600,0
295,1055.33,2,1.978460,0.0000,0.396300,0
296,1055.33,11,1.645635,0.0000,0.231000,0
297,1053.75,2,2.139111,0.4000,0.389500,0
298,1053.42,2,2.242073,0.4000,0.396400,0
299,1053.33,2,2.186194,0.0000,0.398600,0
300,1052.08,2,2.337559,0.4000,0.398800,0
301,1051.42,2,2.397004,0.6000,0.400600,0
302,1051.08,2,2.430218,0.8000,0.397300,0
303,1050.75,2,2.398866,0.2000,0.391100,0
304,1050.42,2,2.023361,0.0000,0.393600,0
305,1049.75,2,1.947905,0.2000,0.397400,0
306,1049.17,2,1.801986,0.0000,0.399400,0
307,1049.08,2,1.656370,0.0000,0.394500,0
308,1048.42,11,1.582260,0.2000,0.227300,0
309,1048.08,11,1.496506,0.0000,0.228300,0
310,1047.75,11,1.399359,0.0000,0.228700,0
311,1047.42,11,1.317448,0.0000,0.227300,0
312,1047.08,11,1.200274,0.2000,0.230500,0
313,1046.75,11,1.119323,0.0000,0.233800,0
314,1046.50,5,0.825148,0.0000,0.151400,0
315,1046.25,5,0.710992,0.0000,0.152000,0
316,1046.08,9,0.398294,0.0000,0.097100,0
317,1045.83,9,0.218944,0.0000,0.095100,0
318,1045.75,9,0.217755,0.0000,0.090600,0
319,1045.58,9,0.226343,0.0000,0.095500,0
320,1045.08,9,0.226161,0.0000,0.093900,0
321,1045.00,9,0.226584,0.0000,0.092700,0
322,1044.08,9,0.238062,0.0000,0.098900,0
323,1043.75,9,0.200433,0.0000,0.099000,0
324,1043.50,9,0.179397,0.0000,0.091700,0
325,1043.08,17,0.166176,0.0000,0.049200,0
326,1042.75,17,0.149961,0.0000,0.044800,0
327,1042.17,17,0.132261,0.0000,0.045200,0
328,1042.08,17,0.130639,0.0000,0.045200,0
329,1041.42,17,0.128677,0.0000,0.047500,0
330,1041.08,17,0.125906,0.0000,0.047700,0
331,1040.75,17,0.112416,0.0000,0.047800,0
332,1040.17,17,0.111829,0.0000,0.045800,0
333,1040.08,17,0.097453,0.0000,0.043000,0
334,1039.50,17,0.088396,0.0000,0.048100,0
335,1039.42,17,0.091277,0.0000,0.042100,0
336,1039.08,17,0.093232,0.0000,0.042700,0
337,1038.75,17,0.094026,0.0000,0.042400,0
338,1038.42,17,0.101905,0.0000,0.041200,0
339,1038.08,17,0.099631,0.0000,0.044800,0
340,1037.75,17,0.038454,0.0000,0.042500,0
341,1037.42,17,0.030457,0.0000,0.049400,0
342,1037.08,17,0.050388,0.0000,0.044600,0
343,1036.75,17,0.017799,0.0000,0.043600,0
344,1036.42,17,0.013116,0.0000,0.043300,0
345,1036.08,17,0.032255,0.0000,0.041200,0
346,1035.75,17,0.021667,0.0000,0.044500,0
347,1035.42,17,0.041104,0.0000,0.045200,0
348,1035.08,3,0.070871,0.0000,0.029000,0
349,1034.75,3,0.098530,0.0000,0.031400,0
350,1034.42,3,0.116776,0.0000,0.029600,0
351,1034.08,3,0.121926,0.0000,0.029000,0
352,1033.75,3,0.129459,0.0000,0.025200,0
353,1033.08,3,0.158210,0.0000,0.025500,0
354,1032.75,3,0.149608,0.0000,0.025000,0
355,1032.50,3,0.157050,0.0000,0.027100,0
356,1032.08,3,0.100415,0.0000,0.031600,0
357,1031.75,3,0.097090,0.0000,0.027900,0
358,1031.08,3,0.097867,0.0000,0.028200,0
359,1030.42,3,0.091394,0.0000,0.030400,0
360,1030.17,3,0.093557,0.0000,0.027300,0
361,1030.08,3,0.063321,0.0000,0.025400,0
362,1029.42,3,0.066418,0.0000,0.027800,0
363,1029.08,3,0.056749,0.0000,0.028500,0
364,1028.83,3,0.061181,0.0000,0.031200,0
365,1028.42,3,0.086910,0.0000,0.027200,0
366,1028.08,3,0.063646,0.0000,0.031200,0
367,1027.75,17,0.012858,0.0000,0.046400,0
368,1027.42,17,0.018284,0.0000,0.042700,0
369,1027.25,17,0.103892,0.0000,0.045100,0
370,1026.75,17,0.094777,0.0000,0.045300,0
371,1026.42,17,0.097000,0.0000,0.047600,0
372,1026.08,17,0.080089,0.0000,0.044200,0
373,1025.75,17,0.011947,0.0000,0.050300,0
374,1025.08,3,0.099436,0.0000,0.026600,0
375,1024.75,3,0.090562,0.0000,0.030000,0
376,1024.42,3,0.073521,0.0000,0.030900,0
377,1024.00,3,0.087507,0.0000,0.028300,0
378,1023.08,3,0.126256,0.0000,0.028500,0
379,1022.42,3,0.125919,0.0000,0.027600,0
380,1022.08,3,0.128436,0.0000,0.027000,0
381,1021.83,3,0.125796,0.0000,0.027800,0
382,1021.75,3,0.115298,0.0000,0.028100,0
383,1021.42,3,0.111809,0.0000,0.029100,0
384,1021.08,3,0.112676,0.0000,0.026700,0
385,1020.50,3,0.085957,0.0000,0.024800,0
386,1020.42,3,0.081774,0.0000,0.029300,0
387,1020.08,3,0.088988,0.0000,0.027900,0
388,1019.75,3,0.098091,0.0000,0.026900,0
389,1019.42,3,0.081397,0.0000,0.027500,0
390,1019.08,3,0.071467,0.0000,0.027900,0
391,1018.75,17,0.048089,0.0000,0.047100,0
392,1018.42,17,0.029506,0.0000,0.047600,0
393,1018.08,17,0.059574,0.0000,0.044700,0
394,1017.42,17,0.052918,0.0000,0.047700,0
395,1017.08,17,0.054836,0.0000,0.044500,0
396,1016.75,17,0.039580,0.0000,0.043700,0
397,1016.08,3,0.088031,0.0000,0.026800,0
398,1015.75,3,0.159398,0.0000,0.026900,0
399,1015.08,3,0.183477,0.0000,0.029400,0
400,1014.75,3,0.209575,0.0000,0.025300,0
401,1014.08,3,0.215878,0.0000,0.026400,0
402,1014.08,3,0.216765,0.0000,0.028000,0
403,1013.75,3,0.215578,0.0000,0.026600,0
404,1013.42,3,0.205204,0.0000,0.025700,0
405,1013.08,3,0.199324,0.0000,0.025500,0
406,1012.42,3,0.193994,0.0000,0.032400,0
407,1012.08,3,0.192457,0.0000,0.030400,0
408,1011.75,3,0.156776,0.0000,0.025200,0
409,1011.08,3,0.166101,0.0000,0.027900,0
410,1010.42,3,0.141504,0.0000,0.027900,0
411,1010.08,3,0.159640,0.0000,0.025100,0
412,1009.75,3,0.162852,0.0000,0.027000,0
413,1009.08,3,0.168190,0.0000,0.030400,0
414,1008.75,3,0.146813,0.0000,0.028400,0
415,1008.17,3,0.144595,0.0000,0.028400,0
416,1007.42,3,0.146177,0.0000,0.028000,0
417,1007.17,3,0.124885,0.0000,0.032500,0
418,1007.08,3,0.131563,0.0000,0.029000,0
419,1006.75,3,0.125360,0.0000,0.027700,0
420,1006.08,3,0.080492,0.0000,0.028900,0
421,1005.42,17,0.050139,0.0000,0.042700,0
422,1005.08,3,0.062357,0.0000,0.027500,0
423,1004.75,17,0.023352,0.0000,0.043800,0
424,1004.42,17,0.006908,0.0000,0.045900,0
425,1004.08,17,0.028971,0.0000,0.042200,0
426,1003.42,3,0.054473,0.0000,0.028400,0
427,1003.08,3,0.104253,0.0000,0.027700,0
428,1002.75,3,0.131712,0.0000,0.028100,0
429,1002.08,3,0.133546,0.0000,0.027900,0
430,1001.42,3,0.111808,0.0000,0.024500,0
431,1001.08,3,0.119801,0.0000,0.027700,0
432,1000.75,3,0.131717,0.0000,0.028200,0
433,1000.08,3,0.122461,0.0000,0.025800,0
434,999.50,3,0.112673,0.0000,0.028700,0
435,999.42,3,0.094131,0.0000,0.024900,0
436,999.08,3,0.086008,0.0000,0.029100,0
437,998.75,3,0.105969,0.0000,0.026300,0
438,998.42,3,0.154495,0.0000,0.027200,0
439,998.08,3,0.151507,0.0000,0.030500,0
440,997.83,3,0.152747,0.0000,0.029700,0
441,997.75,3,0.192740,0.0000,0.030600,0
442,996.75,3,0.204958,0.0000,0.026200,0
443,996.42,3,0.198524,0.0000,0.027300,0
444,996.08,3,0.209600,0.0000,0.028500,0
445,995.42,3,0.202098,0.0000,0.026400,0
446,995.08,3,0.207310,0.0000,0.027100,0
447,994.42,3,0.206175,0.0000,0.027900,0
448,994.25,3,0.208270,0.0000,0.030800,0
449,994.25,3,0.210001,0.0000,0.030600,0
450,993.75,3,0.220416,0.0000,0.030700,0
451,993.14,17,0.027318,0.0000,0.050400,0
452,993.14,17,0.138500,0.0000,0.046900,0
453,992.17,17,0.119177,0.0000,0.046200,0
454,991.50,17,0.124411,0.0000,0.045100,0
455,991.08,17,0.147733,0.0000,0.041200,0
456,990.83,17,0.149716,0.0000,0.046800,0
457,990.25,9,0.185099,0.0000,0.091100,0
458,988.42,9,0.196613,0.0000,0.099600,0
459,988.08,17,0.158704,0.0000,0.047000,0
460,987.75,17,0.117352,0.0000,0.045600,0
461,987.33,17,0.086801,0.0000,0.046100,0
462,986.42,17,0.068038,0.0000,0.045300,0
463,986.33,17,0.037172,0.0000,0.045600,0
464,986.08,17,0.017333,0.0000,0.047900,0
465,985.75,3,0.104979,0.0000,0.030200,0
466,985.42,3,0.123851,0.0000,0.029500,0
467,985.18,3,0.139814,0.0000,0.028700,0
468,985.17,3,0.184950,0.0000,0.028100,0
469,984.65,3,0.202904,0.0000,0.023300,0
470,984.45,3,0.208387,0.0000,0.027500,0
471,984.42,3,0.216734,0.0000,0.030100,0
472,984.00,3,0.222498,0.0000,0.027600,0
473,983.42,3,0.228127,0.0000,0.030300,0
474,983.08,3,0.239789,0.0000,0.028100,0
475,982.92,3,0.249086,0.0000,0.029800,0
476,982.42,3,0.252953,0.2000,0.027300,0
477,982.08,3,0.260243,0.0000,0.028700,0
478,981.75,3,0.266110,0.0000,0.025100,0
479,981.42,3,0.256827,0.0000,0.029600,0
480,981.25,3,0.255560,0.0000,0.030300,0
481,981.08,3,0.297567,0.0000,0.033500,0
482,980.42,3,0.308052,0.0000,0.029300,0
483,980.42,3,0.312455,0.0000,0.028700,0
484,980.25,3,0.314441,0.0000,0.029500,0
485,980.08,3,0.319898,0.0000,0.026000,0
486,979.75,3,0.325761,0.0000,0.027500,0
487,979.50,3,0.325502,0.0000,0.026400,0
488,979.17,3,0.321404,0.0000,0.025600,0
489,979.08,3,0.321682,0.0000,0.023100,0
490,978.42,3,0.314694,0.0000,0.029600,0
491,978.08,3,0.311166,0.0000,0.027400,0
492,977.50,3,0.290845,0.0000,0.027800,0
493,977.42,3,0.254828,0.0000,0.027000,0
494,977.25,3,0.231098,0.0000,0.027100,0
495,977.08,3,0.251905,0.0000,0.024800,0
496,977.00,3,0.186415,0.0000,0.026900,0
497,977.00,3,0.228214,0.0000,0.030600,0
498,976.33,3,0.173984,0.0000,0.027800,0
499,976.17,3,0.185058,0.0000,0.027200,0
500,975.83,17,0.030222,0.0000,0.047000,0
501,975.50,17,0.071938,0.0000,0.045600,0
502,975.42,17,0.093797,0.0000,0.047500,0
503,975.42,17,0.145122,0.0000,0.046400,0
504,975.08,9,0.185018,0.0000,0.090300,0
505,974.92,17,0.170129,0.0000,0.049200,0
506,974.83,9,0.191343,0.0000,0.095400,0
507,974.58,9,0.202606,0.0000,0.095900,0
508,974.42,9,0.201812,0.0000,0.092900,0
509,974.33,9,0.226522,0.0000,0.092100,0
510,974.08,9,0.185935,0.0000,0.094900,0
511,974.00,17,0.166679,0.0000,0.043900,0
512,973.92,17,0.168076,0.0000,0.042100,0
513,973.58,17,0.118565,0.0000,0.042900,0
514,973.50,17,0.080191,0.0000,0.047400,0
515,973.42,17,0.062156,0.0000,0.046700,0
516,973.33,17,0.075231,0.0000,0.045900,0
517,973.25,17,0.064367,0.0000,0.044900,0
518,973.08,17,0.069394,0.0000,0.038800,0
519,972.92,17,0.082138,0.0000,0.043000,0
520,972.67,17,0.063647,0.0000,0.044100,0
521,972.67,17,0.062761,0.0000,0.044500,0
522,972.42,17,0.058595,0.0000,0.044600,0
523,972.33,17,0.067647,0.0000,0.047800,0
524,972.08,17,0.070696,0.0000,0.047000,0
525,972.08,17,0.095761,0.0000,0.047000,0
526,971.75,17,0.107049,0.0000,0.045100,0
527,971.67,17,0.128517,0.0000,0.046000,0
528,971.42,17,0.139506,0.0000,0.045400,0
529,971.33,9,0.208492,0.0000,0.098000,0
530,971.33,9,0.196589,0.0000,0.090100,0
531,971.08,9,0.195401,0.0000,0.091600,0
532,971.00,9,0.184968,0.0000,0.093500,0
533,970.83,9,0.187683,0.0000,0.091400,0
534,970.58,9,0.188664,0.0000,0.095100,0
535,970.50,9,0.202841,0.0000,0.087600,0
536,970.42,9,0.176870,0.0000,0.093500,0
537,970.33,17,0.094381,0.0000,0.046000,0
538,970.08,17,0.060310,0.0000,0.048700,0
539,969.92,17,0.076803,0.0000,0.043500,0
540,969.92,17,0.068030,0.0000,0.044600,0
541,969.83,17,0.068665,0.0000,0.047800,0
542,969.75,17,0.072046,0.0000,0.045500,0
543,969.67,17,0.126998,0.0000,0.048500,0
544,969.50,17,0.153951,0.0000,0.047100,0
545,969.33,17,0.120965,0.0000,0.043400,0
546,969.17,17,0.063371,0.0000,0.042900,0
547,969.08,17,0.028818,0.0000,0.050200,0
548,969.00,17,0.015419,0.0000,0.046200,0
549,968.83,17,0.026871,0.0000,0.046900,0
550,968.67,17,0.038346,0.0000,0.041300,0
551,968.42,17,0.058254,0.0000,0.043500,0
552,968.08,17,0.025301,0.0000,0.046300,0
553,967.83,17,0.024345,0.0000,0.042800,0
554,967.75,17,0.004752,0.0000,0.043700,0
555,967.67,17,0.017211,0.0000,0.045000,0
556,967.08,17,0.105700,0.0000,0.045000,0
557,967.00,9,0.181732,0.0000,0.091100,0
558,966.83,9,0.174470,0.0000,0.094000,0
559,966.67,17,0.168127,0.0000,0.045800,0
560,966.42,9,0.208379,0.0000,0.094900,0
561,966.33,9,0.221582,0.0000,0.093400,0
562,966.08,9,0.243051,0.0000,0.096900,0
563,965.83,9,0.244013,0.0000,0.094800,0
564,965.67,9,0.248489,0.0000,0.093600,0
565,965.42,9,0.266920,0.2000,0.087000,0
566,965.33,9,0.272279,0.0000,0.098900,0
567,965.25,9,0.281103,0.0000,0.095500,0
568,964.83,9,0.259592,0.0000,0.097900,0
569,964.58,9,0.226793,0.0000,0.090800,0
570,964.42,9,0.228407,0.0000,0.096500,0
571,964.33,9,0.241914,0.2000,0.097500,0
572,964.25,9,0.255560,0.0000,0.092600,0
573,964.17,9,0.253168,0.0000,0.093400,0
574,964.08,9,0.252420,0.0000,0.092600,0
575,963.83,9,0.272726,0.0000,0.093600,0
576,963.67,9,0.278037,0.0000,0.090900,0
577,963.58,9,0.281014,0.0000,0.089700,0
578,963.42,9,0.292501,0.0000,0.098100,0
579,963.33,9,0.296527,0.0000,0.089400,0
580,963.17,9,0.300946,0.0000,0.098900,0
581,963.08,9,0.332716,0.0000,0.089000,0
582,962.75,9,0.300998,0.0000,0.097200,0
583,962.67,9,0.229203,0.0000,0.093100,0
584,962.42,9,0.214680,0.0000,0.092100,0
585,962.33,9,0.210199,0.0000,0.088600,0
586,962.17,9,0.198758,0.0000,0.094900,0
587,962.08,9,0.174664,0.0000,0.098800,0
588,961.92,17,0.121751,0.0000,0.045800,0
589,961.83,17,0.078867,0.0000,0.048600,0
590,961.75,17,0.027064,0.0000,0.046800,0
591,961.67,17,0.003709,0.0000,0.045000,0
592,961.50,17,0.019330,0.0000,0.046400,0
593,961.33,17,0.016755,0.0000,0.049000,0
594,961.17,17,0.032580,0.0000,0.041600,0
595,961.08,17,0.045000,0.0000,0.042400,0
596,960.92,17,0.019388,0.0000,0.044200,0
597,960.92,3,0.063282,0.0000,0.027100,0
598,960.92,17,0.018998,0.0000,0.045100,0
599,960.75,3,0.086452,0.0000,0.027500,0
600,960.58,3,0.094388,0.0000,0.025800,0
601,960.17,3,0.098480,0.0000,0.029600,0
602,960.08,3,0.111658,0.0000,0.028400,0
603,960.00,3,0.116907,0.0000,0.029500,0
604,959.92,3,0.103378,0.0000,0.028900,0
605,959.42,3,0.113617,0.0000,0.028300,0
606,959.33,3,0.115176,0.0000,0.025900,0
607,959.17,3,0.098635,0.0000,0.027200,0
608,959.08,3,0.064841,0.0000,0.026300,0
609,959.00,17,0.005465,0.0000,0.046400,0
610,959.00,17,0.038950,0.0000,0.043200,0
611,958.83,17,0.001869,0.0000,0.046700,0
612,958.58,17,0.007478,0.0000,0.045100,0
613,958.50,17,0.010475,0.0000,0.046800,0
614,958.42,17,0.026829,0.0000,0.045100,0
615,958.17,17,0.021972,0.0000,0.047600,0
616,958.17,17,0.024561,0.0000,0.044500,0
617,958.08,17,0.046752,0.0000,0.049300,0
618,957.83,3,0.062191,0.0000,0.025300,0
619,957.83,3,0.075851,0.0000,0.025900,0
620,957.67,3,0.073064,0.0000,0.027600,0
621,957.58,3,0.068178,0.0000,0.029900,0
622,957.42,3,0.095060,0.0000,0.027400,0
623,957.33,3,0.098662,0.0000,0.028500,0
624,957.17,3,0.092887,0.0000,0.026600,0
625,957.08,3,0.091924,0.0000,0.029800,0
626,956.83,3,0.066201,0.0000,0.027800,0
627,956.75,3,0.054572,0.0000,0.025300,0
628,956.67,3,0.055385,0.0000,0.028700,0
629,956.50,17,0.045496,0.0000,0.044900,0
630,956.33,17,0.014883,0.0000,0.041200,0
631,956.08,17,0.005222,0.0000,0.043600,0
632,955.83,17,0.022735,0.0000,0.045000,0
633,955.75,17,0.028506,0.0000,0.046300,0
634,955.67,17,0.009161,0.0000,0.045500,0
635,955.50,17,0.021157,0.0000,0.045800,0
636,955.25,17,0.032003,0.0000,0.044600,0
637,955.08,17,0.031277,0.0000,0.042500,0
638,954.83,17,0.027505,0.0000,0.042400,0
639,954.75,17,0.031600,0.0000,0.044800,0
640,954.58,17,0.034453,0.0000,0.045900,0
641,954.50,17,0.034628,0.0000,0.047600,0
642,954.33,17,0.016774,0.0000,0.048800,0
643,953.83,17,0.018648,0.0000,0.043900,0
644,953.50,17,0.038206,0.0000,0.047300,0
645,953.42,17,0.032204,0.0000,0.045300,0
646,953.33,17,0.021400,0.0000,0.045100,0
647,953.08,17,0.009997,0.0000,0.047100,0
648,952.83,17,0.027273,0.0000,0.044000,0
649,952.58,17,0.054410,0.0000,0.046700,0
650,952.50,17,0.044048,0.0000,0.041800,0
651,952.42,17,0.018092,0.0000,0.045400,0
652,952.33,17,0.051933,0.0000,0.047200,0
653,952.17,17,0.084457,0.0000,0.045200,0
654,952.08,17,0.063967,0.0000,0.047600,0
655,952.00,17,0.067817,0.0000,0.045600,0
656,951.83,17,0.051116,0.0000,0.046100,0
657,951.58,17,0.033624,0.0000,0.044900,0
658,951.50,17,0.052928,0.0000,0.044500,0
659,951.25,17,0.033856,0.0000,0.044300,0
660,951.17,17,0.030905,0.0000,0.047300,0
661,951.08,17,0.065658,0.0000,0.043300,0
662,950.92,17,0.073638,0.0000,0.041200,0
663,950.83,17,0.098081,0.0000,0.045900,0
664,950.75,17,0.123583,0.0000,0.046900,0
665,950.58,17,0.116476,0.0000,0.044700,0
666,950.50,17,0.092427,0.0000,0.046800,0
667,950.33,17,0.083329,0.0000,0.047600,0
668,950.17,17,0.072438,0.0000,0.045900,0
669,950.08,17,0.045486,0.0000,0.044500,0
670,950.00,17,0.001670,0.0000,0.047500,0
671,949.83,17,0.028477,0.0000,0.043800,0
672,949.58,17,0.035599,0.0000,0.042200,0
673,949.50,17,0.041872,0.0000,0.043900,0
674,949.42,17,0.048703,0.0000,0.046600,0
675,949.25,17,0.036863,0.0000,0.045900,0
676,949.25,17,0.027651,0.0000,0.049900,0
677,949.08,17,0.054034,0.0000,0.045300,0
678,948.92,3,0.081121,0.0000,0.026600,0
679,948.83,3,0.109707,0.0000,0.028200,0
680,948.67,3,0.104873,0.0000,0.026800,0
681,948.50,3,0.106867,0.0000,0.031600,0
682,948.42,3,0.101479,0.0000,0.030100,0
683,948.17,3,0.086277,0.0000,0.027600,0
684,948.08,3,0.083675,0.0000,0.026800,0
685,947.83,3,0.116084,0.0000,0.027300,0
686,947.83,3,0.136122,0.0000,0.027900,0
687,947.75,3,0.102859,0.0000,0.028100,0
688,947.42,3,0.112254,0.0000,0.030200,0
689,947.17,3,0.071135,0.0000,0.023800,0
690,947.08,3,0.063357,0.0000,0.028900,0
691,946.50,3,0.081818,0.0000,0.026600,0
692,946.08,3,0.061681,0.0000,0.026000,0
693,945.75,3,0.054414,0.0000,0.026800,0
694,945.42,3,0.070818,0.0000,0.030200,0
695,945.08,17,0.020436,0.0000,0.045700,0
696,945.08,17,0.042467,0.0000,0.048300,0
697,944.50,17,0.011733,0.0000,0.046000,0
698,944.42,17,0.004820,0.0000,0.045200,0
699,944.08,17,0.017383,0.0000,0.046500,0
700,943.75,17,0.022889,0.0000,0.041800,0
701,943.42,17,0.027211,0.0000,0.043600,0
702,943.08,17,0.003719,0.0000,0.041700,0
703,942.42,17,0.106603,0.0000,0.044100,0
704,942.08,17,0.132672,0.0000,0.045500,0
705,942.00,17,0.144713,0.0000,0.044900,0
706,941.67,17,0.169101,0.0000,0.048000,0
707,941.08,17,0.161059,0.0000,0.049800,0
708,940.75,9,0.188085,0.0000,0.089600,0
709,940.42,17,0.160758,0.0000,0.046800,0
710,940.08,17,0.168589,0.0000,0.041400,0
711,939.42,17,0.136697,0.0000,0.045100,0
712,939.08,9,0.175223,0.0000,0.093000,0
713,938.75,17,0.077498,0.0000,0.042600,0
714,938.42,17,0.013108,0.0000,0.045900,0
715,938.08,17,0.015448,0.0000,0.048100,0
716,937.58,17,0.051310,0.0000,0.042800,0
717,937.42,3,0.066155,0.0000,0.025500,0
718,937.08,3,0.070273,0.0000,0.026300,0
719,936.75,3,0.088089,0.0000,0.028100,0
720,936.42,3,0.095194,0.0000,0.026100,0
721,936.08,3,0.103755,0.0000,0.026200,0
722,935.75,3,0.117782,0.0000,0.032300,0
723,935.42,3,0.119367,0.0000,0.026400,0
724,935.08,3,0.117432,0.0000,0.027000,0
725,934.75,3,0.121287,0.0000,0.029900,0
726,934.42,3,0.118465,0.0000,0.029500,0
727,934.08,3,0.121940,0.0000,0.027700,0
728,933.42,3,0.112326,0.0000,0.028800,0
729,933.33,3,0.082629,0.0000,0.026300,0
730,933.13,3,0.120462,0.0000,0.028500,0
731,932.50,3,0.105040,0.0000,0.026800,0
732,932.08,3,0.089295,0.0000,0.028200,0
733,932.00,3,0.126256,0.0000,0.028200,0
734,931.42,3,0.106360,0.0000,0.028600,0
735,931.08,3,0.073169,0.0000,0.028100,0
736,930.75,3,0.071864,0.0000,0.025600,0
737,930.42,17,0.015651,0.0000,0.046900,0
738,930.08,17,0.003335,0.0000,0.045500,0
739,929.42,17,0.012523,0.0000,0.044000,0
740,929.08,17,0.051430,0.0000,0.043600,0
741,928.75,3,0.065064,0.0000,0.029000,0
742,928.08,3,0.134312,0.0000,0.031100,0
743,927.42,3,0.081481,0.0000,0.027600,0
744,927.08,3,0.090137,0.0000,0.027700,0
745,926.75,3,0.124579,0.0000,0.029800,0
746,926.42,3,0.124070,0.0000,0.032100,0
747,926.08,3,0.153506,0.0000,0.028900,0
748,925.75,3,0.177292,0.0000,0.031900,0
749,925.42,3,0.184399,0.0000,0.026600,0
750,925.08,3,0.192107,0.0000,0.027300,0
751,924.75,3,0.205892,0.0000,0.027000,0
752,924.08,3,0.159940,0.0000,0.027100,0
753,923.42,3,0.159857,0.0000,0.027200,0
754,923.08,3,0.175874,0.0000,0.025700,0
755,922.42,3,0.192103,0.0000,0.029400,0
756,922.08,3,0.209731,0.0000,0.028600,0
757,921.75,3,0.225919,0.0000,0.028300,0
758,921.08,3,0.237788,0.0000,0.030500,0
759,920.75,3,0.246659,0.0000,0.025600,0
760,920.08,3,0.233488,0.0000,0.027000,0
761,919.75,3,0.230875,0.0000,0.025800,0
762,919.42,3,0.236979,0.0000,0.026000,0
763,919.08,3,0.242739,0.0000,0.028000,0
764,918.42,3,0.244443,0.0000,0.027700,0
765,918.08,3,0.263279,0.0000,0.027900,0
766,917.42,3,0.273488,0.0000,0.028500,0
767,917.08,3,0.208683,0.0000,0.030000,0
768,916.75,3,0.225914,0.0000,0.029400,0
769,916.42,3,0.232513,0.0000,0.025900,0
770,916.17,3,0.258603,0.0000,0.025600,0
771,916.08,3,0.276609,0.0000,0.026200,0
772,915.75,3,0.267468,0.0000,0.027200,0
773,915.42,3,0.248708,0.0000,0.026800,0
774,915.08,3,0.247684,0.0000,0.028700,0
775,914.42,3,0.242386,0.0000,0.027100,0
776,914.08,3,0.234585,0.0000,0.028700,0
777,913.75,3,0.236245,0.0000,0.028500,0
778,913.42,3,0.220172,0.0000,0.028000,0
779,913.08,3,0.187356,0.0000,0.027500,0
780,912.42,3,0.183411,0.0000,0.025400,0
781,912.08,3,0.168052,0.0000,0.028300,0
782,911.75,3,0.149609,0.0000,0.029200,0
783,911.42,3,0.098895,0.0000,0.028700,0
784,911.08,3,0.097704,0.0000,0.028300,0
785,910.42,17,0.051559,0.0000,0.045500,0
786,910.08,3,0.062987,0.0000,0.024200,0
787,909.75,17,0.051760,0.0000,0.044700,0
788,909.58,3,0.062693,0.0000,0.027600,0
789,909.08,3,0.078574,0.0000,0.026600,0
790,908.75,3,0.084352,0.0000,0.029900,0
791,908.42,3,0.099009,0.0000,0.023700,0
792,908.08,3,0.112797,0.0000,0.027500,0
793,907.42,3,0.144429,0.0000,0.028900,0
794,907.08,3,0.168229,0.0000,0.026500,0
795,906.42,3,0.201319,0.0000,0.028500,0
796,906.08,3,0.232844,0.0000,0.027300,0
797,905.42,3,0.273633,0.0000,0.028400,0
798,905.08,3,0.281041,0.0000,0.026300,0
799,904.75,3,0.278659,0.0000,0.030200,0
800,904.42,3,0.301202,0.0000,0.029100,0
801,904.08,3,0.297978,0.0000,0.028700,0
802,903.42,3,0.310619,0.0000,0.028100,0
803,903.13,3,0.316745,0.0000,0.028600,0
804,902.92,3,0.321289,0.0000,0.029500,0
805,902.42,3,0.319125,0.0000,0.027100,0
806,902.08,3,0.319623,0.0000,0.028800,0
807,901.42,17,0.078826,0.0000,0.045000,0
808,901.17,9,0.219403,0.0000,0.093500,0
809,901.08,9,0.395518,0.0000,0.095600,0
810,901.00,5,0.585735,0.0000,0.153900,0
811,900.14,5,0.590260,0.0000,0.155300,0
812,899.81,5,0.610841,0.0000,0.154900,0
813,899.61,5,0.641789,0.0000,0.160600,0
814,899.48,5,0.661861,0.0000,0.155600,0
815,899.48,5,0.693454,0.0000,0.162300,0
816,898.88,5,0.726485,0.0000,0.153100,0
817,898.62,5,0.776525,0.0000,0.158800,0
818,898.48,5,0.821565,0.0000,0.160700,0
819,898.42,5,0.860607,0.0000,0.159500,0
820,897.89,5,0.914957,0.0000,0.156800,0
821,897.55,11,0.960203,0.0000,0.225800,0
822,897.49,9,0.546695,0.0000,0.095600,0
823,897.22,9,0.331023,0.0000,0.092700,0
824,896.89,9,0.455154,0.0000,0.094400,0
825,896.56,5,0.632033,0.0000,0.162600,0
826,896.42,5,0.623343,0.0000,0.151000,0
827,895.89,5,0.614220,0.0000,0.160600,0
828,895.63,5,0.620729,0.0000,0.159700,0
829,895.50,5,0.625198,0.0000,0.155600,0
830,894.42,5,0.619687,0.0000,0.158000,0
831,894.08,5,0.635466,0.0000,0.156300,0
832,893.42,5,0.630924,0.0000,0.166600,0
833,893.08,5,0.647960,0.0000,0.153000,0
834,892.42,5,0.639757,0.0000,0.157100,0
835,892.08,5,0.629266,0.0000,0.155600,0
836,891.42,5,0.634853,0.0000,0.150900,0
837,891.08,9,0.462473,0.0000,0.095900,0
838,890.42,9,0.274290,0.0000,0.098200,0
839,890.08,17,0.115921,0.0000,0.047100,0
840,889.75,3,0.087534,0.0000,0.026500,1
841,889.42,17,0.053723,0.0000,0.047800,0
842,889.08,17,0.041522,0.0000,0.046400,0
843,888.75,17,0.037499,0.0000,0.043500,0
844,888.42,17,0.019940,0.0000,0.042500,0
845,888.08,17,0.013850,0.0000,0.042400,0
846,887.42,17,0.011496,0.0000,0.043200,0
847,887.08,17,0.004970,0.0000,0.043200,0
848,886.75,17,0.008333,0.0000,0.050300,0
849,886.42,17,0.007558,0.0000,0.042800,0
850,886.08,17,0.031026,0.0000,0.045400,0
851,885.75,17,0.036921,0.0000,0.041300,0
852,885.42,17,0.050686,0.0000,0.044800,0
853,885.33,3,0.061829,0.0000,0.026900,0
854,884.75,3,0.054999,0.0000,0.027100,0
855,884.42,3,0.065597,0.0000,0.026800,0
856,884.08,3,0.077672,0.0000,0.029300,0
857,883.75,3,0.117350,0.0000,0.028100,0
858,883.42,3,0.123240,0.0000,0.026600,0
859,883.08,3,0.135236,0.0000,0.029200,0
860,882.75,3,0.190320,0.0000,0.029300,0
861,882.42,3,0.213095,0.0000,0.026600,0
862,882.08,3,0.212214,0.0000,0.028000,0
863,881.75,3,0.181368,0.0000,0.025700,0
864,881.08,3,0.204389,0.0000,0.028200,0
865,880.75,3,0.208973,0.0000,0.028100,0
866,880.42,3,0.198742,0.0000,0.027300,0
867,880.08,3,0.181038,0.0000,0.028800,0
868,879.42,3,0.156913,0.0000,0.026200,0
869,879.08,3,0.141423,0.0000,0.027300,0
870,878.75,3,0.117564,0.0000,0.028900,0
871,878.42,3,0.093105,0.0000,0.028200,0
872,878.08,3,0.098432,0.0000,0.024600,0
873,877.42,3,0.087563,0.0000,0.030200,0
874,877.08,3,0.139376,0.0000,0.028500,0
875,876.75,3,0.134144,0.0000,0.028700,0
876,876.42,3,0.135724,0.0000,0.024700,0
877,876.08,3,0.175804,0.0000,0.029300,0
878,875.75,3,0.184924,0.0000,0.029900,0
879,875.42,3,0.188520,0.0000,0.026800,0
880,875.08,3,0.216827,0.0000,0.024900,0
881,874.42,3,0.209502,0.0000,0.028900,0
882,874.17,3,0.234203,0.0000,0.028400,0
883,874.08,3,0.244901,0.0000,0.028100,0
884,873.42,3,0.242311,0.0000,0.029600,0
885,873.08,3,0.248603,0.0000,0.028900,0
886,872.75,3,0.246565,0.0000,0.028100,0
887,872.42,3,0.247621,0.0000,0.028700,0
888,872.17,3,0.240137,0.0000,0.026900,0
889,871.42,3,0.240228,0.0000,0.026700,0
890,871.17,3,0.240512,0.0000,0.027700,0
891,870.83,3,0.239958,0.0000,0.028500,0
892,870.42,3,0.241857,0.0000,0.025400,0
893,870.08,3,0.241082,0.0000,0.026900,0
894,869.42,3,0.239347,0.0000,0.028900,0
895,869.08,3,0.240928,0.0000,0.027600,0
896,868.42,3,0.249573,0.0000,0.027600,0
897,868.08,3,0.237203,0.0000,0.027200,0
898,867.75,3,0.236519,0.0000,0.023800,0
899,867.42,3,0.219762,0.0000,0.027300,0
900,867.17,3,0.223095,0.0000,0.026500,0
901,867.08,3,0.209358,0.0000,0.029500,0
902,866.42,3,0.189904,0.0000,0.025200,0
903,866.09,3,0.165734,0.0000,0.028900,0
904,866.08,3,0.154907,0.0000,0.027800,0
905,865.42,3,0.160698,0.0000,0.026900,0
906,865.16,3,0.127031,0.0000,0.029200,0
907,864.75,3,0.120432,0.0000,0.026200,0
908,864.42,3,0.073814,0.0000,0.031900,0
909,864.16,3,0.089752,0.0000,0.029600,0
910,863.75,17,0.027570,0.0000,0.042500,0
911,863.42,17,0.015136,0.0000,0.044700,0
912,863.08,17,0.042077,0.0000,0.046100,0
913,862.75,3,0.077237,0.0000,0.023800,0
914,862.42,3,0.080245,0.0000,0.029500,0
915,862.08,3,0.105427,0.0000,0.027500,0
916,861.42,3,0.116165,0.0000,0.027100,0
917,861.08,3,0.139814,0.0000,0.031100,0
918,861.00,3,0.175444,0.0000,0.030000,0
919,860.42,3,0.178731,0.0000,0.032100,0
920,860.08,3,0.199526,0.0000,0.025400,0
921,859.42,3,0.208610,0.0000,0.027100,0
922,859.08,3,0.215227,0.0000,0.028900,0
923,858.42,3,0.230239,0.0000,0.028900,0
924,858.08,3,0.233584,0.0000,0.028100,0
925,857.75,3,0.222529,0.0000,0.028100,0
926,857.42,3,0.252867,0.0000,0.028000,0
927,857.08,3,0.250539,0.0000,0.025800,0
928,856.42,3,0.270176,0.0000,0.028900,0
929,856.08,3,0.249523,0.0000,0.026400,0
930,855.86,3,0.251273,0.0000,0.031100,0
931,855.53,3,0.239125,0.0000,0.028700,0
932,855.20,3,0.256540,0.0000,0.027900,0
933,854.14,3,0.253220,0.0000,0.026100,0
934,853.54,3,0.250958,0.0000,0.028300,0
935,853.41,3,0.242516,0.0000,0.025500,0
936,853.21,3,0.251811,0.0000,0.030300,0
937,852.88,3,0.255754,0.0000,0.029200,0
938,852.21,3,0.268866,0.0000,0.028300,0
939,851.22,3,0.290568,0.0000,0.029200,0
940,850.49,3,0.301337,0.0000,0.027300,0
941,850.22,3,0.305034,0.0000,0.027800,0
942,850.16,3,0.306455,0.0000,0.026400,0
943,849.96,3,0.306404,0.0000,0.030900,0
944,849.56,3,0.301517,0.0000,0.026600,0
945,849.16,3,0.299831,0.0000,0.026100,0
946,848.56,3,0.286526,0.0000,0.026700,0
947,848.36,3,0.283326,0.0000,0.029500,0
948,848.23,3,0.284025,0.0000,0.030300,0
949,847.43,3,0.246885,0.0000,0.028300,0
950,847.17,3,0.246484,0.0000,0.028800,0
951,846.44,3,0.220211,0.0000,0.029700,0
952,846.44,3,0.248191,0.0000,0.028200,0
953,845.44,3,0.229218,0.0000,0.027400,0
954,845.31,3,0.258718,0.0000,0.024600,0
955,845.24,3,0.273128,0.0000,0.027900,0
956,844.25,3,0.252027,0.0000,0.025900,0
957,843.45,3,0.271709,0.0000,0.029000,0
958,843.25,3,0.262269,0.0000,0.025700,0
959,842.59,3,0.251603,0.0000,0.028700,0
960,842.26,3,0.255703,0.0000,0.031900,0
961,841.46,3,0.211967,0.0000,0.027200,0
962,841.26,3,0.205226,0.0000,0.031100,0
963,840.80,3,0.202921,0.0000,0.025600,0
964,839.80,3,0.190345,0.0000,0.028200,0
965,839.47,3,0.194528,0.0000,0.025600,0
966,838.47,3,0.173073,0.0000,0.029100,0
967,838.34,3,0.150229,0.0000,0.028900,0
968,837.81,3,0.141170,0.0000,0.026900,0
969,837.54,3,0.117608,0.0000,0.024300,0
970,837.15,3,0.095234,0.0000,0.029000,0
971,836.55,3,0.146487,0.0000,0.030500,0
972,836.48,3,0.137107,0.0000,0.024900,0
973,836.35,3,0.141104,0.0000,0.026100,0
974,835.49,3,0.140668,0.0000,0.028800,0
975,835.15,3,0.138822,0.0000,0.032200,0
976,834.49,3,0.142678,0.0000,0.024100,0
977,834.16,3,0.141461,0.0000,0.028900,0
978,833.63,3,0.135831,0.0000,0.027200,0
979,833.16,3,0.119935,0.0000,0.029900,0
980,832.43,3,0.091932,0.0000,0.025900,0
981,831.90,3,0.088115,0.0000,0.027700,0
982,831.83,3,0.085717,0.0000,0.027200,0
983,831.24,3,0.080690,0.0000,0.029600,0
984,830.51,3,0.086578,0.0000,0.029600,0
985,830.24,3,0.091827,0.0000,0.027000,0
986,829.58,3,0.096948,0.0000,0.026000,0
987,829.25,3,0.121279,0.0000,0.027100,0
988,828.45,3,0.158702,0.0000,0.028700,0
989,828.45,3,0.187486,0.0000,0.029700,0
990,827.79,3,0.203745,0.0000,0.029700,0
991,827.52,3,0.204995,0.0000,0.027200,0
992,826.52,3,0.195675,0.0000,0.026800,0
993,825.53,3,0.185655,0.0000,0.025000,0
994,825.33,3,0.177668,0.0000,0.031300,0
995,824.60,3,0.173788,0.0000,0.025200,0
996,824.33,3,0.173071,0.0000,0.027600,0
997,823.60,3,0.166922,0.0000,0.028800,0
998,823.34,3,0.149690,0.0000,0.029200,0
999,819.82,3,0.083142,0.0000,0.030300,0
1000,819.42,17,0.030906,0.0000,0.047100,0
1001,818.76,17,0.005096,0.0000,0.046400,0
1002,817.43,17,0.033727,0.0000,0.046000,0
1003,816.63,17,0.061047,0.0000,0.040400,0
1004,816.17,17,0.086084,0.0000,0.047300,0
1005,815.44,17,0.102824,0.0000,0.049100,0
1006,814.71,17,0.134950,0.0000,0.046100,0
1007,814.71,17,0.121996,0.0000,0.042700,0
1008,813.91,17,0.144712,0.0000,0.047300,0
1009,812.92,17,0.159697,0.0000,0.045300,0
1010,812.52,17,0.171511,0.0000,0.045500,0
1011,812.12,9,0.189279,0.0000,0.092100,0
1012,811.92,9,0.202829,0.0000,0.093800,0
1013,811.52,9,0.202299,0.2000,0.092100,0
1014,811.12,9,0.194373,0.0000,0.094200,0
1015,810.86,9,0.185312,0.0000,0.095200,0
1016,810.53,9,0.176359,0.0000,0.098900,0
1017,809.99,9,0.173955,0.0000,0.092600,0
1018,809.86,17,0.152981,0.0000,0.040500,0
1019,809.07,17,0.128224,0.0000,0.046500,0
1020,809.00,17,0.109568,0.0000,0.049300,0
1021,808.07,17,0.095370,0.0000,0.045800,0
1022,807.87,17,0.090654,0.0000,0.046900,0
1023,807.80,17,0.087682,0.0000,0.043200,0
1024,807.14,17,0.081211,0.0000,0.043200,0
1025,807.01,17,0.074207,0.0000,0.045300,0
1026,806.81,17,0.059057,0.0000,0.040100,0
1027,806.14,17,0.043570,0.0000,0.045800,0
1028,805.61,17,0.006343,0.0000,0.049400,0
1029,805.08,17,0.006277,0.0000,0.047800,0
1030,804.95,17,0.026399,0.0000,0.048200,0
1031,804.62,17,0.047530,0.0000,0.039700,0
1032,804.09,3,0.057170,0.0000,0.027300,0
1033,803.89,17,0.053591,0.0000,0.043500,0
1034,803.62,3,0.056750,0.0000,0.028200,0
1035,803.22,3,0.066076,0.0000,0.026200,0
1036,802.63,3,0.075536,0.0000,0.025500,0
1037,801.96,3,0.081309,0.0000,0.025500,0
1038,801.10,3,0.083165,0.0000,0.026000,0
1039,800.70,3,0.084715,0.0000,0.028200,0
1040,800.24,3,0.099533,0.0000,0.028400,0
1041,799.90,3,0.106826,0.0000,0.030200,0
1042,799.71,3,0.114274,0.0000,0.027200,0
1043,799.11,3,0.135189,0.0000,0.026500,0
1044,798.71,3,0.130901,0.0000,0.028700,0
1045,798.18,3,0.098636,0.0000,0.028300,0
1046,798.18,3,0.114688,0.0000,0.025300,0
1047,797.91,3,0.146642,0.0000,0.025900,0
1048,797.91,3,0.186210,0.0000,0.027300,0
1049,797.71,3,0.213618,0.0000,0.023900,0
1050,797.71,3,0.200302,0.0000,0.027900,0
1051,797.18,3,0.194509,0.0000,0.027700,0
1052,796.72,3,0.193584,0.0000,0.028600,0
1053,796.19,3,0.197703,0.0000,0.026700,0
1054,795.99,3,0.199066,0.0000,0.027000,0
1055,795.12,3,0.202553,0.0000,0.031300,0
1056,794.99,3,0.205465,0.0000,0.029400,0
1057,794.79,3,0.205355,0.0000,0.027300,0
1058,794.53,3,0.206697,0.0000,0.030800,0
1059,794.13,3,0.234531,0.0000,0.027500,0
1060,794.00,3,0.234500,0.0000,0.029300,0
1061,793.73,3,0.234665,0.0000,0.026800,0
1062,793.47,3,0.236608,0.0000,0.028300,0
1063,793.40,3,0.237976,0.0000,0.025900,0
1064,793.00,3,0.245461,0.0000,0.027800,0
1065,792.47,3,0.253161,0.0000,0.025900,0
1066,792.00,3,0.251307,0.0000,0.025700,0
1067,791.21,3,0.251523,0.0000,0.029100,0
1068,791.14,3,0.264494,0.0000,0.025500,0
1069,791.08,3,0.277404,0.0000,0.028000,0
1070,791.08,3,0.272258,0.0000,0.027700,0
1071,790.41,3,0.280838,0.0000,0.028600,0
1072,790.15,3,0.281798,0.0000,0.025000,0
1073,790.08,3,0.289649,0.0000,0.025400,0
1074,789.55,3,0.285853,0.0000,0.029400,0
1075,789.42,3,0.286202,0.0000,0.028900,0
1076,789.08,3,0.285468,0.0000,0.028300,0
1077,788.88,3,0.293539,0.0000,0.029000,0
1078,788.22,3,0.272392,0.0000,0.027100,0
1079,788.22,3,0.302703,0.0000,0.026600,0
1080,787.89,3,0.184118,0.0000,0.027600,0
1081,787.16,3,0.154861,0.0000,0.030100,0
1082,786.89,3,0.104376,0.0000,0.029400,0
1083,786.43,3,0.082502,0.0000,0.027700,0
1084,785.43,3,0.068873,0.0000,0.027800,0
1085,785.37,3,0.057035,0.0000,0.027700,0
1086,784.64,3,0.054379,0.0000,0.026500,0
1087,784.64,17,0.046836,0.0000,0.041700,0
1088,784.24,17,0.053176,0.0000,0.045700,0
1089,784.17,3,0.116353,0.0000,0.027600,0
1090,783.38,3,0.106616,0.0000,0.028700,0
1091,782.98,3,0.127798,0.0000,0.029500,0
1092,782.25,3,0.154060,0.0000,0.028300,0
1093,781.52,3,0.157909,0.0000,0.028500,0
1094,781.52,3,0.160565,0.0000,0.027200,0
1095,781.18,3,0.147583,0.0000,0.030000,0
1096,780.52,3,0.142678,0.0000,0.026400,0
1097,780.19,17,0.023617,0.0000,0.045200,0
1098,780.19,17,0.000458,0.0000,0.044200,0
1099,779.52,17,0.016025,0.0000,0.042300,0
1100,779.26,17,0.030169,0.0000,0.043900,0
1101,778.99,17,0.003433,0.0000,0.043000,0
1102,778.53,17,0.033778,0.0000,0.044600,0
1103,777.53,3,0.086746,0.0000,0.027500,0
1104,777.53,3,0.123847,0.0000,0.029900,0
1105,776.47,3,0.136374,0.0000,0.026300,0
1106,776.34,3,0.141093,0.0000,0.028100,0
1107,776.27,3,0.137989,0.0000,0.026300,0
1108,775.48,3,0.127898,0.0000,0.026400,0
1109,775.34,3,0.125878,0.0000,0.027100,0
1110,775.08,3,0.127194,0.0000,0.024700,0
1111,774.48,3,0.114833,0.0000,0.026400,0
1112,774.08,3,0.110467,0.0000,0.027400,0
1113,773.55,3,0.108848,0.0000,0.026600,0
1114,773.55,3,0.107084,0.0000,0.029300,0
1115,772.82,3,0.208222,0.0000,0.030200,0
1116,772.82,3,0.187931,0.0000,0.027700,0
1117,772.56,5,1.333584,0.0000,0.160400,0
1118,772.36,11,1.089082,0.0000,0.226000,0
1119,772.36,11,0.978940,0.0000,0.224100,0
1120,771.83,11,1.084954,0.0000,0.238100,0
1121,771.56,11,1.039950,0.0000,0.228600,0
1122,771.56,11,1.012082,0.0000,0.231600,0
1123,771.43,11,1.005073,0.0000,0.218500,0
1124,770.83,11,1.088497,0.0000,0.233300,0
1125,770.50,11,1.260268,0.0000,0.222200,0
1126,770.50,11,1.275172,0.0000,0.232900,0
1127,770.37,11,1.392702,0.0000,0.232800,0
1128,770.37,11,1.351367,0.0000,0.225300,0
1129,769.83,11,1.367071,0.0000,0.225800,0
1130,769.50,11,1.366322,0.0000,0.228600,0
1131,769.50,11,1.391358,0.0000,0.234000,0
1132,769.17,11,1.355181,0.2000,0.229000,0
1133,768.18,11,1.346238,0.0000,0.228100,0
1134,768.18,11,1.333972,0.0000,0.226100,0
1135,767.84,11,1.315095,0.0000,0.236200,0
1136,767.58,11,1.341697,0.0000,0.233000,0
1137,767.51,11,1.340785,0.0000,0.238100,0
1138,767.18,11,1.215793,0.0000,0.228900,0
1139,767.18,11,1.295682,0.0000,0.223600,0
1140,766.85,11,1.134136,0.2000,0.232300,0
1141,766.65,11,1.035095,0.0000,0.230200,0
1142,766.65,5,0.868819,0.0000,0.149500,0
1143,766.52,9,0.533564,0.0000,0.095500,0
1144,766.52,5,0.664174,0.0000,0.161100,0
1145,765.85,9,0.311465,0.0000,0.097500,0
1146,765.52,17,0.104360,0.0000,0.041800,0
1147,765.52,17,0.068163,0.0000,0.044700,0
1148,764.92,17,0.033312,0.0000,0.047500,0
1149,764.53,3,0.090503,0.0000,0.026600,0
1150,764.53,3,0.111031,0.0000,0.025900,0
1151,763.80,3,0.157377,0.0000,0.028300,0
1152,763.60,3,0.177597,0.0000,0.028200,0
1153,763.60,3,0.171319,0.0000,0.026300,0
1154,763.27,3,0.160577,0.0000,0.028700,0
1155,762.93,3,0.150896,0.0000,0.027700,0
1156,762.54,3,0.139965,0.0000,0.028400,0
1157,762.27,3,0.129253,0.0000,0.028000,0
1158,761.67,3,0.080672,0.0000,0.028800,0
1159,761.67,17,0.047884,0.0000,0.044200,0
1160,761.28,3,0.115448,0.0000,0.026400,0
1161,760.68,3,0.111717,0.0000,0.027100,0
1162,760.28,3,0.114729,0.0000,0.025800,0
1163,760.28,3,0.144287,0.0000,0.031100,0
1164,759.62,3,0.141835,0.0000,0.030000,0
1165,759.29,3,0.135772,0.0000,0.025600,0
1166,758.82,3,0.133513,0.0000,0.029700,0
1167,758.62,3,0.120341,0.0000,0.028500,0
1168,758.22,3,0.110176,0.0000,0.026000,0
1169,757.89,3,0.094676,0.0000,0.024300,0
1170,757.63,3,0.074001,0.0000,0.029100,0
1171,757.36,3,0.070520,0.0000,0.028900,0
1172,757.36,3,0.067220,0.0000,0.027300,0
1173,756.70,3,0.074866,0.0000,0.028500,0
1174,756.37,3,0.221772,0.0000,0.028600,0
1175,755.84,3,0.256385,0.0000,0.025900,0
1176,755.70,3,0.254786,0.0000,0.029000,0
1177,755.11,3,0.254062,0.0000,0.027500,0
1178,754.71,3,0.107157,0.0000,0.031500,0
1179,754.71,3,0.130527,0.0000,0.027500,0
1180,754.31,3,0.134739,0.0000,0.028200,0
1181,753.71,3,0.185686,0.0000,0.024300,0
1182,753.31,3,0.198018,0.0000,0.030700,0
1183,753.31,3,0.210322,0.0000,0.027400,0
1184,752.85,3,0.135677,0.0000,0.027200,0
1185,752.19,3,0.112374,0.0000,0.026500,0
1186,752.19,3,0.121719,0.0000,0.031600,0
1187,751.72,3,0.100159,0.0000,0.031400,0
1188,751.12,3,0.099485,0.0000,0.026800,0
1189,751.12,3,0.099815,0.0000,0.030100,0
1190,750.46,3,0.096540,0.0000,0.026300,0
1191,749.86,3,0.087716,0.0000,0.029500,0
1192,749.47,3,0.074675,0.0000,0.029400,0
1193,749.20,3,0.072831,0.0000,0.026900,0
1194,748.80,3,0.072113,0.0000,0.029700,0
1195,748.47,3,0.066577,0.0000,0.026400,0
1196,747.67,3,0.064804,0.0000,0.026000,0
1197,747.48,3,0.065828,0.0000,0.028700,0
1198,746.48,3,0.056485,0.0000,0.025500,0
1199,746.22,17,0.044531,0.0000,0.045100,0
1200,746.08,17,0.042010,0.0000,0.047100,0
1201,745.82,17,0.040837,0.0000,0.043800,0
1202,745.09,17,0.045567,0.0000,0.043700,0
1203,744.82,17,0.046589,0.0000,0.044800,0
1204,744.56,17,0.052574,0.0000,0.043800,0
1205,744.22,17,0.050388,0.0000,0.043700,0
1206,743.96,3,0.058771,0.0000,0.027400,0
1207,743.56,3,0.065640,0.0000,0.028800,0
1208,742.90,3,0.065069,0.0000,0.028700,0
1209,742.57,3,0.066487,0.0000,0.029800,0
1210,741.57,3,0.074882,0.0000,0.029600,0
1211,741.57,3,0.077790,0.0000,0.028000,0
1212,741.31,3,0.078111,0.0000,0.026900,0
1213,740.58,3,0.083413,0.0000,0.029000,0
1214,740.31,3,0.081755,0.0000,0.028200,0
1215,740.04,3,0.063608,0.0000,0.027800,0
1216,739.91,17,0.037715,0.0000,0.046000,0
1217,738.32,17,0.020503,0.0000,0.047400,0
1218,737.92,17,0.002021,0.0000,0.045700,0
1219,737.92,17,0.018378,0.0000,0.045700,0
1220,736.66,3,0.063718,0.0000,0.028800,0
1221,736.66,17,0.043295,0.0000,0.046700,0
1222,736.20,3,0.102559,0.0000,0.028900,0
1223,735.67,3,0.128484,0.0000,0.030000,0
1224,735.14,3,0.136110,0.0000,0.026800,0
1225,735.07,3,0.130516,0.0000,0.030600,0
1226,734.67,3,0.112236,0.0000,0.030400,0
1227,734.27,3,0.089452,0.0000,0.027000,0
1228,734.01,3,0.079698,0.0000,0.029400,0
1229,733.68,3,0.071897,0.0000,0.026600,0
1230,733.14,3,0.060505,0.0000,0.028800,0
1231,732.95,3,0.072772,0.0000,0.029200,0
1232,732.95,3,0.063658,0.0000,0.028800,0
1233,732.15,3,0.087724,0.0000,0.028200,0
1234,731.49,3,0.124496,0.0000,0.030000,0
1235,731.42,3,0.142347,0.0000,0.026900,0
1236,731.22,3,0.127621,0.0000,0.027500,0
1237,731.22,3,0.092519,0.0000,0.029900,0
1238,730.42,17,0.032237,0.0000,0.045700,0
1239,730.09,17,0.064846,0.0000,0.046900,0
1240,730.03,9,0.190103,0.0000,0.091100,0
1241,729.43,9,0.299369,0.0000,0.091000,0
1242,729.10,9,0.412510,0.0000,0.099600,0
1243,728.50,5,0.522117,0.0000,0.155100,0
1244,728.50,5,0.568089,0.0000,0.157600,0
1245,728.10,5,0.580350,0.0000,0.155200,0
1246,727.51,17,0.221243,0.0000,0.045100,0
1247,727.11,17,0.037670,0.0000,0.047200,0
1248,727.11,3,0.100218,0.0000,0.028400,0
1249,726.51,3,0.126280,0.0000,0.027000,0
1250,726.11,3,0.149962,0.0000,0.026200,0
1251,725.51,3,0.168856,0.0000,0.027700,0
1252,725.51,3,0.184606,0.0000,0.030700,0
1253,725.12,3,0.196466,0.0000,0.028500,0
1254,724.52,3,0.203348,0.0000,0.028400,0
1255,724.19,3,0.206364,0.0000,0.026900,0
1256,724.12,3,0.207708,0.0000,0.024900,0
1257,723.52,3,0.206080,0.0000,0.026600,0
1258,723.19,3,0.201337,0.0000,0.027600,0
1259,722.86,3,0.193766,0.0000,0.026100,0
1260,722.60,3,0.181515,0.0000,0.027900,0
1261,722.20,3,0.159646,0.0000,0.029000,0
1262,721.60,3,0.105618,0.0000,0.028500,0
1263,721.14,17,0.026527,0.0000,0.047900,0
1264,720.87,17,0.023480,0.0000,0.045000,0
1265,720.61,17,0.047713,0.0000,0.048500,0
1266,720.14,17,0.063041,0.0000,0.047400,0
1267,719.61,17,0.098006,0.0000,0.044000,0
1268,719.61,17,0.084665,0.0000,0.044800,0
1269,718.61,17,0.112365,0.0000,0.042700,0
1270,718.22,17,0.112852,0.0000,0.047500,0
1271,718.22,17,0.095782,0.0000,0.041900,0
1272,717.62,17,0.061997,0.0000,0.045000,0
1273,717.29,17,0.027013,0.0000,0.045600,0
1274,716.96,17,0.016836,0.0000,0.042000,0
1275,716.49,3,0.069205,0.0000,0.026800,0
1276,716.43,3,0.093084,0.0000,0.028800,0
1277,715.96,3,0.111160,0.0000,0.028600,0
1278,715.30,3,0.127185,0.0000,0.028900,0
1279,715.16,3,0.140039,0.0000,0.028800,0
1280,714.43,3,0.141329,0.0000,0.028500,0
1281,714.43,3,0.140721,0.0000,0.028800,0
1282,713.71,3,0.142096,0.0000,0.029300,0
1283,713.44,3,0.142731,0.0000,0.027500,0
1284,713.24,3,0.140553,0.0000,0.026000,0
1285,712.44,3,0.130871,0.0000,0.025800,0
1286,712.31,3,0.125870,0.0000,0.028300,0
1287,712.31,3,0.120031,0.0000,0.028200,0
1288,711.45,3,0.121174,0.0000,0.029100,0
1289,711.45,3,0.123177,0.0000,0.025700,0
1290,711.38,3,0.120799,0.0000,0.026900,0
1291,710.59,3,0.132732,0.0000,0.030500,0
1292,710.39,3,0.156432,0.0000,0.029300,0
1293,710.39,3,0.145979,0.0000,0.026500,0
1294,709.79,3,0.175736,0.0000,0.027600,0
1295,709.39,3,0.198284,0.0000,0.025200,0
1296,709.06,3,0.205657,0.0000,0.028100,0
1297,708.53,3,0.191754,0.0000,0.030100,0
1298,708.33,3,0.162535,0.0000,0.026600,0
1299,707.53,3,0.140538,0.0000,0.031900,0
1300,707.34,3,0.129062,0.0000,0.028400,0
1301,707.34,3,0.116536,0.0000,0.026100,0
1302,706.81,3,0.124036,0.0000,0.027100,0
1303,706.41,3,0.143559,0.0000,0.025700,0
1304,705.81,3,0.170315,0.0000,0.029100,0
1305,705.48,3,0.187584,0.0000,0.027400,0
1306,705.15,3,0.194680,0.0000,0.027600,0
1307,704.48,3,0.173670,0.0000,0.030400,0
1308,704.48,3,0.187373,0.0000,0.030000,0
1309,704.15,3,0.148135,0.0000,0.029200,0
1310,703.49,3,0.140204,0.0000,0.027400,0
1311,703.16,3,0.133345,0.0000,0.027300,0
1312,703.16,3,0.120219,0.0000,0.026700,0
1313,702.49,3,0.110156,0.0000,0.029900,0
1314,702.16,3,0.099025,0.0000,0.028000,0
1315,701.90,3,0.098527,0.0000,0.027000,0
1316,701.43,3,0.095108,0.0000,0.029100,0
1317,700.50,3,0.077409,0.0000,0.026500,0
1318,700.50,3,0.077096,0.0000,0.025800,0
1319,699.51,3,0.077927,0.0000,0.029500,0
1320,698.91,3,0.075358,0.0000,0.028900,0
1321,698.78,3,0.073980,0.0000,0.028400,0
1322,698.51,3,0.069525,0.0000,0.027500,0
1323,697.58,3,0.065752,0.0000,0.026200,0
1324,697.58,3,0.069553,0.0000,0.027200,0
1325,697.25,3,0.079564,0.0000,0.029700,0
1326,696.59,3,0.100204,0.0000,0.027500,0
1327,696.59,3,0.120696,0.0000,0.029700,0
1328,695.53,3,0.142072,0.0000,0.026000,0
1329,695.26,3,0.172166,0.0000,0.028100,0
1330,695.26,3,0.157660,0.0000,0.029000,0
1331,694.53,3,0.194581,0.0000,0.029600,0
1332,694.00,3,0.208264,0.0000,0.027300,0
1333,693.60,3,0.213661,0.0000,0.027200,0
1334,693.34,3,0.208186,0.0000,0.028800,0
1335,692.61,3,0.187049,0.0000,0.026700,0
1336,692.61,3,0.137391,0.0000,0.026600,0
1337,692.08,3,0.125896,0.0000,0.026200,0
1338,691.61,3,0.113452,0.0000,0.026000,0
1339,691.35,3,0.100000,0.0000,0.027200,0
1340,691.08,3,0.087070,0.0000,0.026300,0
1341,690.68,3,0.079192,0.0000,0.028600,0
1342,690.09,3,0.078564,0.0000,0.027300,0
1343,689.82,3,0.126219,0.0000,0.026800,0
1344,689.69,3,0.149903,0.0000,0.027400,0
1345,689.09,3,0.165285,0.0000,0.029600,0
1346,688.89,3,0.165445,0.0000,0.027500,0
1347,688.69,3,0.161354,0.0000,0.028300,0
1348,688.10,3,0.153381,0.0000,0.029600,0
1349,687.83,3,0.145534,0.0000,0.028700,0
1350,687.83,3,0.138726,0.0000,0.028700,0
1351,687.10,3,0.116005,0.0000,0.029200,0
1352,686.77,3,0.094447,0.0000,0.025900,0
1353,686.70,3,0.076217,0.0000,0.026600,0
1354,686.10,3,0.058905,0.0000,0.028900,0
1355,685.77,17,0.023659,0.0000,0.038800,0
1356,685.77,17,0.033871,0.0000,0.041600,0
1357,684.78,17,0.015414,0.0000,0.045300,0
1358,684.18,17,0.000228,0.0000,0.046400,0
1359,683.85,17,0.039988,0.0000,0.046800,0
1360,683.78,17,0.029444,0.0000,0.044400,0
1361,683.78,17,0.026160,0.0000,0.042000,0
1362,683.19,17,0.018578,0.0000,0.047300,0
1363,682.46,17,0.021605,0.0000,0.047800,0
1364,682.19,17,0.030204,0.0000,0.045200,0
1365,682.19,17,0.026417,0.0000,0.045600,0
1366,681.79,17,0.033272,0.0000,0.043300,0
1367,681.20,17,0.042288,0.0000,0.046000,0
1368,681.20,17,0.037085,0.0000,0.041000,0
1369,680.80,17,0.035041,0.0000,0.045600,0
1370,680.20,17,0.027635,0.0000,0.044900,0
1371,679.80,17,0.023258,0.0000,0.042300,0
1372,679.80,17,0.018151,0.0000,0.045900,0
1373,678.87,17,0.016649,0.0000,0.043000,0
1374,678.21,17,0.003437,0.0000,0.045300,0
1375,678.21,17,0.005680,0.0000,0.046100,0
1376,677.55,17,0.014907,0.0000,0.046900,0
1377,677.28,17,0.025708,0.0000,0.042700,0
1378,676.88,17,0.036663,0.0000,0.046800,0
1379,676.48,17,0.046652,0.0000,0.042500,0
1380,676.22,3,0.067319,0.0000,0.026700,0
1381,675.89,3,0.089261,0.0000,0.027600,0
1382,675.29,3,0.110084,0.0000,0.023900,0
1383,675.16,3,0.132227,0.0000,0.029200,0
1384,674.30,3,0.152880,0.0000,0.028800,0
1385,674.03,3,0.170778,0.0000,0.029200,0
1386,673.96,3,0.194211,0.0000,0.024100,0
1387,672.97,3,0.214683,0.0000,0.029600,0
1388,672.97,3,0.228706,0.0000,0.026300,0
1389,672.30,3,0.104252,0.0000,0.031000,0
1390,671.97,3,0.103475,0.0000,0.027300,0
1391,670.98,3,0.126099,0.0000,0.028200,0
1392,670.65,3,0.120497,0.0000,0.029900,0
1393,670.12,3,0.123660,0.0000,0.029200,0
1394,669.65,3,0.132560,0.0000,0.028600,0
1395,669.39,3,0.151100,0.0000,0.025300,0
1396,669.25,3,0.151738,0.0000,0.029500,0
1397,668.52,3,0.150810,0.0000,0.026400,0
1398,668.46,3,0.155654,0.0000,0.027500,0
1399,668.12,3,0.174042,0.0000,0.026200,0
1400,667.40,3,0.177421,0.0000,0.026400,0
1401,667.06,3,0.171616,0.0000,0.031900,0
1402,666.73,3,0.171182,0.0000,0.027300,0
1403,665.74,3,0.172424,0.0000,0.028500,0
1404,665.74,3,0.172437,0.0000,0.029800,0
1405,664.74,3,0.176724,0.0000,0.026600,0
1406,664.21,3,0.182068,0.0000,0.026200,0
1407,664.08,3,0.176237,0.0000,0.030400,0
1408,663.48,3,0.176020,0.0000,0.029000,0
1409,663.22,3,0.173027,0.0000,0.029400,0
1410,662.49,3,0.172315,0.0000,0.029500,0
1411,662.49,3,0.168740,0.0000,0.029200,0
1412,662.22,3,0.171738,0.0000,0.026300,0
1413,661.49,3,0.157020,0.0000,0.028600,0
1414,661.22,3,0.133684,0.0000,0.027600,0
1415,661.22,3,0.112177,0.0000,0.028000,0
1416,660.83,3,0.130348,0.0000,0.028300,0
1417,660.49,3,0.149066,0.0000,0.026500,0
1418,660.23,3,0.168035,0.0000,0.027200,0
1419,660.23,3,0.161787,0.0000,0.031000,0
1420,659.43,3,0.153265,0.0000,0.030500,0
1421,659.23,3,0.131572,0.0000,0.027500,0
1422,658.84,3,0.167779,0.0000,0.026100,0
1423,658.44,3,0.178006,0.0000,0.027100,0
1424,658.24,3,0.169954,0.0000,0.028800,0
1425,657.58,3,0.163224,0.0000,0.028400,0
1426,657.51,3,0.156906,0.0000,0.028200,0
1427,657.31,3,0.154240,0.0000,0.028100,0
1428,656.85,3,0.142192,0.0000,0.028300,0
1429,656.32,3,0.133888,0.0000,0.028900,0
1430,656.32,3,0.135279,0.0000,0.028700,0
1431,655.59,3,0.134901,0.0000,0.031300,0
1432,655.32,3,0.130634,0.0000,0.027000,0
1433,655.32,3,0.134517,0.0000,0.029000,0
1434,654.46,3,0.144968,0.0000,0.027000,0
1435,654.32,3,0.149192,0.0000,0.029000,0
1436,653.93,3,0.143877,0.0000,0.029400,0
1437,653.46,3,0.137558,0.0000,0.031100,0
1438,653.26,3,0.138416,0.0000,0.031100,0
1439,653.26,3,0.136151,0.0000,0.026300,0
1440,652.53,3,0.149767,0.0000,0.027200,0
1441,651.87,3,0.154788,0.0000,0.027700,0
1442,651.41,3,0.158444,0.0000,0.028600,0
1443,650.54,3,0.162370,0.0000,0.028600,0
1444,650.41,3,0.165842,0.0000,0.028100,0
1445,649.55,3,0.166291,0.0000,0.026700,0
1446,649.42,3,0.181043,0.0000,0.028500,0
1447,648.42,3,0.173975,0.0000,0.025200,0
1448,648.29,3,0.176104,0.0000,0.025900,0
1449,648.29,3,0.179414,0.0000,0.029300,0
1450,647.56,3,0.170389,0.0000,0.028600,0
1451,647.42,3,0.147533,0.0000,0.027800,0
1452,646.50,3,0.155349,0.0000,0.028500,0
1453,646.50,3,0.147468,0.0000,0.028100,0
1454,645.50,3,0.154533,0.0000,0.027900,0
1455,644.57,3,0.148132,0.0000,0.027500,0
1456,644.57,3,0.147122,0.0000,0.025900,0
1457,643.51,3,0.143180,0.0000,0.025700,0
1458,643.51,3,0.140503,0.0000,0.025100,0
1459,642.51,3,0.131245,0.0000,0.027000,0
1460,642.12,3,0.132242,0.0000,0.027900,0
1461,642.12,3,0.136030,0.0000,0.028600,0
1462,641.52,3,0.145663,0.0000,0.026600,0
1463,641.12,3,0.149532,0.0000,0.029000,0
1464,640.79,3,0.145919,0.0000,0.025100,0
1465,640.46,3,0.151726,0.0000,0.029700,0
1466,640.46,3,0.143249,0.0000,0.027100,0
1467,640.13,3,0.158193,0.0000,0.025400,0
1468,639.60,3,0.164029,0.0000,0.029200,0
1469,639.13,3,0.167982,0.0000,0.031200,0
1470,638.87,3,0.165668,0.0000,0.027000,0
1471,638.80,3,0.169453,0.0000,0.027200,0
1472,638.47,3,0.164278,0.0000,0.026800,0
1473,637.80,3,0.164504,0.0000,0.028500,0
1474,637.61,3,0.166587,0.0000,0.030200,0
1475,636.48,3,0.163609,0.0000,0.026600,0
1476,636.48,3,0.168458,0.0000,0.027500,0
1477,635.61,3,0.176119,0.0000,0.026800,0
1478,635.08,3,0.188596,0.0000,0.028900,0
1479,635.02,3,0.197188,0.0000,0.027600,0
1480,635.02,3,0.204169,0.0000,0.025700,0
1481,634.16,3,0.216863,0.0000,0.030000,0
1482,633.56,3,0.230504,0.0000,0.026200,0
1483,632.96,3,0.243115,0.0000,0.030500,0
1484,632.03,3,0.259800,0.0000,0.029900,0
1485,631.57,3,0.270854,0.0000,0.028100,0
1486,631.17,3,0.283544,0.0000,0.027900,0
1487,630.90,3,0.278502,0.0000,0.028900,0
1488,630.71,3,0.271504,0.0000,0.028800,0
1489,630.17,3,0.252244,0.0000,0.027000,0
1490,629.84,3,0.218188,0.0000,0.029600,0
1491,629.71,3,0.178951,0.0000,0.025600,0
1492,629.18,3,0.147454,0.0000,0.032500,0
1493,628.71,3,0.095444,0.0000,0.026300,0
1494,628.32,17,0.042367,0.0000,0.045200,0
1495,628.12,17,0.014605,0.0000,0.042400,0
1496,627.59,17,0.070987,0.0000,0.046900,0
1497,627.26,17,0.127207,0.0000,0.046400,0
1498,627.12,9,0.186901,0.0000,0.095900,0
1499,626.66,9,0.239171,0.0000,0.094800,0
1500,626.13,9,0.284832,0.0000,0.096000,0
1501,625.86,9,0.324767,0.0000,0.093400,0
1502,625.80,9,0.348986,0.0000,0.099900,0
1503,625.20,9,0.365883,0.0000,0.095500,0
1504,624.67,9,0.356604,0.0000,0.095100,0
1505,624.67,9,0.371782,0.2000,0.098900,0
1506,623.67,9,0.346685,0.0000,0.095400,0
1507,622.81,9,0.319917,0.0000,0.096700,0
1508,622.41,9,0.288848,0.0000,0.097800,0
1509,622.08,9,0.257828,0.0000,0.090300,0
1510,621.68,9,0.226445,0.0000,0.091900,0
1511,621.42,9,0.198411,0.0000,0.091400,0
1512,620.69,9,0.180033,0.0000,0.092300,0
1513,620.16,17,0.167846,0.0000,0.048100,0
1514,620.09,9,0.173396,0.0000,0.093900,0
1515,619.76,9,0.205553,0.0000,0.095900,0
1516,619.76,9,0.251029,0.0000,0.098200,0
1517,619.16,9,0.263322,0.0000,0.094700,0
1518,619.16,9,0.259616,0.2000,0.092000,0
1519,618.76,9,0.267200,0.0000,0.094800,0
1520,618.17,9,0.280197,0.0000,0.095500,0
1521,617.90,9,0.303777,0.0000,0.091200,0
1522,617.77,9,0.310420,0.0000,0.093900,0
1523,617.37,9,0.282062,0.0000,0.097000,0
1524,617.37,9,0.257563,0.0000,0.091600,0
1525,616.51,9,0.237094,0.0000,0.097400,0
1526,615.91,9,0.223351,0.0000,0.095200,0
1527,615.51,9,0.210593,0.0000,0.094400,0
1528,614.91,9,0.174769,0.0000,0.093600,0
1529,614.52,17,0.144974,0.0000,0.046700,0
1530,614.05,17,0.122719,0.0000,0.046700,0
1531,613.85,17,0.105600,0.0000,0.046400,0
1532,613.52,17,0.089987,0.0000,0.045100,0
1533,612.86,17,0.077536,0.0000,0.043200,0
1534,612.53,17,0.078241,0.0000,0.048900,0
1535,612.53,17,0.060332,0.0000,0.047200,0
1536,611.86,17,0.051115,0.0000,0.042600,0
1537,611.13,17,0.054372,0.0000,0.042800,0
1538,611.13,17,0.055746,0.0000,0.045700,0
1539,610.87,17,0.050590,0.0000,0.045300,0
1540,610.87,17,0.042968,0.0000,0.041600,0
1541,609.61,17,0.001099,0.0000,0.046100,0
1542,609.61,17,0.018845,0.0000,0.047200,0
1543,609.14,17,0.000375,0.0000,0.047100,0
1544,608.61,17,0.016744,0.0000,0.045700,0
1545,608.28,17,0.017293,0.0000,0.043900,0
1546,608.15,17,0.018904,0.0000,0.043300,0
1547,607.62,17,0.022859,0.0000,0.043400,0
1548,607.09,17,0.040103,0.0000,0.041700,0
1549,606.95,3,0.058158,0.0000,0.031700,0
1550,606.62,3,0.056154,0.0000,0.027800,0
1551,606.36,17,0.042675,0.0000,0.045200,0
1552,605.63,17,0.025384,0.0000,0.041100,0
1553,605.63,17,0.018669,0.0000,0.047200,0
1554,605.23,17,0.052773,0.0000,0.044700,0
1555,605.10,3,0.061565,0.0000,0.023500,0
1556,604.96,3,0.057147,0.0000,0.028700,0
1557,604.10,17,0.023110,0.0000,0.043500,0
1558,603.97,17,0.035751,0.0000,0.047400,0
1559,603.70,17,0.039435,0.0000,0.045500,0
1560,603.10,17,0.053266,0.0000,0.044100,0
1561,602.71,3,0.073858,0.0000,0.026400,0
1562,602.71,3,0.064253,0.0000,0.028000,0
1563,602.11,3,0.103546,0.0000,0.028600,0
1564,601.71,3,0.148839,0.0000,0.030000,0
1565,601.71,3,0.124158,0.0000,0.024700,0
1566,601.11,3,0.167430,0.0000,0.028000,0
1567,601.05,3,0.173506,0.0000,0.024000,0
1568,600.72,3,0.172647,0.0000,0.026400,0
1569,600.45,3,0.159006,0.0000,0.029100,0
1570,599.65,3,0.138927,0.0000,0.026000,0
1571,599.19,3,0.145217,0.0000,0.026200,0
1572,598.73,3,0.130100,0.0000,0.030300,0
1573,597.47,3,0.132723,0.0000,0.030400,0
1574,597.40,3,0.124459,0.0000,0.029400,0
1575,596.47,3,0.146457,0.0000,0.027600,0
1576,596.14,3,0.158069,0.0000,0.025500,0
1577,595.74,3,0.156484,0.0000,0.028000,0
1578,595.14,3,0.142604,0.0000,0.028600,0
1579,594.48,3,0.123433,0.0000,0.027100,0
1580,594.15,3,0.121082,0.0000,0.028600,0
1581,593.62,3,0.085767,0.0000,0.029500,0
1582,593.29,3,0.061319,0.0000,0.027300,0
1583,593.15,17,0.034059,0.0000,0.044200,0
1584,592.42,17,0.023570,0.0000,0.045800,0
1585,592.29,17,0.022769,0.0000,0.046100,0
1586,591.63,17,0.038638,0.0000,0.044200,0
1587,591.43,3,0.065271,0.0000,0.025400,0
1588,591.16,3,0.090781,0.0000,0.026500,0
1589,590.63,3,0.122921,0.0000,0.030300,0
1590,590.30,3,0.156369,0.0000,0.024000,0
1591,590.30,3,0.142761,0.0000,0.030300,0
1592,589.90,3,0.161802,0.0000,0.025800,0
1593,589.30,3,0.162792,0.0000,0.029500,0
1594,588.64,3,0.137903,0.0000,0.027700,0
1595,588.44,3,0.120385,0.0000,0.027000,0
1596,588.31,3,0.113166,0.0000,0.026200,0
1597,587.85,3,0.102052,0.0000,0.026200,0
1598,587.38,3,0.097130,0.0000,0.029000,0
1599,587.38,3,0.094448,0.0000,0.029600,0
1600,586.65,3,0.104984,0.0000,0.027600,0
1601,586.45,3,0.116263,0.0000,0.028600,0
1602,586.39,3,0.125195,0.0000,0.027400,0
1603,585.52,3,0.148527,0.0000,0.029900,0
1604,585.46,3,0.161266,0.0000,0.028500,0
1605,585.26,3,0.169293,0.0000,0.028100,0
1606,584.53,3,0.170509,0.0000,0.028000,0
1607,584.40,3,0.173657,0.0000,0.027300,0
1608,583.47,3,0.172526,0.0000,0.028900,0
1609,583.40,3,0.166214,0.0000,0.027700,0
1610,583.40,3,0.166081,0.0000,0.028500,0
1611,582.54,3,0.173070,0.0000,0.026800,0
1612,582.47,3,0.179911,0.0000,0.027600,0
1613,581.48,3,0.172740,0.0000,0.025900,0
1614,581.41,3,0.172846,0.0000,0.027900,0
1615,580.55,3,0.173191,0.0000,0.029700,0
1616,580.48,3,0.180024,0.0000,0.026200,0
1617,579.95,3,0.187299,0.0000,0.029900,0
1618,579.55,3,0.188658,0.0000,0.028600,0
1619,579.49,3,0.193515,0.0000,0.027600,0
1620,578.82,3,0.196528,0.0000,0.027500,0
1621,578.56,3,0.202545,0.0000,0.032200,0
1622,578.09,3,0.202755,0.0000,0.027700,0
1623,577.49,3,0.207260,0.0000,0.027900,0
1624,577.49,3,0.208973,0.0000,0.028900,0
1625,577.36,3,0.211596,0.0000,0.026400,0
1626,576.43,3,0.209286,0.0000,0.028000,0
1627,576.43,3,0.211763,0.0000,0.029400,0
1628,576.17,3,0.213501,0.0000,0.027200,0
1629,575.50,3,0.218207,0.0000,0.027700,0
1630,574.84,3,0.215151,0.0000,0.028200,0
1631,574.58,3,0.211492,0.0000,0.026900,0
1632,574.44,3,0.206953,0.0000,0.022700,0
1633,573.78,3,0.187717,0.0000,0.027800,0
1634,572.59,3,0.162122,0.0000,0.028900,0
1635,572.59,3,0.128904,0.0000,0.025100,0
1636,572.45,3,0.132020,0.0000,0.025400,0
1637,571.59,3,0.135682,0.0000,0.027100,0
1638,571.46,3,0.137561,0.0000,0.028500,0
1639,571.46,3,0.141959,0.0000,0.030000,0
1640,570.46,3,0.142070,0.0000,0.027200,0
1641,569.93,3,0.145968,0.0000,0.027000,0
1642,569.20,3,0.137943,0.0000,0.030500,0
1643,568.60,3,0.138467,0.0000,0.031100,0
1644,568.21,3,0.135966,0.0000,0.029600,0
1645,567.54,3,0.108792,0.0000,0.027700,0
1646,567.54,3,0.123634,0.0000,0.025900,0
1647,567.21,3,0.078831,0.0000,0.028000,0
1648,566.68,3,0.072805,0.0000,0.026700,0
1649,566.68,3,0.062339,0.0000,0.026500,0
1650,566.55,3,0.069610,0.0000,0.029500,0
1651,565.55,3,0.082893,0.0000,0.028700,0
1652,565.29,3,0.093084,0.0000,0.026200,0
1653,565.29,3,0.102216,0.0000,0.027400,0
1654,564.56,3,0.131525,0.0000,0.026700,0
1655,563.89,3,0.151751,0.0000,0.029200,0
1656,563.63,3,0.175134,0.0000,0.028200,0
1657,563.30,3,0.196057,0.0000,0.030500,0
1658,562.63,3,0.222353,0.0000,0.027100,0
1659,562.63,3,0.211462,0.0000,0.030000,0
1660,561.64,3,0.226763,0.0000,0.028100,0
1661,561.31,3,0.231174,0.0000,0.028100,0
1662,561.31,3,0.235038,0.0000,0.029700,0
1663,560.78,3,0.236845,0.0000,0.027700,0
1664,559.91,3,0.228197,0.0000,0.031700,0
1665,559.58,3,0.216064,0.0000,0.028100,0
1666,558.65,3,0.198655,0.0000,0.026800,0
1667,558.39,3,0.176599,0.0000,0.028500,0
1668,557.39,3,0.143991,0.0000,0.024900,0
1669,556.93,3,0.102662,0.0000,0.026700,0
1670,556.60,3,0.058508,0.0000,0.026400,0
1671,556.40,17,0.016469,0.0000,0.048300,0
1672,555.60,17,0.051429,0.0000,0.047500,0
1673,555.60,17,0.099893,0.0000,0.048400,0
1674,555.40,17,0.137189,0.0000,0.045600,0
1675,554.87,9,0.174020,0.0000,0.095100,0
1676,553.88,9,0.219815,0.0000,0.097700,0
1677,553.68,9,0.272050,0.0000,0.092500,0
1678,552.68,9,0.281870,0.0000,0.098300,0
1679,552.48,9,0.290906,0.0000,0.096100,0
1680,552.08,9,0.300627,0.0000,0.095500,0
1681,551.69,9,0.283640,0.0000,0.097200,0
1682,551.49,9,0.269914,0.0000,0.096400,0
1683,551.49,9,0.252093,0.0000,0.097600,0
1684,550.69,9,0.239524,0.0000,0.087200,0
1685,550.49,9,0.226598,0.0000,0.096500,0
1686,549.89,9,0.223610,0.0000,0.095500,0
1687,549.70,9,0.195759,0.0000,0.090000,0
1688,549.50,17,0.172669,0.0000,0.044300,0
1689,548.77,17,0.172412,0.0000,0.043100,0
1690,548.77,17,0.170211,0.0000,0.046600,0
1691,548.50,9,0.174016,0.0000,0.094400,0
1692,547.51,17,0.169096,0.0000,0.046100,0
1693,547.51,17,0.159199,0.0000,0.042000,0
1694,546.84,17,0.140421,0.0000,0.046200,0
1695,546.11,17,0.110107,0.0000,0.046800,0
1696,546.11,17,0.125673,0.0000,0.046100,0
1697,545.98,17,0.096761,0.0000,0.047200,0
1698,545.58,17,0.085829,0.0000,0.045700,0
1699,544.92,17,0.076397,0.0000,0.047000,0
1700,544.59,17,0.072385,0.0000,0.044800,0
1701,544.19,17,0.058584,0.0000,0.047800,0
1702,543.59,17,0.060036,0.0000,0.048900,0
1703,543.59,17,0.060042,0.0000,0.043100,0
1704,542.60,17,0.049588,0.0000,0.045400,0
1705,542.33,17,0.030597,0.0000,0.045900,0
1706,542.33,17,0.019760,0.0000,0.047900,0
1707,541.60,17,0.007708,0.0000,0.046000,0
1708,541.14,17,0.007685,0.0000,0.044500,0
1709,541.00,17,0.011478,0.0000,0.046300,0
1710,540.87,17,0.023590,0.0000,0.045200,0
1711,540.27,17,0.023610,0.0000,0.045200,0
1712,540.14,17,0.009044,0.0000,0.044200,0
1713,539.88,17,0.014773,0.0000,0.045100,0
1714,539.15,3,0.077306,0.0000,0.026400,0
1715,539.15,17,0.040769,0.0000,0.047800,0
1716,538.68,17,0.042971,0.0000,0.043000,0
1717,538.28,3,0.066385,0.0000,0.027000,0
1718,537.89,3,0.097148,0.0000,0.026800,0
1719,537.69,3,0.118946,0.0000,0.025700,0
1720,537.22,3,0.139573,0.0000,0.030000,0
1721,536.69,3,0.161012,0.0000,0.029400,0
1722,536.09,3,0.160354,0.0000,0.029600,0
1723,535.43,3,0.160125,0.0000,0.028500,0
1724,535.30,3,0.152580,0.0000,0.028600,0
1725,535.17,3,0.145846,0.0000,0.029400,0
1726,534.70,3,0.131295,0.0000,0.026700,0
1727,534.24,3,0.134427,0.0000,0.025200,0
1728,534.24,3,0.134226,0.0000,0.025900,0
1729,533.44,3,0.102267,0.0000,0.028400,0
1730,533.11,17,0.051537,0.0000,0.046000,0
1731,532.98,17,0.041308,0.0000,0.046600,0
1732,532.78,17,0.030254,0.0000,0.045700,0
1733,532.11,17,0.030742,0.0000,0.046200,0
1734,531.78,17,0.033955,0.0000,0.045900,0
1735,531.25,17,0.049347,0.0000,0.047000,0
1736,530.99,3,0.070174,0.0000,0.030300,0
1737,530.19,3,0.119546,0.0000,0.028200,0
1738,529.79,3,0.152471,0.0000,0.030000,0
1739,529.13,3,0.182971,0.0000,0.026400,0
1740,529.06,3,0.193241,0.0000,0.026000,0
1741,528.80,3,0.183370,0.0000,0.029200,0
1742,528.13,3,0.170286,0.0000,0.025700,0
1743,528.07,3,0.155700,0.0000,0.027200,0
1744,527.20,3,0.155554,0.0000,0.028500,0
1745,527.07,3,0.161506,0.0000,0.026600,0
1746,526.54,3,0.177564,0.0000,0.031200,0
1747,526.21,3,0.178191,0.0000,0.030300,0
1748,525.48,3,0.160657,0.0000,0.024900,0
1749,525.08,3,0.141710,0.0000,0.027100,0
1750,524.88,3,0.126271,0.0000,0.027700,0
1751,524.42,3,0.119186,0.0000,0.025500,0
1752,524.22,3,0.117278,0.0000,0.028100,0
1753,523.62,3,0.117030,0.0000,0.026500,0
1754,523.29,3,0.128776,0.0000,0.027100,0
1755,523.29,3,0.123368,0.0000,0.026500,0
1756,522.49,3,0.135199,0.0000,0.029100,0
1757,522.29,3,0.144931,0.0000,0.027700,0
1758,522.16,3,0.156195,0.0000,0.030900,0
1759,521.63,3,0.151168,0.0000,0.030000,0
1760,521.43,3,0.148983,0.0000,0.026400,0
1761,521.30,3,0.106346,0.0000,0.028000,0
1762,520.44,3,0.104985,0.0000,0.025900,0
1763,520.17,3,0.106471,0.0000,0.029700,0
1764,520.17,3,0.109128,0.0000,0.028100,0
1765,519.64,3,0.111140,0.0000,0.030500,0
1766,519.51,3,0.118575,0.0000,0.028600,0
1767,519.24,3,0.126125,0.0000,0.030000,0
1768,519.18,3,0.130274,0.0000,0.027800,0
1769,518.45,3,0.132093,0.0000,0.027400,0
1770,518.18,3,0.137849,0.0000,0.030100,0
1771,518.18,3,0.141082,0.0000,0.028800,0
1772,517.45,3,0.136131,0.0000,0.028100,0
1773,517.19,3,0.116727,0.0000,0.029800,0
1774,516.59,3,0.118646,0.0000,0.028600,0
1775,516.26,3,0.131402,0.0000,0.026000,0
1776,516.26,3,0.150637,0.0000,0.028600,0
1777,515.46,3,0.167801,0.0000,0.026700,0
1778,515.26,3,0.182994,0.0000,0.028900,0
1779,515.26,3,0.177327,0.0000,0.026100,0
1780,514.60,3,0.186390,0.0000,0.029000,0
1781,514.53,3,0.183251,0.0000,0.026900,0
1782,514.27,3,0.179235,0.0000,0.029100,0
1783,514.27,3,0.173186,0.0000,0.025300,0
1784,513.60,3,0.181378,0.0000,0.026600,0
1785,513.47,3,0.182166,0.0000,0.028300,0
1786,513.27,3,0.180111,0.0000,0.030100,0
1787,512.48,3,0.167106,0.0000,0.024900,0
1788,512.28,3,0.148383,0.0000,0.028200,0
1789,512.28,3,0.136055,0.0000,0.027600,0
1790,511.48,3,0.134267,0.0000,0.028300,0
1791,511.08,3,0.138685,0.0000,0.029900,0
1792,511.08,3,0.155209,0.0000,0.026900,0
1793,510.55,3,0.106340,0.0000,0.025000,0
1794,510.42,3,0.189572,0.0000,0.030300,0
1795,509.56,3,0.087757,0.0000,0.027000,0
1796,509.42,3,0.098008,0.0000,0.027000,0
1797,509.09,3,0.109242,0.0000,0.025900,0
1798,508.56,3,0.113368,0.0000,0.025100,0
1799,508.43,3,0.112612,0.0000,0.027900,0
1800,507.57,3,0.122121,0.0000,0.027500,0
1801,507.43,3,0.128507,0.0000,0.027800,0
1802,507.17,3,0.133719,0.0000,0.027300,0
1803,506.50,3,0.126683,0.0000,0.026800,0
1804,506.17,3,0.112929,0.0000,0.027400,0
1805,505.51,3,0.107965,0.0000,0.028900,0
1806,505.18,3,0.093048,0.0000,0.026600,0
1807,505.18,3,0.103292,0.0000,0.023600,0
1808,504.51,3,0.075401,0.0000,0.027400,0
1809,504.18,3,0.069363,0.0000,0.029000,0
1810,503.52,3,0.206220,0.0000,0.030700,0
1811,503.19,3,0.188025,0.0000,0.030300,0
1812,502.92,17,0.030315,0.0000,0.045600,0
1813,502.52,17,0.014999,0.0000,0.044300,0
1814,502.52,17,0.003371,0.0000,0.044400,0
1815,501.66,17,0.024764,0.0000,0.044300,0
1816,500.67,17,0.057908,0.0000,0.046000,0
1817,500.67,17,0.048596,0.0000,0.044800,0
1818,500.27,17,0.062099,0.0000,0.043000,0
1819,499.54,17,0.084347,0.0000,0.047500,0
1820,499.54,17,0.070395,0.0000,0.045200,0
1821,499.27,17,0.092781,0.0000,0.041000,0
1822,498.48,17,0.098733,0.0000,0.047700,0
1823,498.28,17,0.106550,0.0000,0.038100,0
1824,497.61,17,0.120388,0.0000,0.043400,0
1825,497.02,17,0.139023,0.0000,0.044600,0
1826,496.55,17,0.153780,0.0000,0.047200,0
1827,495.89,17,0.100650,0.0000,0.041800,0
1828,495.56,17,0.108685,0.0000,0.047700,0
1829,494.76,17,0.125008,0.0000,0.046300,0
1830,494.63,17,0.144821,0.0000,0.047800,0
1831,494.36,17,0.129318,0.0000,0.040200,0
1832,494.36,17,0.131154,0.0000,0.042000,0
1833,493.63,17,0.123715,0.0000,0.040700,0
1834,493.37,17,0.124397,0.0000,0.046700,0
1835,492.90,17,0.135284,0.0000,0.046200,0
1836,492.70,17,0.150828,0.0000,0.048000,0
1837,492.37,17,0.136913,0.0000,0.045300,0
1838,492.37,17,0.134523,0.0000,0.040900,0
1839,491.91,17,0.113498,0.0000,0.043800,0
1840,491.71,17,0.099895,0.0000,0.043200,0
1841,490.71,17,0.130747,0.0000,0.044400,0
1842,490.71,17,0.086949,0.0000,0.040800,0
1843,490.38,17,0.128717,0.0000,0.046000,0
1844,489.65,17,0.107454,0.0000,0.041500,0
1845,489.65,17,0.119014,0.0000,0.046800,0
1846,488.86,17,0.076620,0.0000,0.045400,0
1847,488.72,17,0.045773,0.0000,0.048500,0
1848,487.93,17,0.034852,0.0000,0.044900,0
1849,487.79,17,0.026273,0.0000,0.044000,0
1850,487.20,17,0.020362,0.0000,0.047100,0
1851,487.20,17,0.003426,0.0000,0.044700,0
1852,486.87,17,0.002693,0.0000,0.046800,0
1853,486.80,17,0.009455,0.0000,0.042300,0
1854,486.47,17,0.023097,0.0000,0.047200,0
1855,485.80,17,0.041672,0.0000,0.043400,0
1856,485.47,3,0.059734,0.0000,0.026700,0
1857,484.48,3,0.090117,0.0000,0.027200,0
1858,484.48,3,0.121436,0.0000,0.026800,0
1859,483.95,3,0.104958,0.0000,0.024900,0
1860,483.48,17,0.041714,0.0000,0.046800,0
1861,483.08,17,0.040450,0.0000,0.044500,0
1862,482.82,17,0.038180,0.0000,0.047900,0
1863,482.82,17,0.044466,0.0000,0.044000,0
1864,481.89,3,0.059674,0.0000,0.030800,0
1865,481.76,17,0.028057,0.0000,0.041400,0
1866,481.23,17,0.031114,0.0000,0.043200,0
1867,480.89,17,0.020535,0.0000,0.043200,0
1868,480.56,3,0.085269,0.0000,0.028800,0
1869,480.56,3,0.056026,0.0000,0.026300,0
1870,479.57,3,0.106832,0.0000,0.029200,0
1871,478.90,3,0.108205,0.0000,0.028000,0
1872,478.57,3,0.101899,0.0000,0.028300,0
1873,478.11,3,0.086198,0.0000,0.029100,0
1874,477.97,3,0.071223,0.0000,0.026900,0
1875,477.58,3,0.060406,0.0000,0.027500,0
1876,477.11,17,0.053067,0.0000,0.041500,0
1877,476.91,3,0.068711,0.0000,0.028800,0
1878,476.85,3,0.089725,0.0000,0.029300,0
1879,476.12,3,0.092988,0.0000,0.029000,0
1880,475.85,3,0.091279,0.0000,0.028800,0
1881,475.85,3,0.089609,0.0000,0.029500,0
1882,475.12,3,0.097252,0.0000,0.027600,0
1883,474.66,3,0.104890,0.0000,0.024000,0
1884,474.66,3,0.109336,0.0000,0.029900,0
1885,474.26,3,0.107735,0.0000,0.028500,0
1886,473.86,3,0.109200,0.0000,0.028700,0
1887,473.66,3,0.116650,0.0000,0.027900,0
1888,473.00,3,0.123578,0.0000,0.028100,0
1889,472.67,3,0.127608,0.0000,0.028200,0
1890,472.14,3,0.128295,0.0000,0.031400,0
1891,471.94,3,0.108084,0.0000,0.026100,0
1892,471.87,3,0.088541,0.0000,0.027900,0
1893,470.68,17,0.053097,0.0000,0.045300,0
1894,470.01,3,0.057584,0.0000,0.030300,0
1895,469.95,17,0.049912,0.0000,0.045900,0
1896,468.75,17,0.048294,0.0000,0.045900,0
1897,468.75,17,0.052528,0.0000,0.047600,0
1898,468.22,3,0.057599,0.0000,0.028000,0
1899,467.49,3,0.054139,0.0000,0.027200,0
1900,467.23,17,0.028764,0.0000,0.043000,0
1901,467.09,17,0.006659,0.0000,0.046400,0
1902,466.76,17,0.039813,0.0000,0.047000,0
1903,465.77,17,0.022540,0.0000,0.044400,0
1904,465.77,17,0.003309,0.0000,0.045600,0
1905,465.24,17,0.009535,0.0000,0.046500,0
1906,464.77,17,0.012715,0.0000,0.048100,0
1907,464.24,17,0.016924,0.0000,0.046500,0
1908,464.11,17,0.017286,0.0000,0.045300,0
1909,463.51,17,0.010391,0.0000,0.048500,0
1910,463.25,17,0.028584,0.0000,0.046300,0
1911,463.25,17,0.061203,0.0000,0.043800,0
1912,462.52,17,0.054949,0.0000,0.045900,0
1913,462.25,3,0.111920,0.0000,0.026100,0
1914,462.12,3,0.101749,0.0000,0.028100,0
1915,461.52,3,0.123913,0.0000,0.026400,0
1916,461.52,3,0.126125,0.0000,0.029300,0
1917,460.53,3,0.121129,0.0000,0.026900,0
1918,460.19,3,0.133955,0.0000,0.027300,0
1919,460.19,3,0.128293,0.0000,0.030700,0
1920,459.86,3,0.138118,0.0000,0.027200,0
1921,459.60,3,0.080598,0.0000,0.026500,0
1922,459.60,17,0.053537,0.0000,0.045400,0
1923,459.20,3,0.063448,0.0000,0.029100,0
1924,458.47,3,0.068629,0.0000,0.028700,0
1925,458.20,3,0.072781,0.0000,0.026700,0
1926,457.61,3,0.062089,0.0000,0.030300,0
1927,457.47,3,0.058845,0.0000,0.026800,0
1928,457.27,17,0.046471,0.0000,0.042900,0
1929,456.61,17,0.040253,0.0000,0.048600,0
1930,456.35,17,0.030879,0.0000,0.044800,0
1931,455.48,17,0.024348,0.0000,0.041600,0
1932,454.49,17,0.041398,0.0000,0.042900,0
1933,454.42,3,0.063269,0.0000,0.028500,0
1934,454.36,3,0.081675,0.0000,0.027300,0
1935,453.43,3,0.107732,0.0000,0.029900,0
1936,453.36,3,0.139046,0.0000,0.030100,0
1937,453.36,3,0.164884,0.0000,0.028300,0
1938,452.96,3,0.167004,0.0000,0.028400,0
1939,452.43,3,0.169583,0.0000,0.028300,0
1940,452.36,3,0.171846,0.0000,0.026900,0
1941,451.63,3,0.172861,0.0000,0.028400,0
1942,451.44,3,0.173958,0.0000,0.026800,0
1943,451.30,3,0.173242,0.0000,0.026400,0
1944,450.57,3,0.174641,0.0000,0.028200,0
1945,450.44,3,0.175447,0.0000,0.029000,0
1946,450.31,3,0.175880,0.0000,0.027300,0
1947,449.58,3,0.173377,0.0000,0.028700,0
1948,449.45,3,0.166233,0.0000,0.028500,0
1949,448.58,3,0.155654,0.0000,0.027700,0
1950,448.32,3,0.156282,0.0000,0.028500,0
1951,448.32,3,0.174403,0.0000,0.030800,0
1952,447.52,3,0.109050,0.0000,0.027500,0
1953,447.39,3,0.105567,0.0000,0.029000,0
1954,447.06,3,0.100316,0.0000,0.025700,0
1955,446.53,9,0.299743,0.0000,0.091100,0
1956,446.53,9,0.454465,0.0000,0.091300,0
1957,446.06,9,0.277615,0.0000,0.090700,0
1958,445.80,17,0.169229,0.0000,0.045800,0
1959,445.53,17,0.163315,0.0000,0.044700,0
1960,445.53,17,0.169244,0.0000,0.043400,0
1961,445.40,17,0.171390,0.0000,0.046000,0
1962,444.54,17,0.129103,0.0000,0.046200,0
1963,444.54,17,0.146479,0.0000,0.043400,0
1964,444.40,17,0.092958,0.0000,0.043800,0
1965,444.40,17,0.108217,0.0000,0.042400,0
1966,443.87,17,0.091993,0.0000,0.047700,0
1967,443.54,17,0.091575,0.0000,0.046500,0
1968,443.14,17,0.097812,0.0000,0.047600,0
1969,442.55,17,0.099354,0.0000,0.049300,0
1970,442.55,17,0.089140,0.0000,0.045800,0
1971,441.82,17,0.078950,0.0000,0.043100,0
1972,441.68,17,0.068661,0.0000,0.047200,0
1973,440.89,17,0.045716,0.0000,0.048200,0
1974,440.69,17,0.045208,0.0000,0.040700,0
1975,439.63,17,0.035830,0.0000,0.046700,0
1976,439.56,17,0.027584,0.0000,0.042800,0
1977,439.16,17,0.005428,0.0000,0.045500,0
1978,438.90,17,0.026908,0.0000,0.046600,0
1979,438.50,17,0.039996,0.0000,0.044900,0
1980,437.57,3,0.074667,0.0000,0.027900,0
1981,437.57,3,0.091756,0.0000,0.028400,0
1982,436.57,3,0.103912,0.0000,0.026700,0
1983,436.24,3,0.113043,0.0000,0.028000,0
1984,435.91,3,0.115288,0.0000,0.026600,0
1985,435.65,3,0.143210,0.0000,0.027800,0
1986,435.58,3,0.065138,0.0000,0.030900,0
1987,435.25,17,0.042989,0.0000,0.043400,0
1988,434.78,17,0.025354,0.0000,0.044500,0
1989,434.78,17,0.017126,0.0000,0.045500,0
1990,433.72,17,0.012575,0.0000,0.049200,0
1991,433.72,17,0.011373,0.0000,0.045900,0
1992,433.26,17,0.000630,0.0000,0.046200,0
1993,432.93,17,0.011775,0.0000,0.042700,0
1994,432.73,17,0.040594,0.0000,0.043200,0
1995,431.86,17,0.071215,0.0000,0.041300,0
1996,431.73,17,0.028756,0.0000,0.048200,0
1997,431.73,17,0.047693,0.0000,0.047500,0
1998,430.80,17,0.018662,0.0000,0.040500,0
1999,430.34,17,0.018873,0.0000,0.044700,0
2000,430.34,17,0.021267,0.0000,0.045400,0
2001,429.74,17,0.022276,0.0000,0.043100,0
2002,429.34,17,0.008769,0.0000,0.046800,0
2003,428.81,17,0.013605,0.0000,0.044400,0
2004,428.68,17,0.016621,0.0000,0.044100,0
2005,428.35,17,0.016097,0.0000,0.044300,0
2006,427.68,17,0.039479,0.0000,0.051000,0
2007,427.68,17,0.040612,0.0000,0.045900,0
2008,427.09,17,0.045776,0.0000,0.047100,0
2009,426.36,3,0.067887,0.0000,0.029400,0
2010,425.83,3,0.067882,0.0000,0.027000,0
2011,425.16,3,0.072802,0.0000,0.026400,0
2012,425.16,3,0.064824,0.0000,0.030300,0
2013,424.70,17,0.050367,0.0000,0.044500,0
2014,424.17,17,0.041940,0.0000,0.047700,0
2015,423.84,17,0.033263,0.0000,0.044600,0
2016,423.84,17,0.030956,0.0000,0.041800,0
2017,423.44,17,0.029612,0.0000,0.047900,0
2018,423.11,17,0.023647,0.0000,0.044400,0
2019,422.44,17,0.020468,0.0000,0.043700,0
2020,422.18,17,0.005165,0.0000,0.045200,0
2021,422.11,17,0.020833,0.0000,0.045100,0
2022,421.45,17,0.049657,0.0000,0.043300,0
2023,421.12,17,0.062937,0.0000,0.045800,0
2024,420.85,17,0.067302,0.0000,0.047000,0
2025,420.85,17,0.070145,0.0000,0.042500,0
2026,420.19,17,0.076477,0.0000,0.049700,0
2027,419.92,17,0.070239,0.0000,0.046300,0
2028,419.79,17,0.061037,0.0000,0.047000,0
2029,419.26,17,0.061565,0.0000,0.044200,0
2030,419.06,17,0.059192,0.0000,0.046600,0
2031,418.26,17,0.041504,0.0000,0.045000,0
2032,417.93,17,0.016556,0.0000,0.046600,0
2033,417.53,17,0.008583,0.0000,0.049100,0
2034,417.07,17,0.003196,0.0000,0.043500,0
2035,416.87,17,0.020181,0.0000,0.041500,0
2036,416.54,17,0.026320,0.0000,0.042400,0
2037,416.14,17,0.029654,0.0000,0.048100,0
2038,415.87,17,0.040042,0.0000,0.044100,0
2039,415.54,3,0.064971,0.0000,0.026500,0
2040,415.08,3,0.103734,0.0000,0.026100,0
2041,414.88,3,0.125020,0.0000,0.027200,0
2042,414.55,3,0.128858,0.0000,0.028500,0
2043,414.55,3,0.125850,0.0000,0.027100,0
2044,414.08,3,0.122170,0.0000,0.029200,0
2045,413.88,3,0.120782,0.0000,0.030600,0
2046,413.55,3,0.127880,0.0000,0.028500,0
2047,413.55,3,0.129753,0.0000,0.027700,0
2048,413.09,3,0.122735,0.0000,0.028500,0
2049,412.89,3,0.108555,0.0000,0.027700,0
2050,412.89,3,0.081803,0.0000,0.029800,0
2051,412.09,3,0.064595,0.0000,0.027600,0
2052,411.89,17,0.040102,0.0000,0.045200,0
2053,411.89,17,0.013533,0.0000,0.045700,0
2054,411.10,17,0.003618,0.0000,0.044600,0
2055,410.63,17,0.079052,0.0000,0.045300,0
2056,410.63,17,0.046855,0.0000,0.044600,0
2057,410.10,17,0.056255,0.0000,0.043400,0
2058,409.90,17,0.030239,0.0000,0.044900,0
2059,409.17,17,0.031587,0.0000,0.044800,0
2060,409.04,17,0.026830,0.0000,0.046000,0
2061,408.64,17,0.022498,0.0000,0.047600,0
2062,408.11,17,0.030761,0.0000,0.044600,0
2063,407.98,17,0.048179,0.0000,0.046000,0
2064,407.38,3,0.098796,0.0000,0.025700,0
2065,407.25,3,0.084291,0.0000,0.028100,0
2066,407.12,3,0.078389,0.0000,0.027600,0
2067,406.45,3,0.079895,0.0000,0.026600,0
2068,406.19,3,0.079827,0.0000,0.026900,0
2069,406.12,3,0.083886,0.0000,0.027100,0
2070,405.39,3,0.106266,0.0000,0.027900,0
2071,405.13,3,0.152854,0.0000,0.027600,0
2072,404.99,3,0.158283,0.0000,0.026100,0
2073,404.40,3,0.158740,0.0000,0.025600,0
2074,404.06,3,0.156326,0.0000,0.025900,0
2075,404.06,3,0.153500,0.0000,0.026000,0
2076,402.47,3,0.158218,0.0000,0.025700,0
2077,402.27,3,0.163164,0.0000,0.028200,0
2078,402.27,3,0.162138,0.0000,0.029000,0
2079,401.21,3,0.161309,0.0000,0.029300,0
2080,401.21,3,0.163194,0.0000,0.028000,0
2081,400.55,3,0.161825,0.0000,0.028000,0
2082,400.22,3,0.167097,0.0000,0.027700,0
2083,399.55,3,0.171711,0.0000,0.026400,0
2084,399.55,3,0.169274,0.0000,0.027000,0
2085,399.09,3,0.171132,0.0000,0.029600,0
2086,398.49,3,0.172604,0.0000,0.027300,0
2087,398.49,3,0.172095,0.0000,0.027600,0
2088,398.09,3,0.173428,0.0000,0.026700,0
2089,397.50,3,0.174059,0.0000,0.029200,0
2090,397.23,3,0.176915,0.0000,0.028400,0
2091,397.16,3,0.176121,0.0000,0.030600,0
2092,396.57,3,0.182730,0.0000,0.029500,0
2093,396.24,3,0.201154,0.0000,0.030800,0
2094,395.84,17,0.207310,0.0000,0.048000,0
2095,395.57,9,0.218445,0.0000,0.096300,0
2096,395.24,9,0.248750,0.0000,0.091700,0
2097,394.58,9,0.259906,0.0000,0.090200,0
2098,394.58,9,0.274541,0.0000,0.092000,0
2099,394.31,9,0.275031,0.0000,0.098300,0
2100,393.85,9,0.224803,0.0000,0.091100,0
2101,393.65,17,0.167336,0.0000,0.045900,0
2102,393.32,17,0.113457,0.0000,0.048200,0
2103,392.59,17,0.034832,0.0000,0.045100,0
2104,392.45,17,0.009314,0.0000,0.045500,0
2105,391.46,3,0.109922,0.0000,0.026400,0
2106,391.33,3,0.179974,0.0000,0.028500,0
2107,391.33,3,0.167951,0.0000,0.025700,0
2108,390.46,3,0.168000,0.0000,0.026400,0
2109,390.26,3,0.152444,0.0000,0.026300,0
2110,390.26,3,0.140607,0.0000,0.026000,0
2111,389.40,3,0.125052,0.0000,0.028400,0
2112,389.34,3,0.122978,0.0000,0.026000,0
2113,388.94,3,0.102333,0.0000,0.029300,0
2114,388.41,3,0.105901,0.0000,0.026700,0
2115,388.27,3,0.105311,0.0000,0.031000,0
2116,387.68,3,0.106855,0.0000,0.027200,0
2117,387.41,3,0.092025,0.0000,0.029200,0
2118,386.55,3,0.076932,0.0000,0.026500,0
2119,386.42,3,0.071706,0.0000,0.030200,0
2120,386.35,3,0.056992,0.0000,0.030400,0
2121,385.42,17,0.017278,0.0000,0.044100,0
2122,385.35,17,0.008938,0.0000,0.045300,0
2123,384.43,17,0.000970,0.0000,0.043200,0
2124,384.43,17,0.005313,0.0000,0.045000,0
2125,383.50,17,0.005022,0.0000,0.047400,0
2126,383.43,17,0.000987,0.0000,0.042500,0
2127,383.03,17,0.021056,0.0000,0.047200,0
2128,382.57,17,0.026477,0.0000,0.048300,0
2129,382.50,17,0.032336,0.0000,0.047800,0
2130,381.77,17,0.040948,0.0000,0.045200,0
2131,381.51,3,0.055557,0.0000,0.026300,0
2132,381.04,3,0.076010,0.0000,0.027700,0
2133,380.51,3,0.085253,0.0000,0.027400,0
2134,380.51,3,0.097841,0.0000,0.029200,0
2135,380.38,3,0.099330,0.0000,0.025700,0
2136,379.78,3,0.096633,0.0000,0.027400,0
2137,379.52,3,0.091818,0.0000,0.029000,0
2138,378.52,3,0.087170,0.0000,0.026900,0
2139,378.45,3,0.092988,0.0000,0.026300,0
2140,377.66,3,0.091208,0.0000,0.026500,0
2141,377.66,3,0.092112,0.0000,0.028200,0
2142,376.60,3,0.106640,0.0000,0.027800,0
2143,376.60,3,0.101004,0.0000,0.027200,0
2144,376.53,3,0.101423,0.0000,0.030100,0
2145,375.87,3,0.093537,0.0000,0.027300,0
2146,375.54,3,0.107966,0.0000,0.026800,0
2147,375.14,3,0.112694,0.0000,0.030500,0
2148,374.61,3,0.126921,0.0000,0.026700,0
2149,374.47,3,0.147785,0.0000,0.030700,0
2150,374.14,3,0.175505,0.0000,0.028400,0
2151,373.94,3,0.180497,0.0000,0.025000,0
2152,373.61,3,0.174770,0.0000,0.025200,0
2153,373.48,3,0.166255,0.0000,0.027000,0
2154,372.55,3,0.165748,0.0000,0.031700,0
2155,372.48,3,0.157300,0.0000,0.027400,0
2156,371.89,3,0.153069,0.0000,0.030600,0
2157,371.49,3,0.145324,0.0000,0.029400,0
2158,371.22,3,0.145460,0.0000,0.029100,0
2159,370.56,3,0.142420,0.0000,0.027500,0
2160,370.56,3,0.139152,0.0000,0.029500,0
2161,369.90,3,0.138218,0.0000,0.027300,0
2162,369.56,3,0.142706,0.0000,0.027600,0
2163,369.23,3,0.140764,0.0000,0.028500,0
2164,369.23,3,0.131115,0.0000,0.026400,0
2165,368.57,3,0.132169,0.0000,0.030100,0
2166,368.57,3,0.132563,0.0000,0.027100,0
2167,367.64,3,0.137077,0.0000,0.026300,0
2168,367.64,3,0.132046,0.0000,0.027200,0
2169,366.84,3,0.119801,0.0000,0.029400,0
2170,366.64,3,0.081420,0.0000,0.027500,0
2171,366.31,17,0.009844,0.0000,0.046000,0
2172,365.85,17,0.013286,0.0000,0.046800,0
2173,365.65,17,0.039859,0.0000,0.043600,0
2174,365.32,3,0.055651,0.0000,0.028200,0
2175,364.59,17,0.004973,0.0000,0.044400,0
2176,364.59,3,0.058019,0.0000,0.026200,0
2177,363.86,17,0.011027,0.0000,0.044200,0
2178,363.66,17,0.013431,0.0000,0.044200,0
2179,363.33,17,0.033462,0.0000,0.044000,0
2180,362.73,17,0.039829,0.0000,0.047300,0
2181,362.73,17,0.044579,0.0000,0.043200,0
2182,362.07,17,0.108476,0.0000,0.045200,0
2183,361.87,9,0.184519,0.0000,0.092400,0
2184,361.67,9,0.280975,0.0000,0.093600,0
2185,361.67,9,0.404560,0.0000,0.095200,0
2186,361.34,9,0.387247,0.0000,0.092200,0
2187,361.07,9,0.359523,0.0000,0.093200,0
2188,360.87,9,0.353781,0.0000,0.099100,0
2189,360.67,9,0.457322,0.0000,0.094100,0
2190,360.67,9,0.407002,0.0000,0.097100,0
2191,359.81,9,0.439524,0.0000,0.091000,0
2192,359.41,9,0.385916,0.2000,0.092300,0
2193,358.75,9,0.348244,0.0000,0.096800,0
2194,358.42,9,0.386035,0.0000,0.093700,0
2195,358.42,9,0.352850,0.0000,0.095400,0
2196,358.15,9,0.407955,0.2000,0.093400,0
2197,357.82,9,0.425112,0.0000,0.094600,0
2198,357.42,9,0.448567,0.0000,0.096700,0
2199,357.42,9,0.449503,0.0000,0.089400,0
2200,357.16,9,0.426766,0.0000,0.096000,0
2201,356.76,9,0.455389,0.0000,0.098400,0
2202,356.43,9,0.416248,0.2000,0.094200,0
2203,356.16,9,0.381524,0.0000,0.091500,0
2204,355.76,9,0.330556,0.0000,0.094400,0
2205,355.76,9,0.298764,0.0000,0.095700,0
2206,355.17,17,0.137758,0.0000,0.046500,0
2207,355.17,9,0.195861,0.0000,0.093600,0
2208,354.77,17,0.110661,0.0000,0.043400,0
2209,354.17,17,0.099416,0.0000,0.043400,0
2210,353.91,17,0.082003,0.0000,0.044900,0
2211,353.51,17,0.065277,0.0000,0.045800,0
2212,353.24,17,0.040058,0.0000,0.042700,0
2213,352.51,17,0.012668,0.0000,0.045700,0
2214,352.11,17,0.009744,0.0000,0.045700,0
2215,351.52,17,0.007569,0.0000,0.046100,0
2216,351.19,17,0.003769,0.0000,0.043900,0
2217,351.19,17,0.010302,0.0000,0.042900,0
2218,350.52,17,0.002673,0.0000,0.043300,0
2219,350.26,17,0.054012,0.0000,0.045200,0
2220,350.26,17,0.026855,0.0000,0.044700,0
2221,349.86,17,0.038326,0.0000,0.046900,0
2222,349.20,17,0.020755,0.0000,0.045600,0
2223,349.06,17,0.009604,0.0000,0.047000,0
2224,348.53,17,0.036791,0.0000,0.046400,0
2225,348.53,3,0.063159,0.0000,0.030100,0
2226,348.07,17,0.046741,0.0000,0.044300,0
2227,347.87,17,0.014830,0.0000,0.045200,0
2228,347.87,17,0.033754,0.0000,0.043200,0
2229,347.14,17,0.071978,0.0000,0.042500,0
2230,346.94,17,0.075593,0.0000,0.046400,0
2231,346.61,17,0.008212,0.0000,0.044500,0
2232,346.28,3,0.096379,0.0000,0.028300,0
2233,346.08,17,0.026944,0.0000,0.047700,0
2234,345.94,17,0.017416,0.0000,0.044900,0
2235,345.35,17,0.006679,0.0000,0.044300,0
2236,345.08,17,0.001029,0.0000,0.049000,0
2237,344.88,17,0.006479,0.0000,0.046700,0
2238,344.09,17,0.018901,0.0000,0.044700,0
2239,344.02,17,0.021912,0.0000,0.044300,0
2240,343.62,17,0.022586,0.0000,0.046000,0
2241,343.09,17,0.008133,0.0000,0.041600,0
2242,342.96,17,0.001456,0.0000,0.045900,0
2243,342.96,17,0.002935,0.0000,0.048400,0
2244,342.10,17,0.004035,0.0000,0.043600,0
2245,342.03,17,0.028620,0.0000,0.044700,0
2246,341.17,17,0.024090,0.0000,0.046300,0
2247,341.10,17,0.031332,0.0000,0.047800,0
2248,340.97,3,0.059385,0.0000,0.027800,0
2249,340.70,3,0.081425,0.0000,0.028200,0
2250,340.70,3,0.098728,0.0000,0.027700,0
2251,340.17,3,0.103300,0.0000,0.030200,0
2252,340.11,3,0.099496,0.0000,0.028500,0
2253,339.44,3,0.098756,0.0000,0.027300,0
2254,339.24,3,0.097109,0.0000,0.030100,0
2255,338.98,3,0.101534,0.0000,0.029000,0
2256,338.71,3,0.095719,0.0000,0.026600,0
2257,338.12,3,0.118532,0.0000,0.026700,0
2258,338.12,3,0.134445,0.0000,0.028300,0
2259,337.45,3,0.145026,0.0000,0.022800,0
2260,337.19,3,0.150420,0.0000,0.026100,0
2261,337.12,3,0.159241,0.0000,0.027700,0
2262,336.46,3,0.154471,0.0000,0.025400,0
2263,336.19,3,0.102556,0.0000,0.029000,0
2264,336.12,3,0.122141,0.0000,0.029000,0
2265,335.53,3,0.118027,0.0000,0.027100,0
2266,335.20,3,0.096330,0.0000,0.028600,0
2267,335.20,3,0.106067,0.0000,0.029800,0
2268,334.53,3,0.104820,0.0000,0.026900,0
2269,334.20,3,0.106105,0.0000,0.029200,0
2270,334.20,3,0.107583,0.0000,0.031000,0
2271,333.47,3,0.130242,0.0000,0.027700,0
2272,333.14,3,0.133289,0.0000,0.029600,0
2273,333.14,3,0.128353,0.0000,0.027000,0
2274,332.54,3,0.128201,0.0000,0.029600,0
2275,332.08,3,0.131174,0.0000,0.028000,0
2276,332.08,3,0.131744,0.0000,0.029800,0
2277,331.55,3,0.140404,0.0000,0.026300,0
2278,331.22,3,0.145897,0.0000,0.026600,0
2279,331.22,3,0.141237,0.0000,0.026900,0
2280,330.29,3,0.157445,0.0000,0.026600,0
2281,330.29,3,0.163967,0.0000,0.028000,0
2282,329.56,3,0.150039,0.0000,0.028500,0
2283,329.42,3,0.140972,0.0000,0.027100,0
2284,329.29,3,0.126772,0.0000,0.031100,0
2285,328.43,3,0.129826,0.0000,0.026900,0
2286,328.16,3,0.133252,0.0000,0.029300,0
2287,328.16,3,0.126508,0.0000,0.025000,0
2288,327.57,3,0.142908,0.0000,0.027000,0
2289,327.43,3,0.145774,0.0000,0.032800,0
2290,327.37,3,0.148219,0.0000,0.024500,0
2291,326.57,3,0.148508,0.0000,0.027500,0
2292,326.44,3,0.149784,0.0000,0.029300,0
2293,326.17,3,0.125141,0.0000,0.031100,0
2294,326.17,3,0.144265,0.0000,0.026400,0
2295,325.44,3,0.095752,0.0000,0.027300,0
2296,325.24,17,0.053371,0.0000,0.044800,0
2297,324.65,17,0.038986,0.0000,0.045900,0
2298,324.45,17,0.036451,0.0000,0.046100,0
2299,324.25,17,0.029132,0.0000,0.045500,0
2300,323.92,17,0.026556,0.0000,0.046300,0
2301,323.39,17,0.057248,0.0000,0.046400,0
2302,322.52,17,0.061067,0.0000,0.044100,0
2303,322.39,17,0.068906,0.0000,0.045900,0
2304,321.40,17,0.103393,0.0000,0.043900,0
2305,321.26,17,0.124898,0.0000,0.043600,0
2306,321.26,17,0.113336,0.0000,0.042500,0
2307,320.40,17,0.135107,0.0000,0.045700,0
2308,320.00,17,0.144733,0.0000,0.045300,0
2309,319.47,17,0.159265,0.0000,0.043400,0
2310,319.41,9,0.184739,0.0000,0.091500,0
2311,319.34,9,0.200691,0.0000,0.095400,0
2312,319.01,9,0.269030,0.2000,0.097400,0
2313,318.48,9,0.345949,0.0000,0.094900,0
2314,318.48,9,0.350624,0.0000,0.089200,0
2315,318.34,5,0.542644,0.0000,0.160600,0
2316,318.01,5,0.530624,0.0000,0.161800,0
2317,317.48,5,0.575251,0.0000,0.153100,0
2318,317.48,5,0.557996,0.0000,0.159100,0
2319,317.02,5,0.580857,0.0000,0.149900,0
2320,316.49,5,0.608291,0.0000,0.162200,0
2321,316.42,5,0.605824,0.0000,0.161500,0
2322,315.49,5,0.555591,0.0000,0.158800,0
2323,315.42,5,0.589613,0.0000,0.156400,0
2324,315.42,5,0.628153,0.0000,0.155500,0
2325,314.50,5,0.529209,0.0000,0.155200,0
2326,313.77,17,0.225498,0.0000,0.043900,0
2327,313.50,17,0.152159,0.0000,0.045700,0
2328,312.84,17,0.036833,0.0000,0.045900,0
2329,312.51,17,0.043311,0.0000,0.047200,0
2330,312.51,17,0.055864,0.0000,0.044600,0
2331,311.84,17,0.099384,0.0000,0.043900,0
2332,311.51,17,0.125156,0.0000,0.047200,0
2333,311.11,9,0.213452,0.0000,0.097000,0
2334,310.85,9,0.264389,0.0000,0.093600,0
2335,310.52,9,0.316069,0.0000,0.092100,0
2336,310.52,9,0.365877,0.0000,0.094700,0
2337,310.12,9,0.292604,0.0000,0.092700,0
2338,309.85,9,0.244952,0.0000,0.099400,0
2339,309.59,9,0.215181,0.0000,0.094100,0
2340,309.59,9,0.209878,0.0000,0.092400,0
2341,308.92,17,0.150981,0.0000,0.046200,0
2342,308.66,17,0.101691,0.0000,0.046200,0
2343,307.93,17,0.091586,0.0000,0.043700,0
2344,307.60,17,0.089086,0.0000,0.048100,0
2345,307.60,17,0.087752,0.0000,0.044200,0
2346,307.20,17,0.088911,0.0000,0.042900,0
2347,306.87,17,0.025715,0.0000,0.044700,0
2348,306.53,17,0.052229,0.0000,0.048500,0
2349,306.53,3,0.093113,0.0000,0.027100,0
2350,306.20,3,0.108129,0.0000,0.025300,0
2351,305.54,3,0.122327,0.0000,0.028000,0
2352,305.21,3,0.149138,0.0000,0.024600,0
2353,305.21,3,0.143027,0.0000,0.027700,0
2354,304.68,3,0.145718,0.0000,0.027400,0
2355,304.68,3,0.123621,0.0000,0.031200,0
2356,304.21,3,0.139038,0.0000,0.030300,0
2357,304.21,3,0.157051,0.0000,0.028600,0
2358,303.55,3,0.169043,0.0000,0.025400,0
2359,302.82,3,0.175056,0.0000,0.029000,0
2360,302.62,3,0.173342,0.0000,0.028200,0
2361,302.62,3,0.176109,0.0000,0.025800,0
2362,301.82,3,0.176488,0.0000,0.028600,0
2363,301.69,3,0.195087,0.0000,0.029700,0
2364,301.29,3,0.211866,0.0000,0.027300,0
2365,300.63,3,0.234515,0.0000,0.024600,0
2366,300.63,3,0.221952,0.0000,0.028600,0
2367,300.30,3,0.242796,0.0000,0.029600,0
2368,299.63,3,0.250054,0.0000,0.027500,0
2369,299.30,3,0.260289,0.0000,0.026100,0
2370,299.30,3,0.258251,0.0000,0.028200,0
2371,298.71,3,0.260140,0.0000,0.027400,0
2372,298.71,3,0.255203,0.0000,0.028400,0
2373,298.31,3,0.256616,0.0000,0.026800,0
2374,297.78,3,0.257453,0.0000,0.029700,0
2375,297.64,3,0.259999,0.0000,0.027500,0
2376,297.64,3,0.258272,0.0000,0.030400,0
2377,297.31,3,0.278799,0.0000,0.027500,0
2378,296.85,3,0.276300,0.0000,0.028100,0
2379,296.65,3,0.274005,0.0000,0.028000,0
2380,295.79,3,0.274998,0.0000,0.025900,0
2381,295.79,3,0.271939,0.0000,0.029200,0
2382,294.66,3,0.258077,0.0000,0.028700,0
2383,294.39,3,0.237750,0.0000,0.028600,0
2384,293.73,3,0.260327,0.0000,0.026900,0
2385,293.40,3,0.197160,0.0000,0.027900,0
2386,292.87,3,0.194255,0.0000,0.028300,0
2387,292.40,3,0.196234,0.0000,0.026100,0
2388,292.40,3,0.199267,0.0000,0.027500,0
2389,291.87,3,0.187849,0.0000,0.022400,0
2390,291.87,3,0.190864,0.0000,0.027100,0
2391,291.21,3,0.167738,0.0000,0.029400,0
2392,290.88,3,0.170510,0.0000,0.028500,0
2393,289.88,17,0.188373,0.0000,0.044800,0
2394,289.88,17,0.087820,0.0000,0.042900,0
2395,288.82,17,0.126375,0.0000,0.046900,0
2396,288.49,17,0.126978,0.0000,0.047000,0
2397,288.22,17,0.123322,0.0000,0.047000,0
2398,287.49,17,0.123071,0.0000,0.045300,0
2399,287.23,17,0.121779,0.0000,0.045700,0
2400,286.83,17,0.122285,0.0000,0.046700,0
2401,286.83,17,0.120404,0.0000,0.044600,0
2402,286.23,17,0.116090,0.0000,0.044500,0
2403,285.50,17,0.110896,0.0000,0.043900,0
2404,285.24,17,0.082864,0.0000,0.046700,0
2405,285.24,17,0.059720,0.0000,0.049500,0
2406,284.97,17,0.098960,0.0000,0.046400,0
2407,284.84,17,0.087664,0.0000,0.045500,0
2408,284.84,17,0.098926,0.0000,0.045500,0
2409,284.11,17,0.079890,0.0000,0.047800,0
2410,283.98,17,0.083959,0.0000,0.045900,0
2411,283.25,17,0.080770,0.0000,0.043500,0
2412,283.25,17,0.077636,0.0000,0.043500,0
2413,282.98,17,0.072029,0.0000,0.048500,0
2414,282.58,17,0.062700,0.0000,0.045500,0
2415,282.58,17,0.054223,0.0000,0.043500,0
2416,282.25,17,0.050310,0.0000,0.048000,0
2417,281.99,17,0.046474,0.0000,0.045800,0
2418,281.59,17,0.017844,0.0000,0.047500,0
2419,281.59,17,0.031728,0.0000,0.045200,0
2420,281.26,17,0.015968,0.0000,0.043300,0
2421,280.59,17,0.022714,0.0000,0.046100,0
2422,280.59,17,0.021857,0.0000,0.046500,0
2423,280.19,17,0.017805,0.0000,0.046600,0
2424,280.00,3,0.098868,0.0000,0.028500,0
2425,279.60,3,0.085240,0.0000,0.028800,0
2426,278.93,17,0.032411,0.0000,0.043100,0
2427,278.60,17,0.028347,0.0000,0.046700,0
2428,278.60,17,0.024596,0.0000,0.042600,0
2429,277.94,17,0.021626,0.0000,0.047000,0
2430,277.14,3,0.124715,0.0000,0.027600,0
2431,277.14,3,0.093577,0.0000,0.028800,0
2432,276.94,3,0.119826,0.0000,0.024700,0
2433,276.94,3,0.121445,0.0000,0.026800,0
2434,276.21,3,0.080792,0.0000,0.027000,0
2435,276.08,17,0.035221,0.0000,0.047500,0
2436,275.68,3,0.128675,0.0000,0.026700,0
2437,275.42,3,0.125288,0.0000,0.026100,0
2438,275.15,3,0.214075,0.0000,0.025300,0
2439,275.09,3,0.124402,0.0000,0.027400,0
2440,274.69,3,0.124612,0.0000,0.027000,0
2441,274.42,3,0.132445,0.0000,0.029500,0
2442,274.16,3,0.133439,0.0000,0.030300,0
2443,274.09,3,0.142134,0.0000,0.026900,0
2444,273.69,3,0.155588,0.0000,0.025600,0
2445,273.43,3,0.153769,0.0000,0.026900,0
2446,273.03,3,0.151151,0.0000,0.030400,0
2447,272.43,3,0.156299,0.0000,0.028200,0
2448,272.17,3,0.148641,0.0000,0.029000,0
2449,271.50,3,0.162936,0.0000,0.026300,0
2450,271.44,3,0.185114,0.0000,0.027000,0
2451,271.17,3,0.199906,0.0000,0.028400,0
2452,270.44,3,0.200065,0.0000,0.025900,0
2453,270.18,3,0.202367,0.0000,0.028300,0
2454,270.18,3,0.206005,0.0000,0.026000,0
2455,269.51,3,0.213744,0.0000,0.027700,0
2456,269.45,3,0.165935,0.0000,0.029300,0
2457,269.18,3,0.168531,0.0000,0.028200,0
2458,268.78,3,0.186576,0.0000,0.027000,0
2459,268.52,3,0.186762,0.0000,0.026900,0
2460,268.12,3,0.210040,0.0000,0.027300,0
2461,268.05,3,0.097879,0.0000,0.030700,0
2462,267.52,3,0.092839,0.0000,0.027600,0
2463,267.32,3,0.093155,0.0000,0.027500,0
2464,266.53,3,0.102144,0.0000,0.027700,0
2465,266.20,3,0.106727,0.0000,0.024600,0
2466,265.47,3,0.135623,0.0000,0.030700,0
2467,265.20,3,0.133071,0.0000,0.026600,0
2468,264.54,3,0.143866,0.0000,0.030300,0
2469,264.27,3,0.140387,0.0000,0.027500,0
2470,264.14,3,0.128006,0.0000,0.025800,0
2471,264.14,3,0.123313,0.0000,0.027100,0
2472,263.41,3,0.107808,0.0000,0.028300,0
2473,263.34,3,0.104719,0.0000,0.029700,0
2474,262.88,3,0.160037,0.0000,0.027800,0
2475,262.41,3,0.158592,0.0000,0.030200,0
2476,262.21,3,0.156009,0.0000,0.025500,0
2477,262.21,3,0.160023,0.0000,0.027200,0
2478,261.88,3,0.176483,0.0000,0.025200,0
2479,261.88,3,0.162163,0.0000,0.026600,0
2480,261.29,3,0.204686,0.0000,0.029400,0
2481,261.29,3,0.190864,0.0000,0.027500,0
2482,260.42,3,0.202756,0.0000,0.025900,0
2483,260.29,3,0.203600,0.0000,0.027200,0
2484,259.63,3,0.201325,0.0000,0.028600,0
2485,259.43,3,0.188612,0.0000,0.028000,0
2486,259.30,3,0.191208,0.0000,0.027400,0
2487,259.30,3,0.194606,0.0000,0.025400,0
2488,258.50,3,0.207111,0.0000,0.027600,0
2489,258.30,3,0.199758,0.0000,0.031600,0
2490,258.30,3,0.179445,0.0000,0.028300,0
2491,257.44,3,0.169584,0.0000,0.027900,0
2492,257.37,3,0.159805,0.0000,0.025600,0
2493,257.30,3,0.159390,0.0000,0.029100,0
2494,256.44,3,0.156212,0.0000,0.028500,0
2495,256.31,3,0.156513,0.0000,0.027800,0
2496,256.31,3,0.157638,0.0000,0.028200,0
2497,255.98,3,0.147922,0.0000,0.027700,0
2498,255.45,3,0.156735,0.0000,0.026700,0
2499,255.31,3,0.160679,0.0000,0.030400,0
2500,254.52,3,0.163681,0.0000,0.027700,0
2501,254.52,3,0.161338,0.0000,0.029900,0
2502,254.32,3,0.128022,0.0000,0.025000,0
2503,253.99,3,0.128995,0.0000,0.029500,0
2504,253.46,3,0.073144,0.0000,0.027900,0
2505,253.46,3,0.073052,0.0000,0.027600,0
2506,252.73,3,0.071079,0.0000,0.027000,0
2507,252.40,3,0.068266,0.0000,0.025100,0
2508,252.40,3,0.075346,0.0000,0.027600,0
2509,251.47,3,0.062767,0.0000,0.026900,0
2510,251.47,3,0.062319,0.0000,0.028600,0
2511,250.47,3,0.059036,0.0000,0.028600,0
2512,250.47,3,0.055310,0.0000,0.027100,0
2513,250.40,17,0.053289,0.0000,0.048700,0
2514,249.48,3,0.054825,0.0000,0.031400,0
2515,249.48,17,0.008323,0.0000,0.047000,0
2516,249.41,17,0.012399,0.0000,0.047400,0
2517,248.55,17,0.013884,0.0000,0.043400,0
2518,248.55,17,0.041002,0.0000,0.048100,0
2519,247.55,17,0.034305,0.0000,0.042200,0
2520,247.49,17,0.029451,0.0000,0.043600,0
2521,247.42,17,0.010732,0.0000,0.047800,0
2522,246.82,17,0.019468,0.0000,0.043300,0
2523,246.56,17,0.021099,0.0000,0.047000,0
2524,245.56,17,0.007518,0.0000,0.045300,0
2525,245.50,17,0.018147,0.0000,0.047400,0
2526,244.57,17,0.010513,0.0000,0.047900,0
2527,244.17,17,0.002806,0.0000,0.044900,0
2528,244.17,17,0.024573,0.0000,0.043500,0
2529,243.57,17,0.044820,0.0000,0.043400,0
2530,243.17,17,0.026002,0.0000,0.044300,0
2531,242.91,5,0.708034,0.0000,0.154800,0
2532,242.64,11,1.025579,0.0000,0.224700,0
2533,242.18,11,1.071713,0.0000,0.231700,0
2534,242.11,11,1.067294,0.0000,0.229500,0
2535,241.51,11,0.991899,0.0000,0.225100,0
2536,241.18,11,1.291109,0.2000,0.229000,0
2537,241.18,11,1.246539,0.0000,0.231300,0
2538,240.65,11,1.206168,0.0000,0.233300,0
2539,240.65,11,1.165717,0.0000,0.223700,0
2540,240.19,11,1.133790,0.0000,0.228700,0
2541,240.19,11,1.111299,0.0000,0.230400,0
2542,239.92,11,1.080077,0.0000,0.226300,0
2543,239.52,11,1.041192,0.0000,0.225600,0
2544,239.52,11,1.057810,0.0000,0.232900,0
2545,238.93,11,1.040218,0.0000,0.234500,0
2546,238.53,11,1.032269,0.0000,0.231700,0
2547,234.68,11,1.041541,0.2000,0.229900,0
2548,233.75,11,1.020822,0.0000,0.229500,0
2549,233.75,11,0.998932,0.0000,0.225000,0
2550,233.29,11,0.979577,0.0000,0.228100,0
2551,232.62,5,0.923759,0.0000,0.155100,0
2552,232.62,5,0.871985,0.0000,0.149000,0
2553,231.76,5,0.861102,0.0000,0.155000,0
2554,231.63,5,0.852388,0.2000,0.154900,0
2555,231.36,5,0.836645,0.0000,0.152200,0
2556,230.90,5,0.818633,0.2000,0.155600,0
2557,230.63,5,0.799997,0.0000,0.158400,0
2558,230.37,5,0.783930,0.0000,0.154000,0
2559,230.37,5,0.768642,0.0000,0.154800,0
2560,229.77,5,0.762969,0.0000,0.160200,0
2561,229.71,5,0.771022,0.0000,0.155500,0
2562,229.37,5,0.776769,0.0000,0.160300,0
2563,228.84,5,0.750193,0.0000,0.159700,0
2564,228.71,5,0.704626,0.2000,0.161100,0
2565,228.11,5,0.615067,0.0000,0.166800,0
2566,227.85,5,0.605153,0.0000,0.151600,0
2567,227.72,9,0.335657,0.0000,0.093300,0
2568,227.12,9,0.309719,0.0000,0.096200,0
2569,226.85,9,0.301987,0.0000,0.096800,0
2570,225.86,9,0.291472,0.0000,0.094900,0
2571,225.72,9,0.268600,0.0000,0.094900,0
2572,225.13,9,0.264574,0.0000,0.097600,0
2573,224.46,9,0.310499,0.0000,0.089800,0
2574,224.13,9,0.209774,0.2000,0.089600,0
2575,223.87,3,0.249660,0.0000,0.030700,0
2576,223.73,3,0.095995,0.0000,0.029700,0
2577,223.14,3,0.075087,0.0000,0.029200,0
2578,222.81,3,0.079159,0.0000,0.029700,0
2579,222.81,3,0.078229,0.0000,0.028000,0
2580,222.14,3,0.075493,0.0000,0.027500,0
2581,221.48,3,0.083204,0.0000,0.029500,0
2582,221.21,3,0.100246,0.0000,0.025400,0
2583,220.48,3,0.146838,0.0000,0.028900,0
2584,220.09,3,0.160148,0.0000,0.025800,0
2585,219.82,3,0.161745,0.0000,0.029300,0
2586,219.22,3,0.163500,0.0000,0.029900,0
2587,219.09,3,0.160356,0.0000,0.027100,0
2588,218.82,3,0.152460,0.0000,0.027700,0
2589,218.56,3,0.136743,0.0000,0.028000,0
2590,218.23,3,0.162392,0.0000,0.028200,0
2591,218.23,3,0.177280,0.0000,0.026100,0
2592,217.90,3,0.175921,0.0000,0.028300,0
2593,217.56,3,0.175860,0.0000,0.030200,0
2594,217.56,3,0.176545,0.0000,0.026100,0
2595,217.23,3,0.171712,0.0000,0.030300,0
2596,216.90,3,0.160033,0.0000,0.029400,0
2597,216.90,3,0.164528,0.0000,0.026400,0
2598,216.24,3,0.168971,0.0000,0.026400,0
2599,216.10,3,0.164420,0.0000,0.029400,0
2600,215.91,3,0.179312,0.0000,0.031400,0
2601,215.57,3,0.175195,0.0000,0.028500,0
2602,215.57,3,0.156868,0.0000,0.027900,0
2603,215.31,3,0.130561,0.0000,0.026800,0
2604,214.91,3,0.102238,0.0000,0.028600,0
2605,214.58,3,0.172689,0.0000,0.028000,0
2606,214.58,3,0.164937,0.0000,0.026900,0
2607,214.31,3,0.162883,0.0000,0.026500,0
2608,213.91,3,0.160924,0.0000,0.026100,0
2609,213.91,3,0.162283,0.0000,0.026900,0
2610,213.12,3,0.159354,0.0000,0.028200,0
2611,213.05,3,0.157586,0.0000,0.029900,0
2612,212.32,3,0.158034,0.0000,0.026400,0
2613,212.12,3,0.137905,0.0000,0.027500,0
2614,211.66,3,0.141078,0.0000,0.028600,0
2615,211.66,3,0.141666,0.0000,0.028900,0
2616,211.19,3,0.143283,0.0000,0.028100,0
2617,211.13,3,0.145379,0.0000,0.028400,0
2618,211.06,3,0.148242,0.0000,0.028800,0
2619,210.66,3,0.149731,0.0000,0.029900,0
2620,210.20,3,0.132679,0.0000,0.028400,0
2621,210.00,3,0.118587,0.0000,0.029400,0
2622,209.67,3,0.131976,0.0000,0.026900,0
2623,209.14,3,0.135027,0.0000,0.030400,0
2624,209.14,3,0.137971,0.0000,0.027200,0
2625,208.67,3,0.138075,0.0000,0.025900,0
2626,208.67,3,0.130622,0.0000,0.026500,0
2627,208.14,3,0.126449,0.0000,0.027600,0
2628,208.14,3,0.117740,0.0000,0.026900,0
2629,207.68,3,0.116953,0.0000,0.025400,0
2630,207.68,3,0.117594,0.0000,0.030200,0
2631,207.15,3,0.117652,0.0000,0.028800,0
2632,206.42,3,0.120208,0.0000,0.028700,0
2633,206.42,3,0.117963,0.0000,0.028800,0
2634,206.15,3,0.114763,0.0000,0.028600,0
2635,206.02,3,0.094288,0.0000,0.024700,0
2636,206.02,17,0.043754,0.0000,0.043300,0
2637,205.16,3,0.123271,0.0000,0.028000,0
2638,204.49,17,0.037257,0.0000,0.042100,0
2639,204.10,17,0.033076,0.0000,0.045600,0
2640,203.76,3,0.136547,0.0000,0.028400,0
2641,203.17,3,0.126459,0.0000,0.027400,0
2642,202.97,3,0.149709,0.0000,0.028200,0
2643,202.50,3,0.215410,0.0000,0.029200,0
2644,202.50,3,0.214279,0.0000,0.027500,0
2645,202.24,3,0.206913,0.0000,0.029600,0
2646,202.24,3,0.214915,0.0000,0.027500,0
2647,201.77,3,0.198936,0.0000,0.027600,0
2648,201.77,3,0.198109,0.0000,0.028500,0
2649,201.51,3,0.174057,0.0000,0.030300,0
2650,200.51,3,0.178145,0.0000,0.026700,0
2651,200.25,3,0.181398,0.0000,0.027100,0
2652,200.25,3,0.186122,0.0000,0.025600,0
2653,199.52,3,0.202346,0.0000,0.025800,0
2654,199.52,3,0.206976,0.0000,0.027800,0
2655,199.19,3,0.196464,0.0000,0.024600,0
2656,199.19,3,0.198026,0.0000,0.028300,0
2657,198.52,3,0.191740,0.0000,0.026900,0
2658,198.12,3,0.188836,0.0000,0.028500,0
2659,197.53,3,0.187795,0.0000,0.030300,0
2660,197.26,3,0.185656,0.0000,0.023900,0
2661,196.60,3,0.184404,0.0000,0.027900,0
2662,196.27,3,0.182420,0.0000,0.030800,0
2663,195.60,3,0.190345,0.0000,0.029000,0
2664,195.34,3,0.197753,0.0000,0.028300,0
2665,195.34,3,0.206516,0.0000,0.024700,0
2666,194.61,3,0.210921,0.0000,0.025800,0
2667,194.61,3,0.214396,0.0000,0.026200,0
2668,194.34,3,0.216910,0.0000,0.028000,0
2669,193.61,3,0.220572,0.0000,0.030300,0
2670,193.21,3,0.143253,0.0000,0.029000,0
2671,193.21,3,0.123992,0.0000,0.028800,0
2672,192.95,3,0.143019,0.0000,0.028200,0
2673,192.62,3,0.158633,0.0000,0.028200,0
2674,192.22,3,0.165222,0.0000,0.028600,0
2675,191.62,3,0.182808,0.0000,0.030400,0
2676,191.62,3,0.194520,0.0000,0.031300,0
2677,191.29,3,0.218639,0.0000,0.027900,0
2678,191.29,3,0.207482,0.0000,0.032600,0
2679,190.49,3,0.215150,0.0000,0.027900,0
2680,189.70,3,0.215969,0.0000,0.029400,0
2681,189.50,3,0.217003,0.0000,0.027400,0
2682,189.37,3,0.220235,0.0000,0.028400,0
2683,188.50,3,0.213189,0.0000,0.027000,0
2684,188.44,3,0.201627,0.0000,0.028100,0
2685,188.44,3,0.201707,0.0000,0.028200,0
2686,187.58,3,0.210041,0.0000,0.027300,0
2687,187.51,3,0.221677,0.0000,0.031400,0
2688,187.31,3,0.233052,0.0000,0.028600,0
2689,186.51,3,0.234101,0.0000,0.028200,0
2690,186.45,3,0.246419,0.0000,0.028300,0
2691,186.31,3,0.244248,0.0000,0.027800,0
2692,185.58,3,0.238629,0.0000,0.029200,0
2693,185.52,3,0.235871,0.0000,0.027900,0
2694,185.32,3,0.248056,0.0000,0.028600,0
2695,185.32,3,0.241350,0.0000,0.031100,0
2696,184.52,3,0.238633,0.0000,0.029500,0
2697,184.39,3,0.223903,0.0000,0.028200,0
2698,184.39,3,0.213851,0.0000,0.029500,0
2699,183.59,3,0.210797,0.0000,0.028700,0
2700,183.06,3,0.202419,0.0000,0.027000,0
2701,182.53,3,0.137862,0.0000,0.026800,0
2702,182.53,3,0.102836,0.0000,0.028500,0
2703,182.47,3,0.060764,0.0000,0.029300,0
2704,181.47,17,0.046100,0.0000,0.044100,0
2705,181.47,17,0.053577,0.0000,0.045300,0
2706,180.54,17,0.035179,0.0000,0.044100,0
2707,179.88,3,0.060710,0.0000,0.031000,0
2708,179.61,3,0.055878,0.0000,0.027100,0
2709,178.55,3,0.055079,0.0000,0.024600,0
2710,177.62,17,0.041233,0.0000,0.045000,0
2711,177.62,17,0.006585,0.0000,0.043600,0
2712,176.63,17,0.013525,0.0000,0.047300,0
2713,176.63,17,0.020584,0.0000,0.047300,0
2714,175.63,17,0.016053,0.0000,0.046600,0
2715,174.77,17,0.012979,0.0000,0.046500,0
2716,174.50,17,0.005906,0.0000,0.047800,0
2717,173.58,17,0.026613,0.0000,0.043500,0
2718,173.58,17,0.008596,0.0000,0.046900,0
2719,173.24,17,0.038716,0.0000,0.045200,0
2720,172.78,3,0.064860,0.0000,0.029900,0
2721,172.58,3,0.079901,0.0000,0.030000,0
2722,172.25,3,0.091828,0.0000,0.029000,0
2723,171.65,3,0.098918,0.0000,0.030000,0
2724,171.25,3,0.101443,0.0000,0.026200,0
2725,170.59,3,0.094582,0.0000,0.027000,0
2726,170.59,3,0.083180,0.0000,0.028700,0
2727,170.26,3,0.075024,0.0000,0.025600,0
2728,169.60,3,0.071174,0.0000,0.026600,0
2729,168.87,3,0.075886,0.0000,0.026200,0
2730,168.73,3,0.080914,0.0000,0.024500,0
2731,167.60,3,0.072290,0.0000,0.028500,0
2732,167.60,3,0.055649,0.0000,0.028400,0
2733,167.34,17,0.027133,0.0000,0.044500,0
2734,166.74,17,0.030634,0.0000,0.048100,0
2735,166.08,17,0.008872,0.0000,0.047300,0
2736,165.75,17,0.003429,0.0000,0.047000,0
2737,165.08,17,0.018077,0.0000,0.043800,0
2738,164.82,17,0.023725,0.0000,0.047400,0
2739,164.69,17,0.033331,0.0000,0.043300,0
2740,164.35,17,0.045785,0.0000,0.046000,0
2741,164.35,3,0.060404,0.0000,0.029700,0
2742,163.82,3,0.074092,0.0000,0.025600,0
2743,163.69,3,0.099623,0.0000,0.027900,0
2744,162.83,3,0.104358,0.0000,0.028700,0
2745,162.70,3,0.113706,0.0000,0.027800,0
2746,161.70,3,0.110771,0.0000,0.027600,0
2747,161.10,3,0.109662,0.0000,0.028100,0
2748,160.90,3,0.111655,0.0000,0.028100,0
2749,160.70,3,0.112224,0.2000,0.030400,0
2750,160.44,3,0.122897,0.0000,0.028400,0
2751,159.84,3,0.140763,0.0000,0.027200,0
2752,159.78,3,0.161760,0.0000,0.027100,0
2753,159.44,3,0.178684,0.0000,0.026600,0
2754,159.44,3,0.173246,0.0000,0.030900,0
2755,158.85,3,0.182821,0.0000,0.026000,0
2756,158.78,3,0.183055,0.0000,0.026600,0
2757,158.12,3,0.197163,0.0000,0.027700,0
2758,157.72,3,0.198315,0.0000,0.025500,0
2759,157.45,3,0.200130,0.0000,0.026800,0
2760,157.45,3,0.200979,0.0000,0.030800,0
2761,156.79,3,0.208944,0.0000,0.029000,0
2762,156.19,3,0.219273,0.0000,0.030300,0
2763,155.99,3,0.173572,0.0000,0.028300,0
2764,155.80,3,0.163419,0.0000,0.028600,0
2765,155.20,3,0.172808,0.0000,0.030600,0
2766,155.20,3,0.171241,0.0000,0.026000,0
2767,154.80,3,0.186928,0.0000,0.028800,0
2768,154.80,3,0.184665,0.0000,0.026000,0
2769,153.87,3,0.169883,0.0000,0.028200,0
2770,153.54,3,0.179846,0.0000,0.029200,0
2771,153.21,3,0.187422,0.0000,0.029000,0
2772,152.54,3,0.188118,0.0000,0.026800,0
2773,152.21,3,0.186356,0.0000,0.027900,0
2774,151.88,3,0.186607,0.0000,0.029100,0
2775,151.28,3,0.186445,0.0000,0.024700,0
2776,150.89,3,0.175581,0.0000,0.024800,0
2777,150.29,3,0.171714,0.0000,0.025500,0
2778,149.89,3,0.158786,0.0000,0.027000,0
2779,149.89,3,0.146947,0.0000,0.029000,0
2780,149.49,3,0.134740,0.0000,0.027500,0
2781,148.89,3,0.137463,0.0000,0.026300,0
2782,148.30,3,0.125396,0.0000,0.029300,0
2783,148.30,3,0.145356,0.0000,0.029500,0
2784,147.63,3,0.157627,0.0000,0.026300,0
2785,147.24,3,0.159776,0.0000,0.028500,0
2786,147.24,3,0.162173,0.0000,0.026800,0
2787,146.11,3,0.175142,0.0000,0.028300,0
2788,145.98,3,0.177317,0.0000,0.029400,0
2789,145.98,3,0.175389,0.0000,0.028900,0
2790,145.11,3,0.182004,0.0000,0.027600,0
2791,144.98,3,0.185480,0.0000,0.030500,0
2792,144.65,3,0.172838,0.0000,0.027600,0
2793,144.18,3,0.190026,0.0000,0.029100,0
2794,144.12,3,0.188951,0.0000,0.027300,0
2795,143.99,3,0.180225,0.0000,0.028200,0
2796,143.99,3,0.189246,0.0000,0.028300,0
2797,143.19,3,0.211559,0.0000,0.025200,0
2798,143.12,3,0.230735,0.0000,0.028700,0
2799,142.99,3,0.226544,0.0000,0.025300,0
2800,142.99,3,0.221140,0.0000,0.027400,0
2801,142.19,3,0.203749,0.0000,0.029200,0
2802,142.19,3,0.196953,0.0000,0.028600,0
2803,141.80,3,0.198032,0.0000,0.029100,0
2804,141.07,3,0.198180,0.0000,0.028700,0
2805,140.14,3,0.200427,0.0000,0.025400,0
2806,140.14,3,0.182265,0.0000,0.028800,0
2807,139.14,3,0.177642,0.0000,0.025900,0
2808,138.61,3,0.143879,0.0000,0.028900,0
2809,138.61,3,0.164291,0.0000,0.029400,0
2810,138.15,3,0.107399,0.0000,0.030300,0
2811,137.22,3,0.071868,0.0000,0.027600,0
2812,137.22,3,0.070100,0.0000,0.029400,0
2813,137.09,3,0.152200,0.0000,0.031600,0
2814,137.09,3,0.150820,0.0000,0.029400,0
2815,136.22,3,0.155380,0.0000,0.032100,0
2816,135.23,3,0.154471,0.0000,0.028200,0
2817,135.23,3,0.149422,0.0000,0.027900,0
2818,134.23,3,0.151974,0.0000,0.028100,0
2819,134.23,3,0.151856,0.0000,0.026700,0
2820,133.57,3,0.229091,0.0000,0.029200,0
2821,133.57,3,0.216885,0.0000,0.028600,0
2822,133.17,3,0.248650,0.0000,0.028100,0
2823,133.17,3,0.240290,0.0000,0.025900,0
2824,132.84,3,0.215140,0.0000,0.023600,0
2825,132.44,3,0.221002,0.0000,0.029200,0
2826,132.18,3,0.216860,0.0000,0.029800,0
2827,131.58,3,0.208912,0.0000,0.027800,0
2828,131.58,3,0.207816,0.0000,0.029000,0
2829,131.18,3,0.208343,0.0000,0.027500,0
2830,130.45,3,0.209797,0.0000,0.026300,0
2831,130.19,3,0.206593,0.0000,0.030100,0
2832,129.46,3,0.203845,0.0000,0.026400,0
2833,129.19,3,0.204461,0.0000,0.025700,0
2834,129.19,3,0.206516,0.0000,0.030300,0
2835,128.66,3,0.210387,0.0000,0.028000,0
2836,128.66,3,0.245910,0.0000,0.026200,0
2837,128.33,3,0.209002,0.0000,0.032200,0
2838,127.46,3,0.203234,0.0000,0.026900,0
2839,127.46,3,0.201781,0.0000,0.030700,0
2840,127.33,3,0.203121,0.0000,0.027000,0
2841,126.93,3,0.209797,0.0000,0.028300,0
2842,126.60,3,0.220002,0.0000,0.026600,0
2843,125.47,3,0.231870,0.0000,0.028300,0
2844,125.34,3,0.233824,0.0000,0.027100,0
2845,125.34,3,0.238842,0.0000,0.028800,0
2846,124.68,3,0.231366,0.0000,0.029100,0
2847,124.68,3,0.230040,0.0000,0.026000,0
2848,124.41,3,0.238832,0.0000,0.027300,0
2849,123.48,3,0.240895,0.0000,0.030300,0
2850,123.29,3,0.232354,0.0000,0.032000,0
2851,122.42,3,0.221544,0.0000,0.028500,0
2852,122.42,3,0.198943,0.0000,0.023600,0
2853,121.43,3,0.154985,0.0000,0.026300,0
2854,121.36,3,0.123376,0.0000,0.023300,0
2855,121.36,3,0.118195,0.0000,0.026700,0
2856,120.56,3,0.131110,0.0000,0.028800,0
2857,120.56,3,0.132172,0.0000,0.030300,0
2858,120.37,3,0.120081,0.0000,0.028400,0
2859,119.50,3,0.107433,0.0000,0.027800,0
2860,119.37,3,0.089611,0.0000,0.024600,0
2861,118.51,3,0.076351,0.0000,0.027000,0
2862,118.38,3,0.061877,0.0000,0.028900,0
2863,118.38,3,0.057739,0.0000,0.027700,0
2864,117.51,3,0.087406,0.0000,0.030800,0
2865,117.31,3,0.125682,0.0000,0.028600,0
2866,116.52,3,0.146159,0.0000,0.028200,0
2867,116.38,3,0.148426,0.0000,0.026500,0
2868,115.32,3,0.123406,0.0000,0.029600,0
2869,115.32,3,0.133494,0.0000,0.026300,0
2870,114.79,3,0.117662,0.0000,0.028800,0
2871,114.46,3,0.115622,0.0000,0.028300,0
2872,114.33,3,0.117853,0.0000,0.025600,0
2873,114.33,3,0.128151,0.0000,0.025700,0
2874,113.86,3,0.129207,0.0000,0.029700,0
2875,113.53,3,0.134557,0.0000,0.028500,0
2876,113.13,3,0.137159,0.0000,0.030500,0
2877,112.54,3,0.140191,0.0000,0.026900,0
2878,112.47,3,0.138102,0.0000,0.027400,0
2879,111.87,3,0.137018,0.0000,0.030000,0
2880,111.48,3,0.139786,0.0000,0.029800,0
2881,111.48,3,0.142939,0.0000,0.028700,0
2882,110.61,3,0.145904,0.0000,0.029100,0
2883,110.48,3,0.145924,0.0000,0.029100,0
2884,109.62,3,0.135268,0.0000,0.027400,0
2885,109.48,3,0.109261,0.0000,0.031800,0
2886,109.22,3,0.106409,0.0000,0.031200,0
2887,108.49,3,0.115650,0.0000,0.025400,0
2888,108.22,3,0.133983,0.0000,0.025800,0
2889,107.63,3,0.137511,0.0000,0.029000,0
2890,107.23,3,0.157410,0.0000,0.026000,0
2891,107.23,3,0.164866,0.0000,0.028300,0
2892,106.70,3,0.137784,0.0000,0.027100,0
2893,106.70,3,0.144816,0.0000,0.028300,0
2894,106.23,3,0.137589,0.0000,0.026400,0
2895,105.84,3,0.146487,0.0000,0.028300,0
2896,105.57,3,0.133378,0.0000,0.029300,0
2897,104.58,3,0.117295,0.0000,0.028300,0
2898,104.58,3,0.119464,0.0000,0.028000,0
2899,103.58,3,0.131512,0.0000,0.027700,0
2900,102.72,3,0.139642,0.0000,0.027500,0
2901,102.58,3,0.143929,0.0000,0.028700,0
2902,101.66,3,0.188675,0.0000,0.026700,0
2903,100.66,3,0.190726,0.0000,0.028000,0
2904,100.66,3,0.192782,0.0000,0.025800,0
2905,99.80,3,0.192545,0.0000,0.031500,0
2906,99.73,3,0.182931,0.0000,0.029500,0
2907,99.33,3,0.179602,0.0000,0.025800,0
2908,98.87,3,0.186015,0.0000,0.029600,0
2909,98.67,3,0.193866,0.0000,0.027500,0
2910,98.34,3,0.191900,0.0000,0.026800,0
2911,97.81,3,0.186879,0.0000,0.029700,0
2912,97.68,3,0.192360,0.0000,0.027300,0
2913,96.88,3,0.186512,0.0000,0.028300,0
2914,96.81,3,0.161661,0.0000,0.030900,0
2915,96.15,3,0.155849,0.0000,0.029000,0
2916,95.82,3,0.164755,0.0000,0.028500,0
2917,95.68,3,0.167054,0.0000,0.025900,0
2918,95.42,3,0.171707,0.0000,0.029500,0
2919,94.82,3,0.169116,0.0000,0.027700,0
2920,94.76,3,0.177937,0.0000,0.028200,0
2921,93.83,3,0.194571,0.0000,0.027900,0
2922,93.16,3,0.204578,0.0000,0.026300,0
2923,93.16,3,0.211317,0.0000,0.030100,0
2924,92.77,3,0.210375,0.0000,0.032300,0
2925,92.17,3,0.211339,0.0000,0.029200,0
2926,91.90,3,0.189040,0.0000,0.026800,0
2927,91.77,3,0.158768,0.0000,0.027100,0
2928,91.17,3,0.161513,0.0000,0.027300,0
2929,91.17,3,0.156641,0.0000,0.027100,0
2930,90.91,3,0.170640,0.0000,0.027500,0
2931,90.71,3,0.176327,0.0000,0.027700,0
2932,89.71,3,0.161660,0.0000,0.027300,0
2933,89.71,3,0.162658,0.0000,0.028100,0
2934,88.78,3,0.170855,0.0000,0.027900,0
2935,88.25,3,0.171864,0.0000,0.028100,0
2936,88.19,3,0.171155,0.0000,0.027400,0
2937,87.92,3,0.169188,0.0000,0.027600,0
2938,87.52,3,0.167653,0.0000,0.027900,0
2939,87.52,3,0.169775,0.0000,0.027300,0
2940,86.53,3,0.163545,0.0000,0.028500,0
2941,85.93,3,0.162240,0.0000,0.025100,0
2942,85.53,3,0.165625,0.0000,0.029700,0
2943,85.14,3,0.155540,0.0000,0.028500,0
2944,84.80,3,0.153413,0.0000,0.026500,0
2945,84.80,3,0.142595,0.0000,0.028200,0
2946,84.21,3,0.136283,0.0000,0.031700,0
2947,83.81,3,0.135293,0.0000,0.027400,0
2948,83.15,3,0.137439,0.0000,0.027200,0
2949,82.88,3,0.143546,0.0000,0.028200,0
2950,82.88,3,0.154080,0.0000,0.028200,0
2951,81.95,3,0.154567,0.0000,0.027300,0
2952,81.82,3,0.153816,0.0000,0.029400,0
2953,81.82,3,0.154824,0.0000,0.026600,0
2954,81.15,3,0.152034,0.0000,0.028400,0
2955,80.62,3,0.154623,0.0000,0.029200,0
2956,80.62,3,0.140392,0.0000,0.029700,0
2957,80.09,3,0.111009,0.0000,0.029900,0
2958,79.83,3,0.121125,0.0000,0.026700,0
2959,79.83,3,0.129783,0.0000,0.027200,0
2960,79.10,3,0.206558,0.0000,0.029100,0
2961,78.90,3,0.139158,0.0000,0.029900,0
2962,78.90,3,0.112712,0.0000,0.027600,0
2963,78.30,3,0.113404,0.0000,0.027700,0
2964,78.17,3,0.092848,0.0000,0.029800,0
2965,77.90,17,0.031999,0.0000,0.046500,0
2966,77.90,17,0.044063,0.0000,0.042800,0
2967,77.11,3,0.074985,0.0000,0.026400,0
2968,76.71,3,0.100206,0.0000,0.025800,0
2969,76.71,3,0.122641,0.0000,0.028800,0
2970,76.25,3,0.142152,0.0000,0.027800,0
2971,75.71,3,0.163207,0.0000,0.028300,0
2972,75.25,3,0.167387,0.0000,0.025900,0
2973,75.18,3,0.169288,0.0000,0.026800,0
2974,74.72,3,0.151147,0.0000,0.030900,0
2975,74.19,3,0.142550,0.0000,0.027900,0
2976,73.92,3,0.137183,0.0000,0.028500,0
2977,73.46,3,0.138644,0.0000,0.026500,0
2978,73.19,3,0.131847,0.0000,0.027900,0
2979,72.73,3,0.110754,0.0000,0.024000,0
2980,72.20,3,0.089541,0.0000,0.028100,0
2981,72.00,3,0.094027,0.0000,0.028300,0
2982,72.00,3,0.089076,0.0000,0.028300,0
2983,71.27,3,0.095766,0.0000,0.030400,0
2984,71.20,3,0.073789,0.0000,0.030700,0
2985,70.80,3,0.077113,0.0000,0.026700,0
2986,70.21,3,0.083987,0.0000,0.025000,0
2987,70.21,3,0.078193,0.0000,0.027300,0
2988,69.81,3,0.067403,0.0000,0.026300,0
2989,69.15,3,0.066621,0.0000,0.030500,0
2990,69.15,3,0.135503,0.0000,0.029400,0
2991,68.55,3,0.174400,0.0000,0.029400,0
2992,68.42,17,0.017471,0.0000,0.045600,0
2993,68.15,5,0.815480,0.0000,0.153800,0
2994,67.82,11,1.221835,0.0000,0.231800,0
2995,67.55,11,1.545761,0.2000,0.227400,0
2996,67.55,11,1.590884,0.0000,0.240200,0
2997,67.29,2,1.714687,0.0000,0.410400,0
2998,67.29,2,1.797111,0.6000,0.391100,0
2999,66.89,2,1.935537,0.6000,0.397500,0
3000,66.83,2,2.042308,0.4000,0.398400,0
3001,66.83,2,2.126552,0.2000,0.394800,0
3002,66.30,2,2.287864,0.0000,0.391600,0
3003,65.11,14,5.698010,0.8000,0.597200,0
3004,65.11,14,3.698243,0.6000,0.595900,0
3005,64.08,6,5.517496,1.0000,0.767900,0
3006,64.00,6,5.562991,1.0000,0.774600,0
3007,63.42,15,6.344246,0.6000,0.860000,0
3008,63.00,15,6.977164,1.0000,0.852200,0
3009,62.42,15,7.713410,0.8000,0.863400,0
3010,62.08,15,8.181165,1.0000,0.862400,0
3011,62.08,1,8.585420,1.0000,0.896700,0
3012,61.42,1,9.291301,1.0000,0.898100,0
3013,61.08,1,9.828946,0.8000,0.896000,0
3014,60.42,1,10.499047,1.0000,0.906400,0
3015,60.08,10,11.037047,1.0000,0.900800,0
3016,60.00,10,11.477432,1.0000,0.899100,0
3017,59.08,10,12.073240,1.0000,0.899200,0
3018,59.08,10,11.924284,1.0000,0.898100,0
3019,58.75,10,12.040545,1.0000,0.899400,0
3020,58.42,10,12.050591,1.0000,0.899900,0
3021,58.42,10,12.007110,1.0000,0.897500,0
3022,58.08,10,11.938582,1.0000,0.901400,0
3023,57.75,10,11.893001,1.0000,0.899500,0
3024,57.42,10,11.771922,0.6000,0.893500,0
3025,57.08,10,11.518854,1.0000,0.899100,0
3026,56.42,10,11.293402,0.8000,0.896700,0
3027,56.08,1,10.786613,1.0000,0.897400,0
3028,56.08,10,10.965550,1.0000,0.904500,0
3029,55.42,1,10.374263,1.0000,0.900700,0
3030,55.08,1,9.470292,1.0000,0.903800,0
3031,54.42,1,8.804368,1.0000,0.903900,0
3032,54.08,1,9.021136,1.0000,0.898600,0
3033,54.08,1,8.848572,1.0000,0.897500,0
3034,53.42,1,9.204768,1.0000,0.902500,0
3035,53.08,1,8.946859,0.4000,0.894000,0
3036,53.08,1,8.908825,0.6000,0.896700,0
3037,52.42,1,8.969995,1.0000,0.905700,0
3038,52.08,1,9.233646,1.0000,0.898000,0
3039,52.08,1,9.202283,1.0000,0.897800,0
3040,51.50,1,9.113159,1.0000,0.899600,0
3041,51.08,1,9.084169,1.0000,0.897300,0
3042,51.08,1,9.175933,1.0000,0.899600,0
3043,50.42,1,9.332868,0.6000,0.892000,0
3044,50.00,1,9.397305,1.0000,0.898800,0
3045,49.42,1,9.448925,1.0000,0.896800,0
3046,49.08,1,9.820872,1.0000,0.897200,0
3047,48.42,1,9.973167,1.0000,0.898300,0
3048,48.00,1,9.824949,1.0000,0.900500,0
3049,48.00,1,9.779713,1.0000,0.900600,0
3050,47.42,1,9.977905,1.0000,0.899400,0
3051,47.08,10,12.132250,0.8000,0.899200,0
3052,47.08,1,10.775711,1.0000,0.895900,0
3053,46.42,10,12.625337,0.8000,0.905000,0
3054,46.42,10,11.708495,0.8000,0.900300,0
3055,46.08,10,11.818060,1.0000,0.895800,0
3056,45.42,10,11.975170,1.0000,0.898500,0
3057,45.42,10,11.791604,0.6000,0.900400,0
3058,45.00,10,11.827928,1.0000,0.901900,0
3059,44.75,10,11.915984,1.0000,0.898800,0
3060,44.42,10,12.058646,1.0000,0.896400,0
3061,44.00,10,11.865905,1.0000,0.896100,0
3062,43.75,10,11.746231,1.0000,0.900900,0
3063,43.42,10,11.774891,0.6000,0.894500,0
3064,43.08,10,11.658806,1.0000,0.897300,0
3065,43.08,10,11.864927,1.0000,0.902700,0
3066,42.42,10,11.803417,1.0000,0.901200,0
3067,42.08,10,11.904375,1.0000,0.898200,0
3068,42.08,10,11.737115,0.8000,0.893800,0
3069,41.42,10,11.923439,1.0000,0.899100,0
3070,41.42,10,11.916833,1.0000,0.898400,0
3071,40.75,10,11.772738,0.6000,0.898400,0
3072,40.42,10,11.787090,0.8000,0.899000,0
3073,40.08,10,11.816315,1.0000,0.895400,0
3074,39.42,10,11.958373,1.0000,0.903700,0
3075,39.42,10,11.961344,1.0000,0.897900,0
3076,39.08,10,12.074322,1.0000,0.905000,0
3077,38.42,10,12.133649,1.0000,0.903600,0
3078,38.42,10,11.987354,1.0000,0.901400,0
3079,38.00,10,11.549225,1.0000,0.895000,0
3080,37.75,10,11.452125,1.0000,0.896900,0
3081,37.42,10,11.341572,1.0000,0.897800,0
3082,37.08,10,11.477954,1.0000,0.900300,0
3083,37.08,10,11.420431,1.0000,0.901600,0
3084,36.42,10,11.730754,0.8000,0.899400,0
3085,36.42,10,11.531313,1.0000,0.900200,0
3086,35.75,10,11.621226,0.8000,0.897600,0
3087,35.42,10,11.240176,1.0000,0.898600,0
3088,35.42,1,10.766435,1.0000,0.899800,0
3089,35.08,1,10.322489,1.0000,0.901900,0
3090,35.08,1,9.963429,1.0000,0.896000,0
3091,34.75,1,9.557119,1.0000,0.897300,0
3092,34.42,1,9.097010,1.0000,0.899900,0
3093,34.17,1,8.638962,1.0000,0.896900,0
3094,34.17,15,8.074545,0.8000,0.856400,0
3095,33.70,15,7.478281,0.8000,0.854600,0
3096,33.06,15,6.964421,1.0000,0.853400,0
3097,32.75,15,6.315893,1.0000,0.865700,0
3098,32.42,6,5.634407,1.0000,0.772900,0
3099,32.08,6,5.015520,0.8000,0.775300,0
3100,32.00,14,4.261159,0.2000,0.605000,0
3101,31.85,14,3.645976,0.6000,0.592100,0
3102,31.85,14,3.045856,0.8000,0.613900,0
3103,31.85,14,3.933320,0.6000,0.604800,0
3104,31.15,2,3.182412,0.6000,0.401900,0
3105,31.15,2,2.193428,0.2000,0.399800,0
3106,30.83,2,2.038685,0.4000,0.397600,0
3107,30.51,2,1.856727,0.2000,0.399200,0
3108,30.51,2,1.886019,0.0000,0.394200,0
3109,30.13,2,1.813430,0.4000,0.402800,0
3110,29.75,2,1.930091,0.2000,0.403000,0
3111,29.42,2,2.166157,0.2000,0.395800,0
3112,29.42,2,2.232081,0.2000,0.395600,0
3113,29.08,2,2.376579,0.4000,0.399800,0
3114,28.42,2,2.650844,0.6000,0.383400,0
3115,28.08,14,3.406076,1.0000,0.603200,0
3116,28.08,14,2.968898,0.0000,0.601200,0
3117,27.00,14,3.806482,0.8000,0.606900,0
3118,27.00,14,3.904801,0.6000,0.611000,0
3119,26.42,6,4.281300,0.6000,0.772500,0
3120,26.08,6,4.666935,0.6000,0.770600,0
3121,25.75,6,5.035384,0.8000,0.775400,0
3122,24.75,6,5.541917,1.0000,0.772000,0
3123,24.42,6,5.945177,0.8000,0.770200,0
3124,24.08,15,6.379843,0.8000,0.851700,0
3125,23.75,15,6.570919,0.8000,0.858300,0
3126,23.42,15,6.793887,0.8000,0.860700,0
3127,23.17,15,6.980812,0.6000,0.856700,0
3128,23.17,15,7.091186,1.0000,0.858400,0
3129,22.42,15,7.174768,1.0000,0.858900,0
3130,22.42,15,7.197728,1.0000,0.860700,0
3131,22.08,15,6.983114,0.8000,0.860100,0
3132,22.08,15,6.818706,1.0000,0.861900,0
3133,21.42,15,6.672536,1.0000,0.849500,0
3134,21.42,15,6.436729,0.8000,0.858200,0
3135,21.08,15,6.104409,1.0000,0.858900,0
3136,21.08,6,5.836235,0.8000,0.771900,0
3137,20.86,6,5.510412,1.0000,0.779100,0
3138,19.91,6,5.199946,0.8000,0.775800,0
3139,19.59,6,4.901117,1.0000,0.774500,0
3140,18.96,6,4.586838,0.4000,0.773400,0
3141,17.63,14,4.207939,0.6000,0.606900,0
3142,17.08,14,3.823118,0.2000,0.601700,0
3143,16.75,14,3.515419,0.6000,0.606700,0
3144,15.98,14,3.234938,0.8000,0.608700,0
3145,15.15,14,2.917554,0.4000,0.610400,0
3146,14.42,14,2.777782,0.4000,0.601300,0
3147,14.08,2,2.555069,0.4000,0.393000,0
3148,14.08,2,2.388868,0.4000,0.393800,0
3149,14.01,2,2.257744,0.0000,0.406500,0
3150,13.44,2,2.179800,0.4000,0.394700,0
3151,13.13,2,2.509371,0.4000,0.391900,0
3152,13.13,2,2.354416,0.0000,0.390700,0
3153,12.18,2,2.682661,0.4000,0.405000,0
3154,11.42,14,2.826200,0.4000,0.604200,0
3155,11.17,14,2.943451,0.8000,0.600900,0
3156,11.17,14,3.053781,0.8000,0.605900,0
3157,10.22,14,3.013259,0.8000,0.606400,0
3158,9.77,14,2.987370,0.8000,0.603600,0
3159,9.39,14,3.000631,0.2000,0.602500,0
3160,9.08,14,3.155634,0.6000,0.597800,0
3161,9.01,14,3.076826,0.4000,0.604400,0
3162,8.51,14,3.428694,0.6000,0.598900,0
3163,8.44,14,3.534548,0.4000,0.594600,0
3164,8.08,14,3.442508,0.4000,0.593200,0
3165,8.08,14,3.483279,1.0000,0.602800,0
3166,7.75,14,3.575836,0.6000,0.607600,0
3167,7.50,14,3.687454,0.6000,0.603400,0
3168,7.43,14,3.736607,1.0000,0.609900,0
3169,7.24,14,3.822644,0.6000,0.603700,0
3170,6.93,14,4.041009,0.0000,0.604400,0
3171,6.42,6,4.390853,0.4000,0.776800,0
3172,6.11,6,4.684945,0.8000,0.772900,0
3173,5.92,6,5.038094,0.4000,0.773700,0
3174,5.85,6,5.276531,1.0000,0.773200,0
3175,5.67,6,5.607104,0.8000,0.774900,0
3176,5.41,6,5.942265,1.0000,0.767600,0
3177,5.35,15,6.168352,1.0000,0.855200,0
3178,5.20,15,6.352912,1.0000,0.860000,0
3179,5.10,15,6.499242,1.0000,0.859400,0
3180,4.97,15,6.653182,0.8000,0.854700,0
3181,4.59,15,6.905477,1.0000,0.854000,0
3182,4.40,15,7.129300,1.0000,0.856300,0
3183,4.13,15,7.459192,0.8000,0.859300,0
3184,3.15,15,8.242424,1.0000,0.859200,0
3185,3.08,1,8.534721,1.0000,0.896800,0
3186,2.90,1,8.911728,1.0000,0.892300,0
3187,2.52,1,9.409967,1.0000,0.900800,0
3188,2.38,1,9.843263,0.8000,0.893900,0
3189,2.31,1,10.173939,0.8000,0.901300,0
3190,2.06,1,10.620661,0.8000,0.898000,0
3191,1.67,10,11.536160,0.8000,0.905200,0
3192,1.39,10,12.199256,1.0000,0.903400,0
3193,1.08,10,13.423156,0.8000,0.893600,0
3194,1.00,4,14.029273,1.0000,0.879400,0
3195,0.76,4,15.281162,1.0000,0.882700,0
3196,0.07,4,18.935340,1.0000,0.879000,0
