t,days_to_reentry,M2_cell,H_t,p_t,P_forward,artifact_flag
0,1233.42,19,1.075021,0.0000,0.018400,0
1,1232.50,19,0.975170,0.0000,0.021600,0
2,1232.42,19,0.866025,0.0000,0.019200,0
3,1231.42,0,0.672179,0.0000,0.020200,0
4,1231.08,0,0.402513,0.0000,0.018800,0
5,1230.75,3,0.157939,0.0000,0.029600,0
6,1230.42,9,0.229342,0.0000,0.096000,0
7,1230.08,5,0.565054,0.0000,0.160900,0
8,1229.58,5,0.787007,0.0000,0.155800,0
9,1229.08,11,1.012213,0.0000,0.230800,0
10,1228.75,11,1.213811,0.2000,0.225800,0
11,1228.08,11,1.447688,0.0000,0.225600,0
12,1227.42,11,1.395453,0.0000,0.225300,0
13,1227.08,11,1.466539,0.2000,0.234600,0
14,1226.75,11,1.514960,0.0000,0.228500,0
15,1226.58,11,1.543759,0.0000,0.230500,0
16,1226.08,11,1.336884,0.0000,0.226200,0
17,1225.50,11,1.231833,0.0000,0.227000,0
18,1224.50,11,1.066853,0.0000,0.231100,0
19,1224.42,11,1.006215,0.0000,0.225500,0
20,1224.08,11,0.983537,0.2000,0.230600,0
21,1224.00,5,0.675811,0.0000,0.156400,0
22,1223.75,9,0.383420,0.0000,0.087400,0
23,1223.42,9,0.369370,0.0000,0.098100,0
24,1223.08,9,0.368383,0.0000,0.091200,0
25,1222.75,9,0.369144,0.0000,0.093000,0
26,1222.42,9,0.383458,0.0000,0.097100,0
27,1222.08,9,0.403047,0.0000,0.089600,0
28,1221.75,9,0.396642,0.0000,0.091900,0
29,1221.42,9,0.405887,0.0000,0.090100,0
30,1221.08,9,0.369985,0.0000,0.088300,0
31,1220.83,9,0.341737,0.0000,0.096300,0
32,1220.42,9,0.356869,0.0000,0.092400,0
33,1220.08,9,0.383429,0.0000,0.100800,0
34,1219.75,9,0.409409,0.0000,0.093600,0
35,1219.42,9,0.402911,0.0000,0.095700,0
36,1219.08,9,0.421082,0.0000,0.096000,0
37,1218.42,9,0.389947,0.0000,0.095800,0
38,1218.17,9,0.393305,0.0000,0.093900,0
39,1218.08,9,0.392480,0.0000,0.095200,0
40,1217.75,9,0.406372,0.0000,0.089800,0
41,1217.42,9,0.408835,0.0000,0.095900,0
42,1217.08,9,0.351962,0.0000,0.090700,0
43,1216.42,9,0.348560,0.0000,0.096200,0
44,1216.17,9,0.350800,0.0000,0.093600,0
45,1215.83,9,0.320810,0.2000,0.094200,0
46,1215.42,9,0.287872,0.0000,0.099400,0
47,1215.17,9,0.258372,0.0000,0.093400,0
48,1214.67,9,0.251822,0.0000,0.095000,0
49,1214.08,9,0.234685,0.0000,0.096600,0
50,1213.42,9,0.240814,0.0000,0.096900,0
51,1213.08,9,0.215840,0.0000,0.097600,0
52,1212.50,9,0.238376,0.0000,0.094200,0
53,1212.17,17,0.162012,0.0000,0.047000,0
54,1212.08,17,0.168570,0.0000,0.045700,0
55,1211.75,9,0.219564,0.0000,0.097100,0
56,1211.50,9,0.234923,0.0000,0.092400,0
57,1211.42,9,0.238401,0.0000,0.093700,0
58,1211.08,9,0.216216,0.0000,0.091100,0
59,1210.42,9,0.209857,0.0000,0.099000,0
60,1210.08,9,0.207888,0.0000,0.092600,0
61,1209.42,9,0.230476,0.0000,0.089900,0
62,1209.08,9,0.212637,0.0000,0.097500,0
63,1208.75,9,0.216640,0.0000,0.096100,0
64,1208.42,9,0.219938,0.0000,0.097900,0
65,1208.08,9,0.239200,0.0000,0.096100,0
66,1207.75,9,0.296573,0.0000,0.094000,0
67,1207.42,9,0.355667,0.0000,0.090200,0
68,1207.08,9,0.317092,0.0000,0.096500,0
69,1206.75,9,0.371288,0.0000,0.096400,0
70,1206.42,9,0.425118,0.0000,0.098300,0
71,1206.17,9,0.443237,0.0000,0.096600,0
72,1205.75,9,0.433690,0.0000,0.091700,0
73,1205.42,9,0.456081,0.0000,0.093100,0
74,1205.25,9,0.438235,0.0000,0.091800,0
75,1204.75,9,0.433298,0.0000,0.095000,0
76,1204.50,9,0.435280,0.0000,0.092300,0
77,1204.42,9,0.410400,0.0000,0.095600,0
78,1204.23,9,0.280577,0.0000,0.090100,0
79,1204.08,9,0.266575,0.0000,0.095800,0
80,1203.75,9,0.377126,0.2000,0.098100,0
81,1203.42,9,0.372634,0.0000,0.096300,0
82,1203.08,9,0.355861,0.0000,0.099700,0
83,1202.42,9,0.354026,0.0000,0.093500,0
84,1202.08,9,0.356238,0.0000,0.092900,0
85,1201.75,9,0.330837,0.0000,0.094800,0
86,1201.42,9,0.313303,0.0000,0.097500,0
87,1201.08,9,0.307030,0.0000,0.091800,0
88,1200.75,9,0.314297,0.0000,0.095200,0
89,1200.74,9,0.236610,0.0000,0.094700,0
90,1200.42,9,0.226030,0.0000,0.092100,0
91,1200.08,9,0.216377,0.0000,0.093300,0
92,1199.75,9,0.216506,0.0000,0.094000,0
93,1199.42,9,0.215949,0.0000,0.096200,0
94,1199.08,9,0.215782,0.0000,0.088900,0
95,1198.89,9,0.231965,0.0000,0.085600,0
96,1198.64,9,0.189817,0.0000,0.098700,0
97,1198.08,9,0.177210,0.0000,0.096800,0
98,1197.75,17,0.163509,0.0000,0.045600,0
99,1197.08,17,0.122221,0.0000,0.043000,0
100,1196.48,17,0.149180,0.0000,0.044300,0
101,1196.42,17,0.137748,0.0000,0.046200,0
102,1196.10,17,0.159890,0.2000,0.043400,0
103,1196.08,5,0.643144,0.0000,0.162500,0
104,1195.75,5,0.734660,0.0000,0.159900,0
105,1195.46,5,0.699452,0.0000,0.159400,0
106,1195.42,5,0.644227,0.0000,0.156500,0
107,1195.08,5,0.560889,0.0000,0.157600,0
108,1194.75,9,0.391653,0.0000,0.092700,0
109,1194.45,9,0.429296,0.0000,0.099000,0
110,1194.42,9,0.394274,0.0000,0.097200,0
111,1194.08,9,0.258596,0.0000,0.097700,0
112,1193.75,17,0.066002,0.0000,0.046100,0
113,1193.49,17,0.076560,0.0000,0.046700,0
114,1193.08,3,0.134448,0.0000,0.027000,0
115,1192.42,0,0.360702,0.0000,0.022300,0
116,1192.08,0,0.471479,0.0000,0.018600,0
117,1191.75,0,0.632158,0.0000,0.019400,0
118,1191.45,0,0.656800,0.0000,0.019800,0
119,1191.42,19,0.753386,0.0000,0.020400,0
120,1191.08,19,0.933801,0.0000,0.017400,0
121,1190.75,19,1.090271,0.0000,0.020000,0
122,1190.50,19,1.099852,0.0000,0.020100,0
123,1190.17,19,1.127024,0.0000,0.018300,0
124,1190.08,19,1.088467,0.0000,0.018700,0
125,1189.75,19,1.248192,0.0000,0.018200,0
126,1189.53,19,1.147169,0.0000,0.018700,0
127,1189.08,19,1.250562,0.0000,0.022600,0
128,1188.75,12,1.354630,0.0000,0.043400,0
129,1188.67,19,1.212260,0.0000,0.020300,0
130,1188.50,19,1.046395,0.0000,0.019800,0
131,1188.08,19,0.976237,0.0000,0.019900,0
132,1187.75,19,0.878510,0.0000,0.022700,0
133,1187.42,19,0.889805,0.0000,0.020600,0
134,1187.17,19,0.786931,0.0000,0.019500,0
135,1186.75,19,0.772424,0.0000,0.019700,0
136,1186.08,19,0.841288,0.0000,0.019100,0
137,1185.75,19,0.757377,0.0000,0.019500,0
138,1185.42,19,0.696005,0.0000,0.018000,0
139,1185.08,0,0.638183,0.0000,0.021200,0
140,1184.75,0,0.615407,0.0000,0.021000,0
141,1182.08,12,2.227115,0.0000,0.039200,0
142,1181.75,12,1.600660,0.0000,0.045500,0
143,1181.42,12,1.426323,0.0000,0.044200,0
144,1181.17,12,1.276665,0.0000,0.040200,0
145,1180.75,12,1.254575,0.0000,0.044600,0
146,1180.25,12,1.295305,0.0000,0.045300,0
147,1179.75,12,1.342676,0.0000,0.042600,0
148,1179.42,19,1.231128,0.0000,0.017800,0
149,1179.08,19,1.193740,0.0000,0.020400,0
150,1178.42,12,1.349584,0.0000,0.044700,0
151,1178.08,12,1.441093,0.0000,0.041500,0
152,1177.75,12,1.409010,0.0000,0.044800,0
153,1177.42,12,1.356676,0.2000,0.042800,0
154,1176.17,12,1.774098,0.0000,0.043200,0
155,1176.08,12,1.999514,0.0000,0.044900,0
156,1175.75,12,1.682400,0.0000,0.046200,0
157,1175.42,12,1.427620,0.0000,0.042000,0
158,1175.33,19,1.067955,0.0000,0.018600,0
159,1173.75,12,1.314880,0.0000,0.046300,0
160,1173.42,19,1.041522,0.0000,0.019000,0
161,1173.33,0,0.708959,0.0000,0.019400,0
162,1172.08,19,0.974074,0.0000,0.019900,0
163,1171.67,19,0.718412,0.0000,0.019800,0
164,1171.42,0,0.515200,0.0000,0.019000,0
165,1171.08,0,0.370320,0.0000,0.017500,0
166,1170.75,3,0.184290,0.0000,0.026000,0
167,1170.42,3,0.075991,0.0000,0.027000,0
168,1170.17,17,0.053693,0.0000,0.045100,0
169,1169.75,17,0.147253,0.0000,0.045600,0
170,1169.58,17,0.045714,0.0000,0.044200,0
171,1169.17,17,0.099288,0.0000,0.049500,0
172,1169.08,9,0.268890,0.0000,0.095900,0
173,1168.75,17,0.140112,0.0000,0.044700,0
174,1168.42,9,0.231887,0.0000,0.101100,0
175,1168.08,9,0.327950,0.0000,0.094500,0
176,1167.75,9,0.371064,0.0000,0.098600,0
177,1167.42,5,0.564627,0.0000,0.159300,0
178,1167.08,5,0.541943,0.0000,0.156600,0
179,1167.00,5,0.760485,0.0000,0.156300,0
180,1166.75,5,0.844298,0.0000,0.156900,0
181,1166.50,5,0.926769,0.0000,0.157500,0
182,1166.42,11,1.102140,0.0000,0.233500,0
183,1166.08,11,0.968208,0.0000,0.229500,0
184,1165.75,11,1.020912,0.0000,0.227200,0
185,1165.08,5,0.888296,0.0000,0.156400,0
186,1165.00,11,1.063093,0.0000,0.240000,0
187,1164.08,5,0.693370,0.0000,0.155500,0
188,1163.75,9,0.445911,0.0000,0.092200,0
189,1163.08,9,0.324445,0.0000,0.096600,0
190,1162.75,9,0.373580,0.0000,0.095200,0
191,1162.58,9,0.420686,0.0000,0.096500,0
192,1162.17,5,0.533305,0.0000,0.156700,0
193,1162.08,5,0.700982,0.0000,0.151000,0
194,1161.42,5,0.789358,0.2000,0.160900,0
195,1161.08,5,0.788507,0.0000,0.154200,0
196,1160.75,5,0.859436,0.0000,0.158400,0
197,1160.17,5,0.905061,0.0000,0.150500,0
198,1160.08,5,0.932107,0.0000,0.156900,0
199,1159.50,11,0.989848,0.0000,0.226000,0
200,1159.08,11,1.057880,0.0000,0.234500,0
201,1158.75,11,1.141823,0.0000,0.228800,0
202,1158.50,11,1.111229,0.0000,0.230100,0
203,1158.08,11,1.222468,0.0000,0.235200,0
204,1157.42,11,1.345416,0.0000,0.227400,0
205,1157.08,11,1.428099,0.0000,0.226700,0
206,1156.75,11,1.565322,0.0000,0.232700,0
207,1156.42,2,1.640962,0.2000,0.398200,0
208,1156.08,11,1.597097,0.2000,0.224200,0
209,1155.42,2,1.642076,0.2000,0.399400,0
210,1155.08,2,1.659558,0.0000,0.400700,0
211,1154.75,11,1.631491,0.2000,0.231800,0
212,1154.08,11,1.551259,0.0000,0.226500,0
213,1153.75,11,1.435291,0.0000,0.227300,0
214,1153.08,11,1.284496,0.0000,0.226400,0
215,1152.42,11,1.027360,0.0000,0.233900,0
216,1152.08,5,0.749363,0.2000,0.161900,0
217,1151.75,5,0.579987,0.0000,0.155400,0
218,1151.67,9,0.472676,0.0000,0.091800,0
219,1151.08,9,0.242806,0.0000,0.094000,0
220,1150.75,9,0.275407,0.0000,0.095200,0
221,1150.42,9,0.282969,0.0000,0.093100,0
222,1150.17,9,0.271225,0.0000,0.096400,0
223,1149.42,9,0.290451,0.0000,0.097300,0
224,1149.08,9,0.265016,0.2000,0.091900,0
225,1148.42,9,0.197159,0.0000,0.090900,0
226,1148.08,17,0.049643,0.0000,0.044000,0
227,1147.85,17,0.027327,0.0000,0.048500,0
228,1147.38,3,0.142753,0.0000,0.026500,0
229,1147.32,3,0.191455,0.0000,0.027000,0
230,1146.75,3,0.225380,0.0000,0.026700,0
231,1146.42,3,0.196869,0.0000,0.028200,0
232,1146.17,3,0.209409,0.0000,0.028300,0
233,1145.75,3,0.211322,0.0000,0.027200,0
234,1145.08,3,0.233369,0.0000,0.028200,0
235,1144.75,3,0.232868,0.0000,0.028200,0
236,1144.08,3,0.256121,0.0000,0.029300,0
237,1143.75,3,0.249583,0.0000,0.029400,0
238,1143.08,3,0.267525,0.0000,0.028500,0
239,1142.42,3,0.290676,0.0000,0.026600,0
240,1142.08,3,0.300254,0.0000,0.029700,0
241,1141.83,3,0.302791,0.0000,0.027300,0
242,1141.75,3,0.297836,0.0000,0.029200,0
243,1141.42,3,0.309483,0.0000,0.028900,0
244,1141.08,3,0.311693,0.0000,0.028900,0
245,1140.42,3,0.314238,0.0000,0.027600,0
246,1140.08,3,0.318665,0.0000,0.026200,0
247,1139.42,3,0.316761,0.0000,0.030700,0
248,1139.08,3,0.319664,0.0000,0.026800,0
249,1138.75,3,0.316019,0.0000,0.029100,0
250,1138.50,3,0.310286,0.0000,0.026400,0
251,1138.17,3,0.305700,0.0000,0.028400,0
252,1137.58,3,0.290278,0.0000,0.027200,0
253,1137.08,3,0.267895,0.0000,0.027000,0
254,1136.75,3,0.241475,0.0000,0.030100,0
255,1136.42,3,0.202888,0.0000,0.029600,0
256,1136.08,3,0.182738,0.0000,0.030400,0
257,1135.75,3,0.139632,0.0000,0.029500,0
258,1135.08,3,0.161001,0.0000,0.028000,0
259,1134.75,3,0.153659,0.0000,0.028300,0
260,1134.58,3,0.173139,0.0000,0.027300,0
261,1134.08,3,0.086505,0.0000,0.030000,0
262,1133.75,17,0.018795,0.0000,0.046000,0
263,1133.08,17,0.081190,0.0000,0.044300,0
264,1132.75,17,0.106667,0.0000,0.046500,0
265,1132.42,17,0.100479,0.0000,0.047500,0
266,1132.08,17,0.099123,0.0000,0.043100,0
267,1131.75,17,0.095581,0.0000,0.042700,0
268,1131.42,17,0.083836,0.0000,0.046300,0
269,1131.08,17,0.058569,0.0000,0.049900,0
270,1130.42,17,0.007666,0.0000,0.050600,0
271,1130.08,17,0.045879,0.0000,0.043800,0
272,1129.75,3,0.062106,0.0000,0.028000,0
273,1129.08,3,0.112586,0.0000,0.027800,0
274,1128.75,3,0.120399,0.0000,0.028400,0
275,1128.42,3,0.175908,0.0000,0.025600,0
276,1128.08,3,0.210871,0.0000,0.025800,0
277,1127.42,3,0.253000,0.0000,0.026600,0
278,1127.17,3,0.265119,0.0000,0.027900,0
279,1127.08,3,0.276210,0.0000,0.026600,0
280,1126.75,3,0.276522,0.0000,0.029000,0
281,1126.42,3,0.261344,0.0000,0.029700,0
282,1126.08,3,0.248309,0.0000,0.028900,0
283,1125.75,3,0.249236,0.0000,0.026200,0
284,1125.42,3,0.232543,0.0000,0.029200,0
285,1125.08,3,0.223142,0.0000,0.026500,0
286,1124.75,3,0.226043,0.0000,0.027100,0
287,1124.42,3,0.222548,0.0000,0.028800,0
288,1124.08,3,0.206938,0.0000,0.028800,0
289,1123.75,3,0.130767,0.0000,0.028900,0
290,1123.42,3,0.081164,0.0000,0.028700,0
291,1123.08,17,0.047385,0.0000,0.043400,0
292,1122.75,17,0.006144,0.0000,0.043300,0
293,1122.42,17,0.007718,0.0000,0.048300,0
294,1122.08,17,0.050514,0.0000,0.042600,0
295,1121.42,17,0.038629,0.0000,0.044500,0
296,1121.08,17,0.040715,0.0000,0.050100,0
297,1120.75,3,0.075323,0.0000,0.028200,0
298,1120.08,3,0.118291,0.0000,0.025400,0
299,1119.50,3,0.155993,0.0000,0.026100,0
300,1119.42,3,0.166833,0.0000,0.030800,0
301,1119.08,3,0.178336,0.0000,0.026500,0
302,1118.42,3,0.178818,0.0000,0.028000,0
303,1118.08,3,0.174518,0.0000,0.031400,0
304,1117.75,3,0.161939,0.0000,0.028200,0
305,1117.42,3,0.150917,0.0000,0.031000,0
306,1117.17,3,0.147263,0.0000,0.026300,0
307,1116.42,3,0.156978,0.0000,0.027000,0
308,1116.08,3,0.152193,0.0000,0.029600,0
309,1115.42,3,0.149421,0.0000,0.026200,0
310,1115.08,3,0.149565,0.0000,0.026500,0
311,1114.75,3,0.155983,0.0000,0.025900,0
312,1114.42,3,0.167901,0.0000,0.026400,0
313,1114.08,3,0.162824,0.0000,0.025100,0
314,1113.92,3,0.161186,0.0000,0.028200,0
315,1113.67,3,0.185867,0.0000,0.029200,0
316,1113.67,3,0.185523,0.0000,0.026800,0
317,1112.86,3,0.192495,0.0000,0.026300,0
318,1112.66,3,0.191608,0.0000,0.028400,0
319,1111.67,3,0.175392,0.0000,0.028700,0
320,1111.33,3,0.170450,0.0000,0.029100,0
321,1110.17,3,0.171331,0.0000,0.030600,0
322,1109.75,3,0.146592,0.0000,0.026600,0
323,1108.08,3,0.137156,0.0000,0.027000,0
324,1107.67,3,0.145362,0.0000,0.028800,0
325,1107.08,3,0.111457,0.0000,0.030000,0
326,1106.75,3,0.097673,0.0000,0.031900,0
327,1106.50,3,0.098523,0.0000,0.028100,0
328,1106.08,3,0.088233,0.0000,0.027000,0
329,1105.42,3,0.094714,0.0000,0.028500,0
330,1105.08,3,0.093727,0.0000,0.025300,0
331,1104.42,3,0.094086,0.0000,0.026900,0
332,1104.23,3,0.115654,0.0000,0.028700,0
333,1103.75,3,0.120149,0.0000,0.024900,0
334,1103.42,3,0.094328,0.0000,0.027000,0
335,1103.17,3,0.101843,0.0000,0.028700,0
336,1102.83,3,0.059314,0.0000,0.027500,0
337,1102.42,17,0.003275,0.0000,0.043400,0
338,1102.08,17,0.018382,0.0000,0.042200,0
339,1101.42,17,0.070914,0.0000,0.048600,0
340,1101.25,17,0.103505,0.0000,0.045000,0
341,1101.08,17,0.127758,0.0000,0.045500,0
342,1100.42,17,0.137075,0.0000,0.047200,0
343,1100.25,17,0.151536,0.0000,0.045300,0
344,1100.08,17,0.128388,0.0000,0.044500,0
345,1099.75,17,0.125737,0.0000,0.047700,0
346,1099.50,17,0.159163,0.0000,0.042100,0
347,1099.08,17,0.133631,0.0000,0.044700,0
348,1098.42,17,0.108863,0.0000,0.046200,0
349,1098.08,17,0.044928,0.0000,0.047600,0
350,1097.75,17,0.006521,0.0000,0.043100,0
351,1097.50,17,0.009769,0.0000,0.042600,0
352,1097.42,17,0.035316,0.0000,0.048300,0
353,1097.25,3,0.064372,0.0000,0.025700,0
354,1097.08,3,0.094243,0.0000,0.029100,0
355,1097.00,3,0.127899,0.0000,0.027000,0
356,1096.50,3,0.136711,0.0000,0.031100,0
357,1096.25,3,0.147307,0.0000,0.025700,0
358,1095.50,3,0.159640,0.0000,0.029000,0
359,1095.25,3,0.148843,0.0000,0.030700,0
360,1095.25,3,0.156139,0.0000,0.030800,0
361,1095.08,3,0.147409,0.0000,0.028400,0
362,1094.92,3,0.152160,0.0000,0.027200,0
363,1094.83,3,0.155339,0.0000,0.027100,0
364,1094.58,3,0.177137,0.0000,0.030700,0
365,1094.42,3,0.181163,0.0000,0.026900,0
366,1094.33,3,0.196479,0.0000,0.028900,0
367,1094.08,3,0.209082,0.0000,0.029400,0
368,1094.00,3,0.212962,0.0000,0.026300,0
369,1093.92,3,0.226304,0.0000,0.026900,0
370,1093.58,3,0.228433,0.0000,0.028000,0
371,1093.50,3,0.225054,0.0000,0.030000,0
372,1093.42,3,0.217038,0.0000,0.028400,0
373,1093.25,3,0.192973,0.0000,0.028700,0
374,1093.17,3,0.153577,0.0000,0.027000,0
375,1093.08,3,0.145113,0.0000,0.029500,0
376,1092.92,3,0.122058,0.0000,0.028200,0
377,1092.92,3,0.088382,0.0000,0.026700,0
378,1092.50,3,0.064013,0.0000,0.030900,0
379,1092.42,17,0.042493,0.0000,0.044600,0
380,1092.42,17,0.006046,0.0000,0.045800,0
381,1092.17,17,0.055674,0.0000,0.042300,0
382,1092.08,17,0.104642,0.0000,0.047200,0
383,1092.08,17,0.143496,0.0000,0.046100,0
384,1091.75,17,0.086953,0.0000,0.045900,0
385,1091.67,17,0.056170,0.0000,0.044600,0
386,1091.42,17,0.094830,0.0000,0.047200,0
387,1091.33,17,0.076686,0.0000,0.046000,0
388,1091.33,17,0.065756,0.0000,0.047100,0
389,1091.08,17,0.066914,0.0000,0.041300,0
390,1091.00,17,0.099130,0.0000,0.045400,0
391,1090.83,17,0.065323,0.0000,0.045300,0
392,1090.58,17,0.083512,0.0000,0.045500,0
393,1090.50,17,0.115225,0.0000,0.043400,0
394,1090.42,17,0.116439,0.0000,0.044700,0
395,1090.33,17,0.125538,0.0000,0.049000,0
396,1090.08,17,0.138860,0.0000,0.041700,0
397,1089.92,17,0.142133,0.0000,0.050400,0
398,1089.92,17,0.167572,0.0000,0.045100,0
399,1089.83,17,0.164419,0.0000,0.043500,0
400,1089.83,17,0.150510,0.0000,0.046300,0
401,1089.75,17,0.151102,0.0000,0.045700,0
402,1089.67,17,0.155965,0.0000,0.046700,0
403,1089.50,17,0.118078,0.2000,0.043200,0
404,1089.33,17,0.135175,0.0000,0.047000,0
405,1089.17,9,0.210290,0.0000,0.090600,0
406,1089.08,9,0.221135,0.0000,0.093100,0
407,1089.00,9,0.193332,0.0000,0.098200,0
408,1088.83,9,0.224312,0.0000,0.092700,0
409,1088.67,9,0.205630,0.0000,0.096500,0
410,1088.42,9,0.229556,0.0000,0.091700,0
411,1088.08,9,0.189351,0.0000,0.096600,0
412,1087.83,17,0.112196,0.0000,0.044100,0
413,1087.75,17,0.039693,0.0000,0.047900,0
414,1087.67,17,0.035615,0.0000,0.040900,0
415,1087.08,3,0.083500,0.0000,0.028200,0
416,1087.00,3,0.131768,0.0000,0.027300,0
417,1086.83,3,0.144495,0.0000,0.026400,0
418,1086.67,3,0.161895,0.0000,0.027300,0
419,1086.42,3,0.166716,0.0000,0.024500,0
420,1086.33,3,0.191330,0.0000,0.029200,0
421,1086.08,3,0.203727,0.0000,0.026700,0
422,1085.83,3,0.225448,0.0000,0.027000,0
423,1085.67,3,0.240257,0.0000,0.027000,0
424,1085.42,3,0.234174,0.0000,0.024600,0
425,1085.33,3,0.220485,0.0000,0.027000,0
426,1085.25,3,0.210962,0.0000,0.025200,0
427,1084.58,3,0.199332,0.0000,0.027400,0
428,1084.42,3,0.187150,0.0000,0.026400,0
429,1084.33,3,0.168911,0.0000,0.029700,0
430,1084.33,3,0.144745,0.0000,0.026500,0
431,1084.17,3,0.103994,0.0000,0.027500,0
432,1084.08,3,0.078072,0.0000,0.028500,0
433,1083.83,17,0.053056,0.0000,0.043600,0
434,1083.67,3,0.056495,0.0000,0.027600,0
435,1083.58,17,0.004018,0.0000,0.044000,0
436,1083.42,17,0.083041,0.0000,0.045800,0
437,1083.17,17,0.126713,0.0000,0.044900,0
438,1083.08,17,0.116093,0.0000,0.041500,0
439,1082.75,17,0.126172,0.0000,0.044800,0
440,1082.67,9,0.247478,0.0000,0.099200,0
441,1082.42,9,0.263064,0.0000,0.094500,0
442,1082.33,9,0.265677,0.2000,0.098800,0
443,1082.33,9,0.268316,0.0000,0.096700,0
444,1082.17,9,0.255173,0.0000,0.097100,0
445,1082.08,9,0.229455,0.0000,0.095700,0
446,1081.92,9,0.211973,0.0000,0.098600,0
447,1081.83,9,0.193846,0.0000,0.093100,0
448,1081.75,17,0.154480,0.0000,0.042900,0
449,1081.67,17,0.164227,0.0000,0.046000,0
450,1081.50,9,0.179846,0.0000,0.088800,0
451,1081.33,17,0.154044,0.0000,0.045800,0
452,1081.17,17,0.122239,0.0000,0.044200,0
453,1081.08,17,0.057834,0.0000,0.043700,0
454,1080.92,17,0.067023,0.0000,0.043200,0
455,1080.92,17,0.069525,0.0000,0.043200,0
456,1080.75,17,0.062511,0.0000,0.047300,0
457,1080.58,17,0.063926,0.0000,0.046200,0
458,1080.25,17,0.078829,0.0000,0.043300,0
459,1080.08,17,0.037125,0.0000,0.049500,0
460,1080.00,17,0.017908,0.0000,0.044100,0
461,1079.83,17,0.007145,0.0000,0.042800,0
462,1079.42,17,0.006950,0.0000,0.045800,0
463,1079.33,17,0.004232,0.0000,0.046000,0
464,1079.17,17,0.046553,0.0000,0.044600,0
465,1079.08,3,0.079067,0.0000,0.026400,0
466,1079.00,3,0.066322,0.0000,0.025000,0
467,1079.00,3,0.064338,0.0000,0.027600,0
468,1078.83,3,0.097819,0.0000,0.026400,0
469,1078.58,3,0.101913,0.0000,0.027100,0
470,1078.50,3,0.104578,0.0000,0.027600,0
471,1078.42,3,0.068490,0.0000,0.025800,0
472,1078.17,3,0.066604,0.0000,0.026600,0
473,1078.17,3,0.059236,0.0000,0.026500,0
474,1077.67,17,0.043851,0.0000,0.046300,0
475,1077.58,17,0.046563,0.0000,0.047700,0
476,1077.42,17,0.037317,0.0000,0.047100,0
477,1077.33,17,0.028772,0.0000,0.047100,0
478,1077.17,3,0.065523,0.0000,0.028600,0
479,1077.08,3,0.064665,0.0000,0.025300,0
480,1076.83,17,0.053519,0.0000,0.045700,0
481,1076.75,17,0.066671,0.0000,0.042400,0
482,1076.67,17,0.067035,0.0000,0.046200,0
483,1076.50,17,0.083543,0.0000,0.045100,0
484,1076.33,17,0.065051,0.0000,0.041700,0
485,1076.08,17,0.003336,0.0000,0.047000,0
486,1075.83,17,0.039858,0.0000,0.047300,0
487,1075.75,17,0.006625,0.0000,0.040500,0
488,1075.67,17,0.017466,0.0000,0.043300,0
489,1075.50,17,0.020702,0.0000,0.044400,0
490,1075.42,17,0.037962,0.0000,0.046900,0
491,1075.25,17,0.110438,0.0000,0.047900,0
492,1075.08,17,0.050291,0.0000,0.043000,0
493,1074.83,17,0.030453,0.0000,0.046700,0
494,1074.75,17,0.004992,0.0000,0.049600,0
495,1074.58,17,0.014033,0.0000,0.044700,0
496,1074.50,17,0.007167,0.0000,0.045700,0
497,1074.42,17,0.011644,0.0000,0.045400,0
498,1074.33,17,0.028616,0.0000,0.048300,0
499,1074.08,17,0.122987,0.0000,0.045400,0
500,1073.83,9,0.203197,0.0000,0.094400,0
501,1073.50,9,0.221226,0.0000,0.094500,0
502,1073.42,9,0.232460,0.0000,0.094000,0
503,1073.33,9,0.251927,0.0000,0.089500,0
504,1073.08,9,0.250140,0.0000,0.100400,0
505,1072.83,9,0.223102,0.0000,0.090700,0
506,1072.58,9,0.193816,0.0000,0.093700,0
507,1072.50,17,0.167007,0.0000,0.043200,0
508,1072.42,17,0.148680,0.0000,0.045500,0
509,1072.33,17,0.141567,0.0000,0.045500,0
510,1072.17,17,0.138339,0.2000,0.046800,0
511,1072.08,17,0.144989,0.0000,0.044300,0
512,1072.00,17,0.133659,0.0000,0.041900,0
513,1071.83,17,0.104305,0.0000,0.045300,0
514,1071.58,17,0.082754,0.0000,0.048300,0
515,1071.50,17,0.086966,0.0000,0.046700,0
516,1071.17,17,0.101054,0.0000,0.044400,0
517,1071.08,17,0.111312,0.0000,0.043500,0
518,1070.92,17,0.109059,0.0000,0.039800,0
519,1070.83,3,0.198888,0.0000,0.028900,0
520,1070.75,17,0.126436,0.0000,0.043300,0
521,1070.58,17,0.087258,0.0000,0.044200,0
522,1070.50,17,0.121426,0.0000,0.044400,0
523,1070.33,17,0.162430,0.0000,0.046300,0
524,1070.17,9,0.190893,0.0000,0.093400,0
525,1070.08,9,0.208146,0.0000,0.096300,0
526,1070.00,9,0.247033,0.0000,0.092100,0
527,1069.83,9,0.262562,0.0000,0.096300,0
528,1069.58,9,0.287065,0.0000,0.096600,0
529,1069.50,9,0.282452,0.0000,0.093500,0
530,1069.42,9,0.226703,0.0000,0.091000,0
531,1069.25,17,0.168171,0.0000,0.040500,0
532,1069.08,17,0.111258,0.0000,0.047000,0
533,1068.92,17,0.039890,0.0000,0.044800,0
534,1068.83,17,0.014922,0.0000,0.044900,0
535,1068.67,17,0.039578,0.0000,0.046800,0
536,1068.50,17,0.038240,0.0000,0.047200,0
537,1068.42,17,0.052606,0.0000,0.044400,0
538,1068.17,3,0.073925,0.0000,0.027800,0
539,1068.08,3,0.099959,0.0000,0.026800,0
540,1067.83,3,0.113389,0.0000,0.025100,0
541,1067.83,3,0.230632,0.0000,0.025500,0
542,1067.75,3,0.225022,0.0000,0.029600,0
543,1067.42,3,0.220025,0.0000,0.027400,0
544,1067.17,3,0.220535,0.0000,0.029100,0
545,1067.08,3,0.211787,0.0000,0.026500,0
546,1066.50,3,0.217527,0.0000,0.027000,0
547,1066.08,3,0.217142,0.0000,0.027100,0
548,1065.75,3,0.218766,0.0000,0.029000,0
549,1065.42,3,0.266235,0.0000,0.026500,0
550,1065.08,3,0.262396,0.0000,0.028200,0
551,1064.50,3,0.228904,0.0000,0.029100,0
552,1064.50,3,0.189560,0.0000,0.028500,0
553,1064.42,3,0.213973,0.0000,0.029500,0
554,1064.08,3,0.204183,0.0000,0.027100,0
555,1063.75,3,0.186017,0.0000,0.028700,0
556,1063.42,3,0.152489,0.0000,0.024400,0
557,1063.08,3,0.158719,0.0000,0.028200,0
558,1062.75,3,0.132777,0.0000,0.029300,0
559,1062.42,3,0.090008,0.0000,0.028800,0
560,1062.08,3,0.064721,0.0000,0.025100,0
561,1062.00,3,0.061875,0.0000,0.025300,0
562,1061.58,3,0.055000,0.0000,0.028900,0
563,1061.42,3,0.065828,0.0000,0.031600,0
564,1060.75,17,0.017169,0.0000,0.046400,0
565,1060.42,17,0.025946,0.0000,0.045500,0
566,1060.17,17,0.049050,0.0000,0.046700,0
567,1060.08,17,0.060420,0.0000,0.043400,0
568,1059.42,17,0.084209,0.0000,0.046000,0
569,1059.08,17,0.111227,0.0000,0.048400,0
570,1058.42,17,0.158521,0.0000,0.045100,0
571,1058.08,17,0.172141,0.0000,0.045900,0
572,1057.58,9,0.181983,0.0000,0.093600,0
573,1057.42,17,0.172328,0.0000,0.044800,0
574,1057.08,17,0.158260,0.0000,0.044100,0
575,1056.42,17,0.115789,0.0000,0.049600,0
576,1056.08,17,0.085004,0.0000,0.043900,0
577,1055.42,17,0.046590,0.0000,0.047900,0
578,1055.08,17,0.021349,0.0000,0.047900,0
579,1054.42,17,0.003928,0.0000,0.044600,0
580,1054.08,3,0.073782,0.0000,0.028000,0
581,1053.50,3,0.126854,0.0000,0.027800,0
582,1053.42,3,0.149472,0.0000,0.030200,0
583,1053.33,3,0.134928,0.0000,0.028500,0
584,1053.33,3,0.121701,0.0000,0.026800,0
585,1053.08,3,0.132605,0.0000,0.026600,0
586,1052.75,3,0.129303,0.0000,0.029800,0
587,1052.59,3,0.142175,0.0000,0.027900,0
588,1052.50,3,0.141096,0.0000,0.028900,0
589,1052.08,3,0.154269,0.0000,0.030800,0
590,1052.00,3,0.158236,0.0000,0.026900,0
591,1051.42,3,0.157700,0.0000,0.027200,0
592,1051.08,3,0.160612,0.0000,0.024200,0
593,1050.75,3,0.154067,0.0000,0.027300,0
594,1050.42,3,0.136610,0.0000,0.029600,0
595,1050.08,3,0.135151,0.0000,0.027800,0
596,1049.75,3,0.103960,0.0000,0.027700,0
597,1049.42,3,0.075678,0.0000,0.029700,0
598,1049.08,3,0.078066,0.0000,0.028100,0
599,1048.75,3,0.082759,0.0000,0.028200,0
600,1048.42,3,0.074095,0.0000,0.028200,0
601,1048.08,3,0.068016,0.0000,0.029900,0
602,1047.75,17,0.049997,0.0000,0.040900,0
603,1047.42,17,0.024635,0.0000,0.047000,0
604,1047.08,17,0.017948,0.0000,0.043500,0
605,1046.75,17,0.050442,0.0000,0.043500,0
606,1046.42,17,0.046555,0.0000,0.044800,0
607,1046.08,17,0.054850,0.0000,0.045500,0
608,1045.75,17,0.123684,0.0000,0.044700,0
609,1045.42,17,0.124408,0.0000,0.044900,0
610,1045.08,17,0.113344,0.0000,0.045800,0
611,1044.75,17,0.105029,0.0000,0.045500,0
612,1044.08,17,0.089705,0.0000,0.047200,0
613,1043.75,17,0.076208,0.0000,0.043400,0
614,1043.42,17,0.060015,0.0000,0.047600,0
615,1043.08,17,0.044255,0.0000,0.044500,0
616,1042.42,17,0.023732,0.0000,0.048100,0
617,1042.08,17,0.141554,0.0000,0.045300,0
618,1041.75,17,0.150941,0.0000,0.046000,0
619,1041.08,17,0.128318,0.0000,0.042000,0
620,1040.75,17,0.114074,0.0000,0.042900,0
621,1040.08,17,0.082464,0.0000,0.048000,0
622,1039.42,17,0.066275,0.0000,0.043500,0
623,1039.08,17,0.039156,0.0000,0.044800,0
624,1038.42,17,0.016235,0.0000,0.045600,0
625,1038.08,17,0.008611,0.0000,0.047400,0
626,1037.42,17,0.016008,0.0000,0.042600,0
627,1037.08,17,0.034830,0.0000,0.046200,0
628,1036.42,17,0.014762,0.0000,0.042400,0
629,1036.17,17,0.026811,0.0000,0.045100,0
630,1036.08,17,0.016559,0.0000,0.043100,0
631,1035.42,17,0.000279,0.0000,0.043100,0
632,1035.08,17,0.017404,0.0000,0.043500,0
633,1034.42,17,0.017581,0.0000,0.045800,0
634,1034.08,17,0.026818,0.0000,0.045000,0
635,1033.75,17,0.058511,0.0000,0.042700,0
636,1033.42,17,0.120904,0.0000,0.045600,0
637,1033.08,17,0.120856,0.0000,0.047300,0
638,1032.42,17,0.012497,0.0000,0.049900,0
639,1032.08,17,0.056133,0.0000,0.046000,0
640,1031.75,17,0.081998,0.0000,0.043100,0
641,1031.08,17,0.074962,0.0000,0.047300,0
642,1030.75,17,0.108925,0.0000,0.043500,0
643,1030.42,17,0.101825,0.0000,0.044600,0
644,1030.08,17,0.111921,0.0000,0.047900,0
645,1029.75,17,0.139811,0.0000,0.042000,0
646,1029.17,17,0.115783,0.0000,0.043800,0
647,1029.08,17,0.085280,0.0000,0.046300,0
648,1028.42,17,0.041413,0.0000,0.044200,0
649,1027.75,17,0.044195,0.0000,0.044300,0
650,1027.42,17,0.007499,0.0000,0.046700,0
651,1027.08,17,0.036370,0.0000,0.045000,0
652,1026.42,17,0.024970,0.0000,0.048200,0
653,1026.08,17,0.033685,0.0000,0.046000,0
654,1025.75,17,0.034774,0.0000,0.044800,0
655,1025.42,3,0.054334,0.0000,0.027500,0
656,1025.08,17,0.036630,0.0000,0.047100,0
657,1024.50,17,0.025129,0.0000,0.046200,0
658,1024.42,17,0.020437,0.0000,0.046800,0
659,1024.08,3,0.058799,0.0000,0.027000,0
660,1023.42,3,0.103821,0.0000,0.028700,0
661,1023.18,3,0.126757,0.0000,0.027100,0
662,1023.08,3,0.188555,0.0000,0.032500,0
663,1022.17,3,0.240604,0.0000,0.029500,0
664,1022.08,3,0.245893,0.0000,0.028400,0
665,1021.83,3,0.252368,0.0000,0.027600,0
666,1021.42,3,0.274112,0.0000,0.028700,0
667,1021.08,3,0.273952,0.0000,0.027400,0
668,1020.75,3,0.275493,0.0000,0.031300,0
669,1020.42,3,0.284005,0.0000,0.029200,0
670,1020.08,3,0.269376,0.0000,0.026300,0
671,1019.75,3,0.273789,0.0000,0.027300,0
672,1019.42,3,0.281754,0.0000,0.026700,0
673,1019.08,3,0.248556,0.0000,0.030700,0
674,1018.42,3,0.266616,0.0000,0.027300,0
675,1018.08,3,0.251905,0.0000,0.027800,0
676,1017.42,3,0.277326,0.0000,0.027500,0
677,1017.08,3,0.265945,0.0000,0.024600,0
678,1016.42,3,0.279102,0.0000,0.030300,0
679,1016.08,3,0.275261,0.0000,0.027400,0
680,1015.75,3,0.278604,0.0000,0.026400,0
681,1015.08,3,0.283808,0.0000,0.028700,0
682,1014.42,3,0.302204,0.0000,0.028700,0
683,1014.08,3,0.302905,0.0000,0.030200,0
684,1013.42,3,0.305521,0.0000,0.028700,0
685,1013.08,3,0.304133,0.0000,0.028200,0
686,1012.42,3,0.297957,0.0000,0.028700,0
687,1012.08,3,0.277137,0.0000,0.031700,0
688,1011.42,3,0.297026,0.0000,0.029500,0
689,1011.08,3,0.307268,0.0000,0.028700,0
690,1010.75,3,0.299441,0.0000,0.027700,0
691,1010.42,3,0.283911,0.0000,0.028600,0
692,1010.08,3,0.282469,0.0000,0.025900,0
693,1009.42,3,0.279146,0.0000,0.028400,0
694,1009.08,3,0.260251,0.0000,0.028500,0
695,1008.42,3,0.211078,0.0000,0.027000,0
696,1008.17,3,0.189137,0.0000,0.027200,0
697,1008.08,3,0.198376,0.0000,0.026600,0
698,1007.42,3,0.195713,0.0000,0.027500,0
699,1007.08,3,0.181832,0.0000,0.027000,0
700,1006.42,3,0.196158,0.0000,0.027000,0
701,1006.08,3,0.203082,0.0000,0.028900,0
702,1005.75,3,0.173867,0.0000,0.028200,0
703,1005.33,3,0.188012,0.0000,0.027000,0
704,1005.08,3,0.207683,0.0000,0.028400,0
705,1004.42,3,0.234525,0.0000,0.030000,0
706,1004.08,3,0.252656,0.0000,0.030600,0
707,1003.42,3,0.257160,0.0000,0.024200,0
708,1003.08,3,0.269103,0.0000,0.028300,0
709,1002.75,3,0.271606,0.0000,0.026500,0
710,1002.08,3,0.286420,0.0000,0.025600,0
711,1001.75,3,0.290448,0.0000,0.028700,0
712,1001.17,3,0.303464,0.0000,0.029300,0
713,1001.08,3,0.309013,0.0000,0.026400,0
714,1000.42,3,0.308267,0.0000,0.029400,0
715,1000.08,3,0.321612,0.0000,0.029700,0
716,999.42,3,0.313396,0.0000,0.025700,0
717,999.08,3,0.315977,0.0000,0.027400,0
718,998.75,3,0.315972,0.0000,0.026000,0
719,998.08,3,0.319294,0.0000,0.027600,0
720,997.42,3,0.302346,0.0000,0.031200,0
721,997.08,3,0.313920,0.0000,0.027000,0
722,996.75,3,0.304847,0.0000,0.030100,0
723,996.42,3,0.279602,0.0000,0.027400,0
724,996.08,3,0.274241,0.0000,0.028200,0
725,995.75,3,0.232610,0.0000,0.029400,0
726,995.42,3,0.239096,0.0000,0.028600,0
727,995.08,3,0.235210,0.0000,0.028100,0
728,994.42,3,0.219088,0.0000,0.028200,0
729,994.17,3,0.225104,0.0000,0.029200,0
730,994.08,3,0.224391,0.0000,0.028300,0
731,993.42,3,0.259616,0.0000,0.028700,0
732,993.08,3,0.247378,0.0000,0.028000,0
733,992.75,3,0.235607,0.0000,0.026800,0
734,992.42,3,0.254074,0.0000,0.033000,0
735,992.17,3,0.261997,0.0000,0.030600,0
736,991.42,3,0.283385,0.0000,0.026400,0
737,991.08,3,0.247757,0.0000,0.030000,0
738,990.42,3,0.239748,0.0000,0.027400,0
739,990.08,3,0.174413,0.0000,0.027600,0
740,989.42,3,0.174849,0.0000,0.027800,0
741,989.08,3,0.152691,0.2000,0.026800,0
742,988.42,3,0.164530,0.0000,0.027600,0
743,988.08,3,0.168544,0.0000,0.032200,0
744,987.58,3,0.199860,0.0000,0.028300,0
745,987.42,3,0.214261,0.0000,0.029000,0
746,987.08,3,0.211856,0.0000,0.026500,0
747,986.42,3,0.187275,0.0000,0.028800,0
748,986.08,3,0.199263,0.0000,0.027200,0
749,985.75,3,0.182740,0.0000,0.026400,0
750,985.42,3,0.151503,0.0000,0.029500,0
751,985.08,3,0.150913,0.0000,0.027200,0
752,984.42,3,0.115958,0.0000,0.023900,0
753,984.08,3,0.109172,0.0000,0.029800,0
754,983.42,3,0.084388,0.0000,0.027900,0
755,983.08,3,0.062632,0.0000,0.029000,0
756,982.42,17,0.048822,0.0000,0.045200,0
757,982.08,3,0.055789,0.0000,0.026300,0
758,981.42,17,0.046891,0.0000,0.044600,0
759,981.08,17,0.035646,0.0000,0.042800,0
760,980.42,17,0.031384,0.0000,0.046600,0
761,980.08,17,0.046818,0.0000,0.044700,0
762,979.75,3,0.099189,0.0000,0.026400,0
763,979.42,3,0.078295,0.0000,0.027400,0
764,979.08,3,0.101508,0.0000,0.030800,0
765,978.75,3,0.134159,0.0000,0.027700,0
766,978.42,3,0.124693,0.0000,0.031300,0
767,978.08,3,0.152618,0.0000,0.028000,0
768,977.75,3,0.174718,0.0000,0.026300,0
769,977.42,3,0.198392,0.0000,0.028400,0
770,977.08,3,0.199424,0.0000,0.027700,0
771,976.42,3,0.196959,0.0000,0.027400,0
772,976.08,3,0.208070,0.0000,0.027700,0
773,975.78,3,0.212165,0.0000,0.027300,0
774,975.58,3,0.199304,0.0000,0.028600,0
775,974.79,3,0.218326,0.0000,0.027600,0
776,974.65,3,0.233648,0.0000,0.027700,0
777,973.79,3,0.238788,0.0000,0.027600,0
778,973.73,3,0.228715,0.0000,0.029300,0
779,973.39,3,0.228923,0.0000,0.025300,0
780,972.73,3,0.230035,0.0000,0.027100,0
781,971.87,3,0.213959,0.0000,0.025900,0
782,971.80,3,0.208941,0.0000,0.028900,0
783,971.07,3,0.189875,0.0000,0.027700,0
784,970.74,3,0.176376,0.0000,0.026600,0
785,970.07,3,0.136967,0.0000,0.027000,0
786,969.54,3,0.116630,0.0000,0.029600,0
787,969.28,3,0.068432,0.0000,0.029100,0
788,969.01,3,0.060184,0.0000,0.028000,0
789,968.75,17,0.039782,0.0000,0.044300,0
790,968.28,3,0.055797,0.0000,0.027100,0
791,967.82,17,0.004600,0.0000,0.044400,0
792,967.09,17,0.111502,0.0000,0.044700,0
793,966.89,17,0.116069,0.0000,0.045400,0
794,966.82,17,0.109663,0.0000,0.045500,0
795,966.09,17,0.131125,0.0000,0.045600,0
796,965.83,17,0.144098,0.0000,0.045800,0
797,964.83,17,0.143197,0.0000,0.042700,0
798,964.10,9,0.183308,0.0000,0.095900,0
799,963.63,9,0.187964,0.0000,0.092700,0
800,963.17,9,0.199372,0.0000,0.091500,0
801,963.10,9,0.196775,0.0000,0.098600,0
802,962.84,9,0.212316,0.0000,0.093400,0
803,962.11,9,0.212187,0.0000,0.091200,0
804,961.64,9,0.187367,0.0000,0.095800,0
805,961.11,9,0.175713,0.0000,0.094200,0
806,960.91,17,0.163558,0.0000,0.045400,0
807,959.98,17,0.130078,0.0000,0.045000,0
808,959.98,17,0.130327,0.0000,0.044800,0
809,958.99,17,0.125605,0.0000,0.045400,0
810,958.72,17,0.099200,0.0000,0.043800,0
811,958.13,17,0.119314,0.0000,0.043300,0
812,957.99,17,0.124370,0.0000,0.044600,0
813,957.20,17,0.113401,0.0000,0.042600,0
814,957.13,17,0.088161,0.0000,0.047900,0
815,956.47,17,0.082192,0.0000,0.048100,0
816,956.20,17,0.080012,0.0000,0.044600,0
817,955.74,17,0.076243,0.0000,0.051700,0
818,955.20,17,0.075160,0.0000,0.047000,0
819,954.47,17,0.073575,0.0000,0.044300,0
820,954.21,17,0.075409,0.0000,0.045500,0
821,953.54,17,0.079425,0.0000,0.043900,0
822,953.15,3,0.244473,0.0000,0.028000,0
823,952.55,3,0.209859,0.0000,0.030200,0
824,952.08,3,0.208850,0.0000,0.025200,0
825,952.08,3,0.206541,0.0000,0.028000,0
826,951.16,3,0.199240,0.0000,0.029800,0
827,950.56,3,0.202210,0.0000,0.028400,0
828,950.16,3,0.204768,0.0000,0.030500,0
829,949.56,3,0.208121,0.0000,0.027100,0
830,949.16,3,0.210613,0.0000,0.025600,0
831,948.43,3,0.214235,0.0000,0.028500,0
832,948.17,3,0.218476,0.0000,0.028800,0
833,947.90,3,0.221035,0.0000,0.028200,0
834,947.30,3,0.221159,0.0000,0.030100,0
835,946.44,3,0.220813,0.0000,0.026700,0
836,946.11,3,0.215540,0.0000,0.028900,0
837,945.58,3,0.212062,0.0000,0.027000,0
838,945.31,3,0.209259,0.0000,0.027000,0
839,944.52,3,0.211323,0.0000,0.026400,0
840,944.38,3,0.219518,0.0000,0.027900,0
841,943.65,3,0.222594,0.0000,0.029600,0
842,943.26,3,0.198949,0.0000,0.027000,0
843,940.00,3,0.181306,0.0000,0.029300,0
844,939.27,3,0.174858,0.0000,0.026400,0
845,938.74,3,0.184374,0.0000,0.027700,0
846,937.41,3,0.190086,0.0000,0.026600,0
847,937.35,3,0.195518,0.0000,0.028900,0
848,936.29,3,0.176805,0.0000,0.025700,0
849,935.42,3,0.168006,0.0000,0.026700,0
850,935.22,3,0.149965,0.0000,0.026400,0
851,934.49,3,0.152349,0.0000,0.025000,0
852,934.29,3,0.151406,0.0000,0.029200,0
853,934.29,3,0.151845,0.0000,0.032000,0
854,933.50,3,0.162013,0.0000,0.027100,0
855,933.10,3,0.162641,0.0000,0.028600,0
856,932.50,3,0.155625,0.0000,0.026700,0
857,932.10,3,0.151042,0.0000,0.029000,0
858,932.04,3,0.146957,0.0000,0.029200,0
859,931.57,3,0.143019,0.0000,0.027300,0
860,931.11,3,0.156891,0.0000,0.027900,0
861,930.84,3,0.171085,0.0000,0.031000,0
862,930.71,3,0.180946,0.0000,0.028700,0
863,930.44,3,0.178163,0.0000,0.031900,0
864,930.05,3,0.186052,0.0000,0.025400,0
865,929.18,3,0.182679,0.0000,0.026400,0
866,928.65,3,0.163306,0.0000,0.027300,0
867,928.39,3,0.164701,0.0000,0.029100,0
868,927.85,3,0.166988,0.0000,0.030000,0
869,927.46,3,0.169091,0.0000,0.024200,0
870,927.19,3,0.170952,0.0000,0.027100,0
871,926.53,3,0.175264,0.0000,0.027700,0
872,926.20,3,0.179708,0.0000,0.029000,0
873,925.53,3,0.174933,0.0000,0.029600,0
874,925.20,3,0.165745,0.0000,0.028100,0
875,924.54,3,0.151290,0.0000,0.027400,0
876,924.47,3,0.145150,0.0000,0.029400,0
877,923.87,3,0.140821,0.0000,0.026500,0
878,923.54,3,0.134249,0.0000,0.029400,0
879,923.27,3,0.157979,0.0000,0.028200,0
880,922.54,3,0.152707,0.0000,0.029500,0
881,921.55,3,0.145454,0.0000,0.028800,0
882,921.48,3,0.136292,0.0000,0.029300,0
883,921.28,3,0.128022,0.0000,0.026200,0
884,920.55,3,0.067554,0.0000,0.030700,0
885,920.49,3,0.055117,0.0000,0.026200,0
886,919.56,17,0.048511,0.0000,0.042900,0
887,919.29,17,0.089812,0.0000,0.044100,0
888,919.29,17,0.137360,0.0000,0.046200,0
889,918.83,17,0.125581,0.0000,0.046500,0
890,918.76,17,0.118931,0.0000,0.043900,0
891,918.69,17,0.123005,0.0000,0.046600,0
892,917.83,17,0.121661,0.0000,0.049900,0
893,917.83,17,0.123406,0.0000,0.043100,0
894,917.57,17,0.122655,0.0000,0.044100,0
895,917.37,17,0.122135,0.0000,0.045000,0
896,916.44,17,0.107925,0.0000,0.048000,0
897,916.17,17,0.106936,0.0000,0.043500,0
898,915.91,17,0.105079,0.0000,0.046800,0
899,915.37,17,0.118525,0.0000,0.045200,0
900,915.37,17,0.132455,0.0000,0.050900,0
901,914.78,17,0.126246,0.0000,0.045700,0
902,914.71,17,0.098695,0.0000,0.047100,0
903,914.18,17,0.068790,0.0000,0.047000,0
904,914.18,17,0.057726,0.0000,0.046700,0
905,913.85,17,0.048108,0.0000,0.047700,0
906,913.72,17,0.039263,0.0000,0.045800,0
907,912.85,17,0.003199,0.0000,0.041600,0
908,912.85,17,0.018087,0.0000,0.045200,0
909,912.32,17,0.011109,0.0000,0.047800,0
910,911.72,17,0.023586,0.0000,0.044800,0
911,911.66,17,0.036923,0.0000,0.046800,0
912,910.93,17,0.040960,0.0000,0.045300,0
913,910.79,17,0.045701,0.0000,0.051200,0
914,910.66,3,0.085042,0.0000,0.029200,0
915,909.87,3,0.183549,0.0000,0.028100,0
916,909.80,3,0.166601,0.0000,0.028300,0
917,909.67,3,0.199849,0.0000,0.028500,0
918,909.47,3,0.081903,0.0000,0.027900,0
919,908.87,3,0.076513,0.0000,0.029800,0
920,908.80,3,0.068231,0.0000,0.028000,0
921,908.47,3,0.071167,0.0000,0.029600,0
922,907.94,3,0.070454,0.0000,0.028700,0
923,907.48,3,0.063443,0.0000,0.030900,0
924,907.48,17,0.044623,0.0000,0.045300,0
925,906.75,17,0.027268,0.0000,0.044100,0
926,905.88,17,0.026153,0.0000,0.043200,0
927,905.75,17,0.042091,0.0000,0.043000,0
928,904.82,3,0.070302,0.0000,0.027300,0
929,904.75,3,0.092369,0.0000,0.027000,0
930,904.09,3,0.115134,0.0000,0.026800,0
931,903.56,3,0.135614,0.0000,0.027500,0
932,903.56,3,0.148540,0.0000,0.028500,0
933,903.29,3,0.156709,0.0000,0.031100,0
934,902.96,3,0.159083,0.0000,0.027100,0
935,902.56,3,0.157883,0.0000,0.030300,0
936,901.90,3,0.151502,0.0000,0.027700,0
937,901.57,3,0.143985,0.0000,0.024000,0
938,901.17,3,0.128290,0.0000,0.028100,0
939,900.57,3,0.092712,0.0000,0.028000,0
940,900.57,17,0.031768,0.0000,0.043100,0
941,900.17,17,0.048917,0.0000,0.044100,0
942,899.91,17,0.078402,0.0000,0.045000,0
943,899.84,17,0.086405,0.0000,0.046000,0
944,898.85,17,0.105072,0.0000,0.042900,0
945,898.85,17,0.119292,0.0000,0.045300,0
946,897.65,17,0.114819,0.0000,0.046100,0
947,897.65,17,0.112537,0.0000,0.046000,0
948,896.12,17,0.141354,0.0000,0.046500,0
949,895.99,17,0.113967,0.0000,0.043600,0
950,895.66,17,0.080752,0.0000,0.043300,0
951,895.13,17,0.049180,0.0000,0.043300,0
952,894.66,17,0.019419,0.0000,0.045500,0
953,894.66,17,0.008328,0.0000,0.045600,0
954,894.13,17,0.041131,0.0000,0.047400,0
955,894.00,3,0.063867,0.0000,0.027200,0
956,893.14,3,0.100237,0.0000,0.026600,0
957,892.74,3,0.132176,0.0000,0.028600,0
958,892.14,3,0.142091,0.0000,0.025200,0
959,892.01,3,0.143884,0.0000,0.027400,0
960,891.48,3,0.144225,0.0000,0.025800,0
961,891.34,3,0.140638,0.0000,0.026600,0
962,890.95,3,0.124105,0.0000,0.028200,0
963,890.48,3,0.101909,0.0000,0.028300,0
964,890.08,3,0.070579,0.0000,0.031600,0
965,889.75,17,0.032138,0.0000,0.047500,0
966,889.75,17,0.001886,0.0000,0.047200,0
967,889.22,17,0.011518,0.0000,0.047400,0
968,889.09,17,0.011109,0.0000,0.041700,0
969,888.22,17,0.000129,0.0000,0.047000,0
970,888.09,17,0.012719,0.0000,0.043000,0
971,887.49,17,0.033789,0.0000,0.046600,0
972,887.16,17,0.045350,0.0000,0.048300,0
973,886.83,17,0.083217,0.0000,0.043200,0
974,886.50,17,0.089448,0.0000,0.042700,0
975,886.50,17,0.092230,0.0000,0.043800,0
976,886.17,17,0.083706,0.0000,0.045700,0
977,886.10,17,0.076353,0.0000,0.046500,0
978,885.50,17,0.040797,0.0000,0.044800,0
979,884.84,17,0.017906,0.0000,0.041700,0
980,884.84,17,0.054529,0.0000,0.046600,0
981,884.11,3,0.119488,0.0000,0.030200,0
982,883.58,3,0.154482,0.0000,0.027200,0
983,883.58,3,0.174602,0.0000,0.028900,0
984,883.11,3,0.182899,0.0000,0.026600,0
985,882.58,3,0.184062,0.0000,0.026800,0
986,882.32,3,0.189430,0.0000,0.026700,0
987,882.12,3,0.195442,0.0000,0.026600,0
988,881.45,3,0.199151,0.0000,0.029200,0
989,881.32,3,0.204465,0.0000,0.030500,0
990,880.92,3,0.207425,0.0000,0.026900,0
991,880.46,3,0.205846,0.0000,0.030800,0
992,880.32,3,0.204578,0.0000,0.029600,0
993,879.40,3,0.191987,0.0000,0.026600,0
994,879.33,3,0.180367,0.0000,0.024700,0
995,878.47,3,0.151425,0.0000,0.030300,0
996,878.40,3,0.094345,0.0000,0.027300,0
997,878.33,3,0.067941,0.0000,0.026600,0
998,877.40,17,0.051071,0.0000,0.044200,0
999,877.34,17,0.050461,0.0000,0.043800,0
1000,877.34,17,0.051447,0.0000,0.046900,0
1001,876.41,17,0.023815,0.0000,0.049200,0
1002,875.88,17,0.010442,0.0000,0.046600,0
1003,875.41,17,0.005749,0.0000,0.045800,0
1004,874.48,17,0.001443,0.0000,0.044700,0
1005,874.42,17,0.009665,0.0000,0.043600,0
1006,874.22,17,0.024094,0.0000,0.045100,0
1007,873.49,17,0.036248,0.0000,0.044200,0
1008,873.29,17,0.047964,0.0000,0.044400,0
1009,873.29,3,0.059112,0.0000,0.029900,0
1010,872.43,3,0.073609,0.0000,0.027500,0
1011,872.36,3,0.079637,0.0000,0.028800,0
1012,871.89,3,0.082124,0.0000,0.026500,0
1013,871.56,3,0.080056,0.0000,0.029400,0
1014,870.50,3,0.075092,0.2000,0.028300,0
1015,870.50,3,0.069416,0.0000,0.024500,0
1016,869.50,3,0.058863,0.0000,0.029900,0
1017,868.84,17,0.047350,0.0000,0.042300,0
1018,868.51,17,0.047225,0.0000,0.046100,0
1019,867.51,3,0.055538,0.0000,0.029200,0
1020,867.51,3,0.069484,0.0000,0.026600,0
1021,867.11,3,0.083111,0.0000,0.028300,0
1022,866.52,3,0.098148,0.0000,0.029700,0
1023,866.12,3,0.105030,0.0000,0.027600,0
1024,865.85,3,0.098381,0.0000,0.028600,0
1025,865.52,3,0.104509,0.0000,0.028000,0
1026,865.12,3,0.109730,0.0000,0.026800,0
1027,864.59,3,0.116690,0.0000,0.028900,0
1028,864.46,3,0.105989,0.0000,0.027800,0
1029,864.13,3,0.101538,0.0000,0.029100,0
1030,863.93,3,0.093149,0.0000,0.028700,0
1031,863.60,3,0.178731,0.0000,0.028800,0
1032,863.46,9,0.304685,0.0000,0.095600,0
1033,863.46,5,0.535152,0.0000,0.162700,0
1034,862.60,11,1.116443,0.0000,0.227600,0
1035,862.40,11,1.050603,0.2000,0.226800,0
1036,861.87,11,1.179925,0.0000,0.229400,0
1037,861.47,11,1.241839,0.0000,0.231800,0
1038,861.47,11,1.209556,0.0000,0.234300,0
1039,861.21,11,1.388870,0.2000,0.227200,0
1040,861.21,11,1.200094,0.0000,0.230600,0
1041,860.88,11,1.404745,0.0000,0.222600,0
1042,860.61,11,1.395454,0.0000,0.233900,0
1043,860.21,11,1.408216,0.0000,0.226100,0
1044,859.62,11,1.431533,0.2000,0.230500,0
1045,859.55,11,1.418465,0.0000,0.228800,0
1046,858.69,11,1.370018,0.2000,0.226200,0
1047,857.82,11,1.375260,0.0000,0.229500,0
1048,857.69,11,1.363462,0.0000,0.230100,0
1049,857.63,11,1.301653,0.0000,0.225400,0
1050,857.63,11,1.240458,0.0000,0.226000,0
1051,856.96,11,1.194203,0.2000,0.223500,0
1052,856.56,11,1.148533,0.0000,0.228000,0
1053,856.56,11,1.173462,0.0000,0.224300,0
1054,856.03,11,1.158029,0.0000,0.230100,0
1055,855.90,11,1.115235,0.0000,0.224200,0
1056,855.70,11,1.055957,0.0000,0.226800,0
1057,855.70,11,0.986266,0.0000,0.236900,0
1058,855.30,5,0.880306,0.0000,0.161400,0
1059,855.30,5,0.752956,0.0000,0.157600,0
1060,854.51,5,0.662033,0.0000,0.161200,0
1061,854.44,5,0.580824,0.0000,0.162200,0
1062,854.24,9,0.419515,0.2000,0.092300,0
1063,854.04,9,0.227080,0.0000,0.092600,0
1064,853.84,9,0.186233,0.0000,0.089500,0
1065,853.64,17,0.171576,0.0000,0.047500,0
1066,853.25,17,0.139397,0.0000,0.047500,0
1067,853.25,17,0.167306,0.0000,0.045200,0
1068,852.78,17,0.065100,0.0000,0.045800,0
1069,852.65,17,0.006175,0.0000,0.042600,0
1070,852.65,17,0.031289,0.0000,0.048000,0
1071,852.05,17,0.051691,0.0000,0.045900,0
1072,851.79,3,0.081149,0.0000,0.027400,0
1073,851.32,3,0.070805,0.0000,0.030300,0
1074,851.32,17,0.053236,0.0000,0.044000,0
1075,850.79,3,0.070241,0.0000,0.029200,0
1076,850.79,3,0.094271,0.0000,0.027700,0
1077,850.26,3,0.203338,0.0000,0.029900,0
1078,850.26,3,0.129475,0.0000,0.028400,0
1079,849.80,3,0.187096,0.0000,0.026000,0
1080,849.80,3,0.154905,0.0000,0.028700,0
1081,849.20,3,0.146408,0.0000,0.028500,0
1082,849.07,3,0.149460,0.0000,0.027900,0
1083,848.80,3,0.128514,0.0000,0.026100,0
1084,848.07,3,0.136923,0.0000,0.028400,0
1085,847.87,3,0.129635,0.0000,0.028700,0
1086,847.74,3,0.118058,0.0000,0.030100,0
1087,847.14,3,0.093956,0.0000,0.027700,0
1088,846.81,3,0.127250,0.0000,0.028800,0
1089,846.81,3,0.112410,0.0000,0.029300,0
1090,846.15,3,0.106094,0.0000,0.029400,0
1091,845.88,3,0.099737,0.0000,0.027400,0
1092,845.15,17,0.009624,0.0000,0.041600,0
1093,845.15,3,0.066369,0.0000,0.025500,0
1094,844.75,17,0.009654,0.0000,0.048700,0
1095,844.09,17,0.034102,0.0000,0.043200,0
1096,843.82,17,0.033926,0.0000,0.043200,0
1097,843.76,17,0.132798,0.0000,0.048100,0
1098,843.16,3,0.083587,0.0000,0.028900,0
1099,842.50,3,0.060261,0.0000,0.028600,0
1100,842.50,3,0.055336,0.0000,0.028300,0
1101,841.50,17,0.041545,0.0000,0.045100,0
1102,840.51,3,0.056488,0.0000,0.026800,0
1103,840.51,3,0.079373,0.0000,0.029100,0
1104,840.44,17,0.035789,0.0000,0.046200,0
1105,839.51,17,0.024498,0.0000,0.050000,0
1106,839.25,17,0.011099,0.0000,0.044300,0
1107,838.52,17,0.051616,0.0000,0.042200,0
1108,838.25,17,0.159154,0.0000,0.044500,0
1109,837.85,17,0.134997,0.0000,0.044200,0
1110,837.85,17,0.103543,0.0000,0.042300,0
1111,837.26,17,0.107313,0.0000,0.044700,0
1112,836.46,17,0.111822,0.0000,0.046000,0
1113,836.20,17,0.074778,0.0000,0.049900,0
1114,836.20,17,0.096703,0.0000,0.046100,0
1115,835.60,17,0.059669,0.0000,0.045800,0
1116,835.20,17,0.039739,0.0000,0.045200,0
1117,834.93,17,0.025124,0.0000,0.044600,0
1118,834.60,17,0.012922,0.0000,0.044900,0
1119,833.61,17,0.004394,0.0000,0.043900,0
1120,833.61,17,0.012117,0.0000,0.047000,0
1121,833.14,17,0.010844,0.0000,0.044100,0
1122,832.61,17,0.009861,0.0000,0.044600,0
1123,832.35,17,0.009046,0.0000,0.043600,0
1124,832.08,17,0.012443,0.0000,0.044500,0
1125,831.55,17,0.028897,0.0000,0.049000,0
1126,831.22,17,0.048889,0.0000,0.047200,0
1127,831.09,3,0.072355,0.0000,0.027600,0
1128,830.95,3,0.091591,0.0000,0.032300,0
1129,830.36,3,0.109009,0.0000,0.029000,0
1130,830.36,3,0.132594,0.0000,0.028700,0
1131,829.56,3,0.141272,0.0000,0.026500,0
1132,829.29,3,0.144133,0.0000,0.025200,0
1133,829.03,3,0.145353,0.0000,0.028200,0
1134,828.70,3,0.213977,0.0000,0.028600,0
1135,828.30,3,0.218776,0.0000,0.028400,0
1136,828.30,3,0.223965,0.0000,0.026000,0
1137,827.70,3,0.214334,0.0000,0.026900,0
1138,827.17,3,0.207403,0.0000,0.028000,0
1139,827.17,3,0.215304,0.0000,0.029200,0
1140,826.57,3,0.196054,0.0000,0.027800,0
1141,826.31,3,0.190718,0.0000,0.025800,0
1142,825.45,3,0.190605,0.0000,0.025100,0
1143,825.18,3,0.187974,0.0000,0.025500,0
1144,825.18,3,0.194334,0.0000,0.026800,0
1145,824.45,3,0.178413,0.0000,0.028800,0
1146,824.19,3,0.164401,0.0000,0.027200,0
1147,823.46,3,0.142483,0.0000,0.025200,0
1148,823.46,3,0.110715,0.0000,0.025800,0
1149,823.19,17,0.055479,0.0000,0.044400,0
1150,822.46,17,0.037034,0.0000,0.044600,0
1151,822.20,17,0.123796,0.0000,0.046700,0
1152,822.13,17,0.172128,0.0000,0.047500,0
1153,821.47,9,0.254013,0.0000,0.094400,0
1154,821.20,9,0.298007,0.0000,0.098400,0
1155,820.54,9,0.328937,0.0000,0.093800,0
1156,820.47,9,0.340329,0.0000,0.093000,0
1157,820.27,9,0.302993,0.0000,0.093300,0
1158,819.81,9,0.256571,0.0000,0.094600,0
1159,819.54,3,0.134683,0.0000,0.028100,0
1160,819.28,3,0.147182,0.0000,0.027400,0
1161,818.22,3,0.197533,0.0000,0.027000,0
1162,818.22,3,0.214450,0.0000,0.028000,0
1163,817.55,3,0.220587,0.0000,0.029500,0
1164,817.15,3,0.131599,0.0000,0.027600,0
1165,817.15,3,0.145105,0.0000,0.025000,0
1166,816.42,3,0.111463,0.0000,0.029100,0
1167,815.89,3,0.100978,0.0000,0.027800,0
1168,815.63,3,0.092997,0.0000,0.028700,0
1169,815.30,3,0.089182,0.0000,0.030300,0
1170,814.83,3,0.096887,0.0000,0.029100,0
1171,814.57,3,0.103557,0.0000,0.029600,0
1172,814.30,3,0.115772,0.0000,0.027600,0
1173,813.64,3,0.132324,0.0000,0.030700,0
1174,813.37,3,0.148446,0.0000,0.029300,0
1175,812.44,3,0.150122,0.0000,0.028000,0
1176,812.38,3,0.140161,0.0000,0.029400,0
1177,812.38,3,0.138883,0.0000,0.031100,0
1178,811.51,3,0.129649,0.0000,0.027200,0
1179,811.38,3,0.128365,0.0000,0.029200,0
1180,810.98,3,0.128162,0.0000,0.028200,0
1181,810.52,3,0.117374,0.0000,0.027700,0
1182,810.25,3,0.112651,0.0000,0.026800,0
1183,809.66,3,0.107138,0.0000,0.030000,0
1184,809.66,3,0.107016,0.0000,0.025300,0
1185,809.26,3,0.106411,0.0000,0.030500,0
1186,808.46,3,0.085119,0.0000,0.025800,0
1187,808.33,3,0.078323,0.0000,0.025600,0
1188,808.33,3,0.090630,0.0000,0.026600,0
1189,807.47,3,0.092397,0.0000,0.029000,0
1190,807.33,3,0.098403,0.0000,0.027500,0
1191,806.87,3,0.095242,0.0000,0.030900,0
1192,806.74,3,0.088635,0.0000,0.028500,0
1193,806.47,17,0.043328,0.0000,0.046800,0
1194,806.34,17,0.029941,0.0000,0.042300,0
1195,805.94,17,0.056991,0.0000,0.043600,0
1196,805.48,17,0.070374,0.0000,0.044200,0
1197,804.28,17,0.051312,0.0000,0.044400,0
1198,804.08,17,0.026748,0.0000,0.043500,0
1199,803.55,17,0.027341,0.0000,0.045600,0
1200,803.49,17,0.027421,0.0000,0.043300,0
1201,803.09,17,0.028414,0.0000,0.043600,0
1202,802.56,17,0.023187,0.0000,0.047200,0
1203,802.42,17,0.014206,0.0000,0.044700,0
1204,802.42,17,0.017237,0.0000,0.044700,0
1205,801.83,17,0.006139,0.0000,0.042600,0
1206,801.10,17,0.017210,0.0000,0.043400,0
1207,801.03,17,0.023303,0.0000,0.045300,0
1208,800.57,17,0.000997,0.0000,0.042300,0
1209,800.10,17,0.007020,0.0000,0.047200,0
1210,799.84,17,0.013928,0.0000,0.044400,0
1211,799.70,17,0.012757,0.0000,0.043800,0
1212,799.64,17,0.008638,0.0000,0.042700,0
1213,798.84,17,0.007439,0.0000,0.047700,0
1214,798.58,17,0.004865,0.0000,0.046700,0
1215,798.44,17,0.004809,0.0000,0.044700,0
1216,797.51,17,0.004094,0.0000,0.044900,0
1217,797.18,17,0.039777,0.0000,0.047700,0
1218,797.18,17,0.021597,0.0000,0.045300,0
1219,796.45,17,0.049980,0.0000,0.046800,0
1220,795.86,17,0.057509,0.0000,0.047800,0
1221,795.72,17,0.060134,0.0000,0.046000,0
1222,794.93,17,0.065214,0.0000,0.044100,0
1223,794.20,3,0.103195,0.0000,0.026600,0
1224,794.20,3,0.132869,0.0000,0.029800,0
1225,793.93,3,0.127364,0.0000,0.026800,0
1226,793.67,3,0.133418,0.0000,0.027200,0
1227,792.87,3,0.129842,0.0000,0.028800,0
1228,792.80,3,0.119932,0.0000,0.027100,0
1229,792.61,3,0.122094,0.0000,0.029700,0
1230,791.94,3,0.126218,0.0000,0.028000,0
1231,791.61,3,0.122796,0.0000,0.027500,0
1232,790.95,3,0.126746,0.0000,0.029100,0
1233,790.55,3,0.132059,0.0000,0.027700,0
1234,790.28,3,0.139052,0.0000,0.027700,0
1235,789.88,3,0.156319,0.0000,0.026600,0
1236,789.62,3,0.161413,0.0000,0.026200,0
1237,789.29,3,0.165381,0.0000,0.027200,0
1238,788.96,3,0.166198,0.0000,0.031100,0
1239,788.76,3,0.158391,0.0000,0.028300,0
1240,788.29,3,0.137925,0.0000,0.028800,0
1241,787.63,3,0.145242,0.0000,0.028700,0
1242,786.77,3,0.152720,0.0000,0.025200,0
1243,785.64,3,0.165101,0.0000,0.030000,0
1244,785.64,3,0.170431,0.0000,0.028500,0
1245,784.64,3,0.141825,0.0000,0.024800,0
1246,784.64,3,0.092010,0.0000,0.030600,0
1247,784.05,3,0.059301,0.0000,0.029100,0
1248,783.65,17,0.022951,0.0000,0.045000,0
1249,783.38,17,0.005841,0.0000,0.044200,0
1250,783.38,17,0.004347,0.0000,0.043600,0
1251,782.72,17,0.009450,0.0000,0.044700,0
1252,782.72,17,0.014648,0.0000,0.045800,0
1253,782.39,17,0.015538,0.0000,0.043400,0
1254,782.39,17,0.021130,0.0000,0.044400,0
1255,781.72,17,0.015546,0.0000,0.049100,0
1256,781.19,17,0.006342,0.0000,0.043700,0
1257,781.13,17,0.009034,0.0000,0.043400,0
1258,780.86,17,0.026310,0.0000,0.044600,0
1259,780.73,17,0.041547,0.0000,0.046900,0
1260,779.80,3,0.058659,0.0000,0.028500,0
1261,779.73,3,0.079439,0.0000,0.027300,0
1262,779.14,3,0.092683,0.0000,0.028800,0
1263,778.47,3,0.114083,0.0000,0.028200,0
1264,778.47,3,0.119406,0.0000,0.026500,0
1265,778.14,3,0.118155,0.0000,0.027300,0
1266,777.48,3,0.125308,0.0000,0.027200,0
1267,777.21,3,0.128561,0.0000,0.026500,0
1268,777.15,3,0.126060,0.0000,0.027200,0
1269,776.81,3,0.116674,0.0000,0.029600,0
1270,776.48,3,0.101333,0.0000,0.024700,0
1271,775.95,3,0.083996,0.0000,0.028000,0
1272,775.49,17,0.052487,0.0000,0.043900,0
1273,775.16,17,0.010839,0.0000,0.047500,0
1274,774.82,17,0.059539,0.0000,0.043200,0
1275,774.49,17,0.056953,0.0000,0.047100,0
1276,774.23,17,0.024458,0.0000,0.049800,0
1277,774.09,3,0.065503,0.0000,0.028900,0
1278,773.43,3,0.110958,0.0000,0.028100,0
1279,773.17,3,0.132049,0.0000,0.027300,0
1280,772.83,3,0.120303,0.0000,0.027800,0
1281,772.57,3,0.140255,0.0000,0.029000,0
1282,772.17,3,0.145589,0.0000,0.031000,0
1283,771.31,3,0.164366,0.0000,0.028900,0
1284,771.18,3,0.163491,0.0000,0.028500,0
1285,770.51,3,0.141373,0.0000,0.030700,0
1286,770.18,3,0.129011,0.0000,0.029700,0
1287,769.45,3,0.119948,0.0000,0.027300,0
1288,769.38,3,0.113869,0.0000,0.026700,0
1289,769.05,3,0.100316,0.0000,0.026100,0
1290,768.45,3,0.092531,0.0000,0.027800,0
1291,768.26,3,0.088544,0.0000,0.025900,0
1292,768.12,3,0.090140,0.0000,0.030300,0
1293,767.46,3,0.091263,0.0000,0.027400,0
1294,767.13,3,0.093491,0.0000,0.029400,0
1295,767.06,3,0.086695,0.0000,0.029300,0
1296,766.46,3,0.086247,0.0000,0.026600,0
1297,766.27,3,0.088174,0.0000,0.023300,0
1298,765.54,3,0.101513,0.0000,0.028300,0
1299,765.14,3,0.115323,0.0000,0.029200,0
1300,764.61,3,0.131812,0.0000,0.026100,0
1301,764.27,3,0.135591,0.0000,0.028800,0
1302,764.27,3,0.131855,0.0000,0.026600,0
1303,763.48,3,0.142379,0.0000,0.026400,0
1304,763.15,3,0.149844,0.0000,0.027000,0
1305,763.08,3,0.087987,0.0000,0.026600,0
1306,762.42,17,0.031319,0.0000,0.046400,0
1307,762.15,17,0.039149,0.0000,0.046200,0
1308,761.49,3,0.072497,0.0000,0.027400,0
1309,761.16,3,0.124636,0.0000,0.027100,0
1310,761.02,17,0.030245,0.0000,0.044600,0
1311,760.43,17,0.024292,0.0000,0.043100,0
1312,760.16,17,0.038694,0.0000,0.042600,0
1313,760.16,17,0.004131,0.0000,0.047300,0
1314,759.63,17,0.076944,0.0000,0.042400,0
1315,759.17,17,0.077015,0.0000,0.044800,0
1316,758.24,17,0.105126,0.0000,0.047100,0
1317,758.10,17,0.113529,0.0000,0.042600,0
1318,757.77,17,0.152814,0.0000,0.047600,0
1319,757.57,9,0.183602,0.0000,0.094600,0
1320,757.31,17,0.099070,0.0000,0.046400,0
1321,756.45,17,0.029185,0.0000,0.040800,0
1322,756.25,3,0.119272,0.0000,0.032600,0
1323,755.52,3,0.173126,0.0000,0.025600,0
1324,755.25,3,0.185136,0.0000,0.028300,0
1325,754.52,3,0.171155,0.0000,0.027900,0
1326,754.12,3,0.133235,0.0000,0.029200,0
1327,753.53,3,0.107124,0.0000,0.031000,0
1328,753.13,3,0.091787,0.0000,0.026300,0
1329,752.20,17,0.045995,0.0000,0.046800,0
1330,751.80,17,0.007886,0.0000,0.046800,0
1331,751.60,17,0.002670,0.0000,0.045600,0
1332,751.27,17,0.015162,0.0000,0.046900,0
1333,750.47,3,0.060477,0.0000,0.030200,0
1334,750.28,3,0.089472,0.0000,0.029400,0
1335,749.41,3,0.091361,0.0000,0.026300,0
1336,749.35,3,0.090143,0.0000,0.026800,0
1337,749.35,3,0.089504,0.0000,0.025200,0
1338,748.62,3,0.089046,0.0000,0.029300,0
1339,748.35,3,0.093814,0.0000,0.026700,0
1340,748.35,3,0.097616,0.0000,0.029300,0
1341,747.42,3,0.098020,0.0000,0.030900,0
1342,747.36,3,0.099767,0.0000,0.025200,0
1343,746.83,3,0.099351,0.0000,0.028000,0
1344,746.43,3,0.107961,0.0000,0.028400,0
1345,746.43,3,0.113937,0.0000,0.025900,0
1346,746.36,3,0.117029,0.0000,0.027600,0
1347,745.37,3,0.124765,0.0000,0.028100,0
1348,745.37,3,0.120272,0.0000,0.030100,0
1349,744.50,3,0.133086,0.0000,0.026900,0
1350,743.91,3,0.133971,0.0000,0.027400,0
1351,743.57,3,0.139994,0.0000,0.028600,0
1352,742.78,3,0.144172,0.0000,0.032900,0
1353,742.45,3,0.150547,0.0000,0.024900,0
1354,741.58,3,0.143622,0.0000,0.030900,0
1355,741.45,3,0.141021,0.0000,0.024800,0
1356,741.32,3,0.137797,0.0000,0.027600,0
1357,740.52,3,0.140093,0.0000,0.029600,0
1358,740.52,3,0.145608,0.0000,0.026200,0
1359,740.46,3,0.158151,0.0000,0.029600,0
1360,739.46,3,0.151049,0.0000,0.028800,0
1361,739.39,3,0.151982,0.0000,0.028500,0
1362,739.39,3,0.150468,0.0000,0.028500,0
1363,738.47,3,0.149269,0.0000,0.027000,0
1364,738.40,3,0.140060,0.0000,0.027700,0
1365,737.94,3,0.135396,0.0000,0.027900,0
1366,737.54,3,0.134561,0.0000,0.029300,0
1367,736.48,3,0.124282,0.0000,0.027400,0
1368,736.48,3,0.117647,0.0000,0.029600,0
1369,736.08,3,0.140384,0.0000,0.028700,0
1370,735.55,3,0.150942,0.0000,0.026000,0
1371,734.55,3,0.165628,0.0000,0.030500,0
1372,734.55,3,0.178493,0.0000,0.027100,0
1373,734.15,3,0.196469,0.0000,0.027600,0
1374,733.42,3,0.206428,0.0000,0.028100,0
1375,733.22,3,0.208882,0.0000,0.028700,0
1376,733.16,3,0.207412,0.0000,0.028100,0
1377,732.56,3,0.203166,0.0000,0.029100,0
1378,732.16,3,0.199072,0.0000,0.026200,0
1379,731.90,3,0.168613,0.0000,0.028000,0
1380,731.57,3,0.138129,0.0000,0.028200,0
1381,731.17,3,0.104472,0.0000,0.030700,0
1382,730.64,3,0.086702,0.0000,0.028300,0
1383,730.64,3,0.076450,0.0000,0.028000,0
1384,730.11,3,0.087154,0.0000,0.028600,0
1385,729.51,3,0.099841,0.0000,0.029300,0
1386,728.51,3,0.111108,0.0000,0.028500,0
1387,728.05,3,0.127387,0.0000,0.029100,0
1388,727.65,3,0.142209,0.0000,0.030500,0
1389,727.25,3,0.153315,0.0000,0.028200,0
1390,726.99,3,0.173695,0.0000,0.027600,0
1391,726.59,3,0.193151,0.0000,0.025200,0
1392,726.26,3,0.203602,0.0000,0.027000,0
1393,725.93,3,0.185619,0.0000,0.028200,0
1394,725.59,3,0.149226,0.0000,0.024700,0
1395,725.26,3,0.115293,0.0000,0.028500,0
1396,724.67,3,0.076267,0.0000,0.029000,0
1397,724.67,3,0.055002,0.0000,0.029700,0
1398,724.27,17,0.026876,0.0000,0.043800,0
1399,723.60,17,0.028113,0.0000,0.043900,0
1400,723.54,17,0.072055,0.0000,0.045300,0
1401,723.27,17,0.108222,0.0000,0.044800,0
1402,722.54,9,0.202857,0.0000,0.099900,0
1403,722.54,17,0.149605,0.0000,0.046200,0
1404,721.75,9,0.211644,0.0000,0.097800,0
1405,721.75,9,0.204025,0.0000,0.088000,0
1406,721.35,9,0.181083,0.0000,0.091200,0
1407,720.62,17,0.162768,0.0000,0.046300,0
1408,719.56,17,0.148673,0.0000,0.044900,0
1409,719.09,17,0.162219,0.0000,0.044200,0
1410,718.69,9,0.188937,0.0000,0.088500,0
1411,718.69,9,0.210938,0.0000,0.094200,0
1412,717.70,9,0.239840,0.0000,0.092900,0
1413,717.37,9,0.265356,0.0000,0.097200,0
1414,716.70,9,0.280536,0.0000,0.089800,0
1415,716.11,9,0.291807,0.0000,0.099000,0
1416,715.64,9,0.299217,0.0000,0.096900,0
1417,715.11,9,0.288951,0.0000,0.093300,0
1418,714.85,9,0.277161,0.0000,0.100300,0
1419,714.65,9,0.307069,0.0000,0.094000,0
1420,714.45,9,0.292214,0.0000,0.098700,0
1421,713.65,9,0.271746,0.0000,0.094600,0
1422,713.19,9,0.247173,0.0000,0.092000,0
1423,713.19,9,0.217945,0.0000,0.095300,0
1424,712.66,9,0.197147,0.0000,0.100000,0
1425,712.46,9,0.179302,0.0000,0.090200,0
1426,711.79,17,0.170031,0.0000,0.046100,0
1427,711.46,17,0.156372,0.0000,0.045100,0
1428,711.20,17,0.143895,0.0000,0.042600,0
1429,710.80,17,0.143329,0.0000,0.041600,0
1430,710.20,17,0.134583,0.0000,0.045900,0
1431,710.20,17,0.122452,0.0000,0.040300,0
1432,709.94,17,0.131897,0.0000,0.045500,0
1433,709.80,17,0.099286,0.0000,0.046700,0
1434,708.81,17,0.134804,0.0000,0.046800,0
1435,708.54,17,0.126498,0.0000,0.044800,0
1436,708.08,17,0.108786,0.0000,0.046400,0
1437,707.75,17,0.093573,0.0000,0.041300,0
1438,707.55,17,0.074466,0.0000,0.041500,0
1439,707.15,17,0.058030,0.0000,0.045800,0
1440,706.82,17,0.053772,0.0000,0.045400,0
1441,706.55,17,0.016971,0.0000,0.043900,0
1442,706.22,17,0.011587,0.0000,0.044000,0
1443,706.09,17,0.047654,0.0000,0.048800,0
1444,705.56,3,0.087147,0.0000,0.028700,0
1445,705.09,3,0.110255,0.2000,0.027000,0
1446,704.56,3,0.120989,0.0000,0.026800,0
1447,704.10,3,0.132212,0.0000,0.024300,0
1448,703.90,3,0.142662,0.0000,0.025200,0
1449,703.57,3,0.127413,0.0000,0.027000,0
1450,703.10,3,0.139534,0.0000,0.027900,0
1451,702.90,3,0.133200,0.0000,0.025000,0
1452,702.17,3,0.140073,0.0000,0.026000,0
1453,701.11,3,0.132614,0.0000,0.030300,0
1454,701.11,3,0.141468,0.0000,0.029400,0
1455,700.65,3,0.161938,0.0000,0.030200,0
1456,700.65,3,0.149507,0.0000,0.029200,0
1457,699.65,3,0.179339,0.0000,0.029800,0
1458,699.12,3,0.183407,0.0000,0.028300,0
1459,699.12,3,0.175319,0.0000,0.030000,0
1460,698.66,3,0.181082,0.0000,0.028800,0
1461,698.13,3,0.190675,0.0000,0.025100,0
1462,697.93,3,0.193491,0.0000,0.026200,0
1463,697.66,3,0.196947,0.0000,0.032400,0
1464,697.26,3,0.199701,0.0000,0.026300,0
1465,697.13,3,0.213431,0.0000,0.027400,0
1466,697.00,3,0.214846,0.0000,0.028400,0
1467,696.40,3,0.214058,0.0000,0.028700,0
1468,696.14,3,0.210941,0.0000,0.028700,0
1469,696.00,3,0.205142,0.0000,0.028200,0
1470,695.27,3,0.159216,0.0000,0.029200,0
1471,695.27,3,0.147732,0.0000,0.028500,0
1472,695.01,3,0.151937,0.0000,0.029500,0
1473,694.21,3,0.152615,0.0000,0.025400,0
1474,694.08,3,0.160731,0.0000,0.028100,0
1475,694.08,3,0.159695,0.0000,0.027100,0
1476,692.49,3,0.147010,0.0000,0.027900,0
1477,691.69,3,0.119835,0.0000,0.027800,0
1478,691.23,3,0.091012,0.0000,0.028000,0
1479,691.09,17,0.040411,0.0000,0.045800,0
1480,690.50,17,0.034475,0.0000,0.046200,0
1481,690.23,17,0.101062,0.0000,0.046000,0
1482,689.50,17,0.069254,0.0000,0.045300,0
1483,689.24,17,0.060308,0.0000,0.046000,0
1484,688.64,17,0.004271,0.0000,0.046300,0
1485,688.51,17,0.054914,0.0000,0.045600,0
1486,688.24,3,0.111857,0.0000,0.031200,0
1487,687.45,3,0.152379,0.0000,0.025900,0
1488,687.25,3,0.172441,0.0000,0.028200,0
1489,687.25,3,0.182462,0.0000,0.025500,0
1490,686.58,3,0.188450,0.0000,0.028600,0
1491,686.25,3,0.185506,0.0000,0.025200,0
1492,686.18,3,0.179801,0.0000,0.026300,0
1493,685.52,3,0.166193,0.0000,0.024500,0
1494,685.32,3,0.162888,0.0000,0.029200,0
1495,685.32,3,0.164925,0.0000,0.027800,0
1496,684.86,3,0.159588,0.0000,0.031600,0
1497,684.19,3,0.149857,0.0000,0.029300,0
1498,683.46,3,0.193128,0.0000,0.027100,0
1499,683.46,3,0.163086,0.0000,0.028400,0
1500,683.13,3,0.176835,0.0000,0.028500,0
1501,682.93,3,0.173682,0.0000,0.030100,0
1502,682.47,3,0.156249,0.0000,0.026800,0
1503,682.40,3,0.141430,0.0000,0.027200,0
1504,681.67,3,0.129470,0.0000,0.027700,0
1505,681.47,3,0.110680,0.0000,0.028000,0
1506,681.34,3,0.117046,0.0000,0.026700,0
1507,680.48,3,0.108365,0.0000,0.027000,0
1508,680.35,3,0.114454,0.0000,0.027900,0
1509,680.35,3,0.109034,0.0000,0.027400,0
1510,679.42,3,0.133596,0.0000,0.029100,0
1511,679.35,3,0.146791,0.0000,0.031300,0
1512,679.35,3,0.159372,0.0000,0.028800,0
1513,678.42,3,0.163028,0.0000,0.028200,0
1514,678.42,3,0.165720,0.0000,0.028100,0
1515,677.43,3,0.170974,0.0000,0.029500,0
1516,677.23,3,0.179434,0.0000,0.028100,0
1517,677.23,3,0.185047,0.0000,0.030300,0
1518,676.43,3,0.182338,0.0000,0.029700,0
1519,676.23,3,0.185515,0.0000,0.030200,0
1520,676.03,3,0.189497,0.0000,0.027700,0
1521,675.57,3,0.187107,0.0000,0.025500,0
1522,675.44,3,0.186437,0.0000,0.029700,0
1523,674.77,3,0.182465,0.0000,0.029700,0
1524,674.51,3,0.187529,0.0000,0.029300,0
1525,674.51,3,0.193794,0.0000,0.025800,0
1526,673.51,3,0.194237,0.0000,0.030400,0
1527,673.45,3,0.184014,0.0000,0.031900,0
1528,673.45,3,0.165663,0.0000,0.027600,0
1529,672.45,3,0.119469,0.0000,0.028400,0
1530,672.05,3,0.115810,0.0000,0.029900,0
1531,671.79,3,0.115985,0.0000,0.030000,0
1532,671.46,3,0.110806,0.0000,0.031000,0
1533,670.59,3,0.107036,0.0000,0.026500,0
1534,670.59,3,0.095924,0.0000,0.024700,0
1535,670.39,3,0.115318,0.0000,0.029400,0
1536,669.60,3,0.128411,0.0000,0.024500,0
1537,669.33,3,0.133364,0.0000,0.027600,0
1538,669.33,3,0.137552,0.0000,0.030400,0
1539,668.54,3,0.141494,0.0000,0.028100,0
1540,668.54,3,0.140984,0.0000,0.027900,0
1541,668.47,3,0.141796,0.0000,0.027400,0
1542,667.47,3,0.137462,0.0000,0.027800,0
1543,667.34,3,0.150924,0.0000,0.030200,0
1544,667.34,3,0.145059,0.0000,0.026600,0
1545,666.55,3,0.163305,0.0000,0.027700,0
1546,666.15,3,0.172220,0.0000,0.028600,0
1547,665.88,3,0.179310,0.0000,0.029100,0
1548,665.48,3,0.181602,0.0000,0.029100,0
1549,664.49,3,0.177683,0.0000,0.030300,0
1550,664.49,3,0.178547,0.0000,0.027600,0
1551,663.49,3,0.172934,0.0000,0.027600,0
1552,663.23,3,0.170351,0.0000,0.029700,0
1553,662.90,3,0.160549,0.0000,0.027600,0
1554,662.50,3,0.159474,0.0000,0.026500,0
1555,662.23,3,0.159061,0.0000,0.029100,0
1556,661.57,3,0.175081,0.0000,0.027000,0
1557,661.44,3,0.188151,0.0000,0.027300,0
1558,661.24,3,0.211300,0.0000,0.029500,0
1559,660.51,3,0.218462,0.0000,0.029500,0
1560,660.24,3,0.220946,0.0000,0.026400,0
1561,660.24,3,0.222810,0.0000,0.028600,0
1562,659.51,3,0.201903,0.0000,0.029400,0
1563,659.25,3,0.184601,0.0000,0.028000,0
1564,658.85,3,0.146687,0.0000,0.026900,0
1565,658.52,3,0.108411,0.0000,0.026900,0
1566,657.59,3,0.121089,0.0000,0.027400,0
1567,657.32,3,0.125914,0.0000,0.027600,0
1568,657.32,3,0.112609,0.0000,0.025100,0
1569,656.53,3,0.076373,0.0000,0.028000,0
1570,656.33,17,0.043868,0.0000,0.042100,0
1571,655.93,17,0.011944,0.0000,0.046000,0
1572,655.53,17,0.020151,0.0000,0.043400,0
1573,655.07,17,0.046895,0.0000,0.048200,0
1574,654.94,17,0.076636,0.0000,0.040800,0
1575,654.60,17,0.099154,0.0000,0.045800,0
1576,654.07,17,0.095916,0.0000,0.043600,0
1577,653.67,17,0.095751,0.0000,0.045900,0
1578,652.68,17,0.067776,0.0000,0.044900,0
1579,652.35,17,0.071772,0.0000,0.045500,0
1580,651.62,17,0.094838,0.0000,0.047700,0
1581,650.62,17,0.115610,0.0000,0.048200,0
1582,650.62,17,0.130698,0.0000,0.041100,0
1583,649.63,17,0.133778,0.0000,0.045400,0
1584,649.43,17,0.129242,0.0000,0.048000,0
1585,648.63,17,0.155301,0.0000,0.047000,0
1586,648.63,17,0.145715,0.0000,0.048000,0
1587,648.43,17,0.157316,0.0000,0.045300,0
1588,647.64,17,0.152779,0.0000,0.049700,0
1589,647.64,17,0.150736,0.0000,0.047000,0
1590,647.17,17,0.155756,0.0000,0.048600,0
1591,646.77,17,0.149870,0.0000,0.048800,0
1592,646.71,17,0.148228,0.0000,0.044300,0
1593,646.44,17,0.136989,0.0000,0.050400,0
1594,645.91,17,0.133196,0.0000,0.045200,0
1595,645.18,17,0.101325,0.0000,0.045400,0
1596,644.78,17,0.120758,0.0000,0.043800,0
1597,643.79,17,0.111367,0.0000,0.048300,0
1598,643.52,17,0.091063,0.0000,0.048000,0
1599,643.52,17,0.076419,0.0000,0.044600,0
1600,642.93,17,0.066175,0.0000,0.046400,0
1601,642.53,17,0.052633,0.0000,0.046000,0
1602,641.73,17,0.044101,0.0000,0.046400,0
1603,641.53,17,0.046814,0.0000,0.045600,0
1604,640.54,17,0.041119,0.0000,0.044300,0
1605,640.54,17,0.022171,0.0000,0.044300,0
1606,640.14,17,0.008518,0.0000,0.043400,0
1607,639.54,17,0.023095,0.0000,0.042900,0
1608,639.54,17,0.017067,0.0000,0.044600,0
1609,638.88,17,0.022829,0.0000,0.043000,0
1610,638.88,17,0.023229,0.0000,0.045500,0
1611,638.28,17,0.025637,0.0000,0.044100,0
1612,637.95,17,0.041239,0.0000,0.045200,0
1613,637.95,17,0.053932,0.0000,0.042900,0
1614,637.29,3,0.062658,0.0000,0.028800,0
1615,636.96,3,0.062387,0.0000,0.028600,0
1616,636.82,3,0.064138,0.0000,0.025200,0
1617,636.09,3,0.057160,0.0000,0.027000,0
1618,635.83,3,0.066671,0.0000,0.029300,0
1619,635.83,3,0.088517,0.0000,0.026600,0
1620,635.36,3,0.127289,0.0000,0.027100,0
1621,634.83,3,0.147373,0.0000,0.025100,0
1622,634.10,3,0.149144,0.0000,0.023600,0
1623,633.90,3,0.156764,0.0000,0.029600,0
1624,633.90,3,0.152483,0.0000,0.029800,0
1625,633.24,3,0.182726,0.0000,0.031000,0
1626,633.24,3,0.197020,0.0000,0.025200,0
1627,632.97,3,0.200190,0.0000,0.024100,0
1628,632.11,3,0.205215,0.0000,0.029100,0
1629,631.98,3,0.214750,0.0000,0.027100,0
1630,631.98,3,0.214488,0.0000,0.025200,0
1631,631.12,3,0.214261,0.0000,0.028000,0
1632,630.72,3,0.211558,0.2000,0.027600,0
1633,630.72,3,0.205936,0.0000,0.027400,0
1634,630.32,3,0.203794,0.0000,0.027600,0
1635,629.72,3,0.201636,0.0000,0.028200,0
1636,629.33,3,0.206470,0.0000,0.030700,0
1637,629.33,3,0.214066,0.0000,0.025600,0
1638,628.73,3,0.218812,0.0000,0.027200,0
1639,628.20,3,0.220717,0.0000,0.026500,0
1640,628.20,3,0.219321,0.0000,0.028300,0
1641,627.47,3,0.223584,0.0000,0.028100,0
1642,627.20,3,0.216338,0.0000,0.028500,0
1643,627.20,3,0.209480,0.0000,0.028300,0
1644,626.74,3,0.207809,0.0000,0.029700,0
1645,626.14,3,0.206880,0.0000,0.027300,0
1646,626.01,3,0.204439,0.0000,0.028800,0
1647,626.01,3,0.204546,0.0000,0.027600,0
1648,625.21,3,0.208387,0.0000,0.028400,0
1649,624.81,3,0.210310,0.0000,0.028800,0
1650,624.81,3,0.151076,0.0000,0.026900,0
1651,624.42,3,0.114674,0.0000,0.026500,0
1652,623.55,3,0.123399,0.0000,0.026700,0
1653,623.55,3,0.147691,0.0000,0.028000,0
1654,623.16,3,0.171447,0.0000,0.028300,0
1655,622.82,3,0.181760,0.0000,0.028200,0
1656,622.23,3,0.168476,0.0000,0.028500,0
1657,622.16,3,0.158177,0.0000,0.031400,0
1658,621.30,3,0.150960,0.0000,0.026800,0
1659,620.83,3,0.147072,0.0000,0.028800,0
1660,620.30,3,0.131094,0.0000,0.026100,0
1661,619.57,3,0.127538,0.0000,0.024000,0
1662,619.57,3,0.125517,0.0000,0.027200,0
1663,619.17,3,0.115186,0.0000,0.026500,0
1664,618.98,3,0.116148,0.0000,0.027300,0
1665,618.44,3,0.109874,0.0000,0.029900,0
1666,618.11,3,0.090308,0.0000,0.028000,0
1667,617.58,3,0.081870,0.0000,0.029300,0
1668,616.45,3,0.070149,0.0000,0.029200,0
1669,616.26,3,0.062432,0.0000,0.030200,0
1670,615.53,17,0.046868,0.0000,0.046800,0
1671,615.26,17,0.049715,0.0000,0.045100,0
1672,615.26,17,0.049189,0.0000,0.042200,0
1673,614.93,17,0.050834,0.0000,0.049700,0
1674,614.26,3,0.062991,0.0000,0.027700,0
1675,613.67,3,0.069119,0.0000,0.027300,0
1676,613.47,3,0.072106,0.0000,0.027400,0
1677,613.27,3,0.095611,0.0000,0.027800,0
1678,613.27,3,0.108718,0.0000,0.028100,0
1679,612.41,3,0.109772,0.0000,0.027100,0
1680,612.27,3,0.110359,0.0000,0.026700,0
1681,612.01,3,0.109140,0.0000,0.028700,0
1682,611.54,3,0.091131,0.0000,0.027000,0
1683,610.48,3,0.091834,0.0000,0.026600,0
1684,610.48,3,0.095584,0.0000,0.028100,0
1685,610.35,3,0.099511,0.0000,0.028200,0
1686,609.49,3,0.096759,0.0000,0.030700,0
1687,609.35,3,0.098798,0.0000,0.028000,0
1688,609.35,3,0.103378,0.0000,0.028800,0
1689,608.49,3,0.063229,0.0000,0.027100,0
1690,608.36,3,0.068545,0.0000,0.028300,0
1691,608.36,3,0.066018,0.0000,0.027900,0
1692,608.03,3,0.068827,0.0000,0.025200,0
1693,607.30,3,0.078648,0.0000,0.028400,0
1694,607.30,3,0.070307,0.0000,0.026000,0
1695,606.50,3,0.087280,0.0000,0.029100,0
1696,606.30,3,0.091570,0.0000,0.027400,0
1697,605.51,3,0.098207,0.0000,0.030600,0
1698,605.11,3,0.097482,0.0000,0.027600,0
1699,604.58,3,0.099282,0.0000,0.028100,0
1700,604.51,3,0.105987,0.0000,0.028000,0
1701,603.52,3,0.105478,0.0000,0.027000,0
1702,602.45,3,0.103631,0.0000,0.027000,0
1703,602.45,3,0.096533,0.0000,0.026200,0
1704,602.12,3,0.069103,0.0000,0.026800,0
1705,601.66,17,0.041993,0.0000,0.040000,0
1706,601.66,3,0.055105,0.0000,0.027800,0
1707,601.53,3,0.085834,0.0000,0.026700,0
1708,601.53,3,0.110858,0.0000,0.026000,0
1709,601.13,3,0.119581,0.0000,0.027600,0
1710,601.13,3,0.126433,0.0000,0.028900,0
1711,600.66,3,0.123131,0.0000,0.026900,0
1712,600.46,3,0.111873,0.0000,0.027600,0
1713,600.46,3,0.097898,0.0000,0.029400,0
1714,599.60,3,0.089304,0.0000,0.031200,0
1715,598.87,3,0.079634,0.0000,0.027900,0
1716,598.47,3,0.079332,0.0000,0.026200,0
1717,598.21,3,0.076916,0.0000,0.028300,0
1718,597.61,3,0.130098,0.0000,0.029100,0
1719,597.61,3,0.077362,0.0000,0.029600,0
1720,596.55,3,0.153734,0.0000,0.028600,0
1721,596.55,3,0.168519,0.0000,0.029000,0
1722,595.95,3,0.172824,0.0000,0.026000,0
1723,595.55,3,0.173369,0.0000,0.026900,0
1724,594.56,3,0.175853,0.0000,0.029000,0
1725,593.96,3,0.172413,0.0000,0.028700,0
1726,593.76,3,0.171021,0.0000,0.030500,0
1727,593.50,3,0.167968,0.0000,0.029000,0
1728,592.50,3,0.159899,0.0000,0.029800,0
1729,592.50,3,0.160560,0.0000,0.030300,0
1730,592.30,3,0.166655,0.0000,0.029300,0
1731,591.71,3,0.159054,0.0000,0.031300,0
1732,591.51,3,0.151419,0.0000,0.028700,0
1733,590.58,3,0.141456,0.0000,0.029000,0
1734,590.31,3,0.126405,0.0000,0.025700,0
1735,589.72,3,0.093523,0.0000,0.026800,0
1736,589.32,17,0.045554,0.0000,0.047400,0
1737,588.85,3,0.079813,0.0000,0.028800,0
1738,588.65,3,0.108964,0.0000,0.026800,0
1739,588.32,3,0.119995,0.0000,0.027200,0
1740,587.79,3,0.134368,0.0000,0.031000,0
1741,587.59,3,0.151598,0.0000,0.025200,0
1742,587.00,3,0.155763,0.0000,0.028800,0
1743,586.60,3,0.157847,0.0000,0.028800,0
1744,586.40,3,0.137752,0.0000,0.030300,0
1745,585.40,3,0.118512,0.0000,0.026800,0
1746,585.40,3,0.116398,0.0000,0.030800,0
1747,584.41,3,0.098210,0.0000,0.030000,0
1748,583.94,3,0.073451,0.0000,0.029500,0
1749,583.75,17,0.005845,0.0000,0.044600,0
1750,583.41,17,0.030376,0.0000,0.042500,0
1751,582.75,17,0.133839,0.0000,0.044700,0
1752,582.75,9,0.235778,0.0000,0.093900,0
1753,582.42,9,0.244743,0.0000,0.090900,0
1754,581.89,17,0.041761,0.0000,0.049400,0
1755,581.75,3,0.100907,0.0000,0.028400,0
1756,580.89,3,0.114682,0.0000,0.030700,0
1757,580.69,3,0.073847,0.0000,0.030100,0
1758,580.16,17,0.037010,0.0000,0.044400,0
1759,579.90,17,0.037618,0.0000,0.047800,0
1760,579.76,17,0.048317,0.0000,0.045100,0
1761,579.70,3,0.152266,0.0000,0.027400,0
1762,579.50,3,0.144512,0.0000,0.030300,0
1763,579.23,3,0.093303,0.0000,0.027700,0
1764,578.77,3,0.090804,0.0000,0.029000,0
1765,578.50,3,0.119219,0.0000,0.028400,0
1766,578.50,3,0.104459,0.0000,0.029000,0
1767,578.11,3,0.126649,0.0000,0.027500,0
1768,577.84,3,0.131504,0.0000,0.029500,0
1769,577.51,3,0.139000,0.0000,0.029500,0
1770,576.51,3,0.141783,0.0000,0.028900,0
1771,576.51,3,0.139661,0.0000,0.029500,0
1772,575.98,3,0.143510,0.0000,0.028500,0
1773,575.78,3,0.145359,0.0000,0.029200,0
1774,575.52,3,0.146924,0.0000,0.028800,0
1775,575.05,3,0.149033,0.0000,0.023900,0
1776,574.85,3,0.156656,0.0000,0.031200,0
1777,574.79,3,0.155881,0.0000,0.028000,0
1778,574.06,3,0.166114,0.0000,0.029800,0
1779,573.79,3,0.163455,0.0000,0.028400,0
1780,573.59,3,0.155355,0.0000,0.027900,0
1781,573.06,3,0.146562,0.0000,0.025600,0
1782,572.60,3,0.128038,0.0000,0.024300,0
1783,572.60,3,0.138117,0.0000,0.026200,0
1784,572.13,3,0.122853,0.0000,0.026600,0
1785,571.60,3,0.122669,0.0000,0.028600,0
1786,571.21,3,0.124402,0.0000,0.028700,0
1787,571.07,3,0.131383,0.0000,0.027700,0
1788,570.61,3,0.140526,0.0000,0.027400,0
1789,570.08,3,0.139803,0.0000,0.028800,0
1790,569.88,3,0.137713,0.0000,0.028000,0
1791,569.61,3,0.123508,0.0000,0.028000,0
1792,569.08,3,0.133098,0.0000,0.026200,0
1793,568.88,17,0.045272,0.0000,0.046500,0
1794,568.09,3,0.076162,0.0000,0.030600,0
1795,568.09,17,0.039068,0.0000,0.045200,0
1796,567.42,3,0.116088,0.0000,0.030100,0
1797,567.16,3,0.117188,0.0000,0.028600,0
1798,566.89,17,0.053726,0.0000,0.047700,0
1799,566.69,17,0.110984,0.0000,0.043500,0
1800,566.10,17,0.054272,0.0000,0.048100,0
1801,565.70,17,0.010641,0.0000,0.048300,0
1802,565.10,3,0.062597,0.0000,0.024000,0
1803,564.44,3,0.127979,0.0000,0.028200,0
1804,564.17,3,0.140626,0.0000,0.025800,0
1805,563.44,3,0.130873,0.0000,0.030100,0
1806,562.98,3,0.118786,0.0000,0.027300,0
1807,562.45,3,0.100309,0.0000,0.027800,0
1808,562.38,3,0.098604,0.0000,0.032700,0
1809,562.05,3,0.101347,0.0000,0.029000,0
1810,561.39,3,0.106861,0.0000,0.031000,0
1811,561.39,3,0.111661,0.0000,0.027000,0
1812,560.46,3,0.119640,0.0000,0.026300,0
1813,560.19,3,0.122395,0.0000,0.026400,0
1814,560.19,3,0.127615,0.0000,0.026500,0
1815,559.46,3,0.120767,0.0000,0.026000,0
1816,559.13,3,0.131699,0.0000,0.025000,0
1817,559.13,3,0.121664,0.0000,0.027400,0
1818,558.47,3,0.142045,0.0000,0.028600,0
1819,557.80,3,0.143412,0.0000,0.029400,0
1820,557.54,3,0.136717,0.0000,0.025900,0
1821,557.27,3,0.126116,0.0000,0.028100,0
1822,556.81,3,0.121645,0.0000,0.027200,0
1823,556.14,3,0.109745,0.0000,0.028400,0
1824,556.14,3,0.080018,0.0000,0.028000,0
1825,555.48,3,0.066157,0.0000,0.028000,0
1826,555.28,3,0.064526,0.0000,0.031500,0
1827,554.42,3,0.064856,0.0000,0.026100,0
1828,554.35,3,0.107318,0.0000,0.030200,0
1829,554.35,3,0.135050,0.0000,0.024900,0
1830,553.49,3,0.177051,0.0000,0.026600,0
1831,553.29,3,0.192109,0.0000,0.026100,0
1832,553.23,3,0.199455,0.0000,0.027900,0
1833,552.89,3,0.196561,0.0000,0.026300,0
1834,552.50,3,0.184373,0.0000,0.026300,0
1835,552.23,3,0.170959,0.0000,0.028500,0
1836,551.90,3,0.155771,0.0000,0.029600,0
1837,551.90,3,0.138258,0.0000,0.027200,0
1838,551.24,3,0.106246,0.0000,0.028700,0
1839,550.90,3,0.066226,0.0000,0.031500,0
1840,550.44,3,0.104484,0.0000,0.030000,0
1841,550.17,3,0.134445,0.0000,0.028800,0
1842,550.17,3,0.156880,0.0000,0.026500,0
1843,549.51,3,0.171768,0.0000,0.025700,0
1844,549.51,3,0.182345,0.0000,0.031500,0
1845,549.18,3,0.200241,0.0000,0.026900,0
1846,549.18,3,0.193545,0.0000,0.027900,0
1847,548.51,3,0.202299,0.0000,0.027800,0
1848,548.25,3,0.203054,0.0000,0.028100,0
1849,548.25,3,0.197307,0.0000,0.029300,0
1850,547.45,3,0.190836,0.0000,0.024900,0
1851,547.19,3,0.185210,0.0000,0.028500,0
1852,546.99,3,0.172601,0.0000,0.032100,0
1853,546.26,3,0.150709,0.0000,0.028100,0
1854,545.53,3,0.128786,0.0000,0.024800,0
1855,545.46,3,0.116300,0.0000,0.028500,0
1856,545.20,3,0.101368,0.0000,0.027500,0
1857,544.47,3,0.077603,0.0000,0.025000,0
1858,544.27,3,0.058641,0.0000,0.025800,0
1859,544.27,17,0.035292,0.0000,0.048100,0
1860,543.47,17,0.024934,0.0000,0.043100,0
1861,543.34,17,0.010907,0.0000,0.050200,0
1862,542.48,17,0.001480,0.0000,0.044400,0
1863,542.48,17,0.017257,0.0000,0.050900,0
1864,542.34,17,0.031452,0.0000,0.047000,0
1865,541.48,17,0.051320,0.0000,0.047400,0
1866,541.48,17,0.067720,0.0000,0.044300,0
1867,541.28,17,0.098422,0.0000,0.044900,0
1868,540.49,17,0.100016,0.0000,0.044800,0
1869,540.29,3,0.215315,0.0000,0.029500,0
1870,540.29,3,0.168396,0.0000,0.031600,0
1871,539.43,3,0.151060,0.0000,0.025400,0
1872,539.29,3,0.124675,0.0000,0.027100,0
1873,539.09,3,0.091434,0.0000,0.026200,0
1874,538.56,3,0.069919,0.0000,0.025500,0
1875,538.36,3,0.082502,0.0000,0.029800,0
1876,537.50,3,0.145470,0.0000,0.028100,0
1877,537.37,3,0.168736,0.0000,0.031000,0
1878,537.10,3,0.178391,0.0000,0.031000,0
1879,536.44,3,0.176304,0.0000,0.026000,0
1880,536.37,3,0.161279,0.0000,0.028700,0
1881,536.37,3,0.145951,0.0000,0.027300,0
1882,535.84,3,0.119217,0.0000,0.027200,0
1883,535.44,3,0.091546,0.0000,0.028900,0
1884,535.38,3,0.075471,0.0000,0.026800,0
1885,534.52,3,0.059602,0.0000,0.028100,0
1886,534.45,17,0.042044,0.0000,0.044800,0
1887,534.38,17,0.029820,0.0000,0.047400,0
1888,533.92,17,0.036266,0.0000,0.046300,0
1889,533.59,3,0.118068,0.0000,0.029100,0
1890,533.45,3,0.126534,0.0000,0.026400,0
1891,533.39,3,0.125111,0.0000,0.028200,0
1892,532.59,3,0.119979,0.0000,0.027900,0
1893,532.46,3,0.114121,0.0000,0.026300,0
1894,532.39,3,0.110645,0.0000,0.026200,0
1895,531.53,3,0.120624,0.0000,0.024800,0
1896,531.46,3,0.125982,0.0000,0.029600,0
1897,531.20,3,0.123134,0.0000,0.027000,0
1898,531.20,3,0.121601,0.0000,0.028200,0
1899,530.47,3,0.130075,0.0000,0.027400,0
1900,530.47,3,0.126388,0.0000,0.027100,0
1901,529.47,3,0.131818,0.0000,0.028800,0
1902,528.88,3,0.124990,0.0000,0.028500,0
1903,528.61,3,0.111342,0.0000,0.029000,0
1904,528.28,3,0.091752,0.0000,0.028400,0
1905,527.55,3,0.120923,0.0000,0.029800,0
1906,527.48,3,0.077800,0.0000,0.027700,0
1907,526.75,3,0.063670,0.0000,0.026900,0
1908,526.49,17,0.048769,0.0000,0.047600,0
1909,525.82,17,0.040381,0.0000,0.047000,0
1910,525.49,17,0.030544,0.0000,0.046000,0
1911,524.56,3,0.094359,0.0000,0.029000,0
1912,523.63,3,0.103141,0.0000,0.027100,0
1913,522.84,3,0.106050,0.0000,0.026100,0
1914,522.57,3,0.106392,0.0000,0.027300,0
1915,521.91,3,0.104498,0.0000,0.026600,0
1916,521.91,3,0.106244,0.0000,0.027500,0
1917,520.72,3,0.106120,0.0000,0.030100,0
1918,520.72,3,0.101646,0.0000,0.029600,0
1919,519.72,3,0.119264,0.0000,0.029100,0
1920,519.72,3,0.135581,0.0000,0.028500,0
1921,519.12,3,0.150645,0.0000,0.028800,0
1922,518.46,3,0.153814,0.0000,0.029500,0
1923,518.13,3,0.156211,0.0000,0.028500,0
1924,517.66,3,0.154585,0.0000,0.028900,0
1925,517.66,3,0.149218,0.0000,0.027800,0
1926,516.80,3,0.153869,0.0000,0.028800,0
1927,515.81,3,0.159758,0.0000,0.027300,0
1928,515.47,3,0.160095,0.0000,0.027300,0
1929,514.68,3,0.153893,0.0000,0.027400,0
1930,514.48,3,0.149330,0.0000,0.027800,0
1931,513.88,3,0.147143,0.0000,0.027500,0
1932,513.48,3,0.147743,0.0000,0.028900,0
1933,513.48,3,0.144867,0.0000,0.028800,0
1934,512.49,3,0.141025,0.0000,0.029000,0
1935,512.02,3,0.140377,0.0000,0.025400,0
1936,511.49,3,0.138949,0.0000,0.027700,0
1937,511.10,3,0.136430,0.0000,0.027000,0
1938,510.96,3,0.125728,0.0000,0.028700,0
1939,510.96,3,0.130176,0.0000,0.030400,0
1940,510.10,3,0.118353,0.0000,0.029400,0
1941,509.97,3,0.105223,0.0000,0.025400,0
1942,509.57,3,0.102495,0.0000,0.028800,0
1943,509.57,3,0.084974,0.0000,0.030000,0
1944,509.10,3,0.067125,0.0000,0.026400,0
1945,508.57,3,0.065742,0.0000,0.027300,0
1946,508.57,3,0.066227,0.0000,0.030100,0
1947,508.11,3,0.072577,0.0000,0.028300,0
1948,507.98,3,0.083864,0.0000,0.028200,0
1949,507.58,3,0.098602,0.0000,0.029400,0
1950,507.11,3,0.093053,0.0000,0.026500,0
1951,506.58,3,0.061905,0.0000,0.030100,0
1952,506.12,17,0.033926,0.0000,0.046000,0
1953,505.92,17,0.006453,0.0000,0.046600,0
1954,505.72,17,0.060284,0.2000,0.043100,0
1955,505.72,3,0.090671,0.0000,0.027300,0
1956,505.12,3,0.101354,0.0000,0.026100,0
1957,504.92,3,0.104381,0.0000,0.030400,0
1958,504.92,3,0.111100,0.0000,0.032400,0
1959,504.13,3,0.114478,0.0000,0.028000,0
1960,503.93,3,0.118238,0.0000,0.028900,0
1961,503.20,3,0.122582,0.0000,0.028600,0
1962,503.13,3,0.123274,0.0000,0.029200,0
1963,502.87,3,0.123773,0.0000,0.024900,0
1964,502.87,3,0.124526,0.0000,0.024400,0
1965,502.07,3,0.122506,0.0000,0.031600,0
1966,501.67,3,0.118475,0.0000,0.028200,0
1967,501.67,3,0.112517,0.0000,0.031100,0
1968,501.08,3,0.105682,0.0000,0.027000,0
1969,500.68,0,0.485860,0.0000,0.019400,0
1970,500.21,0,0.439306,0.0000,0.018400,0
1971,500.08,0,0.373737,0.0000,0.020600,0
1972,499.88,0,0.371591,0.0000,0.020100,0
1973,499.15,0,0.371803,0.0000,0.019200,0
1974,498.95,0,0.370675,0.0000,0.018000,0
1975,498.69,0,0.372211,0.0000,0.022200,0
1976,498.09,0,0.374082,0.0000,0.021200,0
1977,497.96,0,0.374520,0.0000,0.021500,0
1978,497.23,0,0.375357,0.0000,0.020400,0
1979,497.10,0,0.377404,0.0000,0.023300,0
1980,496.76,0,0.379266,0.0000,0.019700,0
1981,496.17,0,0.378833,0.0000,0.018300,0
1982,495.97,0,0.377924,0.0000,0.021200,0
1983,495.77,0,0.377328,0.0000,0.020600,0
1984,495.17,3,0.250756,0.0000,0.027300,0
1985,494.77,3,0.079308,0.0000,0.027600,0
1986,494.11,17,0.011193,0.0000,0.042200,0
1987,493.51,3,0.139515,0.0000,0.026600,0
1988,493.51,3,0.153983,0.0000,0.028100,0
1989,493.12,3,0.135341,0.0000,0.029700,0
1990,492.98,3,0.118430,0.0000,0.028700,0
1991,492.52,3,0.108992,0.0000,0.028900,0
1992,492.19,3,0.095384,0.0000,0.030400,0
1993,491.79,3,0.087599,0.0000,0.026600,0
1994,491.39,3,0.105902,0.0000,0.025300,0
1995,491.26,3,0.104779,0.0000,0.027700,0
1996,491.12,3,0.101194,0.0000,0.033900,0
1997,490.46,3,0.109288,0.0000,0.027500,0
1998,490.20,3,0.110019,0.0000,0.026400,0
1999,489.86,3,0.107761,0.0000,0.031800,0
2000,489.47,3,0.106228,0.0000,0.026000,0
2001,489.20,3,0.113410,0.0000,0.024900,0
2002,488.60,3,0.115158,0.0000,0.029200,0
2003,488.47,3,0.102388,0.0000,0.027100,0
2004,487.87,3,0.111255,0.0000,0.026200,0
2005,487.48,3,0.113087,0.0000,0.026600,0
2006,487.14,3,0.134389,0.0000,0.028000,0
2007,486.88,3,0.145242,0.0000,0.026900,0
2008,486.48,3,0.142493,0.0000,0.029600,0
2009,486.15,3,0.143612,0.0000,0.026100,0
2010,485.88,3,0.142438,0.0000,0.027600,0
2011,485.42,3,0.143889,0.0000,0.025800,0
2012,485.22,3,0.144566,0.0000,0.028600,0
2013,484.49,3,0.161283,0.0000,0.026200,0
2014,484.42,3,0.176515,0.0000,0.027500,0
2015,483.49,3,0.180455,0.0000,0.024400,0
2016,483.43,3,0.175653,0.0000,0.030000,0
2017,483.16,3,0.173968,0.0000,0.027400,0
2018,482.43,3,0.162780,0.0000,0.028800,0
2019,482.43,3,0.150390,0.0000,0.030900,0
2020,482.17,3,0.125219,0.0000,0.028400,0
2021,481.44,3,0.138403,0.0000,0.027400,0
2022,481.44,3,0.141129,0.0000,0.025200,0
2023,481.17,3,0.132280,0.0000,0.027000,0
2024,481.17,3,0.135508,0.0000,0.029000,0
2025,480.97,3,0.124006,0.0000,0.028300,0
2026,480.44,3,0.111554,0.0000,0.030500,0
2027,480.31,3,0.111039,0.0000,0.030400,0
2028,479.98,3,0.110988,0.0000,0.026600,0
2029,479.45,3,0.112267,0.0000,0.028200,0
2030,479.32,3,0.114810,0.0000,0.028100,0
2031,478.59,3,0.129713,0.0000,0.025800,0
2032,478.45,3,0.133433,0.0000,0.028600,0
2033,478.25,3,0.137631,0.0000,0.024900,0
2034,478.25,3,0.143532,0.0000,0.027800,0
2035,477.46,3,0.149942,0.0000,0.026600,0
2036,477.26,3,0.101484,0.0000,0.026600,0
2037,477.06,3,0.106273,0.0000,0.028000,0
2038,476.46,3,0.122921,0.0000,0.027400,0
2039,476.26,3,0.120894,0.0000,0.027200,0
2040,476.26,3,0.125029,0.0000,0.026200,0
2041,475.47,3,0.124853,0.0000,0.030800,0
2042,475.27,3,0.131975,0.0000,0.027300,0
2043,475.27,3,0.138610,0.0000,0.030300,0
2044,474.47,3,0.137626,0.0000,0.025300,0
2045,474.27,3,0.140055,0.0000,0.029600,0
2046,474.27,3,0.139860,0.0000,0.027800,0
2047,473.54,3,0.128488,0.0000,0.024200,0
2048,473.34,3,0.135518,0.0000,0.027400,0
2049,473.08,3,0.133263,0.0000,0.030100,0
2050,472.55,3,0.144391,0.0000,0.026500,0
2051,472.35,3,0.122346,0.0000,0.027800,0
2052,472.35,3,0.134168,0.0000,0.027200,0
2053,471.55,3,0.124932,0.0000,0.026500,0
2054,471.35,3,0.129406,0.0000,0.030100,0
2055,471.15,3,0.125849,0.0000,0.027400,0
2056,470.49,3,0.124289,0.0000,0.025800,0
2057,470.16,3,0.117522,0.0000,0.025500,0
2058,469.76,3,0.109638,0.0000,0.030000,0
2059,469.50,3,0.098825,0.0000,0.026800,0
2060,469.36,3,0.094524,0.0000,0.027400,0
2061,469.36,3,0.114867,0.0000,0.028900,0
2062,468.57,3,0.111683,0.0000,0.030300,0
2063,468.50,3,0.108105,0.0000,0.028700,0
2064,468.17,3,0.104015,0.0000,0.027700,0
2065,467.51,3,0.106173,0.0000,0.032600,0
2066,467.51,3,0.108562,0.0000,0.031600,0
2067,467.37,3,0.109729,0.0000,0.028300,0
2068,466.58,3,0.111764,0.0000,0.025900,0
2069,466.51,3,0.110806,0.0000,0.025500,0
2070,466.44,3,0.105292,0.0000,0.025800,0
2071,465.78,3,0.107023,0.0000,0.032500,0
2072,465.51,3,0.114676,0.0000,0.026600,0
2073,464.65,3,0.127266,0.0000,0.026600,0
2074,464.52,3,0.140930,0.0000,0.026900,0
2075,463.79,3,0.144861,0.0000,0.027300,0
2076,463.59,3,0.153272,0.0000,0.028800,0
2077,463.26,3,0.159442,0.0000,0.027100,0
2078,462.60,3,0.116350,0.0000,0.026100,0
2079,462.60,3,0.063724,0.0000,0.027300,0
2080,462.40,3,0.058571,0.0000,0.028100,0
2081,461.60,3,0.073816,0.0000,0.030800,0
2082,461.60,3,0.066294,0.0000,0.028800,0
2083,461.27,3,0.089031,0.0000,0.028400,0
2084,460.80,3,0.086109,0.0000,0.028700,0
2085,460.74,3,0.074071,0.0000,0.028400,0
2086,460.27,3,0.057942,0.0000,0.026400,0
2087,459.81,3,0.064089,0.0000,0.028100,0
2088,459.61,3,0.074304,0.0000,0.028900,0
2089,458.88,3,0.080810,0.0000,0.029600,0
2090,458.61,3,0.079552,0.0000,0.027700,0
2091,458.61,3,0.077302,0.0000,0.028500,0
2092,458.08,3,0.083196,0.0000,0.028700,0
2093,457.75,3,0.097886,0.0000,0.025900,0
2094,457.55,3,0.108646,0.0000,0.028800,0
2095,457.35,3,0.113878,0.0000,0.026200,0
2096,456.89,3,0.118242,0.0000,0.029200,0
2097,456.56,3,0.119398,0.0000,0.028500,0
2098,456.36,3,0.117904,0.0000,0.028400,0
2099,455.83,3,0.134772,0.0000,0.025700,0
2100,455.70,3,0.145816,0.0000,0.028300,0
2101,454.83,3,0.151384,0.0000,0.028200,0
2102,454.70,3,0.153965,0.0000,0.029500,0
2103,454.37,3,0.150747,0.0000,0.027600,0
2104,454.37,3,0.148101,0.0000,0.029100,0
2105,453.84,3,0.153842,0.0000,0.026400,0
2106,453.51,3,0.146078,0.0000,0.026200,0
2107,453.51,3,0.139214,0.0000,0.027500,0
2108,453.37,9,0.572525,0.0000,0.093100,0
2109,453.11,5,0.782934,0.0000,0.159300,0
2110,452.84,5,0.745282,0.0000,0.161400,0
2111,452.64,5,0.738501,0.0000,0.154400,0
2112,451.65,5,0.736890,0.0000,0.162400,0
2113,451.45,5,0.735714,0.0000,0.159700,0
2114,450.98,5,0.723850,0.0000,0.153400,0
2115,450.98,5,0.714291,0.4000,0.158900,0
2116,450.45,5,0.790359,0.0000,0.162100,0
2117,450.45,5,0.781693,0.0000,0.152800,0
2118,449.86,5,0.778030,0.0000,0.162000,0
2119,449.79,5,0.778858,0.0000,0.161700,0
2120,449.79,5,0.784245,0.0000,0.158800,0
2121,448.80,5,0.779032,0.0000,0.157800,0
2122,447.80,5,0.794714,0.0000,0.166200,0
2123,447.80,5,0.809424,0.0000,0.156700,0
2124,447.07,5,0.807721,0.0000,0.157400,0
2125,446.81,5,0.809806,0.0000,0.155500,0
2126,446.81,5,0.813116,0.0000,0.166800,0
2127,446.08,5,0.820264,0.0000,0.157300,0
2128,445.94,5,0.821602,0.0000,0.151400,0
2129,445.54,5,0.809216,0.0000,0.159000,0
2130,445.54,5,0.797765,0.0000,0.163700,0
2131,445.15,5,0.782368,0.0000,0.152700,0
2132,444.81,5,0.788066,0.0000,0.153100,0
2133,444.55,5,0.803106,0.0000,0.157700,0
2134,444.08,5,0.816947,0.0000,0.157400,0
2135,443.55,5,0.901272,0.0000,0.158700,0
2136,443.55,5,0.819493,0.0000,0.157000,0
2137,443.09,11,0.964874,0.0000,0.222700,0
2138,442.56,3,0.728339,0.0000,0.028800,0
2139,442.16,3,0.108702,0.0000,0.027600,0
2140,442.16,3,0.090426,0.0000,0.030000,0
2141,441.90,3,0.074255,0.0000,0.028100,0
2142,441.56,3,0.076372,0.0000,0.028500,0
2143,441.10,3,0.072599,0.0000,0.029800,0
2144,441.10,3,0.070812,0.0000,0.028500,0
2145,440.57,3,0.084421,0.0000,0.023600,0
2146,440.57,3,0.081134,0.0000,0.030000,0
2147,440.10,3,0.089380,0.0000,0.026100,0
2148,439.84,3,0.087828,0.0000,0.029100,0
2149,439.84,3,0.114945,0.0000,0.028300,0
2150,439.11,3,0.146268,0.0000,0.028000,0
2151,438.64,3,0.176264,0.0000,0.026300,0
2152,438.64,3,0.174340,0.0000,0.027300,0
2153,438.11,3,0.173618,0.0000,0.027900,0
2154,438.11,3,0.166024,0.0000,0.029200,0
2155,437.65,3,0.119405,0.0000,0.026700,0
2156,437.12,3,0.101868,0.0000,0.026200,0
2157,436.85,3,0.076754,0.0000,0.029700,0
2158,436.65,3,0.071920,0.0000,0.026900,0
2159,436.12,3,0.100427,0.0000,0.030200,0
2160,435.99,3,0.139971,0.0000,0.031500,0
2161,435.66,3,0.138901,0.0000,0.026100,0
2162,435.19,3,0.148189,0.0000,0.026600,0
2163,435.13,3,0.158606,0.0000,0.031700,0
2164,434.66,3,0.160374,0.0000,0.028800,0
2165,434.66,3,0.162749,0.0000,0.028300,0
2166,434.13,3,0.169275,0.0000,0.026300,0
2167,434.13,3,0.177251,0.0000,0.027400,0
2168,433.93,3,0.179623,0.0000,0.029400,0
2169,433.14,3,0.177031,0.0000,0.028100,0
2170,432.74,3,0.180763,0.0000,0.027500,0
2171,432.21,3,0.172900,0.0000,0.029500,0
2172,432.14,3,0.163338,0.0000,0.027500,0
2173,431.74,3,0.159810,0.0000,0.032100,0
2174,431.15,3,0.151324,0.0000,0.027900,0
2175,431.15,3,0.136493,0.0000,0.025600,0
2176,430.75,3,0.133471,0.0000,0.027500,0
2177,430.75,3,0.127029,0.0000,0.029100,0
2178,430.15,3,0.119576,0.0000,0.030500,0
2179,429.49,17,0.045570,0.0000,0.043800,0
2180,429.49,17,0.048789,0.0000,0.040100,0
2181,429.22,17,0.106845,0.0000,0.044500,0
2182,429.09,9,0.191744,0.0000,0.094200,0
2183,428.49,9,0.223446,0.0000,0.095000,0
2184,428.49,9,0.262117,0.0000,0.097000,0
2185,428.23,9,0.241324,0.0000,0.091500,0
2186,428.10,9,0.251555,0.0000,0.098800,0
2187,427.50,9,0.261253,0.0000,0.093500,0
2188,427.23,9,0.272439,0.0000,0.094000,0
2189,427.10,9,0.269842,0.0000,0.096700,0
2190,426.50,9,0.265915,0.0000,0.091300,0
2191,426.50,9,0.254923,0.0000,0.091400,0
2192,426.17,9,0.253982,0.0000,0.097400,0
2193,425.84,9,0.255283,0.0000,0.095100,0
2194,425.44,9,0.247626,0.0000,0.095100,0
2195,425.18,9,0.250729,0.0000,0.091500,0
2196,424.45,9,0.238615,0.0000,0.091100,0
2197,424.18,9,0.202235,0.0000,0.096600,0
2198,424.18,9,0.228068,0.0000,0.092300,0
2199,423.85,17,0.117893,0.0000,0.045100,0
2200,423.52,17,0.098625,0.0000,0.046400,0
2201,423.25,17,0.078474,0.0000,0.048100,0
2202,422.59,17,0.073164,0.0000,0.045000,0
2203,422.59,17,0.072748,0.0000,0.042100,0
2204,422.19,17,0.076696,0.0000,0.045000,0
2205,422.19,17,0.080691,0.0000,0.044800,0
2206,421.46,17,0.096015,0.0000,0.048900,0
2207,421.46,17,0.113148,0.0000,0.047500,0
2208,421.33,17,0.122788,0.0000,0.045100,0
2209,420.47,17,0.075050,0.0000,0.040100,0
2210,420.47,17,0.017528,0.0000,0.044000,0
2211,420.33,17,0.028530,0.0000,0.042100,0
2212,419.60,17,0.035974,0.0000,0.041500,0
2213,419.47,17,0.002937,0.0000,0.048200,0
2214,419.20,17,0.000226,0.0000,0.042800,0
2215,418.47,17,0.007970,0.0000,0.043900,0
2216,418.47,17,0.018444,0.0000,0.043700,0
2217,418.34,17,0.053872,0.0000,0.046700,0
2218,417.41,17,0.050001,0.0000,0.049100,0
2219,417.28,3,0.054582,0.0000,0.027200,0
2220,416.95,17,0.050517,0.0000,0.042200,0
2221,416.42,3,0.069587,0.0000,0.027400,0
2222,416.42,17,0.049500,0.0000,0.048600,0
2223,416.35,3,0.065154,0.0000,0.027900,0
2224,415.42,3,0.055591,0.0000,0.027900,0
2225,415.36,17,0.051602,0.0000,0.044200,0
2226,414.43,17,0.050721,0.0000,0.045700,0
2227,413.43,17,0.048412,0.0000,0.046600,0
2228,413.23,17,0.033629,0.0000,0.045500,0
2229,412.44,17,0.056741,0.0000,0.044800,0
2230,412.44,17,0.102574,0.2000,0.043700,0
2231,412.04,17,0.083930,0.0000,0.043000,0
2232,411.51,17,0.077883,0.0000,0.048700,0
2233,411.51,17,0.078569,0.0000,0.045600,0
2234,410.78,3,0.158940,0.0000,0.026900,0
2235,410.58,3,0.139422,0.0000,0.030400,0
2236,410.58,3,0.141712,0.0000,0.028600,0
2237,409.78,3,0.134351,0.0000,0.031700,0
2238,409.52,3,0.149010,0.0000,0.029000,0
2239,408.79,3,0.149688,0.0000,0.028400,0
2240,408.52,3,0.148847,0.0000,0.026900,0
2241,407.53,3,0.150328,0.0000,0.031000,0
2242,407.53,3,0.151079,0.0000,0.026000,0
2243,406.80,3,0.151774,0.0000,0.028000,0
2244,406.53,3,0.150920,0.0000,0.028500,0
2245,405.80,3,0.152847,0.0000,0.027900,0
2246,405.54,3,0.154161,0.0000,0.030400,0
2247,404.87,3,0.153553,0.0000,0.027800,0
2248,404.61,3,0.144446,0.0000,0.025200,0
2249,404.61,3,0.153697,0.0000,0.026100,0
2250,404.14,3,0.140961,0.0000,0.026200,0
2251,403.88,3,0.137701,0.0000,0.031500,0
2252,403.48,3,0.138732,0.0000,0.029200,0
2253,403.48,3,0.133274,0.0000,0.027400,0
2254,403.15,3,0.122211,0.0000,0.026700,0
2255,403.15,3,0.115364,0.0000,0.030400,0
2256,402.49,3,0.108807,0.0000,0.027800,0
2257,402.49,3,0.105448,0.0000,0.024900,0
2258,402.15,3,0.094720,0.0000,0.027500,0
2259,401.56,3,0.079869,0.0000,0.027700,0
2260,400.63,3,0.056746,0.0000,0.028000,0
2261,400.23,17,0.042753,0.0000,0.041800,0
2262,399.63,17,0.030001,0.0000,0.050900,0
2263,399.23,17,0.015722,0.0000,0.044500,0
2264,398.70,3,0.103714,0.0000,0.027800,0
2265,398.57,3,0.094109,0.0000,0.026900,0
2266,397.58,3,0.069774,0.0000,0.028800,0
2267,397.58,3,0.062128,0.0000,0.027500,0
2268,397.24,3,0.085759,0.0000,0.026900,0
2269,396.58,3,0.087674,0.0000,0.026400,0
2270,396.58,3,0.088534,0.0000,0.029700,0
2271,396.25,3,0.090944,0.0000,0.026900,0
2272,395.59,3,0.090175,0.0000,0.026700,0
2273,394.72,3,0.065485,0.0000,0.026600,0
2274,394.72,3,0.078514,0.0000,0.028800,0
2275,393.79,3,0.067155,0.0000,0.027100,0
2276,393.73,3,0.066235,0.0000,0.028000,0
2277,392.80,3,0.060942,0.0000,0.026800,0
2278,392.73,3,0.065357,0.0000,0.028900,0
2279,392.33,3,0.076771,0.0000,0.028700,0
2280,391.67,3,0.083444,0.0000,0.024800,0
2281,391.67,3,0.099370,0.0000,0.029200,0
2282,391.34,3,0.067315,0.0000,0.028100,0
2283,390.81,17,0.021750,0.0000,0.046400,0
2284,390.74,17,0.015089,0.0000,0.048500,0
2285,390.34,17,0.025878,0.0000,0.046500,0
2286,390.08,17,0.052218,0.0000,0.046300,0
2287,389.81,3,0.089201,0.0000,0.031700,0
2288,389.81,3,0.086231,0.0000,0.028700,0
2289,389.35,3,0.104224,0.0000,0.030700,0
2290,389.35,3,0.087807,0.0000,0.026600,0
2291,388.82,3,0.090753,0.0000,0.024900,0
2292,388.69,3,0.096002,0.0000,0.030600,0
2293,388.09,3,0.096021,0.0000,0.027600,0
2294,387.69,3,0.081106,0.0000,0.029200,0
2295,387.42,3,0.065681,0.0000,0.027200,0
2296,386.83,3,0.059517,0.0000,0.030000,0
2297,386.43,3,0.058585,0.0000,0.029400,0
2298,385.83,3,0.056959,0.0000,0.029900,0
2299,385.43,17,0.023457,0.0000,0.043000,0
2300,385.43,17,0.023516,0.0000,0.047800,0
2301,384.90,17,0.005146,0.0000,0.044800,0
2302,384.44,17,0.009313,0.0000,0.047200,0
2303,383.78,3,0.118165,0.0000,0.025600,0
2304,383.78,3,0.074846,0.0000,0.024300,0
2305,383.44,3,0.137935,0.0000,0.031800,0
2306,382.78,3,0.136834,0.0000,0.026600,0
2307,382.78,3,0.138523,0.0000,0.028400,0
2308,381.92,3,0.131252,0.0000,0.027900,0
2309,381.79,3,0.121398,0.0000,0.026000,0
2310,380.92,3,0.119057,0.0000,0.027800,0
2311,380.52,3,0.121764,0.0000,0.029700,0
2312,379.93,3,0.303414,0.0000,0.027800,0
2313,379.93,3,0.287651,0.0000,0.025300,0
2314,378.87,3,0.284998,0.0000,0.025400,0
2315,378.73,3,0.290071,0.0000,0.024200,0
2316,378.53,3,0.281989,0.0000,0.025500,0
2317,378.53,3,0.286847,0.0000,0.025500,0
2318,377.54,3,0.276324,0.0000,0.028600,0
2319,377.54,3,0.273214,0.0000,0.027900,0
2320,377.07,3,0.270432,0.0000,0.029000,0
2321,376.88,3,0.257308,0.0000,0.028400,0
2322,376.54,3,0.235912,0.0000,0.028700,0
2323,376.08,3,0.214065,0.0000,0.030600,0
2324,375.88,3,0.199950,0.0000,0.029600,0
2325,375.08,3,0.197676,0.0000,0.028300,0
2326,374.88,3,0.175435,0.0000,0.025800,0
2327,374.62,3,0.166074,0.0000,0.029800,0
2328,374.02,3,0.131304,0.0000,0.025700,0
2329,374.02,3,0.148630,0.0000,0.031700,0
2330,373.62,3,0.104365,0.0000,0.030700,0
2331,373.36,3,0.062737,0.0000,0.026900,0
2332,373.36,17,0.021324,0.0000,0.044800,0
2333,372.96,17,0.017310,0.0000,0.045900,0
2334,372.63,17,0.014744,0.0000,0.045400,0
2335,371.63,17,0.013731,0.0000,0.045800,0
2336,371.63,17,0.008824,0.0000,0.044500,0
2337,371.10,17,0.012559,0.0000,0.043200,0
2338,370.64,17,0.002771,0.0000,0.045500,0
2339,370.24,17,0.006889,0.0000,0.047300,0
2340,370.11,17,0.014264,0.0000,0.046000,0
2341,369.91,3,0.168321,0.0000,0.029500,0
2342,369.91,17,0.055892,0.0000,0.047100,0
2343,369.11,3,0.249501,0.0000,0.029800,0
2344,368.12,3,0.182134,0.0000,0.027600,0
2345,368.12,3,0.136302,0.0000,0.031900,0
2346,367.92,3,0.137064,0.0000,0.028000,0
2347,367.72,3,0.138484,0.0000,0.028900,0
2348,367.12,3,0.132634,0.0000,0.027200,0
2349,366.92,3,0.124266,0.0000,0.029900,0
2350,366.72,3,0.126258,0.0000,0.028700,0
2351,366.13,3,0.128851,0.0000,0.028900,0
2352,365.73,3,0.130572,0.0000,0.023700,0
2353,365.73,3,0.130263,0.0000,0.027100,0
2354,365.20,3,0.127651,0.0000,0.026500,0
2355,365.13,3,0.126197,0.0000,0.026700,0
2356,364.47,3,0.109928,0.0000,0.028000,0
2357,364.20,3,0.109011,0.0000,0.028200,0
2358,364.20,3,0.105863,0.0000,0.027200,0
2359,363.74,3,0.113568,0.0000,0.027300,0
2360,363.21,3,0.124950,0.0000,0.027700,0
2361,363.21,3,0.081632,0.0000,0.026200,0
2362,362.48,17,0.018231,0.0000,0.043700,0
2363,362.21,17,0.012310,0.0000,0.050900,0
2364,362.01,17,0.006029,0.0000,0.044500,0
2365,361.48,17,0.012724,0.0000,0.043200,0
2366,361.22,17,0.013972,0.0000,0.044000,0
2367,360.82,17,0.020784,0.0000,0.045900,0
2368,360.49,17,0.017149,0.0000,0.047700,0
2369,360.16,17,0.023311,0.0000,0.044900,0
2370,359.56,17,0.014088,0.0000,0.044900,0
2371,359.56,17,0.013893,0.0000,0.046000,0
2372,358.83,17,0.018941,0.0000,0.042000,0
2373,358.56,17,0.023610,0.0000,0.044600,0
2374,358.30,3,0.078996,0.0000,0.025300,0
2375,358.30,3,0.215464,0.0000,0.027500,0
2376,354.45,3,0.223894,0.0000,0.028000,0
2377,354.38,3,0.218352,0.0000,0.028100,0
2378,354.18,3,0.221492,0.0000,0.030000,0
2379,353.92,3,0.226460,0.0000,0.024800,0
2380,353.52,3,0.225039,0.0000,0.026900,0
2381,353.52,3,0.223320,0.0000,0.028600,0
2382,353.26,3,0.224381,0.0000,0.029100,0
2383,352.46,3,0.210242,0.0000,0.028400,0
2384,352.39,3,0.206679,0.0000,0.029100,0
2385,352.39,3,0.188536,0.0000,0.028800,0
2386,351.46,3,0.194783,0.0000,0.028500,0
2387,351.40,3,0.177861,0.0000,0.027900,0
2388,351.40,3,0.188184,0.0000,0.030500,0
2389,350.54,3,0.175634,0.0000,0.026900,0
2390,350.20,3,0.195461,0.0000,0.028600,0
2391,349.47,3,0.182275,0.0000,0.028300,0
2392,349.28,3,0.174888,0.0000,0.031300,0
2393,349.01,3,0.163780,0.0000,0.026400,0
2394,348.48,3,0.171649,0.0000,0.027200,0
2395,348.41,3,0.175597,0.0000,0.026900,0
2396,348.35,3,0.181172,0.0000,0.029300,0
2397,347.42,3,0.180816,0.0000,0.028300,0
2398,347.35,3,0.177302,0.0000,0.028400,0
2399,347.35,3,0.168847,0.0000,0.026700,0
2400,346.49,3,0.169192,0.0000,0.028700,0
2401,346.49,3,0.150993,0.0000,0.028700,0
2402,346.36,3,0.165656,0.0000,0.025700,0
2403,345.49,3,0.175163,0.0000,0.028100,0
2404,345.49,3,0.158872,0.0000,0.025700,0
2405,345.36,3,0.139639,0.0000,0.029400,0
2406,344.50,3,0.107958,0.0000,0.029400,0
2407,343.50,3,0.098010,0.0000,0.024300,0
2408,343.37,3,0.088023,0.0000,0.026200,0
2409,342.51,3,0.104277,0.0000,0.028500,0
2410,342.38,3,0.122283,0.0000,0.027200,0
2411,341.51,3,0.121964,0.0000,0.028500,0
2412,341.51,3,0.120202,0.0000,0.029200,0
2413,341.11,3,0.124220,0.0000,0.024900,0
2414,340.45,3,0.136455,0.0000,0.026900,0
2415,340.12,3,0.146300,0.0000,0.030100,0
2416,339.52,3,0.145512,0.0000,0.026600,0
2417,339.46,3,0.142242,0.0000,0.030200,0
2418,338.59,3,0.146890,0.0000,0.028700,0
2419,338.59,3,0.143690,0.0000,0.032500,0
2420,337.47,3,0.145965,0.0000,0.025400,0
2421,337.47,3,0.152322,0.0000,0.026800,0
2422,337.40,3,0.167956,0.0000,0.026900,0
2423,336.47,3,0.166652,0.0000,0.027500,0
2424,336.20,3,0.168525,0.0000,0.026900,0
2425,335.54,3,0.173200,0.0000,0.030400,0
2426,335.21,3,0.180949,0.0000,0.027800,0
2427,334.75,3,0.186242,0.0000,0.028800,0
2428,334.55,3,0.188476,0.0000,0.029700,0
2429,334.48,3,0.191299,0.0000,0.027600,0
2430,334.41,3,0.189944,0.0000,0.026700,0
2431,333.55,3,0.182020,0.0000,0.028300,0
2432,333.22,3,0.174250,0.0000,0.027800,0
2433,332.82,3,0.183857,0.0000,0.028600,0
2434,332.56,3,0.192961,0.0000,0.025100,0
2435,332.22,3,0.202053,0.0000,0.028300,0
2436,331.56,3,0.202952,0.0000,0.029200,0
2437,331.56,3,0.198962,0.0000,0.031000,0
2438,330.57,3,0.190680,0.0000,0.024500,0
2439,329.70,3,0.189949,0.0000,0.030800,0
2440,329.57,3,0.188585,0.0000,0.029300,0
2441,329.30,3,0.186585,0.0000,0.026900,0
2442,328.64,3,0.184189,0.0000,0.026800,0
2443,328.64,3,0.179427,0.0000,0.028100,0
2444,328.31,3,0.164896,0.0000,0.026800,0
2445,327.51,3,0.142636,0.0000,0.028100,0
2446,327.31,3,0.145451,0.0000,0.030700,0
2447,326.52,3,0.141312,0.0000,0.027500,0
2448,326.32,3,0.113059,0.0000,0.027000,0
2449,326.32,3,0.073224,0.0000,0.029600,0
2450,325.79,3,0.087047,0.0000,0.030300,0
2451,325.66,3,0.106655,0.0000,0.028700,0
2452,325.32,3,0.129342,0.0000,0.029000,0
2453,324.66,3,0.150364,0.0000,0.030700,0
2454,324.66,3,0.159337,0.0000,0.027900,0
2455,323.93,3,0.163247,0.0000,0.029300,0
2456,323.67,3,0.161289,0.0000,0.028500,0
2457,322.80,3,0.157054,0.0000,0.029600,0
2458,322.74,3,0.158720,0.0000,0.028200,0
2459,322.40,3,0.144650,0.0000,0.027400,0
2460,322.40,3,0.127005,0.0000,0.027200,0
2461,322.01,3,0.112266,0.0000,0.030000,0
2462,322.01,3,0.086045,0.0000,0.030600,0
2463,321.14,3,0.085972,0.0000,0.026500,0
2464,320.75,3,0.067320,0.0000,0.030800,0
2465,320.68,17,0.018129,0.0000,0.045200,0
2466,320.41,17,0.038517,0.0000,0.045800,0
2467,320.41,3,0.057217,0.0000,0.028300,0
2468,319.75,3,0.106682,0.0000,0.027700,0
2469,319.42,3,0.117291,0.0000,0.026800,0
2470,318.89,3,0.126044,0.0000,0.029400,0
2471,318.76,3,0.130449,0.0000,0.029900,0
2472,317.69,3,0.142262,0.0000,0.028200,0
2473,317.69,3,0.151478,0.0000,0.030000,0
2474,316.90,3,0.160221,0.0000,0.032100,0
2475,316.50,3,0.164072,0.0000,0.028700,0
2476,315.84,3,0.167116,0.0000,0.028500,0
2477,315.50,3,0.173083,0.0000,0.026900,0
2478,314.84,3,0.180079,0.0000,0.028700,0
2479,314.51,3,0.188662,0.0000,0.028300,0
2480,314.24,3,0.196191,0.0000,0.028900,0
2481,313.85,3,0.199265,0.0000,0.026800,0
2482,313.51,3,0.196157,0.0000,0.026000,0
2483,312.85,3,0.192269,0.0000,0.029500,0
2484,312.52,3,0.186659,0.0000,0.028300,0
2485,312.25,3,0.180394,0.0000,0.028900,0
2486,312.25,3,0.175544,0.0000,0.026400,0
2487,311.86,3,0.159182,0.0000,0.028000,0
2488,310.86,3,0.148239,0.0000,0.029200,0
2489,310.59,3,0.120828,0.0000,0.030300,0
2490,309.60,3,0.090682,0.0000,0.029700,0
2491,309.20,3,0.064727,0.0000,0.027200,0
2492,308.94,17,0.027521,0.0000,0.046200,0
2493,308.94,17,0.023932,0.0000,0.045100,0
2494,308.21,17,0.030244,0.0000,0.047100,0
2495,307.81,17,0.031127,0.0000,0.041800,0
2496,307.21,9,0.224224,0.0000,0.089900,0
2497,307.21,9,0.191245,0.0000,0.096900,0
2498,306.88,9,0.193192,0.0000,0.097600,0
2499,306.61,9,0.205275,0.0000,0.092000,0
2500,306.61,9,0.199438,0.0000,0.095400,0
2501,306.15,9,0.226424,0.0000,0.094800,0
2502,305.88,9,0.228052,0.0000,0.094100,0
2503,305.88,9,0.227235,0.0000,0.092400,0
2504,305.22,9,0.219985,0.0000,0.088500,0
2505,305.09,9,0.209507,0.0000,0.092200,0
2506,304.96,9,0.206964,0.0000,0.098500,0
2507,304.96,9,0.203706,0.2000,0.098100,0
2508,304.29,9,0.213397,0.0000,0.097400,0
2509,304.09,9,0.214563,0.0000,0.093600,0
2510,303.69,9,0.214574,0.0000,0.099900,0
2511,303.30,9,0.206639,0.0000,0.093200,0
2512,302.96,9,0.204023,0.0000,0.091100,0
2513,302.70,9,0.202536,0.0000,0.096300,0
2514,302.30,9,0.193567,0.0000,0.097200,0
2515,301.90,9,0.186025,0.0000,0.095200,0
2516,301.70,9,0.174954,0.0000,0.092700,0
2517,301.24,17,0.168493,0.0000,0.044300,0
2518,300.44,17,0.167421,0.0000,0.043100,0
2519,300.44,17,0.170081,0.0000,0.047500,0
2520,300.18,9,0.176159,0.0000,0.101000,0
2521,299.98,9,0.182168,0.0000,0.096200,0
2522,299.45,9,0.185012,0.0000,0.092500,0
2523,299.12,9,0.177583,0.0000,0.093600,0
2524,298.98,9,0.175481,0.0000,0.100100,0
2525,298.19,17,0.163118,0.0000,0.042800,0
2526,298.19,9,0.173238,0.0000,0.094700,0
2527,297.99,17,0.074483,0.0000,0.048200,0
2528,297.19,3,0.064919,0.0000,0.028600,0
2529,297.19,17,0.051403,0.0000,0.049000,0
2530,296.79,3,0.073111,0.0000,0.026000,0
2531,296.13,3,0.172511,0.0000,0.026500,0
2532,294.80,3,0.145475,0.0000,0.026100,0
2533,294.54,3,0.106181,0.0000,0.026700,0
2534,294.27,3,0.173550,0.0000,0.026900,0
2535,294.27,3,0.176751,0.0000,0.027400,0
2536,292.88,3,0.176810,0.0000,0.028300,0
2537,292.42,3,0.177359,0.0000,0.028000,0
2538,292.15,3,0.179980,0.0000,0.029000,0
2539,292.15,3,0.177403,0.0000,0.025700,0
2540,291.49,3,0.183900,0.0000,0.029200,0
2541,291.49,3,0.181839,0.0000,0.027300,0
2542,291.09,3,0.182333,0.0000,0.028000,0
2543,291.02,3,0.180373,0.0000,0.026200,0
2544,290.62,3,0.170897,0.0000,0.025300,0
2545,290.16,3,0.153270,0.0000,0.028400,0
2546,289.89,3,0.121903,0.0000,0.028200,0
2547,289.50,3,0.108935,0.0000,0.030800,0
2548,289.16,3,0.111182,0.0000,0.029500,0
2549,288.63,3,0.124809,0.0000,0.025400,0
2550,288.37,3,0.134725,0.0000,0.030600,0
2551,288.30,3,0.103045,0.0000,0.027100,0
2552,287.90,3,0.093751,0.0000,0.027800,0
2553,287.51,3,0.085855,0.0000,0.024600,0
2554,287.24,3,0.086078,0.0000,0.027900,0
2555,286.91,3,0.083269,0.0000,0.026300,0
2556,286.51,17,0.025042,0.0000,0.046700,0
2557,286.51,17,0.024318,0.0000,0.047000,0
2558,286.18,17,0.049725,0.0000,0.047300,0
2559,285.52,17,0.047625,0.0000,0.046400,0
2560,285.25,17,0.046895,0.0000,0.045900,0
2561,284.45,17,0.053762,0.0000,0.045800,0
2562,284.19,3,0.056132,0.0000,0.026300,0
2563,283.53,17,0.049437,0.0000,0.048600,0
2564,283.33,17,0.005005,0.0000,0.043200,0
2565,283.33,17,0.034632,0.0000,0.043800,0
2566,282.53,17,0.008870,0.0000,0.042400,0
2567,282.26,17,0.008552,0.0000,0.047800,0
2568,282.26,17,0.013795,0.0000,0.042300,0
2569,281.53,17,0.016268,0.0000,0.040500,0
2570,281.20,17,0.020396,0.0000,0.048100,0
2571,280.47,17,0.004339,0.0000,0.042800,0
2572,280.47,17,0.026027,0.0000,0.048100,0
2573,280.27,17,0.017483,0.0000,0.044700,0
2574,279.48,17,0.009420,0.0000,0.044400,0
2575,279.35,17,0.005639,0.0000,0.042000,0
2576,279.35,17,0.004260,0.0000,0.044600,0
2577,278.55,17,0.000784,0.0000,0.045200,0
2578,278.55,17,0.001269,0.0000,0.046000,0
2579,278.35,17,0.004616,0.0000,0.047700,0
2580,277.49,17,0.005283,0.0000,0.044600,0
2581,277.36,17,0.007759,0.0000,0.044600,0
2582,276.49,17,0.014664,0.0000,0.045000,0
2583,276.43,17,0.012917,0.0000,0.044100,0
2584,275.50,17,0.018006,0.0000,0.044300,0
2585,275.43,17,0.037444,0.0000,0.042400,0
2586,274.57,3,0.122096,0.0000,0.026600,0
2587,274.37,3,0.110466,0.0000,0.025300,0
2588,273.84,3,0.146310,0.0000,0.028000,0
2589,273.57,3,0.151898,0.0000,0.026800,0
2590,273.37,3,0.153251,0.0000,0.029000,0
2591,273.37,3,0.156261,0.0000,0.027400,0
2592,272.58,3,0.144870,0.0000,0.028500,0
2593,272.45,3,0.121327,0.0000,0.028300,0
2594,271.85,3,0.097580,0.0000,0.031700,0
2595,271.45,3,0.059782,0.0000,0.027700,0
2596,271.38,17,0.045045,0.0000,0.043700,0
2597,270.85,17,0.015888,0.0000,0.045600,0
2598,270.52,17,0.109862,0.0000,0.042700,0
2599,270.39,17,0.100402,0.0000,0.044400,0
2600,269.59,17,0.086462,0.0000,0.046000,0
2601,269.53,17,0.079075,0.0000,0.047300,0
2602,268.66,17,0.013740,0.0000,0.042600,0
2603,267.93,17,0.016683,0.0000,0.044500,0
2604,267.54,3,0.095689,0.0000,0.029900,0
2605,266.81,3,0.098457,0.0000,0.028400,0
2606,266.54,3,0.133228,0.0000,0.029300,0
2607,265.81,3,0.133387,0.0000,0.027800,0
2608,265.61,3,0.130658,0.0000,0.027600,0
2609,265.28,3,0.132728,0.0000,0.029300,0
2610,264.82,3,0.134737,0.0000,0.028000,0
2611,264.55,3,0.142087,0.0000,0.031000,0
2612,264.02,3,0.144862,0.0000,0.028100,0
2613,263.62,3,0.160789,0.0000,0.027900,0
2614,263.62,3,0.187238,0.0000,0.028200,0
2615,262.63,3,0.194638,0.0000,0.026000,0
2616,262.03,3,0.184221,0.0000,0.027000,0
2617,261.63,3,0.182617,0.0000,0.027400,0
2618,260.90,3,0.151224,0.0000,0.027600,0
2619,260.64,3,0.142043,0.0000,0.028000,0
2620,259.64,3,0.121912,0.0000,0.029500,0
2621,259.38,3,0.120729,0.0000,0.028700,0
2622,259.38,3,0.097022,0.0000,0.027500,0
2623,258.84,3,0.097223,0.0000,0.026600,0
2624,258.58,3,0.110720,0.0000,0.027300,0
2625,258.38,3,0.117481,0.0000,0.031700,0
2626,257.92,3,0.114923,0.0000,0.027400,0
2627,257.65,3,0.112210,0.0000,0.029000,0
2628,257.65,3,0.105217,0.0000,0.028700,0
2629,256.59,3,0.101783,0.0000,0.028400,0
2630,256.59,3,0.102850,0.0000,0.028800,0
2631,255.66,3,0.106965,0.0000,0.029400,0
2632,255.66,3,0.113176,0.0000,0.027800,0
2633,254.86,3,0.106550,0.0000,0.030500,0
2634,254.66,3,0.103147,0.0000,0.026200,0
2635,254.40,3,0.102412,0.0000,0.030800,0
2636,253.74,3,0.099900,0.0000,0.028800,0
2637,253.74,3,0.106845,0.0000,0.027100,0
2638,253.14,3,0.114188,0.0000,0.028000,0
2639,252.81,3,0.131261,0.0000,0.026400,0
2640,252.47,3,0.136921,0.0000,0.027000,0
2641,252.47,3,0.137878,0.0000,0.027400,0
2642,251.88,3,0.144318,0.0000,0.027000,0
2643,251.48,3,0.148169,0.0000,0.027500,0
2644,251.48,3,0.146940,0.0000,0.026900,0
2645,251.15,3,0.146230,0.0000,0.028800,0
2646,250.48,3,0.145455,0.0000,0.023600,0
2647,250.48,3,0.141302,0.0000,0.029300,0
2648,250.15,3,0.144446,0.0000,0.029600,0
2649,249.82,3,0.157186,0.0000,0.026400,0
2650,249.49,3,0.140627,0.0000,0.027800,0
2651,249.49,3,0.139712,0.0000,0.027500,0
2652,249.22,3,0.141960,0.0000,0.029900,0
2653,248.49,3,0.145734,0.0000,0.028300,0
2654,247.83,3,0.159301,0.0000,0.029100,0
2655,247.37,3,0.159441,0.0000,0.027900,0
2656,246.84,3,0.149806,0.0000,0.027600,0
2657,246.57,3,0.153269,0.0000,0.027800,0
2658,246.57,3,0.159260,0.0000,0.028000,0
2659,246.11,3,0.154174,0.0000,0.028200,0
2660,245.57,3,0.156243,0.0000,0.030500,0
2661,245.57,3,0.146750,0.0000,0.025100,0
2662,244.85,3,0.124188,0.0000,0.031000,0
2663,244.85,3,0.125509,0.0000,0.029500,0
2664,244.12,3,0.135562,0.0000,0.029200,0
2665,243.92,3,0.140478,0.0000,0.030000,0
2666,243.58,3,0.157753,0.0000,0.028000,0
2667,243.58,3,0.150896,0.0000,0.026900,0
2668,242.59,3,0.153051,0.0000,0.028100,0
2669,242.59,3,0.138686,0.0000,0.029800,0
2670,242.12,3,0.145366,0.0000,0.028600,0
2671,241.59,3,0.140803,0.0000,0.028900,0
2672,240.93,3,0.121710,0.0000,0.027700,0
2673,240.93,3,0.111873,0.0000,0.025800,0
2674,239.67,3,0.104868,0.0000,0.025800,0
2675,239.40,3,0.105960,0.0000,0.027400,0
2676,239.27,3,0.104415,0.0000,0.025200,0
2677,239.27,3,0.106027,0.0000,0.026600,0
2678,238.94,3,0.118106,0.0000,0.024200,0
2679,238.67,3,0.137735,0.0000,0.027600,0
2680,238.67,3,0.116314,0.0000,0.026400,0
2681,237.94,3,0.169698,0.0000,0.026900,0
2682,237.15,3,0.156210,0.0000,0.028700,0
2683,237.15,3,0.134582,0.0000,0.029500,0
2684,236.95,3,0.125788,0.0000,0.030300,0
2685,236.68,3,0.111840,0.0000,0.027500,0
2686,236.68,3,0.116473,0.0000,0.026800,0
2687,236.15,3,0.106221,0.0000,0.031600,0
2688,235.95,3,0.102024,0.0000,0.028400,0
2689,235.95,3,0.099711,0.0000,0.025800,0
2690,235.16,3,0.075408,0.0000,0.025100,0
2691,235.16,3,0.086023,0.0000,0.027100,0
2692,235.03,3,0.075155,0.0000,0.026200,0
2693,234.23,3,0.083562,0.0000,0.030800,0
2694,233.77,3,0.074204,0.0000,0.028500,0
2695,233.77,3,0.071064,0.0000,0.028800,0
2696,233.43,3,0.064036,0.0000,0.028200,0
2697,232.64,3,0.072560,0.0000,0.031300,0
2698,232.64,3,0.091020,0.0000,0.033300,0
2699,232.11,3,0.094865,0.0000,0.025500,0
2700,232.04,3,0.080095,0.0000,0.030400,0
2701,232.04,3,0.077449,0.0000,0.026200,0
2702,231.04,3,0.104676,0.0000,0.028800,0
2703,230.78,3,0.123848,0.0000,0.027700,0
2704,230.78,3,0.127413,0.0000,0.027900,0
2705,230.25,3,0.140104,0.0000,0.032000,0
2706,230.05,3,0.141075,0.0000,0.031800,0
2707,229.78,3,0.140856,0.0000,0.024900,0
2708,229.25,3,0.096117,0.0000,0.026600,0
2709,229.25,3,0.096883,0.0000,0.027800,0
2710,229.12,3,0.110007,0.0000,0.028600,0
2711,228.26,3,0.102278,0.0000,0.027600,0
2712,228.26,3,0.098079,0.0000,0.027100,0
2713,227.53,3,0.089698,0.0000,0.028900,0
2714,227.53,3,0.071238,0.0000,0.026900,0
2715,227.33,3,0.071496,0.0000,0.030700,0
2716,227.26,3,0.092521,0.0000,0.028600,0
2717,226.53,3,0.093512,0.0000,0.027500,0
2718,226.53,3,0.090737,0.0000,0.028500,0
2719,226.20,3,0.087768,0.0000,0.028600,0
2720,225.87,3,0.084275,0.0000,0.026200,0
2721,225.87,3,0.084819,0.0000,0.029200,0
2722,225.21,3,0.073860,0.0000,0.030000,0
2723,224.28,3,0.097972,0.0000,0.028600,0
2724,224.28,3,0.116699,0.0000,0.025700,0
2725,223.48,3,0.119693,0.0000,0.028800,0
2726,223.22,3,0.119778,0.0000,0.023500,0
2727,223.22,3,0.131475,0.0000,0.026700,0
2728,222.22,3,0.254316,0.0000,0.028600,0
2729,222.22,3,0.228506,0.0000,0.029300,0
2730,221.16,3,0.227050,0.0000,0.026700,0
2731,220.56,3,0.217774,0.0000,0.030100,0
2732,220.16,3,0.205770,0.0000,0.026100,0
2733,220.16,3,0.202088,0.0000,0.029900,0
2734,219.57,3,0.199337,0.0000,0.028900,0
2735,219.57,3,0.201174,0.0000,0.027300,0
2736,219.30,3,0.198805,0.0000,0.027000,0
2737,218.57,3,0.199272,0.0000,0.029600,0
2738,218.57,3,0.172093,0.0000,0.029100,0
2739,218.31,3,0.125716,0.0000,0.027800,0
2740,217.51,3,0.128061,0.0000,0.028000,0
2741,217.51,3,0.127338,0.0000,0.026800,0
2742,216.45,3,0.133062,0.0000,0.027900,0
2743,216.32,3,0.113334,0.0000,0.026600,0
2744,215.59,3,0.113152,0.0000,0.029400,0
2745,215.45,3,0.127287,0.0000,0.024700,0
2746,215.32,3,0.129827,0.0000,0.028200,0
2747,214.52,3,0.136386,0.0000,0.026400,0
2748,214.52,3,0.142667,0.0000,0.028100,0
2749,214.33,3,0.150897,0.0000,0.028600,0
2750,213.40,3,0.150311,0.0000,0.029200,0
2751,212.67,3,0.169167,0.0000,0.027800,0
2752,212.60,3,0.159768,0.0000,0.028000,0
2753,212.40,3,0.163334,0.0000,0.025900,0
2754,212.40,3,0.166162,0.0000,0.028900,0
2755,211.47,3,0.157168,0.0000,0.028200,0
2756,211.41,3,0.153034,0.0000,0.025800,0
2757,211.41,3,0.138526,0.0000,0.025700,0
2758,210.54,3,0.154740,0.0000,0.026100,0
2759,210.41,3,0.129579,0.0000,0.029100,0
2760,210.41,3,0.128846,0.0000,0.025800,0
2761,209.55,3,0.129430,0.0000,0.029500,0
2762,209.42,3,0.130591,0.0000,0.030200,0
2763,208.82,3,0.126590,0.0000,0.028100,0
2764,208.49,3,0.125218,0.0000,0.026700,0
2765,208.35,3,0.121119,0.0000,0.028200,0
2766,207.49,3,0.102453,0.0000,0.029000,0
2767,207.49,3,0.099044,0.0000,0.030200,0
2768,207.36,3,0.102708,0.0000,0.025500,0
2769,206.56,3,0.104760,0.0000,0.028300,0
2770,206.36,3,0.082776,0.0000,0.025400,0
2771,206.36,3,0.094858,0.0000,0.026700,0
2772,205.50,3,0.068037,0.0000,0.031500,0
2773,205.50,3,0.073647,0.0000,0.027200,0
2774,204.90,3,0.069176,0.0000,0.025300,0
2775,204.51,3,0.058496,0.0000,0.028500,0
2776,204.51,3,0.059251,0.0000,0.030100,0
2777,204.17,3,0.060056,0.0000,0.027000,0
2778,204.17,3,0.061982,0.0000,0.028800,0
2779,203.64,3,0.059597,0.0000,0.026000,0
2780,203.51,3,0.059398,0.0000,0.028600,0
2781,203.44,3,0.123077,0.0000,0.028200,0
2782,202.65,3,0.095745,0.0000,0.028000,0
2783,202.45,17,0.022041,0.0000,0.043200,0
2784,202.45,3,0.065263,0.0000,0.026100,0
2785,201.59,17,0.028904,0.0000,0.042600,0
2786,201.45,17,0.050973,0.0000,0.046000,0
2787,200.79,3,0.093767,0.0000,0.030600,0
2788,200.53,3,0.116431,0.0000,0.029300,0
2789,200.46,3,0.121300,0.0000,0.027300,0
2790,199.60,3,0.133740,0.0000,0.026300,0
2791,199.60,3,0.140317,0.0000,0.027100,0
2792,198.80,3,0.136898,0.0000,0.029800,0
2793,198.60,3,0.107925,0.0000,0.029200,0
2794,198.60,3,0.085680,0.0000,0.028800,0
2795,198.27,3,0.103235,0.0000,0.029400,0
2796,198.27,3,0.097235,0.0000,0.026600,0
2797,197.74,3,0.093664,0.0000,0.026900,0
2798,197.61,3,0.080058,0.0000,0.029200,0
2799,197.27,3,0.073948,0.0000,0.023700,0
2800,196.61,3,0.062897,0.0000,0.027600,0
2801,196.54,3,0.058413,0.0000,0.030100,0
2802,196.54,3,0.060449,0.0000,0.028200,0
2803,195.81,3,0.067254,0.0000,0.026900,0
2804,195.55,3,0.059039,0.0000,0.025000,0
2805,195.55,17,0.046634,0.0000,0.042600,0
2806,194.62,17,0.045946,0.0000,0.046000,0
2807,194.36,17,0.047574,0.0000,0.044800,0
2808,194.36,17,0.049164,0.0000,0.046300,0
2809,193.69,3,0.066353,0.0000,0.025600,0
2810,193.69,3,0.057103,0.0000,0.028200,0
2811,193.09,3,0.062055,0.0000,0.026700,0
2812,192.56,3,0.073838,0.0000,0.027400,0
2813,192.36,3,0.091997,0.0000,0.026900,0
2814,191.83,3,0.096497,0.0000,0.027500,0
2815,191.63,3,0.100209,0.0000,0.029300,0
2816,191.63,3,0.091669,0.0000,0.027400,0
2817,190.97,3,0.108776,0.0000,0.028600,0
2818,190.71,3,0.103815,0.0000,0.026300,0
2819,190.37,3,0.102838,0.0000,0.028200,0
2820,189.84,3,0.079376,0.0000,0.031300,0
2821,189.64,17,0.042392,0.0000,0.045200,0
2822,188.45,3,0.070022,0.0000,0.027200,0
2823,188.45,3,0.054971,0.0000,0.026900,0
2824,187.72,3,0.092291,0.0000,0.025200,0
2825,187.12,3,0.104695,0.0000,0.028600,0
2826,186.79,3,0.128147,0.0000,0.028400,0
2827,186.46,3,0.129214,0.0000,0.027800,0
2828,185.46,3,0.127395,0.0000,0.029100,0
2829,185.46,3,0.124989,0.0000,0.028900,0
2830,185.20,3,0.136757,0.0000,0.031900,0
2831,184.87,3,0.132538,0.0000,0.029000,0
2832,184.47,3,0.135679,0.0000,0.028000,0
2833,184.47,3,0.138497,0.0000,0.032500,0
2834,183.94,3,0.156668,0.0000,0.030100,0
2835,183.01,17,0.015052,0.0000,0.043900,0
2836,182.61,17,0.020241,0.0000,0.043500,0
2837,182.61,17,0.013140,0.0000,0.045300,0
2838,181.95,17,0.040687,0.0000,0.041400,0
2839,181.95,3,0.056987,0.0000,0.028700,0
2840,180.82,3,0.092080,0.0000,0.027500,0
2841,180.82,3,0.106806,0.0000,0.030300,0
2842,179.89,3,0.104394,0.0000,0.028200,0
2843,178.83,3,0.110307,0.0000,0.025600,0
2844,178.76,3,0.110023,0.0000,0.028300,0
2845,178.76,3,0.121144,0.0000,0.028200,0
2846,178.17,3,0.126347,0.0000,0.026300,0
2847,177.90,3,0.126984,0.0000,0.027000,0
2848,177.57,3,0.124170,0.0000,0.025800,0
2849,177.57,3,0.129115,0.0000,0.027100,0
2850,176.18,3,0.126538,0.0000,0.026700,0
2851,176.04,3,0.128362,0.0000,0.025000,0
2852,175.65,3,0.127726,0.0000,0.026000,0
2853,175.65,3,0.125842,0.0000,0.027200,0
2854,175.11,3,0.123860,0.0000,0.028100,0
2855,174.98,3,0.117859,0.0000,0.025200,0
2856,174.98,3,0.112572,0.0000,0.026800,0
2857,174.65,3,0.112494,0.0000,0.027300,0
2858,174.65,3,0.113446,0.0000,0.029900,0
2859,174.65,3,0.115683,0.0000,0.028100,0
2860,174.19,3,0.106540,0.0000,0.029300,0
2861,173.99,3,0.111203,0.0000,0.032400,0
2862,173.65,3,0.083657,0.0000,0.028700,0
2863,173.65,3,0.102275,0.0000,0.028800,0
2864,173.19,3,0.078800,0.0000,0.026800,0
2865,172.66,3,0.154602,0.0000,0.030600,0
2866,172.39,3,0.147441,0.0000,0.031400,0
2867,172.13,3,0.143721,0.0000,0.027900,0
2868,171.66,3,0.143437,0.0000,0.029200,0
2869,171.66,3,0.143574,0.0000,0.029000,0
2870,171.13,3,0.136151,0.0000,0.029900,0
2871,171.00,3,0.137630,0.0000,0.028600,0
2872,170.20,3,0.149239,0.0000,0.028100,0
2873,170.01,3,0.147734,0.0000,0.027500,0
2874,169.28,3,0.135502,0.0000,0.028400,0
2875,168.48,3,0.116355,0.0000,0.026400,0
2876,168.28,3,0.126361,0.0000,0.026600,0
2877,168.08,3,0.119421,0.0000,0.027800,0
2878,167.48,3,0.118922,0.0000,0.028000,0
2879,167.22,3,0.116783,0.0000,0.028200,0
2880,166.75,3,0.117293,0.0000,0.026900,0
2881,166.49,3,0.116815,0.0000,0.027200,0
2882,166.16,3,0.112206,0.0000,0.028900,0
2883,165.69,3,0.104441,0.0000,0.027400,0
2884,165.69,3,0.106872,0.0000,0.027500,0
2885,165.43,3,0.116211,0.0000,0.027200,0
2886,165.43,3,0.109783,0.0000,0.026900,0
2887,164.76,3,0.092845,0.0000,0.026500,0
2888,164.17,17,0.036005,0.0000,0.045700,0
2889,164.10,17,0.185861,0.0000,0.043100,0
2890,163.50,9,0.177716,0.0000,0.090200,0
2891,163.50,9,0.269734,0.0000,0.093200,0
2892,163.24,9,0.237726,0.0000,0.096200,0
2893,162.51,9,0.201764,0.0000,0.089800,0
2894,162.18,17,0.126800,0.0000,0.040200,0
2895,162.18,17,0.101540,0.0000,0.048800,0
2896,161.78,17,0.069862,0.0000,0.045900,0
2897,161.12,3,0.064309,0.0000,0.029900,0
2898,161.12,17,0.006855,0.0000,0.046700,0
2899,159.85,3,0.178562,0.0000,0.029900,0
2900,159.59,3,0.193222,0.0000,0.028200,0
2901,159.32,3,0.194585,0.0000,0.029800,0
2902,159.32,3,0.195176,0.0000,0.026500,0
2903,158.86,3,0.200588,0.0000,0.026300,0
2904,158.59,3,0.199359,0.0000,0.027900,0
2905,158.33,3,0.199051,0.0000,0.028900,0
2906,158.33,3,0.197791,0.0000,0.030900,0
2907,157.60,3,0.183714,0.0000,0.028000,0
2908,157.60,3,0.190142,0.0000,0.028200,0
2909,157.33,3,0.172645,0.0000,0.030600,0
2910,157.33,3,0.176975,0.0000,0.027000,0
2911,156.67,3,0.183882,0.0000,0.025300,0
2912,156.34,3,0.191149,0.0000,0.029800,0
2913,155.61,3,0.146956,0.0000,0.025500,0
2914,155.61,3,0.160301,0.0000,0.027300,0
2915,155.34,3,0.141241,0.0000,0.028100,0
2916,154.68,3,0.149419,0.0000,0.025800,0
2917,154.61,3,0.170247,0.0000,0.027700,0
2918,154.28,3,0.172657,0.0000,0.027400,0
2919,153.68,3,0.190349,0.0000,0.028200,0
2920,153.42,3,0.196354,0.0000,0.025800,0
2921,153.29,3,0.199451,0.0000,0.027500,0
2922,152.69,3,0.200094,0.0000,0.026900,0
2923,152.29,3,0.197904,0.0000,0.027100,0
2924,151.96,3,0.195647,0.0000,0.029200,0
2925,151.43,3,0.194676,0.0000,0.029600,0
2926,151.30,3,0.196311,0.0000,0.027200,0
2927,150.43,3,0.191392,0.0000,0.030400,0
2928,150.30,3,0.183061,0.0000,0.027400,0
2929,150.30,3,0.177455,0.0000,0.028300,0
2930,149.70,3,0.173651,0.0000,0.028800,0
2931,149.44,3,0.174545,0.0000,0.025700,0
2932,148.44,3,0.168644,0.0000,0.029200,0
2933,148.44,3,0.154151,0.0000,0.027500,0
2934,148.31,3,0.128297,0.0000,0.027900,0
2935,147.71,3,0.113543,0.0000,0.031300,0
2936,146.98,3,0.123722,0.0000,0.028900,0
2937,146.52,3,0.124092,0.0000,0.027700,0
2938,146.52,3,0.129500,0.0000,0.029200,0
2939,146.25,3,0.132402,0.0000,0.031200,0
2940,145.79,3,0.132751,0.0000,0.031700,0
2941,145.52,3,0.138188,0.0000,0.027400,0
2942,144.79,3,0.143742,0.0000,0.025600,0
2943,144.40,3,0.145277,0.0000,0.030200,0
2944,143.47,3,0.114683,0.0000,0.029400,0
2945,143.14,3,0.149323,0.0000,0.027900,0
2946,143.14,3,0.143227,0.0000,0.026800,0
2947,142.54,3,0.144249,0.0000,0.031400,0
2948,142.54,3,0.145216,0.0000,0.027300,0
2949,141.68,3,0.146341,0.0000,0.026400,0
2950,141.61,3,0.142046,0.0000,0.028300,0
2951,141.14,3,0.131915,0.0000,0.029400,0
2952,141.14,3,0.129955,0.0000,0.029300,0
2953,140.48,3,0.124096,0.0000,0.025000,0
2954,139.88,3,0.125418,0.0000,0.029500,0
2955,139.62,3,0.125955,0.0000,0.030200,0
2956,138.76,3,0.130327,0.0000,0.028200,0
2957,138.62,3,0.132386,0.0000,0.026300,0
2958,137.23,3,0.136792,0.0000,0.026000,0
2959,136.90,3,0.139465,0.0000,0.028800,0
2960,136.24,3,0.155457,0.0000,0.027100,0
2961,135.51,3,0.169813,0.0000,0.027400,0
2962,135.24,3,0.167221,0.0000,0.027700,0
2963,134.64,3,0.169084,0.0000,0.027800,0
2964,134.64,3,0.175993,0.0000,0.028600,0
2965,133.58,3,0.180982,0.0000,0.027000,0
2966,133.58,3,0.203297,0.0000,0.027400,0
2967,132.72,3,0.211027,0.0000,0.025300,0
2968,132.59,3,0.215789,0.0000,0.033200,0
2969,131.72,3,0.205531,0.0000,0.025700,0
2970,131.59,3,0.208029,0.0000,0.028500,0
2971,130.60,3,0.209663,0.0000,0.027200,0
2972,130.06,3,0.200236,0.0000,0.027800,0
2973,129.67,3,0.201970,0.0000,0.026100,0
2974,129.67,3,0.199472,0.0000,0.025600,0
2975,129.07,3,0.199176,0.0000,0.028500,0
2976,128.67,3,0.209379,0.0000,0.031400,0
2977,128.07,3,0.208817,0.0000,0.029200,0
2978,127.74,3,0.184890,0.0000,0.030500,0
2979,127.68,3,0.188441,0.0000,0.028400,0
2980,126.88,3,0.195085,0.0000,0.028100,0
2981,126.81,3,0.202304,0.0000,0.027900,0
2982,125.82,3,0.169176,0.0000,0.029400,0
2983,125.82,3,0.199009,0.0000,0.026500,0
2984,125.16,3,0.172686,0.0000,0.026800,0
2985,124.69,3,0.171366,0.0000,0.027800,0
2986,124.23,3,0.161075,0.0000,0.030300,0
2987,123.83,3,0.153750,0.0000,0.026400,0
2988,123.70,3,0.156250,0.0000,0.027100,0
2989,123.10,3,0.140292,0.0000,0.030100,0
2990,122.90,3,0.129773,0.0000,0.027300,0
2991,122.77,3,0.162234,0.0000,0.026500,0
2992,122.77,3,0.118724,0.0000,0.025600,0
2993,121.77,3,0.189407,0.0000,0.026800,0
2994,121.11,3,0.177524,0.0000,0.031100,0
2995,121.11,3,0.183546,0.0000,0.028500,0
2996,120.78,3,0.171546,0.0000,0.027900,0
2997,120.78,3,0.161997,0.0000,0.027800,0
2998,120.25,17,0.048241,0.0000,0.044500,0
2999,119.78,17,0.036852,0.0000,0.043200,0
3000,119.78,17,0.023086,0.0000,0.044600,0
3001,119.05,3,0.118220,0.0000,0.025300,0
3002,118.85,3,0.104866,0.0000,0.027600,0
3003,117.92,3,0.072478,0.0000,0.027000,0
3004,117.92,17,0.043668,0.0000,0.044800,0
3005,117.19,3,0.142407,0.0000,0.028500,0
3006,117.19,3,0.119832,0.0000,0.028700,0
3007,116.86,3,0.120639,0.0000,0.027500,0
3008,116.53,3,0.106263,0.0000,0.028200,0
3009,116.26,3,0.097051,0.0000,0.027700,0
3010,115.53,3,0.091250,0.0000,0.027300,0
3011,115.53,3,0.081012,0.0000,0.027200,0
3012,114.87,3,0.092058,0.0000,0.028700,0
3013,114.54,3,0.088774,0.0000,0.029800,0
3014,114.54,3,0.074165,0.0000,0.028700,0
3015,114.27,3,0.063182,0.0000,0.025300,0
3016,113.54,3,0.060114,0.0000,0.026600,0
3017,113.08,17,0.048144,0.0000,0.043900,0
3018,113.01,17,0.043382,0.0000,0.045300,0
3019,112.08,17,0.025691,0.0000,0.045300,0
3020,112.08,17,0.021661,0.0000,0.047700,0
3021,111.62,17,0.025358,0.0000,0.045200,0
3022,111.36,17,0.026788,0.0000,0.044400,0
3023,111.16,17,0.024956,0.0000,0.043200,0
3024,110.63,17,0.051444,0.0000,0.045500,0
3025,110.63,3,0.075153,0.0000,0.027300,0
3026,110.03,3,0.088742,0.0000,0.031100,0
3027,109.63,3,0.094499,0.0000,0.027500,0
3028,109.03,3,0.095341,0.0000,0.026400,0
3029,108.63,3,0.098592,0.0000,0.028400,0
3030,108.63,3,0.100522,0.0000,0.029700,0
3031,107.91,3,0.093289,0.0000,0.028600,0
3032,107.64,3,0.102541,0.0000,0.032600,0
3033,107.64,3,0.098563,0.0000,0.029700,0
3034,107.11,3,0.125308,0.0000,0.026400,0
3035,106.91,3,0.135885,0.0000,0.025900,0
3036,106.25,3,0.145287,0.0000,0.029200,0
3037,106.11,3,0.162368,0.0000,0.026300,0
3038,106.05,3,0.183091,0.0000,0.029900,0
3039,105.12,3,0.184096,0.0000,0.027700,0
3040,104.99,3,0.184297,0.0000,0.029600,0
3041,104.39,3,0.185575,0.0000,0.026400,0
3042,104.12,3,0.169595,0.0000,0.025800,0
3043,103.73,3,0.165139,0.0000,0.030900,0
3044,103.73,3,0.166799,0.0000,0.029900,0
3045,103.13,3,0.166377,0.0000,0.029700,0
3046,102.20,3,0.166385,0.0000,0.026400,0
3047,102.20,3,0.164305,0.0000,0.027500,0
3048,102.00,3,0.166967,0.0000,0.026900,0
3049,101.14,3,0.162052,0.0000,0.027000,0
3050,101.00,3,0.159733,0.0000,0.027600,0
3051,100.74,3,0.148157,0.0000,0.025900,0
3052,100.74,3,0.140762,0.0000,0.028000,0
3053,100.14,3,0.147662,0.0000,0.030200,0
3054,100.08,3,0.150656,0.0000,0.027900,0
3055,99.21,3,0.151814,0.0000,0.028100,0
3056,99.21,3,0.151908,0.0000,0.025900,0
3057,98.22,3,0.149113,0.0000,0.026700,0
3058,98.02,3,0.175275,0.0000,0.027300,0
3059,98.02,3,0.162631,0.0000,0.028300,0
3060,97.42,3,0.183742,0.0000,0.027800,0
3061,97.16,3,0.178707,0.0000,0.026500,0
3062,97.09,3,0.176723,0.0000,0.028200,0
3063,96.83,3,0.160756,0.0000,0.027900,0
3064,96.83,3,0.149786,0.0000,0.027100,0
3065,96.29,3,0.140530,0.0000,0.027900,0
3066,96.29,3,0.146302,0.0000,0.028300,0
3067,96.23,3,0.158973,0.0000,0.026800,0
3068,95.56,3,0.163604,0.0000,0.027600,0
3069,95.56,3,0.159012,0.0000,0.030900,0
3070,95.30,3,0.161949,0.0000,0.028600,0
3071,95.30,3,0.168126,0.0000,0.030800,0
3072,94.83,3,0.162492,0.0000,0.026900,0
3073,94.57,3,0.171421,0.0000,0.030700,0
3074,94.44,3,0.158993,0.0000,0.027300,0
3075,94.17,3,0.150572,0.0000,0.026000,0
3076,93.57,3,0.141710,0.0000,0.026800,0
3077,93.31,3,0.126862,0.0000,0.026300,0
3078,92.58,3,0.134017,0.0000,0.027600,0
3079,92.31,3,0.137146,0.0000,0.027800,0
3080,92.31,3,0.137620,0.0000,0.027600,0
3081,91.32,3,0.126682,0.0000,0.026400,0
3082,91.32,3,0.123944,0.0000,0.027800,0
3083,90.26,3,0.115674,0.0000,0.029500,0
3084,90.12,3,0.110937,0.0000,0.028600,0
3085,89.79,3,0.111115,0.0000,0.027800,0
3086,89.59,3,0.103721,0.0000,0.028000,0
3087,89.46,3,0.115333,0.0000,0.030500,0
3088,89.26,3,0.147869,0.0000,0.028800,0
3089,89.13,3,0.158376,0.0000,0.029500,0
3090,88.66,3,0.165258,0.0000,0.025200,0
3091,88.47,3,0.168255,0.0000,0.029600,0
3092,88.07,3,0.185188,0.0000,0.030700,0
3093,87.87,3,0.177851,0.0000,0.029400,0
3094,87.47,3,0.169050,0.0000,0.025400,0
3095,87.14,3,0.163442,0.0000,0.027800,0
3096,86.81,3,0.150069,0.0000,0.028100,0
3097,86.41,3,0.138124,0.0000,0.028400,0
3098,86.14,3,0.127951,0.0000,0.027400,0
3099,86.14,3,0.107808,0.0000,0.028400,0
3100,85.75,3,0.113229,0.0000,0.028600,0
3101,85.48,3,0.127252,0.0000,0.027200,0
3102,85.15,3,0.123713,0.0000,0.026400,0
3103,85.15,3,0.106213,0.0000,0.028400,0
3104,84.75,3,0.104488,0.0000,0.027400,0
3105,84.48,3,0.098037,0.0000,0.028700,0
3106,84.15,3,0.092351,0.0000,0.028200,0
3107,84.09,17,0.051497,0.0000,0.047800,0
3108,83.49,17,0.044170,0.0000,0.044000,0
3109,83.16,17,0.038383,0.0000,0.041100,0
3110,83.16,17,0.033935,0.0000,0.048100,0
3111,82.36,17,0.040031,0.0000,0.041200,0
3112,81.76,17,0.047160,0.0000,0.044900,0
3113,81.50,17,0.036001,0.0000,0.046000,0
3114,81.37,17,0.043194,0.0000,0.045200,0
3115,80.50,17,0.042992,0.0000,0.047800,0
3116,80.50,17,0.032277,0.0000,0.043500,0
3117,80.37,17,0.039852,0.0000,0.042600,0
3118,79.77,17,0.045453,0.0000,0.043300,0
3119,79.51,17,0.044222,0.0000,0.039300,0
3120,79.11,17,0.037474,0.0000,0.042800,0
3121,79.11,17,0.038187,0.0000,0.041200,0
3122,78.58,17,0.037023,0.0000,0.044200,0
3123,78.45,17,0.043698,0.0000,0.045500,0
3124,78.45,17,0.029927,0.0000,0.048500,0
3125,78.05,3,0.065856,0.0000,0.026500,0
3126,77.52,11,2.225829,0.0000,0.227000,0
3127,77.52,11,1.159245,0.0000,0.230900,0
3128,77.19,11,1.337387,0.0000,0.233200,0
3129,77.12,11,1.635549,0.0000,0.233100,0
3130,76.25,2,2.180941,0.2000,0.400000,0
3131,76.08,2,2.478871,0.8000,0.400600,0
3132,75.75,2,2.667556,0.4000,0.400900,0
3133,75.00,14,3.409047,0.2000,0.596500,0
3134,74.42,14,4.082718,0.6000,0.595000,0
3135,74.00,6,4.706932,0.8000,0.778500,0
3136,73.75,6,5.285451,1.0000,0.775700,0
3137,73.42,6,5.907038,0.8000,0.764400,0
3138,73.08,15,6.523527,1.0000,0.853700,0
3139,72.67,15,7.206530,0.8000,0.855400,0
3140,72.42,15,7.808047,0.6000,0.854100,0
3141,72.08,15,8.383666,1.0000,0.854900,0
3142,71.67,1,9.066152,1.0000,0.901500,0
3143,71.42,1,9.622393,1.0000,0.900500,0
3144,71.08,1,10.117102,1.0000,0.893200,0
3145,70.67,1,10.587700,1.0000,0.899400,0
3146,70.00,10,11.248330,1.0000,0.900700,0
3147,69.75,10,11.705038,1.0000,0.904600,0
3148,68.75,10,12.438230,1.0000,0.899800,0
3149,68.42,10,12.788810,0.8000,0.896900,0
3150,68.00,10,13.188902,1.0000,0.901000,0
3151,67.67,10,13.518587,1.0000,0.899400,0
3152,67.42,4,13.732665,1.0000,0.876300,0
3153,67.08,4,13.916651,1.0000,0.877400,0
3154,67.08,4,13.913761,1.0000,0.874300,0
3155,66.42,4,14.275381,1.0000,0.877000,0
3156,66.42,4,14.136506,1.0000,0.874800,0
3157,66.08,4,14.054860,1.0000,0.874200,0
3158,65.67,4,13.944008,0.8000,0.877300,0
3159,65.33,4,14.424015,0.8000,0.874500,0
3160,65.08,4,14.560662,0.8000,0.878900,0
3161,65.00,10,14.041693,0.8000,0.900100,0
3162,64.42,10,13.374560,0.8000,0.904300,0
3163,64.33,10,13.419071,1.0000,0.898600,0
3164,64.08,10,13.373688,0.8000,0.898400,0
3165,63.42,10,13.313093,1.0000,0.899400,0
3166,63.08,10,13.110743,1.0000,0.899900,0
3167,62.67,10,13.212944,0.8000,0.902800,0
3168,62.42,10,13.148816,1.0000,0.903700,0
3169,62.08,10,12.958457,0.8000,0.897500,0
3170,61.42,10,12.804149,1.0000,0.897200,0
3171,61.42,10,12.753380,1.0000,0.905500,0
3172,60.42,10,12.709883,1.0000,0.898600,0
3173,60.08,10,12.579350,1.0000,0.903900,0
3174,60.00,10,12.735123,1.0000,0.901600,0
3175,59.42,10,13.139012,1.0000,0.899900,0
3176,59.00,10,13.201638,0.8000,0.897500,0
3177,58.42,4,13.876589,1.0000,0.872700,0
3178,58.08,4,14.195850,1.0000,0.874700,0
3179,57.42,4,14.724413,1.0000,0.877800,0
3180,56.50,4,15.126443,1.0000,0.870500,0
3181,55.42,4,16.355447,1.0000,0.879400,0
3182,55.00,4,16.494683,1.0000,0.877900,0
3183,54.42,4,17.616893,1.0000,0.878400,0
3184,54.08,7,18.328101,1.0000,0.842900,0
3185,53.42,7,18.557336,1.0000,0.849100,0
3186,53.08,7,18.903954,1.0000,0.841200,0
3187,53.08,7,19.318273,1.0000,0.839300,0
3188,52.42,7,20.049019,1.0000,0.839200,0
3189,52.08,7,20.181944,1.0000,0.838900,0
3190,52.08,7,20.072179,1.0000,0.839100,0
3191,51.42,7,20.707519,1.0000,0.842200,0
3192,51.08,7,20.404036,1.0000,0.841400,0
3193,51.08,7,20.266074,1.0000,0.841500,0
3194,50.42,7,20.396463,1.0000,0.847700,0
3195,50.08,7,19.951491,0.8000,0.849000,0
3196,49.67,7,19.432320,1.0000,0.847100,0
3197,49.42,7,18.951772,1.0000,0.840200,0
3198,49.08,7,18.332874,1.0000,0.848700,0
3199,48.42,4,17.681922,1.0000,0.880500,0
3200,48.00,4,17.033158,1.0000,0.879500,0
3201,47.42,4,16.107352,1.0000,0.878500,0
3202,47.42,4,16.323785,1.0000,0.883200,0
3203,47.08,4,15.916666,1.0000,0.879100,0
3204,47.00,10,13.534647,1.0000,0.895200,0
3205,46.73,10,12.593611,1.0000,0.896100,0
3206,46.48,10,11.598715,1.0000,0.902400,0
3207,46.48,1,10.573515,1.0000,0.903000,0
3208,46.29,1,9.298284,1.0000,0.897900,0
3209,46.10,15,8.233722,0.8000,0.858900,0
3210,45.78,15,7.312014,0.8000,0.864700,0
3211,45.72,6,6.707467,0.6000,0.777100,0
3212,45.72,15,6.363392,0.6000,0.859900,0
3213,45.34,6,5.720281,0.6000,0.773200,0
3214,44.83,14,4.234351,0.2000,0.609500,0
3215,44.45,14,3.703899,0.8000,0.606900,0
3216,43.50,14,3.080943,0.0000,0.605400,0
3217,43.12,2,2.501164,0.6000,0.396100,0
3218,42.93,2,2.076212,0.0000,0.396400,0
3219,42.49,11,1.578325,0.0000,0.232100,0
3220,42.17,11,1.180852,0.0000,0.234600,0
3221,41.98,11,0.979654,0.0000,0.230100,0
3222,41.60,5,0.702168,0.0000,0.161700,0
3223,41.41,5,0.596666,0.0000,0.158200,0
3224,41.34,9,0.459866,0.0000,0.100000,0
3225,41.03,9,0.444345,0.0000,0.091100,0
3226,40.58,9,0.433699,0.0000,0.092500,0
3227,40.20,9,0.433742,0.0000,0.094500,0
3228,40.01,9,0.422242,0.0000,0.091800,0
3229,40.01,9,0.449448,0.0000,0.096500,0
3230,39.19,9,0.428240,0.0000,0.095600,0
3231,39.19,9,0.407978,0.0000,0.098800,0
3232,38.17,9,0.398053,0.0000,0.096300,0
3233,38.05,9,0.368763,0.0000,0.095700,0
3234,37.48,9,0.368653,0.0000,0.093600,0
3235,37.48,9,0.382970,0.0000,0.093200,0
3236,37.22,9,0.366819,0.0000,0.098700,0
3237,36.78,9,0.369140,0.0000,0.089800,0
3238,36.46,9,0.350867,0.0000,0.098000,0
3239,36.27,9,0.337105,0.0000,0.092800,0
3240,35.51,9,0.224144,0.0000,0.092300,0
3241,35.51,9,0.267750,0.0000,0.097500,0
3242,35.26,9,0.187670,0.0000,0.091200,0
3243,35.26,17,0.165788,0.2000,0.045600,0
3244,34.69,17,0.140455,0.0000,0.045500,0
3245,34.25,17,0.148934,0.0000,0.044500,0
3246,34.25,17,0.165742,0.2000,0.047300,0
3247,33.36,17,0.145131,0.0000,0.041100,0
3248,32.85,17,0.116268,0.0000,0.045700,0
3249,32.72,17,0.103310,0.0000,0.043000,0
3250,32.28,17,0.093273,0.0000,0.046200,0
3251,32.09,17,0.096224,0.0000,0.045000,0
3252,31.84,17,0.107304,0.0000,0.041600,0
3253,31.33,17,0.091391,0.0000,0.045200,0
3254,31.33,17,0.090158,0.0000,0.050400,0
3255,30.51,17,0.122257,0.0000,0.044400,0
3256,30.44,17,0.111775,0.0000,0.048400,0
3257,29.87,17,0.129766,0.0000,0.042300,0
3258,29.36,17,0.148939,0.0000,0.042800,0
3259,29.36,17,0.165935,0.0000,0.045600,0
3260,28.41,9,0.187157,0.0000,0.096300,0
3261,28.41,9,0.208432,0.0000,0.091100,0
3262,27.91,9,0.231586,0.0000,0.096400,0
3263,27.91,9,0.259373,0.0000,0.094700,0
3264,27.34,9,0.269879,0.0000,0.091000,0
3265,26.83,9,0.274786,0.0000,0.098500,0
3266,26.45,9,0.285448,0.0000,0.090100,0
3267,26.45,9,0.294111,0.0000,0.097800,0
3268,26.39,9,0.298422,0.0000,0.097000,0
3269,26.39,9,0.284614,0.0000,0.095700,0
3270,25.43,9,0.253317,0.0000,0.096700,0
3271,25.37,9,0.271079,0.0000,0.099700,0
3272,25.37,9,0.274762,0.0000,0.093200,0
3273,24.48,9,0.235144,0.0000,0.092900,0
3274,24.42,9,0.202801,0.2000,0.094700,0
3275,23.72,9,0.181250,0.0000,0.093800,0
3276,23.47,17,0.168041,0.0000,0.045200,0
3277,22.71,17,0.138040,0.0000,0.050200,0
3278,22.46,17,0.134905,0.0000,0.046600,0
3279,22.46,17,0.126263,0.0000,0.046600,0
3280,22.01,17,0.132064,0.0000,0.044300,0
3281,21.44,17,0.151025,0.0000,0.044600,0
3282,21.38,17,0.136822,0.0000,0.045400,0
3283,21.38,17,0.146129,0.0000,0.048500,0
3284,20.49,9,0.176783,0.0000,0.095700,0
3285,20.49,17,0.169685,0.0000,0.043700,0
3286,19.35,17,0.155141,0.0000,0.044800,0
3287,19.35,17,0.120423,0.0000,0.046000,0
3288,18.78,17,0.156330,0.0000,0.044400,0
3289,18.53,17,0.156309,0.0000,0.044300,0
3290,18.08,17,0.164830,0.0000,0.046200,0
3291,18.08,17,0.160592,0.0000,0.044200,0
3292,17.76,17,0.159697,0.0000,0.042700,0
3293,17.51,17,0.162227,0.0000,0.041400,0
3294,17.51,17,0.161352,0.0000,0.045700,0
3295,16.56,17,0.166213,0.0000,0.045100,0
3296,16.12,17,0.169822,0.0000,0.045200,0
3297,16.12,9,0.175791,0.0000,0.095000,0
3298,15.67,9,0.174462,0.0000,0.095700,0
3299,15.67,17,0.170759,0.0000,0.041300,0
3300,14.03,17,0.170784,0.0000,0.044600,0
3301,13.45,9,0.186101,0.0000,0.094200,0
3302,13.01,9,0.188021,0.0000,0.101200,0
3303,12.57,11,1.861434,0.0000,0.238300,0
3304,12.08,2,2.054809,0.0000,0.407200,0
3305,12.08,2,2.157320,0.4000,0.392700,0
3306,11.75,2,2.614694,0.0000,0.406600,0
3307,11.42,14,3.102052,0.4000,0.603400,0
3308,11.08,14,3.586879,0.4000,0.606600,0
3309,11.08,14,3.878509,0.6000,0.593600,0
3310,10.75,6,4.311976,0.6000,0.770300,0
3311,10.42,6,4.622834,0.6000,0.774100,0
3312,10.23,6,4.857478,1.0000,0.769500,0
3313,9.75,6,5.216470,0.8000,0.776500,0
3314,9.42,6,5.516907,0.8000,0.767700,0
3315,9.00,6,5.827320,1.0000,0.775800,0
3316,8.75,15,6.273388,1.0000,0.856800,0
3317,8.71,15,6.822683,0.8000,0.860100,0
3318,8.42,15,7.156931,1.0000,0.851800,0
3319,8.08,15,7.418473,0.8000,0.857000,0
3320,6.89,15,8.363730,1.0000,0.861900,0
3321,6.51,1,8.850231,1.0000,0.899400,0
3322,6.44,1,9.142164,1.0000,0.894600,0
3323,5.42,1,9.956377,0.8000,0.903300,0
3324,4.86,1,10.624047,1.0000,0.899400,0
3325,4.48,10,11.312755,1.0000,0.900000,0
3326,3.66,10,12.759633,1.0000,0.902100,0
3327,2.72,4,15.296541,1.0000,0.872300,0
3328,2.48,4,16.144634,0.8000,0.875800,0
3329,1.98,4,18.415940,1.0000,0.877300,0
3330,1.85,7,19.458182,1.0000,0.842100,0
3331,1.72,7,20.651903,0.8000,0.840100,0
3332,0.93,7,25.739148,1.0000,0.847600,0
3333,0.76,18,28.680274,1.0000,0.898900,0
3334,0.61,18,29.162225,0.8000,0.901300,0
3335,0.25,18,35.579059,1.0000,0.900500,0
3336,0.12,18,42.511955,1.0000,0.899700,0
3337,0.06,18,51.335313,1.0000,0.901400,0
