t,days_to_reentry,M2_cell,H_t,p_t,P_forward,artifact_flag
0,1166.50,19,1.156186,0.0000,0.017700,0
1,1166.42,19,1.060689,0.0000,0.016800,0
2,1166.08,19,0.874724,0.0000,0.020200,0
3,1165.75,19,0.681585,0.0000,0.018600,0
4,1165.42,0,0.458527,0.0000,0.019900,0
5,1165.08,3,0.179532,0.0000,0.031500,0
6,1164.42,9,0.295835,0.2000,0.089900,0
7,1163.75,5,0.580461,0.0000,0.158100,0
8,1163.58,5,0.848042,0.0000,0.158000,0
9,1163.08,11,1.069093,0.0000,0.225800,0
10,1162.75,11,1.303342,0.0000,0.231100,0
11,1162.42,11,1.358567,0.0000,0.227200,0
12,1162.17,11,1.451572,0.0000,0.227300,0
13,1162.08,11,1.518065,0.4000,0.227700,0
14,1161.75,11,1.518997,0.2000,0.225100,0
15,1161.42,11,1.344822,0.0000,0.233100,0
16,1161.08,11,1.235635,0.0000,0.225500,0
17,1160.42,11,1.086970,0.0000,0.223300,0
18,1160.08,11,0.995965,0.0000,0.230100,0
19,1159.50,5,0.845997,0.0000,0.160800,0
20,1159.50,11,0.972937,0.2000,0.224100,0
21,1158.50,9,0.545348,0.0000,0.097100,0
22,1158.42,9,0.344092,0.0000,0.088500,0
23,1158.08,9,0.280864,0.0000,0.092500,0
24,1158.00,9,0.267962,0.0000,0.091400,0
25,1157.75,9,0.259968,0.0000,0.094100,0
26,1157.42,9,0.298614,0.0000,0.095300,0
27,1157.08,9,0.287805,0.0000,0.091000,0
28,1156.42,9,0.291516,0.0000,0.090200,0
29,1156.08,9,0.294661,0.0000,0.089600,0
30,1155.83,9,0.285801,0.0000,0.095500,0
31,1155.58,9,0.313997,0.0000,0.098400,0
32,1155.08,9,0.304926,0.0000,0.090900,0
33,1154.83,9,0.297746,0.2000,0.094400,0
34,1154.42,9,0.309549,0.0000,0.090500,0
35,1154.08,9,0.300415,0.0000,0.097000,0
36,1153.75,9,0.302375,0.0000,0.093500,0
37,1153.08,9,0.300427,0.0000,0.092700,0
38,1152.75,9,0.306211,0.0000,0.095300,0
39,1152.42,9,0.297612,0.0000,0.091300,0
40,1152.08,9,0.296982,0.0000,0.096200,0
41,1151.75,9,0.303978,0.0000,0.094000,0
42,1151.42,9,0.293851,0.0000,0.094900,0
43,1151.08,9,0.295387,0.0000,0.094600,0
44,1150.50,9,0.293585,0.0000,0.099400,0
45,1150.08,9,0.269904,0.0000,0.097800,0
46,1149.83,9,0.277442,0.0000,0.094800,0
47,1149.75,9,0.239103,0.0000,0.093700,0
48,1149.42,9,0.237595,0.0000,0.097400,0
49,1148.42,9,0.272783,0.0000,0.095100,0
50,1148.08,9,0.304787,0.0000,0.095200,0
51,1147.75,9,0.351852,0.0000,0.096900,0
52,1147.42,9,0.384815,0.0000,0.093800,0
53,1147.08,9,0.342429,0.0000,0.095200,0
54,1146.42,9,0.362541,0.2000,0.093100,0
55,1146.08,9,0.352177,0.0000,0.097000,0
56,1145.42,9,0.316437,0.0000,0.093800,0
57,1145.08,9,0.278682,0.0000,0.096100,0
58,1144.42,9,0.284707,0.0000,0.090100,0
59,1144.08,9,0.279544,0.0000,0.096900,0
60,1143.75,9,0.302602,0.0000,0.094200,0
61,1143.42,9,0.285286,0.0000,0.098000,0
62,1143.08,9,0.274615,0.0000,0.095700,0
63,1142.42,9,0.330307,0.0000,0.097300,0
64,1142.08,9,0.335335,0.0000,0.092100,0
65,1141.92,9,0.340050,0.0000,0.092300,0
66,1141.50,9,0.341022,0.2000,0.092200,0
67,1141.42,9,0.354934,0.0000,0.087800,0
68,1141.25,9,0.327504,0.0000,0.100000,0
69,1140.83,9,0.359804,0.0000,0.087600,0
70,1140.50,9,0.371260,0.0000,0.101800,0
71,1140.33,9,0.371047,0.0000,0.095500,0
72,1139.75,9,0.396515,0.2000,0.089400,0
73,1139.42,9,0.454902,0.0000,0.096700,0
74,1139.08,9,0.479638,0.0000,0.097800,0
75,1138.75,5,0.517326,0.0000,0.158300,0
76,1138.50,5,0.526888,0.0000,0.159800,0
77,1138.42,9,0.399229,0.0000,0.091800,0
78,1138.30,9,0.273980,0.0000,0.092500,0
79,1138.08,9,0.260883,0.0000,0.099300,0
80,1137.42,9,0.380149,0.0000,0.094500,0
81,1137.09,9,0.355093,0.0000,0.094100,0
82,1137.08,9,0.333916,0.0000,0.095400,0
83,1136.42,9,0.320277,0.0000,0.094900,0
84,1136.08,9,0.303910,0.0000,0.095300,0
85,1135.75,9,0.294753,0.0000,0.090200,0
86,1135.44,9,0.253422,0.0000,0.092700,0
87,1135.42,9,0.234295,0.0000,0.089800,0
88,1135.08,9,0.195054,0.0000,0.094100,0
89,1134.75,9,0.185104,0.0000,0.093000,0
90,1134.42,17,0.162654,0.0000,0.044200,0
91,1134.08,17,0.139970,0.0000,0.046800,0
92,1133.41,17,0.132838,0.0000,0.043000,0
93,1133.17,17,0.126403,0.0000,0.046700,0
94,1132.83,17,0.121057,0.0000,0.045300,0
95,1132.77,17,0.120620,0.0000,0.044100,0
96,1132.25,17,0.125317,0.0000,0.044400,0
97,1131.83,17,0.152104,0.0000,0.044800,0
98,1131.17,17,0.133575,0.0000,0.050000,0
99,1131.08,17,0.117022,0.0000,0.048500,0
100,1130.55,17,0.118751,0.0000,0.044200,0
101,1130.48,17,0.132514,0.0000,0.043700,0
102,1130.08,17,0.121939,0.0000,0.044200,0
103,1129.79,17,0.105502,0.0000,0.047100,0
104,1129.75,17,0.105915,0.0000,0.045700,0
105,1129.47,17,0.090783,0.0000,0.045500,0
106,1129.08,17,0.084460,0.0000,0.047200,0
107,1128.77,17,0.091056,0.0000,0.042600,0
108,1128.42,17,0.089111,0.0000,0.041200,0
109,1128.08,17,0.092190,0.0000,0.048000,0
110,1127.75,17,0.082452,0.0000,0.045100,0
111,1127.42,17,0.087857,0.0000,0.041200,0
112,1127.08,17,0.103129,0.0000,0.044000,0
113,1126.42,17,0.111984,0.0000,0.046800,0
114,1126.08,17,0.116043,0.0000,0.046700,0
115,1125.53,17,0.108754,0.0000,0.040700,0
116,1125.08,17,0.032967,0.0000,0.045600,0
117,1124.75,17,0.020545,0.0000,0.047700,0
118,1124.17,17,0.012122,0.0000,0.046000,0
119,1124.08,17,0.028491,0.0000,0.048200,0
120,1123.75,17,0.021834,0.0000,0.049000,0
121,1123.42,17,0.023417,0.0000,0.044300,0
122,1123.08,17,0.076663,0.0000,0.047100,0
123,1122.92,17,0.083854,0.0000,0.041800,0
124,1122.42,17,0.076335,0.0000,0.047000,0
125,1122.08,17,0.078814,0.0000,0.045800,0
126,1121.83,17,0.080666,0.0000,0.046700,0
127,1121.33,17,0.072564,0.0000,0.044200,0
128,1120.75,17,0.059694,0.0000,0.049600,0
129,1120.42,17,0.054116,0.0000,0.045500,0
130,1120.08,17,0.041263,0.0000,0.044900,0
131,1119.75,17,0.058573,0.0000,0.046200,0
132,1119.17,17,0.068556,0.0000,0.042900,0
133,1116.08,5,0.626701,0.0000,0.162000,0
134,1115.75,9,0.466719,0.0000,0.095300,0
135,1115.42,9,0.359420,0.0000,0.097400,0
136,1115.08,9,0.399587,0.0000,0.091500,0
137,1114.17,9,0.415222,0.0000,0.093400,0
138,1113.75,9,0.278359,0.0000,0.094100,0
139,1113.42,17,0.048860,0.0000,0.045100,0
140,1113.13,17,0.032400,0.0000,0.045200,0
141,1113.08,3,0.197000,0.0000,0.027400,0
142,1112.42,3,0.328709,0.0000,0.028800,0
143,1112.08,0,0.487887,0.0000,0.021800,0
144,1111.75,19,0.763062,0.0000,0.019100,0
145,1111.42,19,0.958343,0.0000,0.019300,0
146,1111.08,19,1.215371,0.0000,0.017800,0
147,1110.58,12,1.491718,0.0000,0.043900,0
148,1110.17,12,1.381954,0.0000,0.041300,0
149,1110.08,12,1.289794,0.0000,0.044900,0
150,1109.42,19,1.133632,0.0000,0.018900,0
151,1109.33,19,0.954232,0.0000,0.020300,0
152,1107.75,19,0.703060,0.0000,0.019700,0
153,1107.42,3,0.377618,0.0000,0.027700,0
154,1107.33,17,0.194564,0.0000,0.047200,0
155,1107.33,9,0.490962,0.0000,0.100300,0
156,1106.08,5,0.906061,0.0000,0.165500,0
157,1105.42,11,1.251705,0.0000,0.229500,0
158,1105.08,11,1.568140,0.0000,0.232400,0
159,1104.75,2,1.833733,0.6000,0.403400,0
160,1104.42,2,1.998793,0.0000,0.400800,0
161,1103.75,2,2.068916,0.2000,0.396300,0
162,1103.17,2,1.778098,0.2000,0.391600,0
163,1103.08,2,1.814080,0.4000,0.396600,0
164,1102.75,2,1.699673,0.0000,0.395100,0
165,1102.42,11,1.499203,0.2000,0.230800,0
166,1102.08,11,1.341549,0.0000,0.226200,0
167,1101.75,11,1.110230,0.0000,0.222400,0
168,1101.08,11,1.006480,0.0000,0.222200,0
169,1101.08,11,1.150823,0.0000,0.227700,0
170,1100.42,9,0.656696,0.0000,0.100400,0
171,1100.25,9,0.385579,0.0000,0.093000,0
172,1100.08,9,0.376353,0.2000,0.096600,0
173,1099.75,9,0.363586,0.2000,0.096000,0
174,1099.50,9,0.203699,0.0000,0.087600,0
175,1099.08,9,0.182422,0.0000,0.093200,0
176,1099.00,9,0.210398,0.0000,0.090000,0
177,1098.08,17,0.049133,0.0000,0.049500,0
178,1097.75,17,0.055033,0.0000,0.044000,0
179,1097.50,17,0.121715,0.0000,0.047200,0
180,1097.08,17,0.140834,0.0000,0.045700,0
181,1096.75,17,0.121402,0.0000,0.044100,0
182,1096.24,17,0.135765,0.0000,0.045100,0
183,1096.08,17,0.141868,0.0000,0.041600,0
184,1095.42,17,0.147224,0.0000,0.044800,0
185,1095.08,17,0.155874,0.0000,0.043700,0
186,1094.75,17,0.166462,0.0000,0.047200,0
187,1094.08,17,0.141157,0.0000,0.048400,0
188,1093.75,17,0.171367,0.0000,0.044000,0
189,1093.50,9,0.178324,0.0000,0.091800,0
190,1093.08,9,0.189425,0.0000,0.095700,0
191,1092.83,17,0.141136,0.0000,0.045200,0
192,1092.50,9,0.188076,0.0000,0.092000,0
193,1092.08,17,0.172231,0.0000,0.045200,0
194,1091.75,17,0.155115,0.0000,0.043700,0
195,1091.42,17,0.084045,0.0000,0.045300,0
196,1091.08,17,0.063071,0.0000,0.045400,0
197,1090.42,17,0.069779,0.0000,0.047700,0
198,1090.08,17,0.043875,0.0000,0.047900,0
199,1089.75,17,0.053532,0.0000,0.045400,0
200,1089.42,17,0.056401,0.0000,0.041400,0
201,1089.08,17,0.011509,0.0000,0.049100,0
202,1088.75,17,0.019518,0.0000,0.050300,0
203,1088.08,17,0.017221,0.0000,0.042400,0
204,1087.75,17,0.029921,0.0000,0.047800,0
205,1087.08,17,0.050148,0.0000,0.046000,0
206,1086.67,17,0.051517,0.0000,0.046400,0
207,1086.42,3,0.057749,0.0000,0.030800,0
208,1086.08,3,0.075785,0.0000,0.029100,0
209,1085.75,17,0.045378,0.0000,0.047400,0
210,1085.50,17,0.047046,0.0000,0.044500,0
211,1085.08,17,0.033883,0.0000,0.047100,0
212,1084.42,17,0.029918,0.0000,0.045300,0
213,1084.17,17,0.010634,0.0000,0.046200,0
214,1083.42,17,0.007209,0.0000,0.043900,0
215,1083.08,17,0.017962,0.0000,0.046400,0
216,1082.42,17,0.023083,0.0000,0.040100,0
217,1082.08,17,0.025019,0.0000,0.048600,0
218,1081.85,17,0.045161,0.0000,0.045700,0
219,1081.47,17,0.034124,0.0000,0.048500,0
220,1081.41,17,0.018313,0.0000,0.046100,0
221,1081.34,17,0.027686,0.0000,0.045400,0
222,1080.75,17,0.024831,0.0000,0.043500,0
223,1080.42,17,0.023148,0.0000,0.047600,0
224,1080.17,17,0.020419,0.0000,0.042500,0
225,1079.75,17,0.029048,0.0000,0.046500,0
226,1079.08,17,0.036014,0.0000,0.043900,0
227,1078.75,17,0.045380,0.0000,0.045900,0
228,1078.58,17,0.043167,0.0000,0.045800,0
229,1078.08,9,0.249428,0.0000,0.090500,0
230,1077.83,9,0.218161,0.0000,0.096100,0
231,1077.08,17,0.114292,0.0000,0.047000,0
232,1076.75,17,0.029025,0.0000,0.045600,0
233,1076.42,17,0.084175,0.0000,0.044500,0
234,1076.08,11,1.540738,0.0000,0.227300,0
235,1075.75,5,0.908490,0.0000,0.164200,0
236,1075.42,5,0.918080,0.0000,0.156900,0
237,1075.08,5,0.827031,0.0000,0.150600,0
238,1074.75,5,0.724107,0.0000,0.158900,0
239,1074.50,5,0.682863,0.0000,0.158200,0
240,1074.42,5,0.631537,0.0000,0.157600,0
241,1074.08,9,0.451885,0.0000,0.097600,0
242,1073.75,9,0.306422,0.0000,0.094200,0
243,1073.42,17,0.112450,0.0000,0.048800,0
244,1073.08,3,0.135698,0.0000,0.029400,1
245,1072.75,3,0.275179,0.0000,0.027400,0
246,1072.58,3,0.140331,0.0000,0.028600,0
247,1072.08,3,0.229720,0.0000,0.024700,0
248,1071.75,3,0.134706,0.0000,0.029200,0
249,1071.42,3,0.127158,0.0000,0.027500,0
250,1071.08,3,0.178019,0.0000,0.030900,0
251,1070.75,3,0.186344,0.0000,0.027600,0
252,1070.42,17,0.062089,0.0000,0.041800,0
253,1070.08,17,0.160888,0.0000,0.042100,0
254,1069.75,9,0.311126,0.0000,0.098000,0
255,1069.42,9,0.411614,0.0000,0.095600,0
256,1069.08,5,0.524085,0.0000,0.159700,0
257,1068.75,5,0.653648,0.0000,0.159200,0
258,1068.58,11,1.117005,0.0000,0.230000,0
259,1068.08,5,0.891620,0.2000,0.158200,0
260,1068.00,11,0.993965,0.0000,0.223100,0
261,1067.75,11,1.009310,0.0000,0.228400,0
262,1067.42,5,0.890037,0.0000,0.159100,0
263,1067.08,5,0.713068,0.0000,0.153900,0
264,1066.75,5,0.939925,0.2000,0.151800,0
265,1066.42,11,1.177666,0.0000,0.234500,0
266,1066.08,11,1.428058,0.0000,0.228300,0
267,1065.75,11,1.332103,0.0000,0.228100,0
268,1065.42,11,1.122533,0.0000,0.226900,0
269,1065.08,11,1.091845,0.0000,0.224900,0
270,1064.75,11,1.149433,0.0000,0.228500,0
271,1064.42,11,1.199058,0.0000,0.230200,0
272,1064.08,11,1.406049,0.0000,0.237700,0
273,1063.75,2,1.667972,0.2000,0.398800,0
274,1063.42,11,1.558585,0.0000,0.225500,0
275,1063.08,11,1.340436,0.0000,0.229100,0
276,1062.75,11,1.205093,0.0000,0.227400,0
277,1062.42,11,1.004203,0.2000,0.229000,0
278,1062.08,11,1.182249,0.0000,0.223500,0
279,1061.83,11,1.149426,0.0000,0.224400,0
280,1061.58,11,1.241842,0.0000,0.237900,0
281,1061.17,5,0.888871,0.0000,0.153900,0
282,1061.08,5,0.652488,0.0000,0.155700,0
283,1060.75,5,0.761133,0.0000,0.156700,0
284,1060.42,11,0.972111,0.0000,0.222600,0
285,1060.08,11,1.255356,0.2000,0.224500,0
286,1059.75,11,1.362908,0.0000,0.228300,0
287,1059.42,11,1.263328,0.0000,0.224500,0
288,1059.08,11,1.351882,0.0000,0.233300,0
289,1058.75,11,1.229446,0.0000,0.228600,0
290,1058.42,11,1.325904,0.0000,0.227800,0
291,1058.08,11,1.142299,0.0000,0.227400,0
292,1057.75,11,1.297770,0.0000,0.233400,0
293,1057.42,11,1.340038,0.0000,0.226700,0
294,1057.08,11,1.373218,0.0000,0.221000,0
295,1056.75,11,1.476455,0.0000,0.225500,0
296,1056.42,11,1.543720,0.2000,0.231700,0
297,1056.08,11,1.567526,0.2000,0.231400,0
298,1055.75,11,1.572619,0.0000,0.231200,0
299,1055.42,11,1.603621,0.4000,0.229600,0
300,1055.08,2,1.684478,0.2000,0.396700,0
301,1054.75,2,1.723621,0.0000,0.403900,0
302,1054.58,2,1.673959,0.0000,0.399100,0
303,1054.08,2,1.773341,0.0000,0.401500,0
304,1053.50,2,1.661848,0.0000,0.389800,0
305,1053.42,2,1.712286,0.2000,0.394900,0
306,1053.08,11,1.595946,0.2000,0.227900,0
307,1052.75,11,1.524060,0.0000,0.231600,0
308,1052.42,11,1.489306,0.0000,0.226900,0
309,1052.08,11,1.410000,0.2000,0.224600,0
310,1051.75,11,1.390336,0.0000,0.231700,0
311,1051.42,11,1.242775,0.0000,0.228100,0
312,1051.17,11,1.393529,0.0000,0.226100,0
313,1050.75,11,1.286044,0.0000,0.231300,0
314,1050.42,11,1.462363,0.0000,0.226700,0
315,1050.08,11,1.227996,0.0000,0.221900,0
316,1049.75,11,1.163227,0.0000,0.228600,0
317,1049.42,11,1.185467,0.2000,0.227700,0
318,1049.08,11,1.283205,0.0000,0.226300,0
319,1048.75,11,1.336936,0.0000,0.223400,0
320,1048.42,11,1.350247,0.2000,0.226400,0
321,1048.17,11,1.360929,0.0000,0.224400,0
322,1047.75,11,1.382193,0.0000,0.230900,0
323,1047.20,11,1.439477,0.0000,0.229400,0
324,1046.75,11,1.498819,0.0000,0.223600,0
325,1046.08,11,1.582177,0.6000,0.227800,0
326,1046.00,2,1.692945,0.2000,0.396600,0
327,1045.17,2,1.769711,0.0000,0.398200,0
328,1044.75,2,1.865212,0.0000,0.405300,0
329,1044.25,2,1.923958,0.2000,0.397600,0
330,1043.75,2,1.998483,0.0000,0.395700,0
331,1043.33,2,2.027466,0.4000,0.397000,0
332,1042.58,2,1.965777,0.2000,0.403900,0
333,1042.08,2,1.888331,0.0000,0.394800,0
334,1041.42,2,1.880277,0.2000,0.404400,0
335,1041.17,2,1.797669,0.6000,0.400700,0
336,1040.75,2,1.682710,0.4000,0.391500,0
337,1040.50,11,1.546528,0.2000,0.230200,0
338,1040.08,11,1.398146,0.0000,0.228300,0
339,1039.42,11,1.224767,0.0000,0.223100,0
340,1039.16,11,1.040746,0.0000,0.223900,0
341,1038.67,5,0.823809,0.0000,0.156900,0
342,1038.23,9,0.494781,0.0000,0.093500,0
343,1038.10,17,0.189667,0.0000,0.046300,0
344,1037.42,17,0.065621,0.0000,0.047300,0
345,1037.08,3,0.106288,0.0000,0.024800,1
346,1036.83,3,0.175142,0.0000,0.027300,0
347,1036.42,3,0.165934,0.0000,0.029600,0
348,1036.08,3,0.171485,0.0000,0.026700,0
349,1035.75,3,0.169408,0.0000,0.030200,0
350,1035.42,3,0.163463,0.0000,0.025400,0
351,1035.25,3,0.166425,0.0000,0.028800,0
352,1035.08,3,0.162156,0.0000,0.032400,0
353,1034.42,3,0.197709,0.0000,0.031000,0
354,1034.25,3,0.172990,0.0000,0.027700,0
355,1034.08,3,0.169260,0.0000,0.027800,0
356,1033.50,3,0.174293,0.0000,0.026500,0
357,1033.17,3,0.162876,0.0000,0.027000,0
358,1033.08,3,0.145197,0.0000,0.027200,0
359,1032.42,3,0.149030,0.0000,0.025400,0
360,1032.08,3,0.156659,0.0000,0.028400,0
361,1031.50,3,0.167784,0.0000,0.029200,0
362,1031.42,3,0.159829,0.0000,0.028900,0
363,1031.33,3,0.174465,0.0000,0.028500,0
364,1031.25,3,0.182673,0.0000,0.026500,0
365,1031.00,3,0.179409,0.0000,0.027400,0
366,1030.58,3,0.179605,0.0000,0.030700,0
367,1030.42,3,0.183279,0.0000,0.026500,0
368,1030.42,3,0.195294,0.0000,0.030700,0
369,1030.42,3,0.184545,0.0000,0.027700,0
370,1029.92,3,0.190324,0.0000,0.028000,0
371,1029.58,3,0.210295,0.0000,0.026800,0
372,1029.33,17,0.061505,0.0000,0.048300,0
373,1029.33,3,0.223559,0.0000,0.027600,0
374,1029.08,17,0.047277,0.0000,0.043100,0
375,1028.92,17,0.010617,0.0000,0.049000,0
376,1028.83,17,0.000995,0.0000,0.047500,0
377,1028.58,17,0.063624,0.0000,0.041400,0
378,1028.42,17,0.038823,0.0000,0.042700,0
379,1028.33,17,0.036867,0.0000,0.044600,0
380,1028.17,17,0.029042,0.0000,0.048800,0
381,1028.08,17,0.010905,0.0000,0.046200,0
382,1027.92,17,0.030202,0.0000,0.042800,0
383,1027.58,17,0.020738,0.0000,0.044700,0
384,1027.50,3,0.069189,0.0000,0.028600,0
385,1027.42,3,0.087623,0.0000,0.027900,0
386,1027.25,3,0.069135,0.0000,0.027900,0
387,1027.17,3,0.111303,0.0000,0.025200,0
388,1027.08,3,0.122521,0.0000,0.027400,0
389,1026.83,3,0.092672,0.0000,0.027400,0
390,1026.83,3,0.061879,0.0000,0.026900,0
391,1026.58,17,0.041394,0.0000,0.042200,0
392,1026.42,17,0.028784,0.0000,0.044500,0
393,1026.42,17,0.012579,0.0000,0.044100,0
394,1026.28,3,0.294726,0.0000,0.031200,0
395,1026.08,3,0.274840,0.0000,0.030100,0
396,1026.08,3,0.266204,0.0000,0.029600,0
397,1025.75,3,0.276658,0.0000,0.030300,0
398,1025.67,3,0.275972,0.0000,0.028400,0
399,1025.42,3,0.274049,0.0000,0.028000,0
400,1025.33,3,0.265222,0.0000,0.029000,0
401,1025.33,3,0.255426,0.0000,0.027000,0
402,1025.33,3,0.253845,0.0000,0.026500,0
403,1025.08,3,0.270258,0.0000,0.026900,0
404,1025.00,3,0.268099,0.0000,0.030100,0
405,1024.83,3,0.253977,0.0000,0.029300,0
406,1024.58,3,0.248193,0.0000,0.028400,0
407,1024.50,3,0.248554,0.0000,0.028200,0
408,1024.42,3,0.252439,0.0000,0.025400,0
409,1024.33,3,0.258660,0.0000,0.027100,0
410,1024.08,3,0.255595,0.0000,0.028600,0
411,1023.92,3,0.256592,0.0000,0.030400,0
412,1023.92,3,0.259032,0.0000,0.028100,0
413,1023.83,3,0.262085,0.0000,0.030600,0
414,1023.83,3,0.267782,0.0000,0.023400,0
415,1023.75,3,0.268333,0.0000,0.027200,0
416,1023.67,3,0.267292,0.0000,0.028800,0
417,1023.50,3,0.253141,0.0000,0.030600,0
418,1023.33,3,0.255003,0.0000,0.027200,0
419,1023.17,3,0.255827,0.0000,0.027600,0
420,1023.08,3,0.255308,0.0000,0.025400,0
421,1023.00,3,0.254340,0.0000,0.029800,0
422,1022.83,3,0.253592,0.0000,0.027900,0
423,1022.67,3,0.255298,0.0000,0.028100,0
424,1022.42,17,0.045224,0.0000,0.046800,0
425,1022.08,17,0.014596,0.0000,0.044800,0
426,1021.83,17,0.001772,0.0000,0.045800,0
427,1021.75,17,0.048708,0.0000,0.044400,0
428,1021.67,3,0.079421,0.0000,0.026100,0
429,1021.08,3,0.119157,0.0000,0.026800,0
430,1021.08,3,0.097596,0.0000,0.028100,0
431,1021.00,3,0.182377,0.0000,0.028900,0
432,1020.83,3,0.147314,0.0000,0.028500,0
433,1020.67,3,0.167499,0.0000,0.026900,0
434,1020.42,3,0.191930,0.0000,0.025100,0
435,1020.33,3,0.208754,0.0000,0.028700,0
436,1020.08,3,0.227454,0.0000,0.028000,0
437,1019.83,3,0.237849,0.0000,0.029100,0
438,1019.67,3,0.229826,0.0000,0.028600,0
439,1019.42,3,0.227646,0.0000,0.026000,0
440,1019.33,3,0.232430,0.0000,0.030600,0
441,1019.25,3,0.225520,0.0000,0.029300,0
442,1018.83,3,0.213935,0.0000,0.027500,0
443,1018.58,3,0.203151,0.0000,0.028200,0
444,1018.42,3,0.188446,0.0000,0.025300,0
445,1018.33,3,0.170349,0.0000,0.026500,0
446,1018.33,3,0.167403,0.0000,0.024900,0
447,1018.17,3,0.150660,0.0000,0.027100,0
448,1018.08,3,0.157602,0.0000,0.027900,0
449,1017.83,3,0.149170,0.0000,0.031400,0
450,1017.67,3,0.112572,0.0000,0.027000,0
451,1017.58,3,0.071861,0.0000,0.028300,0
452,1017.42,17,0.038034,0.0000,0.040900,0
453,1017.33,17,0.024966,0.0000,0.043500,0
454,1017.17,17,0.062627,0.0000,0.046800,0
455,1017.08,17,0.159887,0.0000,0.045700,0
456,1016.75,9,0.172950,0.0000,0.096900,0
457,1016.67,17,0.168999,0.0000,0.040400,0
458,1016.42,17,0.096995,0.0000,0.045200,0
459,1016.33,17,0.028773,0.0000,0.047200,0
460,1016.33,17,0.027577,0.0000,0.044200,0
461,1016.17,17,0.050439,0.0000,0.041400,0
462,1016.08,3,0.054439,0.0000,0.027300,0
463,1015.92,3,0.069855,0.0000,0.024800,0
464,1015.83,3,0.067478,0.0000,0.028600,0
465,1015.75,3,0.073857,0.0000,0.026300,0
466,1015.67,3,0.106434,0.0000,0.029500,0
467,1015.50,3,0.104866,0.0000,0.030400,0
468,1015.33,3,0.127876,0.0000,0.027800,0
469,1015.17,3,0.117270,0.0000,0.029700,0
470,1015.08,3,0.109012,0.0000,0.029800,0
471,1014.92,3,0.106839,0.0000,0.024100,0
472,1014.92,3,0.096705,0.0000,0.027000,0
473,1014.75,3,0.093897,0.0000,0.026400,0
474,1014.58,3,0.084253,0.0000,0.029600,0
475,1014.25,3,0.068143,0.0000,0.031100,0
476,1014.08,17,0.053935,0.0000,0.041300,0
477,1014.00,17,0.044020,0.0000,0.047600,0
478,1013.83,17,0.011866,0.0000,0.047300,0
479,1013.42,17,0.088951,0.0000,0.044700,0
480,1013.33,17,0.100407,0.0000,0.046600,0
481,1013.17,17,0.055454,0.0000,0.049300,0
482,1013.08,17,0.048696,0.0000,0.042800,0
483,1013.00,3,0.100285,0.0000,0.025900,0
484,1013.00,3,0.097341,0.0000,0.030900,0
485,1012.83,3,0.115167,0.0000,0.024900,0
486,1012.58,3,0.106588,0.0000,0.029000,0
487,1012.50,3,0.117590,0.0000,0.030400,0
488,1012.42,3,0.099465,0.0000,0.029200,0
489,1012.17,3,0.116262,0.0000,0.026200,0
490,1012.17,3,0.112127,0.0000,0.029100,0
491,1011.67,3,0.134189,0.0000,0.029400,0
492,1011.58,3,0.115814,0.0000,0.027800,0
493,1011.42,3,0.104965,0.0000,0.028200,0
494,1011.33,3,0.116063,0.0000,0.026500,0
495,1011.17,3,0.170627,0.0000,0.032100,0
496,1011.08,3,0.171106,0.0000,0.028500,0
497,1010.83,3,0.135488,0.0000,0.024600,0
498,1010.75,3,0.087421,0.0000,0.025000,0
499,1010.67,3,0.098870,0.0000,0.026700,0
500,1010.50,3,0.072356,0.0000,0.029100,0
501,1010.33,17,0.006517,0.0000,0.047000,0
502,1010.08,17,0.031970,0.0000,0.045600,0
503,1009.83,17,0.110651,0.0000,0.048400,0
504,1009.75,17,0.152697,0.0000,0.040800,0
505,1009.67,17,0.134676,0.0000,0.044100,0
506,1009.50,17,0.131538,0.0000,0.042500,0
507,1009.25,17,0.152769,0.0000,0.046600,0
508,1009.08,17,0.153104,0.0000,0.045600,0
509,1008.83,9,0.179361,0.0000,0.092300,0
510,1008.75,9,0.180213,0.0000,0.100000,0
511,1008.58,17,0.171408,0.0000,0.041100,0
512,1008.50,17,0.170534,0.0000,0.046800,0
513,1008.33,17,0.163140,0.0000,0.042700,0
514,1007.83,17,0.157264,0.0000,0.045800,0
515,1007.50,17,0.105118,0.0000,0.047000,0
516,1007.42,17,0.045051,0.0000,0.047100,0
517,1007.33,17,0.033574,0.0000,0.048500,0
518,1007.08,17,0.016625,0.0000,0.046600,0
519,1006.83,17,0.034681,0.0000,0.042100,0
520,1006.58,17,0.037802,0.0000,0.046000,0
521,1006.50,17,0.025300,0.0000,0.044500,0
522,1006.42,17,0.010331,0.0000,0.046800,0
523,1006.33,17,0.022331,0.0000,0.041700,0
524,1006.17,17,0.057885,0.0000,0.043600,0
525,1006.08,17,0.101431,0.0000,0.046100,0
526,1006.00,17,0.107622,0.0000,0.047400,0
527,1005.83,17,0.089885,0.0000,0.045100,0
528,1005.58,17,0.112072,0.0000,0.043600,0
529,1005.50,17,0.111529,0.0000,0.047400,0
530,1005.17,17,0.128171,0.0000,0.045600,0
531,1005.08,17,0.151207,0.0000,0.045400,0
532,1004.92,17,0.157591,0.0000,0.044200,0
533,1004.83,17,0.124687,0.0000,0.045900,0
534,1004.75,17,0.101163,0.0000,0.044700,0
535,1004.58,17,0.118815,0.0000,0.047800,0
536,1004.50,17,0.144658,0.0000,0.044500,0
537,1004.33,17,0.154904,0.0000,0.044300,0
538,1004.17,9,0.187269,0.0000,0.086100,0
539,1004.17,9,0.182838,0.0000,0.091800,0
540,1004.08,17,0.165671,0.0000,0.045700,0
541,1004.00,17,0.141851,0.0000,0.043900,0
542,1003.83,17,0.133656,0.0000,0.046700,0
543,1003.58,17,0.120406,0.0000,0.045000,0
544,1003.50,17,0.113399,0.0000,0.044900,0
545,1003.42,17,0.101190,0.0000,0.044800,0
546,1003.25,17,0.060611,0.0000,0.046600,0
547,1003.08,17,0.008746,0.0000,0.043000,0
548,1002.92,17,0.000261,0.0000,0.044800,0
549,1002.83,17,0.027907,0.0000,0.046800,0
550,1002.67,17,0.043988,0.0000,0.048000,0
551,1002.50,3,0.065718,0.0000,0.027600,0
552,1002.42,3,0.089567,0.0000,0.028100,0
553,1002.17,3,0.139285,0.0000,0.026400,0
554,1002.08,3,0.212956,0.0000,0.030600,0
555,1001.83,3,0.244003,0.0000,0.032200,0
556,1001.83,3,0.239775,0.0000,0.027800,0
557,1001.67,3,0.229456,0.0000,0.028500,0
558,1001.42,3,0.225418,0.0000,0.031300,0
559,1001.17,3,0.241391,0.0000,0.028200,0
560,1001.08,3,0.258579,0.0000,0.027700,0
561,1000.50,3,0.272040,0.0000,0.026200,0
562,1000.08,3,0.261997,0.0000,0.030300,0
563,999.42,3,0.232063,0.0000,0.030900,0
564,999.08,3,0.212448,0.0000,0.028000,0
565,998.58,3,0.180394,0.0000,0.027300,0
566,998.50,3,0.148288,0.0000,0.026900,0
567,998.50,3,0.099244,0.0000,0.030200,0
568,998.42,3,0.075865,0.0000,0.026900,0
569,998.08,17,0.023963,0.0000,0.047200,0
570,997.75,17,0.023608,0.0000,0.044000,0
571,997.42,17,0.021245,0.0000,0.044700,0
572,997.08,17,0.015976,0.0000,0.045200,0
573,996.75,17,0.036543,0.0000,0.046800,0
574,996.42,17,0.066420,0.0000,0.041200,0
575,996.08,17,0.073832,0.0000,0.047800,0
576,996.00,17,0.079306,0.0000,0.044900,0
577,995.83,17,0.083086,0.0000,0.046400,0
578,995.42,17,0.065065,0.0000,0.041800,0
579,994.75,17,0.098708,0.0000,0.042900,0
580,994.42,17,0.083823,0.0000,0.044800,0
581,994.17,17,0.081721,0.0000,0.049600,0
582,993.42,17,0.046072,0.0000,0.045000,0
583,993.08,17,0.054553,0.0000,0.040600,0
584,992.42,17,0.039723,0.0000,0.042800,0
585,992.08,17,0.050267,0.0000,0.047300,0
586,991.42,17,0.054420,0.0000,0.040900,0
587,991.17,17,0.050925,0.0000,0.046100,0
588,991.08,17,0.036803,0.0000,0.047700,0
589,990.42,17,0.036169,0.0000,0.044700,0
590,990.08,17,0.037377,0.0000,0.046800,0
591,989.50,17,0.007070,0.0000,0.047900,0
592,989.42,17,0.002195,0.2000,0.042100,0
593,989.08,17,0.005248,0.0000,0.047200,0
594,988.75,17,0.002320,0.0000,0.045900,0
595,988.42,17,0.045651,0.0000,0.042200,0
596,988.08,3,0.061518,0.0000,0.028200,0
597,987.75,3,0.078335,0.0000,0.027100,0
598,987.50,3,0.106899,0.0000,0.029700,0
599,987.42,3,0.136507,0.0000,0.029900,0
600,987.33,3,0.070131,0.0000,0.030400,0
601,987.33,17,0.044692,0.0000,0.047100,0
602,987.08,17,0.016361,0.0000,0.049400,0
603,986.75,17,0.047861,0.0000,0.048200,0
604,986.50,17,0.059376,0.0000,0.048600,0
605,986.08,17,0.036759,0.0000,0.044800,0
606,985.42,17,0.034265,0.0000,0.043700,0
607,985.08,3,0.088186,0.0000,0.024900,0
608,984.75,3,0.112118,0.0000,0.030200,0
609,984.42,3,0.100947,0.0000,0.031000,0
610,984.08,3,0.100075,0.0000,0.028300,0
611,983.75,3,0.102061,0.0000,0.027200,0
612,983.42,3,0.091024,0.0000,0.027700,0
613,983.08,3,0.093410,0.0000,0.027500,0
614,982.75,3,0.091949,0.0000,0.028000,0
615,982.42,3,0.087379,0.0000,0.030000,0
616,982.08,3,0.090886,0.0000,0.025100,0
617,981.75,3,0.088169,0.0000,0.030500,0
618,981.42,3,0.085530,0.0000,0.028600,0
619,981.08,3,0.140557,0.0000,0.030400,0
620,980.42,3,0.140653,0.0000,0.028400,0
621,980.08,3,0.149102,0.0000,0.027300,0
622,979.75,3,0.127545,0.0000,0.029000,0
623,979.42,3,0.090770,0.0000,0.025200,0
624,979.08,3,0.105621,0.0000,0.030500,0
625,978.75,3,0.106452,0.0000,0.025900,0
626,978.17,3,0.097125,0.0000,0.027500,0
627,978.08,3,0.091888,0.0000,0.028300,0
628,977.42,3,0.068940,0.0000,0.025900,0
629,977.08,3,0.114775,0.0000,0.027500,0
630,976.42,3,0.098668,0.0000,0.027300,0
631,976.08,3,0.116216,0.0000,0.030100,0
632,975.75,3,0.104919,0.0000,0.028900,0
633,975.08,3,0.115158,0.0000,0.027100,0
634,974.75,3,0.108350,0.0000,0.031900,0
635,974.08,3,0.120468,0.0000,0.028100,0
636,973.75,3,0.130235,0.0000,0.029800,0
637,973.42,3,0.134225,0.0000,0.027000,0
638,973.08,3,0.161227,0.0000,0.025800,0
639,972.42,3,0.156406,0.0000,0.027700,0
640,972.08,3,0.153307,0.0000,0.025700,0
641,971.75,3,0.146806,0.0000,0.028100,0
642,971.42,3,0.143247,0.0000,0.030200,0
643,971.08,3,0.144577,0.0000,0.023400,0
644,970.58,3,0.147137,0.0000,0.029200,0
645,970.42,3,0.147719,0.0000,0.026000,0
646,970.08,3,0.161348,0.0000,0.026900,0
647,969.93,3,0.153644,0.0000,0.025000,0
648,969.06,3,0.148627,0.0000,0.031300,0
649,969.00,3,0.157151,0.0000,0.026700,0
650,968.13,3,0.170251,0.0000,0.027700,0
651,967.87,3,0.171595,0.0000,0.027400,0
652,967.07,3,0.196734,0.0000,0.028100,0
653,966.87,3,0.247000,0.0000,0.027000,0
654,966.27,3,0.257351,0.0000,0.028800,0
655,966.08,3,0.255685,0.0000,0.027400,0
656,965.88,3,0.244254,0.0000,0.028800,0
657,965.08,3,0.218929,0.0000,0.026800,0
658,964.88,3,0.216614,0.0000,0.027800,0
659,964.68,3,0.211187,0.0000,0.028200,0
660,964.15,3,0.197714,0.0000,0.029200,0
661,963.89,3,0.192940,0.0000,0.030500,0
662,963.69,3,0.184406,0.0000,0.028400,0
663,963.15,3,0.186713,0.0000,0.030300,0
664,962.69,3,0.171618,0.0000,0.029300,0
665,962.23,3,0.183600,0.0000,0.026500,0
666,961.43,3,0.177940,0.0000,0.030200,0
667,961.16,3,0.142767,0.0000,0.025900,0
668,960.96,3,0.172043,0.0000,0.025800,0
669,960.17,3,0.080242,0.0000,0.030600,0
670,959.44,3,0.080413,0.0000,0.028000,0
671,959.17,3,0.075279,0.0000,0.030000,0
672,959.11,17,0.047707,0.0000,0.045700,0
673,958.51,17,0.015726,0.0000,0.046100,0
674,958.18,17,0.139237,0.0000,0.043700,0
675,957.98,9,0.378126,0.0000,0.098700,0
676,957.78,5,0.540301,0.2000,0.152700,0
677,957.18,9,0.461408,0.0000,0.091500,0
678,956.25,9,0.396344,0.0000,0.096300,0
679,955.52,9,0.333317,0.0000,0.095600,0
680,955.19,9,0.285918,0.0000,0.098200,0
681,954.53,9,0.231532,0.0000,0.100300,0
682,954.19,9,0.183945,0.0000,0.094700,0
683,953.53,17,0.132318,0.0000,0.043800,0
684,953.13,17,0.101371,0.0000,0.045400,0
685,952.40,17,0.074841,0.0000,0.046600,0
686,952.27,17,0.058091,0.0000,0.045400,0
687,952.14,17,0.048035,0.0000,0.043500,0
688,951.60,17,0.045461,0.0000,0.043500,0
689,951.14,17,0.046890,0.0000,0.045400,0
690,950.87,17,0.046172,0.0000,0.047200,0
691,950.14,17,0.057570,0.0000,0.044000,0
692,949.61,17,0.061854,0.0000,0.049500,0
693,949.21,17,0.062173,0.0000,0.047100,0
694,948.55,17,0.067747,0.0000,0.049500,0
695,948.48,17,0.070242,0.0000,0.046100,0
696,948.22,17,0.066432,0.0000,0.043500,0
697,947.49,17,0.059280,0.0000,0.048900,0
698,947.16,17,0.055496,0.0000,0.044900,0
699,946.43,17,0.048700,0.0000,0.047000,0
700,946.23,17,0.039740,0.0000,0.045300,0
701,946.16,17,0.032458,0.0000,0.045400,0
702,945.43,17,0.027891,0.0000,0.044700,0
703,945.17,17,0.018864,0.0000,0.045500,0
704,944.97,17,0.012903,0.2000,0.048000,0
705,944.50,17,0.009346,0.0000,0.038300,0
706,944.24,17,0.008322,0.0000,0.043300,0
707,943.44,17,0.009354,0.0000,0.046900,0
708,943.24,17,0.004852,0.0000,0.045000,0
709,942.44,17,0.004147,0.0000,0.043100,0
710,942.31,17,0.002929,0.0000,0.047000,0
711,942.25,17,0.000127,0.0000,0.042000,0
712,941.58,17,0.005249,0.0000,0.047400,0
713,941.25,17,0.013076,0.0000,0.048300,0
714,940.45,17,0.018276,0.0000,0.044700,0
715,940.25,17,0.017794,0.0000,0.048300,0
716,940.05,17,0.018421,0.0000,0.044700,0
717,939.46,17,0.022463,0.0000,0.045800,0
718,938.53,17,0.030434,0.0000,0.048400,0
719,938.46,17,0.032788,0.0000,0.047400,0
720,938.26,17,0.036824,0.0000,0.044200,0
721,937.47,17,0.044369,0.0000,0.046600,0
722,937.33,17,0.047764,0.0000,0.044400,0
723,936.80,17,0.052671,0.0000,0.045100,0
724,936.34,17,0.058453,0.0000,0.045500,0
725,935.34,17,0.066865,0.0000,0.042200,0
726,934.55,17,0.068253,0.0000,0.046800,0
727,934.35,17,0.068833,0.0000,0.046000,0
728,933.55,17,0.070835,0.0000,0.042400,0
729,933.35,17,0.071262,0.0000,0.043100,0
730,932.89,17,0.071840,0.0000,0.042900,0
731,932.16,17,0.071664,0.0000,0.044000,0
732,931.89,17,0.069306,0.0000,0.047800,0
733,931.49,17,0.067055,0.0000,0.045300,0
734,930.63,17,0.061225,0.0000,0.043700,0
735,930.63,17,0.055431,0.0000,0.042200,0
736,930.50,17,0.047413,0.0000,0.044500,0
737,929.50,17,0.030723,0.0000,0.046400,0
738,929.24,17,0.012188,0.0000,0.044900,0
739,928.50,17,0.023678,0.0000,0.042000,0
740,928.44,3,0.057364,0.0000,0.026100,0
741,927.58,3,0.117150,0.0000,0.028200,0
742,927.51,3,0.157267,0.0000,0.029900,0
743,926.51,3,0.235140,0.0000,0.026800,0
744,926.51,3,0.205773,0.0000,0.027700,0
745,925.52,3,0.248264,0.0000,0.031000,0
746,925.25,3,0.223672,0.0000,0.030800,0
747,924.52,3,0.154505,0.0000,0.026700,0
748,923.86,3,0.072068,0.0000,0.027500,0
749,923.53,17,0.028666,0.0000,0.041900,0
750,923.33,17,0.120248,0.0000,0.046000,0
751,922.53,9,0.198938,0.0000,0.092500,0
752,921.54,9,0.280502,0.0000,0.093500,0
753,921.34,9,0.332773,0.0000,0.091000,0
754,920.54,9,0.373348,0.0000,0.089700,0
755,920.34,9,0.396719,0.0000,0.094800,0
756,919.81,9,0.417839,0.0000,0.086000,0
757,919.61,9,0.430720,0.0000,0.097100,0
758,919.35,9,0.431336,0.0000,0.092700,0
759,918.61,9,0.437142,0.0000,0.098500,0
760,918.08,9,0.427287,0.0000,0.093700,0
761,917.62,9,0.422467,0.0000,0.091600,0
762,917.42,9,0.407009,0.0000,0.096400,0
763,916.62,9,0.386860,0.0000,0.093900,0
764,916.09,9,0.371527,0.0000,0.095600,0
765,915.63,9,0.358692,0.0000,0.103000,0
766,915.10,9,0.340842,0.0000,0.100000,0
767,915.10,9,0.325311,0.0000,0.095500,0
768,914.43,9,0.318352,0.0000,0.099800,0
769,913.90,9,0.311369,0.0000,0.094800,0
770,913.64,9,0.299490,0.0000,0.088000,0
771,912.71,9,0.294776,0.0000,0.095100,0
772,912.18,9,0.288450,0.0000,0.089900,0
773,911.71,9,0.293406,0.0000,0.091800,0
774,911.18,9,0.287223,0.0000,0.094400,0
775,911.11,9,0.290124,0.0000,0.098900,0
776,910.72,9,0.292356,0.0000,0.091400,0
777,910.12,9,0.296454,0.0000,0.097300,0
778,909.85,9,0.302065,0.0000,0.098600,0
779,909.12,9,0.312543,0.0000,0.093700,0
780,908.79,9,0.317033,0.0000,0.091900,0
781,908.73,9,0.320962,0.0000,0.096900,0
782,908.13,9,0.327485,0.0000,0.100500,0
783,907.73,9,0.324747,0.0000,0.095000,0
784,907.07,9,0.325126,0.0000,0.089800,0
785,906.93,9,0.321296,0.0000,0.099300,0
786,906.80,9,0.320273,0.2000,0.093800,0
787,906.53,9,0.319307,0.0000,0.098000,0
788,905.87,9,0.316793,0.0000,0.092900,0
789,905.80,9,0.316349,0.0000,0.092300,0
790,905.07,9,0.313315,0.0000,0.091500,0
791,904.81,9,0.312446,0.0000,0.097100,0
792,904.08,9,0.311275,0.0000,0.093900,0
793,903.61,9,0.309103,0.0000,0.092900,0
794,903.15,9,0.303954,0.0000,0.091100,0
795,902.62,9,0.298455,0.0000,0.092200,0
796,902.22,9,0.293660,0.0000,0.090200,0
797,901.62,9,0.279565,0.0000,0.096400,0
798,901.09,9,0.271174,0.0000,0.089400,0
799,900.89,9,0.264138,0.0000,0.092400,0
800,900.10,9,0.255359,0.0000,0.093500,0
801,899.90,9,0.246554,0.0000,0.094700,0
802,899.30,9,0.242020,0.0000,0.091700,0
803,898.90,9,0.245366,0.0000,0.096000,0
804,898.70,9,0.255023,0.0000,0.093300,0
805,898.11,9,0.259450,0.0000,0.095800,0
806,897.71,9,0.264067,0.0000,0.098900,0
807,897.18,9,0.266398,0.0000,0.099300,0
808,896.91,9,0.259022,0.0000,0.102100,0
809,896.11,9,0.248611,0.0000,0.097000,0
810,895.92,9,0.237210,0.0000,0.095200,0
811,895.12,9,0.230977,0.0000,0.100100,0
812,894.92,9,0.216674,0.0000,0.091700,0
813,893.99,9,0.194527,0.0000,0.095000,0
814,893.53,9,0.178175,0.0000,0.093100,0
815,893.19,17,0.167632,0.0000,0.044300,0
816,892.53,17,0.159452,0.0000,0.048400,0
817,892.27,17,0.149935,0.0000,0.046900,0
818,892.00,17,0.149872,0.0000,0.048700,0
819,891.54,17,0.159962,0.0000,0.049800,0
820,891.14,9,0.180046,0.0000,0.088600,0
821,890.54,9,0.219996,0.0000,0.093400,0
822,890.21,9,0.275703,0.2000,0.101000,0
823,889.41,9,0.371564,0.0000,0.094500,0
824,889.28,9,0.501226,0.0000,0.088700,0
825,888.55,5,0.645821,0.0000,0.157400,0
826,888.48,5,0.787568,0.0000,0.154100,0
827,888.15,5,0.879600,0.0000,0.153300,0
828,887.55,5,0.938864,0.0000,0.161900,0
829,886.42,11,0.977941,0.0000,0.229400,0
830,886.23,11,1.001960,0.0000,0.235100,0
831,885.56,11,1.005285,0.0000,0.230600,0
832,885.16,11,0.995638,0.0000,0.235400,0
833,884.43,11,0.947736,0.2000,0.225300,0
834,884.23,5,0.885270,0.0000,0.162300,0
835,883.57,5,0.817982,0.0000,0.163700,0
836,883.24,5,0.763997,0.0000,0.154700,0
837,882.91,5,0.690496,0.0000,0.157100,0
838,882.38,5,0.631052,0.0000,0.160200,0
839,882.24,5,0.567978,0.0000,0.161700,0
840,881.91,5,0.504925,0.0000,0.159900,0
841,881.51,9,0.451419,0.0000,0.096500,0
842,881.31,9,0.382985,0.0000,0.089800,0
843,880.45,9,0.371771,0.2000,0.095200,0
844,880.19,9,0.353860,0.0000,0.098200,0
845,879.52,9,0.332592,0.0000,0.093600,0
846,879.32,9,0.306321,0.0000,0.093700,0
847,878.99,9,0.272108,0.0000,0.093700,0
848,878.53,9,0.237428,0.0000,0.094700,0
849,878.39,9,0.223484,0.0000,0.093300,0
850,877.60,9,0.211572,0.0000,0.091700,0
851,877.33,9,0.199037,0.0000,0.097500,0
852,874.35,9,0.189178,0.0000,0.092900,0
853,873.42,9,0.187196,0.0000,0.093500,0
854,872.75,9,0.187644,0.0000,0.097100,0
855,871.49,9,0.192014,0.0000,0.095100,0
856,871.43,9,0.188807,0.0000,0.094900,0
857,870.83,9,0.186275,0.0000,0.090700,0
858,870.30,9,0.183808,0.0000,0.092100,0
859,869.43,9,0.181353,0.0000,0.090800,0
860,869.10,9,0.175724,0.0000,0.089600,0
861,868.57,9,0.174763,0.0000,0.091800,0
862,868.44,9,0.175432,0.0000,0.096700,0
863,868.44,9,0.174297,0.0000,0.090900,0
864,867.58,9,0.185929,0.0000,0.090700,0
865,867.18,9,0.186834,0.0000,0.089700,0
866,866.58,9,0.184327,0.0000,0.092100,0
867,866.18,9,0.192509,0.0000,0.092900,0
868,865.59,9,0.187038,0.0000,0.092900,0
869,865.19,9,0.186789,0.0000,0.095200,0
870,864.66,9,0.188493,0.0000,0.097700,0
871,864.19,9,0.187514,0.0000,0.096800,0
872,863.20,9,0.187596,0.0000,0.098800,0
873,863.06,9,0.183050,0.0000,0.097700,0
874,862.53,17,0.166740,0.0000,0.046200,0
875,862.47,17,0.148692,0.0000,0.043900,0
876,861.87,17,0.135953,0.0000,0.050100,0
877,861.47,17,0.125344,0.0000,0.046900,0
878,860.54,17,0.122649,0.0000,0.041000,0
879,860.28,17,0.121943,0.0000,0.048000,0
880,859.48,17,0.117358,0.2000,0.045800,0
881,859.28,17,0.106382,0.0000,0.046200,0
882,858.55,17,0.103935,0.0000,0.046200,0
883,858.29,17,0.109417,0.0000,0.047800,0
884,857.56,17,0.131441,0.0000,0.049900,0
885,857.29,17,0.171515,0.0000,0.044500,0
886,856.56,9,0.230379,0.0000,0.097200,0
887,855.57,9,0.313083,0.0000,0.096200,0
888,854.84,9,0.409750,0.0000,0.096800,0
889,854.57,9,0.460407,0.0000,0.090700,0
890,854.37,5,0.508231,0.0000,0.156900,0
891,853.57,5,0.539806,0.0000,0.157600,0
892,853.11,5,0.573663,0.0000,0.151000,0
893,852.84,5,0.599461,0.0000,0.155200,0
894,852.38,5,0.616934,0.0000,0.157200,0
895,852.38,5,0.628914,0.0000,0.155100,0
896,851.85,5,0.629142,0.0000,0.153700,0
897,851.65,5,0.629035,0.0000,0.149600,0
898,850.85,5,0.646109,0.0000,0.160000,0
899,850.39,5,0.646326,0.0000,0.160500,0
900,849.86,5,0.650505,0.0000,0.155100,0
901,849.66,5,0.658751,0.0000,0.156900,0
902,849.66,5,0.657409,0.0000,0.153200,0
903,848.73,5,0.653657,0.0000,0.161700,0
904,848.66,5,0.647902,0.0000,0.157500,0
905,848.13,5,0.639164,0.0000,0.149600,0
906,848.13,5,0.629787,0.0000,0.158400,0
907,848.13,5,0.623684,0.0000,0.158000,0
908,847.80,5,0.615300,0.0000,0.161300,0
909,847.47,5,0.600032,0.0000,0.163300,0
910,846.87,5,0.562318,0.0000,0.154100,0
911,846.81,9,0.490839,0.0000,0.097900,0
912,846.67,9,0.440084,0.0000,0.090300,0
913,845.68,9,0.384422,0.0000,0.098900,0
914,845.15,9,0.355959,0.0000,0.093400,0
915,844.75,9,0.352417,0.0000,0.095200,0
916,844.68,9,0.352082,0.0000,0.093200,0
917,844.22,9,0.351388,0.0000,0.096400,0
918,844.09,9,0.356415,0.0000,0.092800,0
919,843.82,9,0.359398,0.0000,0.096400,0
920,843.75,9,0.377231,0.0000,0.091500,0
921,843.09,9,0.373171,0.0000,0.094600,0
922,842.96,9,0.382567,0.0000,0.095900,0
923,842.83,9,0.390263,0.0000,0.094300,0
924,842.10,9,0.393318,0.0000,0.100100,0
925,841.90,9,0.398406,0.0000,0.094000,0
926,841.90,9,0.401270,0.0000,0.088800,0
927,841.10,9,0.402244,0.0000,0.093800,0
928,840.57,9,0.400126,0.0000,0.093900,0
929,839.57,9,0.395703,0.0000,0.092800,0
930,839.31,9,0.392363,0.0000,0.094700,0
931,839.31,9,0.395522,0.0000,0.098100,0
932,838.78,9,0.393258,0.0000,0.090600,0
933,838.11,9,0.396540,0.0000,0.094000,0
934,837.91,9,0.401387,0.0000,0.092300,0
935,837.58,9,0.403076,0.0000,0.090700,0
936,836.92,9,0.408017,0.0000,0.095900,0
937,836.85,9,0.411440,0.0000,0.095800,0
938,836.19,9,0.409015,0.0000,0.088600,0
939,835.66,9,0.400053,0.0000,0.094200,0
940,835.66,9,0.389224,0.0000,0.102300,0
941,835.13,9,0.366906,0.0000,0.097800,0
942,834.66,9,0.345304,0.0000,0.096200,0
943,834.20,9,0.344664,0.0000,0.092800,0
944,834.20,9,0.351890,0.0000,0.088400,0
945,833.67,9,0.366255,0.0000,0.089900,0
946,833.27,9,0.393302,0.0000,0.098000,0
947,832.94,9,0.414853,0.0000,0.093700,0
948,832.67,9,0.437691,0.0000,0.091000,0
949,831.68,9,0.449918,0.0000,0.094300,0
950,831.68,9,0.460451,0.0000,0.096900,0
951,830.28,9,0.458281,0.0000,0.093300,0
952,830.15,9,0.456393,0.0000,0.095800,0
953,829.42,9,0.461746,0.0000,0.095800,0
954,829.22,9,0.453543,0.0000,0.095500,0
955,829.09,9,0.440057,0.0000,0.095700,0
956,828.76,9,0.431167,0.0000,0.095900,0
957,828.16,9,0.389675,0.0000,0.096300,0
958,828.09,9,0.337545,0.0000,0.092900,0
959,827.50,9,0.302826,0.0000,0.095500,0
960,826.97,9,0.267972,0.0000,0.089600,0
961,826.77,9,0.232593,0.0000,0.101300,0
962,826.24,9,0.203163,0.0000,0.097100,0
963,825.51,9,0.174281,0.0000,0.093000,0
964,825.51,17,0.156840,0.0000,0.049600,0
965,825.18,17,0.142483,0.0000,0.044000,0
966,824.51,17,0.134336,0.0000,0.043100,0
967,824.25,17,0.115818,0.0000,0.047400,0
968,824.11,17,0.101069,0.0000,0.042200,0
969,823.52,17,0.088394,0.0000,0.047700,0
970,823.18,17,0.082058,0.0000,0.045000,0
971,823.12,17,0.082163,0.0000,0.044100,0
972,822.12,17,0.078669,0.0000,0.044000,0
973,821.86,17,0.080186,0.0000,0.046800,0
974,821.46,17,0.088797,0.0000,0.044100,0
975,821.26,17,0.092371,0.2000,0.044200,0
976,820.60,17,0.087058,0.0000,0.044800,0
977,820.46,17,0.090929,0.0000,0.045700,0
978,820.20,17,0.104799,0.0000,0.040100,0
979,819.54,17,0.109388,0.0000,0.047600,0
980,819.40,17,0.126544,0.0000,0.043700,0
981,818.47,17,0.121413,0.0000,0.042000,0
982,818.47,17,0.115579,0.0000,0.046600,0
983,818.14,17,0.102574,0.0000,0.046200,0
984,817.48,17,0.088444,0.0000,0.042600,0
985,817.15,17,0.071706,0.0000,0.045400,0
986,816.55,17,0.068980,0.0000,0.043100,0
987,816.22,17,0.064205,0.0000,0.044300,0
988,816.15,17,0.061691,0.0000,0.044100,0
989,815.49,17,0.060534,0.0000,0.049000,0
990,815.36,17,0.063515,0.0000,0.046200,0
991,814.96,17,0.067476,0.0000,0.046600,0
992,814.49,17,0.069873,0.0000,0.043900,0
993,814.29,17,0.068210,0.0000,0.047700,0
994,813.43,17,0.076478,0.0000,0.046300,0
995,813.30,17,0.073326,0.0000,0.041000,0
996,812.44,17,0.078030,0.0000,0.044100,0
997,812.24,17,0.078785,0.0000,0.043600,0
998,812.24,17,0.076257,0.0000,0.041900,0
999,811.44,17,0.043464,0.0000,0.048100,0
1000,811.44,17,0.026569,0.0000,0.044900,0
1001,810.45,17,0.014947,0.0000,0.049400,0
1002,810.25,17,0.005461,0.0000,0.047100,0
1003,810.25,17,0.003693,0.0000,0.048100,0
1004,809.45,17,0.008363,0.0000,0.047200,0
1005,809.38,17,0.015309,0.0000,0.048000,0
1006,808.79,17,0.019449,0.0000,0.042200,0
1007,808.46,17,0.021782,0.0000,0.047600,0
1008,808.26,17,0.021661,0.0000,0.042000,0
1009,807.53,17,0.024998,0.0000,0.045500,0
1010,807.53,17,0.027039,0.0000,0.043200,0
1011,807.26,17,0.023363,0.0000,0.044700,0
1012,806.53,17,0.018153,0.0000,0.048400,0
1013,806.07,17,0.010738,0.0000,0.044600,0
1014,805.60,17,0.004367,0.0000,0.046100,0
1015,805.40,17,0.000385,0.0000,0.045800,0
1016,804.81,17,0.083484,0.0000,0.042700,0
1017,804.54,17,0.106246,0.0000,0.045100,0
1018,804.54,17,0.143124,0.0000,0.043200,0
1019,804.14,9,0.183946,0.0000,0.097400,0
1020,803.48,9,0.237658,0.0000,0.095000,0
1021,803.15,9,0.295989,0.0000,0.095000,0
1022,803.15,9,0.350860,0.0000,0.093200,0
1023,802.48,9,0.400780,0.0000,0.096200,0
1024,802.15,9,0.410974,0.0000,0.096200,0
1025,801.82,9,0.427546,0.0000,0.091300,0
1026,801.49,9,0.400573,0.0000,0.096400,0
1027,801.16,9,0.299908,0.0000,0.088900,0
1028,800.49,9,0.198025,0.0000,0.095600,0
1029,800.49,17,0.137132,0.0000,0.044900,0
1030,800.10,17,0.100716,0.0000,0.044000,0
1031,799.50,17,0.086516,0.0000,0.046300,0
1032,799.17,17,0.104507,0.0000,0.044100,0
1033,799.10,17,0.134832,0.0000,0.045000,0
1034,798.50,17,0.139445,0.0000,0.046100,0
1035,797.91,17,0.161694,0.0000,0.044200,0
1036,797.57,17,0.171760,0.0000,0.048200,0
1037,796.51,9,0.193921,0.0000,0.091500,0
1038,796.51,9,0.204997,0.0000,0.094500,0
1039,796.25,9,0.220367,0.2000,0.091800,0
1040,795.45,9,0.244204,0.0000,0.092200,0
1041,795.25,9,0.260666,0.0000,0.095700,0
1042,795.25,9,0.254344,0.0000,0.097100,0
1043,794.46,9,0.267506,0.0000,0.091500,0
1044,794.26,9,0.271594,0.0000,0.085100,0
1045,793.86,9,0.282346,0.0000,0.088600,0
1046,793.53,9,0.279969,0.0000,0.096500,0
1047,792.60,9,0.293682,0.0000,0.091800,0
1048,791.80,9,0.304997,0.0000,0.096300,0
1049,791.60,9,0.316876,0.0000,0.094800,0
1050,790.61,9,0.323931,0.0000,0.094200,0
1051,790.61,9,0.325527,0.0000,0.098200,0
1052,790.08,9,0.314580,0.0000,0.091600,0
1053,789.61,9,0.322554,0.0000,0.086500,0
1054,789.35,9,0.325816,0.2000,0.099400,0
1055,789.35,9,0.325595,0.0000,0.093600,0
1056,788.68,9,0.331263,0.0000,0.095700,0
1057,788.35,9,0.339924,0.0000,0.090500,0
1058,787.82,9,0.349029,0.0000,0.099700,0
1059,787.69,9,0.359057,0.0000,0.092900,0
1060,787.36,9,0.361637,0.0000,0.098900,0
1061,786.83,9,0.366509,0.0000,0.101800,0
1062,786.36,9,0.365399,0.0000,0.094500,0
1063,786.10,9,0.360030,0.0000,0.091300,0
1064,785.83,9,0.354252,0.0000,0.090700,0
1065,784.90,9,0.337243,0.0000,0.098000,0
1066,784.70,9,0.325187,0.0000,0.097600,0
1067,784.11,9,0.323841,0.0000,0.094000,0
1068,783.84,9,0.319715,0.0000,0.099700,0
1069,783.44,9,0.309647,0.0000,0.092600,0
1070,783.11,9,0.315570,0.0000,0.095400,0
1071,782.78,9,0.320945,0.0000,0.095800,0
1072,782.45,9,0.321861,0.0000,0.096100,0
1073,782.12,9,0.321669,0.0000,0.094900,0
1074,781.45,9,0.321589,0.0000,0.094800,0
1075,781.19,9,0.323205,0.0000,0.096300,0
1076,781.12,9,0.317253,0.0000,0.092700,0
1077,780.46,9,0.319001,0.0000,0.095400,0
1078,780.13,9,0.320929,0.0000,0.097100,0
1079,779.93,9,0.316727,0.0000,0.097000,0
1080,779.79,9,0.314343,0.0000,0.094900,0
1081,779.13,9,0.301778,0.0000,0.093100,0
1082,779.00,9,0.284537,0.0000,0.090600,0
1083,778.20,9,0.288272,0.0000,0.096000,0
1084,778.14,9,0.286969,0.0000,0.094300,0
1085,777.54,9,0.283151,0.2000,0.091100,0
1086,777.07,9,0.283602,0.0000,0.095000,0
1087,776.81,9,0.280615,0.0000,0.089200,0
1088,776.54,9,0.278512,0.0000,0.094100,0
1089,775.55,9,0.281580,0.0000,0.095700,0
1090,775.48,9,0.276060,0.2000,0.097600,0
1091,775.15,9,0.271317,0.0000,0.093900,0
1092,774.55,9,0.270196,0.0000,0.097300,0
1093,774.22,9,0.262633,0.0000,0.099700,0
1094,774.22,9,0.252789,0.0000,0.092900,0
1095,773.56,9,0.239717,0.0000,0.093400,0
1096,772.90,9,0.232983,0.0000,0.094800,0
1097,772.90,9,0.233512,0.0000,0.095200,0
1098,772.23,9,0.228635,0.0000,0.099100,0
1099,771.63,9,0.213137,0.0000,0.091300,0
1100,771.50,9,0.201728,0.0000,0.093900,0
1101,771.24,9,0.198256,0.0000,0.095500,0
1102,770.51,9,0.196252,0.0000,0.095100,0
1103,770.51,9,0.191470,0.0000,0.091900,0
1104,770.24,9,0.185487,0.0000,0.099800,0
1105,769.64,9,0.181570,0.0000,0.091300,0
1106,768.85,9,0.177060,0.0000,0.097900,0
1107,768.65,17,0.172017,0.0000,0.045800,0
1108,767.65,9,0.178877,0.0000,0.094600,0
1109,767.65,17,0.172378,0.0000,0.040300,0
1110,767.26,9,0.180184,0.0000,0.094400,0
1111,766.92,9,0.179007,0.0000,0.100400,0
1112,766.26,9,0.176590,0.0000,0.093600,0
1113,766.06,9,0.184646,0.0000,0.093600,0
1114,765.53,9,0.199994,0.0000,0.090400,0
1115,765.13,9,0.246750,0.0000,0.094400,0
1116,765.13,9,0.221240,0.0000,0.098300,0
1117,764.74,9,0.284150,0.0000,0.097300,0
1118,764.07,9,0.319088,0.0000,0.095900,0
1119,764.07,9,0.334715,0.0000,0.092100,0
1120,763.48,9,0.356272,0.2000,0.092200,0
1121,763.34,9,0.396858,0.0000,0.093100,0
1122,762.75,9,0.435243,0.0000,0.093000,0
1123,762.15,5,0.558460,0.0000,0.155000,0
1124,761.49,5,0.706387,0.0000,0.148600,0
1125,761.49,5,0.795014,0.0000,0.157800,0
1126,761.22,5,0.848691,0.0000,0.161200,0
1127,760.56,5,0.907407,0.0000,0.155500,0
1128,760.36,11,0.937980,0.0000,0.225800,0
1129,760.36,11,0.963828,0.0000,0.234900,0
1130,759.49,11,0.973299,0.0000,0.223000,0
1131,759.23,11,0.967549,0.0000,0.228300,0
1132,759.16,11,0.957802,0.0000,0.226400,0
1133,758.50,5,0.918576,0.0000,0.153000,0
1134,758.17,5,0.852919,0.0000,0.160100,0
1135,758.10,5,0.784747,0.0000,0.157800,0
1136,757.50,5,0.716896,0.0000,0.160700,0
1137,757.11,5,0.653171,0.0000,0.158700,0
1138,756.84,5,0.609655,0.0000,0.155200,0
1139,756.51,5,0.570400,0.0000,0.159200,0
1140,756.18,5,0.543229,0.0000,0.161700,0
1141,755.51,5,0.526748,0.0000,0.159200,0
1142,755.38,5,0.515392,0.0000,0.147800,0
1143,755.32,5,0.501338,0.0000,0.158000,0
1144,754.45,9,0.494184,0.0000,0.096000,0
1145,754.32,9,0.476835,0.0000,0.092700,0
1146,754.12,9,0.457739,0.0000,0.096300,0
1147,753.52,9,0.429557,0.0000,0.096000,0
1148,753.19,9,0.343421,0.0000,0.093700,0
1149,753.19,9,0.391915,0.0000,0.093700,0
1150,752.80,9,0.282724,0.0000,0.094800,0
1151,752.20,9,0.218299,0.0000,0.096000,0
1152,751.93,17,0.169208,0.0000,0.047400,0
1153,751.47,17,0.146703,0.0000,0.045400,0
1154,751.20,17,0.140638,0.0000,0.044400,0
1155,750.87,17,0.141482,0.0000,0.044100,0
1156,750.41,17,0.143246,0.0000,0.049000,0
1157,749.54,17,0.140093,0.0000,0.043700,0
1158,749.41,17,0.130401,0.0000,0.044400,0
1159,749.15,17,0.127982,0.0000,0.046400,0
1160,748.55,17,0.124071,0.0000,0.046300,0
1161,748.22,17,0.123505,0.0000,0.049500,0
1162,747.42,17,0.132675,0.0000,0.045000,0
1163,747.22,17,0.143645,0.0000,0.047700,0
1164,746.89,17,0.155520,0.0000,0.047200,0
1165,746.43,17,0.165327,0.0000,0.043300,0
1166,746.23,17,0.170296,0.0000,0.047100,0
1167,745.56,9,0.178325,0.0000,0.094900,0
1168,745.43,9,0.181681,0.0000,0.094300,0
1169,745.23,9,0.183835,0.0000,0.092400,0
1170,744.57,9,0.188300,0.0000,0.096900,0
1171,744.24,17,0.164435,0.0000,0.047000,0
1172,744.24,9,0.176573,0.0000,0.094200,0
1173,743.64,17,0.154105,0.0000,0.042600,0
1174,743.24,17,0.143758,0.0000,0.046800,0
1175,742.78,17,0.127040,0.0000,0.048900,0
1176,742.45,17,0.115883,0.0000,0.044200,0
1177,742.31,17,0.108738,0.0000,0.045600,0
1178,741.52,17,0.108655,0.0000,0.047100,0
1179,741.45,17,0.102115,0.0000,0.047200,0
1180,741.32,17,0.098213,0.0000,0.042200,0
1181,740.79,17,0.097048,0.0000,0.045800,0
1182,740.46,17,0.096829,0.0000,0.045700,0
1183,740.32,17,0.094953,0.0000,0.044400,0
1184,739.53,17,0.097704,0.0000,0.047500,0
1185,739.40,17,0.098069,0.0000,0.048200,0
1186,739.40,17,0.087088,0.0000,0.044100,0
1187,738.73,17,0.086565,0.0000,0.043000,0
1188,738.33,17,0.083076,0.0000,0.048800,0
1189,738.14,17,0.083666,0.0000,0.042200,0
1190,737.47,17,0.090945,0.0000,0.045900,0
1191,737.14,17,0.090857,0.0000,0.043600,0
1192,736.88,17,0.092545,0.0000,0.044300,0
1193,736.48,17,0.095926,0.0000,0.045500,0
1194,736.34,17,0.099033,0.0000,0.041700,0
1195,735.75,17,0.108000,0.0000,0.044800,0
1196,735.48,17,0.117280,0.0000,0.046100,0
1197,735.15,17,0.129261,0.0000,0.041500,0
1198,734.49,17,0.138110,0.0000,0.045800,0
1199,734.42,17,0.147195,0.0000,0.045700,0
1200,734.42,17,0.158334,0.0000,0.043300,0
1201,733.82,17,0.162916,0.0000,0.043700,0
1202,732.76,9,0.175448,0.0000,0.090800,0
1203,732.76,9,0.175067,0.0000,0.094000,0
1204,732.23,9,0.176088,0.0000,0.093800,0
1205,731.57,9,0.177878,0.0000,0.092300,0
1206,731.50,9,0.175711,0.0000,0.093700,0
1207,731.24,9,0.173671,0.0000,0.094300,0
1208,730.51,9,0.176123,0.0000,0.096300,0
1209,730.24,9,0.173277,0.0000,0.094000,0
1210,730.24,17,0.168799,0.0000,0.044800,0
1211,729.51,17,0.166345,0.0000,0.043100,0
1212,729.25,17,0.163964,0.0000,0.044100,0
1213,728.58,17,0.159109,0.0000,0.045300,0
1214,728.12,17,0.156729,0.0000,0.049100,0
1215,727.72,17,0.151580,0.0000,0.048100,0
1216,727.59,17,0.146547,0.0000,0.046200,0
1217,726.93,17,0.152508,0.0000,0.043300,0
1218,726.79,17,0.156860,0.0000,0.046600,0
1219,726.53,17,0.162057,0.0000,0.046400,0
1220,725.53,17,0.160056,0.0000,0.046400,0
1221,725.53,17,0.163217,0.0000,0.045600,0
1222,724.54,17,0.160408,0.2000,0.044200,0
1223,724.34,17,0.156748,0.0000,0.046900,0
1224,724.34,17,0.151957,0.0000,0.042700,0
1225,723.54,17,0.149469,0.0000,0.045400,0
1226,723.34,17,0.144431,0.0000,0.045500,0
1227,722.81,17,0.141570,0.0000,0.044100,0
1228,722.62,17,0.134660,0.0000,0.045600,0
1229,722.35,17,0.126086,0.0000,0.047200,0
1230,721.62,17,0.116636,0.0000,0.046300,0
1231,720.82,17,0.122512,0.0000,0.045300,0
1232,719.63,17,0.119298,0.0000,0.044200,0
1233,719.63,17,0.120491,0.0000,0.043000,0
1234,718.44,17,0.131338,0.0000,0.044200,0
1235,718.44,17,0.157347,0.0000,0.041500,0
1236,717.64,9,0.177429,0.0000,0.089700,0
1237,717.44,9,0.207938,0.0000,0.088300,0
1238,716.84,9,0.258843,0.0000,0.096600,0
1239,716.45,9,0.348556,0.0000,0.089800,0
1240,715.45,9,0.489754,0.0000,0.096600,0
1241,714.46,5,0.674917,0.0000,0.153000,0
1242,714.46,5,0.590758,0.0000,0.158800,0
1243,714.13,5,0.729341,0.0000,0.162700,0
1244,713.73,5,0.765189,0.0000,0.158900,0
1245,713.20,5,0.818288,0.0000,0.153600,0
1246,713.06,5,0.878328,0.0000,0.159100,0
1247,712.73,5,0.897412,0.0000,0.159900,0
1248,712.20,5,0.909748,0.0000,0.162600,0
1249,711.87,5,0.931368,0.0000,0.157200,0
1250,711.54,5,0.932884,0.0000,0.153100,0
1251,711.27,11,0.944251,0.0000,0.227200,0
1252,710.81,11,0.942209,0.0000,0.221600,0
1253,710.28,5,0.914568,0.0000,0.148100,0
1254,710.28,5,0.929196,0.2000,0.159100,0
1255,709.55,5,0.893984,0.0000,0.158700,0
1256,709.09,5,0.878073,0.0000,0.156200,0
1257,708.89,5,0.864005,0.0000,0.154900,0
1258,708.55,5,0.853088,0.0000,0.158700,0
1259,708.09,5,0.860336,0.0000,0.153800,0
1260,707.83,5,0.846627,0.0000,0.155700,0
1261,707.83,5,0.853776,0.0000,0.160100,0
1262,707.29,5,0.836378,0.0000,0.163100,0
1263,706.83,5,0.809187,0.0000,0.156300,0
1264,706.23,5,0.777946,0.0000,0.154800,0
1265,705.90,5,0.742574,0.0000,0.151100,0
1266,705.24,5,0.681033,0.0000,0.159200,0
1267,704.91,5,0.605837,0.0000,0.160100,0
1268,704.64,5,0.532653,0.0000,0.152300,0
1269,704.11,9,0.468820,0.0000,0.095900,0
1270,703.65,9,0.465935,0.0000,0.093200,0
1271,703.65,9,0.478464,0.0000,0.093700,0
1272,703.05,5,0.503848,0.0000,0.155200,0
1273,702.65,5,0.534917,0.0000,0.159700,0
1274,702.25,5,0.569516,0.0000,0.157000,0
1275,702.12,5,0.616246,0.0000,0.160400,0
1276,701.66,5,0.676065,0.0000,0.160000,0
1277,701.19,5,0.717964,0.0000,0.158800,0
1278,701.13,5,0.739488,0.0000,0.156700,0
1279,700.93,5,0.757735,0.0000,0.155400,0
1280,700.26,5,0.750966,0.2000,0.159400,0
1281,699.93,5,0.732276,0.0000,0.160000,0
1282,699.93,5,0.647714,0.0000,0.161100,0
1283,699.14,5,0.573432,0.0000,0.153700,0
1284,698.74,9,0.486252,0.0000,0.093100,0
1285,698.74,9,0.432142,0.0000,0.094200,0
1286,698.28,9,0.409472,0.0000,0.093500,0
1287,697.74,9,0.392168,0.0000,0.094200,0
1288,697.21,9,0.372768,0.0000,0.092000,0
1289,697.08,9,0.372997,0.0000,0.092900,0
1290,696.48,9,0.378875,0.0000,0.097000,0
1291,696.15,9,0.390398,0.2000,0.095400,0
1292,696.15,9,0.398710,0.0000,0.093700,0
1293,695.16,9,0.415259,0.0000,0.095100,0
1294,695.03,9,0.447052,0.0000,0.093100,0
1295,694.76,9,0.475763,0.0000,0.099900,0
1296,694.50,9,0.471321,0.0000,0.101100,0
1297,694.16,9,0.457334,0.0000,0.091100,0
1298,693.63,9,0.402752,0.0000,0.095500,0
1299,693.63,9,0.351812,0.0000,0.097600,0
1300,693.10,9,0.317528,0.0000,0.094200,0
1301,692.84,9,0.272533,0.0000,0.096800,0
1302,692.24,9,0.183824,0.0000,0.091800,0
1303,692.11,17,0.171157,0.0000,0.044800,0
1304,691.51,9,0.179231,0.0000,0.093500,0
1305,691.25,9,0.198452,0.0000,0.097900,0
1306,690.25,9,0.198141,0.0000,0.090300,0
1307,689.72,9,0.243629,0.0000,0.089100,0
1308,689.32,9,0.285675,0.0000,0.098900,0
1309,689.12,9,0.335121,0.0000,0.095500,0
1310,688.86,9,0.369937,0.0000,0.091200,0
1311,688.13,9,0.414262,0.0000,0.093800,0
1312,687.47,9,0.451533,0.0000,0.097300,0
1313,687.33,9,0.463898,0.0000,0.094600,0
1314,685.61,9,0.459458,0.0000,0.094700,0
1315,685.48,9,0.462129,0.0000,0.097100,0
1316,685.14,9,0.462692,0.0000,0.101700,0
1317,684.48,9,0.445539,0.2000,0.097800,0
1318,684.15,9,0.417663,0.0000,0.093500,0
1319,683.42,9,0.392511,0.0000,0.090300,0
1320,683.35,9,0.368464,0.0000,0.093500,0
1321,683.22,9,0.372618,0.0000,0.092600,0
1322,682.69,9,0.370885,0.0000,0.091700,0
1323,682.29,9,0.355389,0.0000,0.095900,0
1324,682.16,9,0.345309,0.0000,0.097500,0
1325,681.56,9,0.335334,0.0000,0.091600,0
1326,681.23,9,0.336787,0.0000,0.090100,0
1327,681.23,9,0.336428,0.0000,0.095900,0
1328,680.44,9,0.340302,0.0000,0.094200,0
1329,680.24,9,0.327702,0.0000,0.091600,0
1330,679.44,9,0.313805,0.0000,0.092100,0
1331,679.44,9,0.300094,0.0000,0.100200,0
1332,679.24,9,0.281952,0.0000,0.092100,0
1333,678.45,9,0.230519,0.0000,0.092900,0
1334,678.38,9,0.213839,0.0000,0.094700,0
1335,678.31,9,0.210902,0.0000,0.096600,0
1336,677.59,9,0.216676,0.0000,0.093000,0
1337,677.25,9,0.222040,0.0000,0.095600,0
1338,677.25,9,0.226224,0.0000,0.099200,0
1339,677.05,9,0.236253,0.0000,0.093800,0
1340,676.26,9,0.304502,0.0000,0.097000,0
1341,675.53,9,0.387090,0.0000,0.092900,0
1342,675.46,9,0.463446,0.0000,0.099500,0
1343,675.26,5,0.560559,0.0000,0.160700,0
1344,674.53,5,0.646685,0.0000,0.160100,0
1345,674.34,5,0.757924,0.0000,0.157200,0
1346,674.34,5,0.710012,0.0000,0.156500,0
1347,673.54,5,0.774105,0.2000,0.156300,0
1348,673.34,5,0.753510,0.0000,0.151500,0
1349,672.88,5,0.716935,0.0000,0.158500,0
1350,672.55,5,0.672936,0.0000,0.157000,0
1351,672.15,5,0.648058,0.0000,0.147500,0
1352,671.55,5,0.592574,0.0000,0.150500,0
1353,671.48,5,0.556423,0.0000,0.161200,0
1354,671.15,5,0.539723,0.0000,0.159700,0
1355,670.49,5,0.520658,0.0000,0.152200,0
1356,670.49,5,0.523924,0.0000,0.161300,0
1357,669.50,5,0.514108,0.0000,0.162000,0
1358,668.90,5,0.503130,0.0000,0.157800,0
1359,668.50,9,0.466167,0.0000,0.099400,0
1360,668.17,9,0.428606,0.0000,0.091000,0
1361,667.64,9,0.385943,0.0000,0.089700,0
1362,667.51,9,0.358430,0.0000,0.097300,0
1363,666.64,9,0.315905,0.0000,0.097000,0
1364,666.51,9,0.285952,0.0000,0.098500,0
1365,666.51,9,0.271683,0.0000,0.093500,0
1366,665.58,9,0.257535,0.0000,0.095500,0
1367,665.25,9,0.244507,0.0000,0.092900,0
1368,665.25,9,0.240909,0.0000,0.094700,0
1369,664.59,9,0.245403,0.0000,0.094100,0
1370,664.26,9,0.269817,0.0000,0.093800,0
1371,663.99,9,0.263227,0.0000,0.093400,0
1372,663.46,9,0.266637,0.0000,0.094100,0
1373,663.26,9,0.269735,0.0000,0.096100,0
1374,662.47,9,0.275920,0.0000,0.094200,0
1375,662.27,9,0.277031,0.0000,0.093800,0
1376,662.00,9,0.276750,0.0000,0.092800,0
1377,661.54,9,0.254700,0.0000,0.097800,0
1378,661.27,9,0.228213,0.0000,0.100400,0
1379,660.81,9,0.213648,0.0000,0.091400,0
1380,660.54,9,0.204177,0.0000,0.093400,0
1381,659.61,9,0.204279,0.2000,0.088700,0
1382,659.61,9,0.204012,0.0000,0.098200,0
1383,659.15,9,0.202845,0.0000,0.092500,0
1384,658.62,9,0.196685,0.0000,0.092100,0
1385,658.22,9,0.200496,0.0000,0.091300,0
1386,658.22,9,0.199862,0.0000,0.095100,0
1387,657.56,9,0.205489,0.0000,0.096400,0
1388,657.10,9,0.209126,0.0000,0.088600,0
1389,656.90,9,0.208867,0.0000,0.090400,0
1390,656.56,9,0.203671,0.2000,0.087800,0
1391,656.37,9,0.200888,0.0000,0.088500,0
1392,655.84,9,0.198000,0.0000,0.090200,0
1393,655.57,9,0.194994,0.0000,0.090200,0
1394,655.37,9,0.193240,0.0000,0.089900,0
1395,654.71,9,0.187532,0.0000,0.095800,0
1396,653.71,9,0.185675,0.0000,0.097800,0
1397,653.12,9,0.186199,0.0000,0.094500,0
1398,652.72,9,0.182481,0.0000,0.092500,0
1399,652.72,9,0.180371,0.0000,0.095700,0
1400,651.46,9,0.196795,0.0000,0.095600,0
1401,651.46,9,0.207944,0.0000,0.093100,0
1402,650.46,9,0.218997,0.0000,0.096900,0
1403,650.13,9,0.229528,0.0000,0.092800,0
1404,649.47,9,0.241307,0.0000,0.093600,0
1405,648.81,9,0.251043,0.0000,0.095700,0
1406,648.67,9,0.256359,0.0000,0.094600,0
1407,648.21,9,0.259436,0.0000,0.093000,0
1408,647.48,9,0.259390,0.0000,0.092900,0
1409,647.22,9,0.252558,0.0000,0.098800,0
1410,647.15,9,0.239045,0.0000,0.094000,0
1411,646.75,9,0.235806,0.0000,0.095000,0
1412,646.15,9,0.231385,0.0000,0.091300,0
1413,645.96,9,0.229313,0.0000,0.099100,0
1414,645.56,9,0.232669,0.0000,0.097700,0
1415,645.23,9,0.237179,0.0000,0.097700,0
1416,644.89,9,0.244454,0.0000,0.091300,0
1417,644.89,9,0.240557,0.0000,0.093100,0
1418,643.90,9,0.250770,0.0000,0.093300,0
1419,643.57,9,0.256761,0.0000,0.093300,0
1420,643.24,9,0.256099,0.0000,0.095000,0
1421,642.57,9,0.257215,0.0000,0.091700,0
1422,642.04,9,0.245843,0.0000,0.092700,0
1423,641.84,9,0.237828,0.0000,0.091800,0
1424,641.58,9,0.221893,0.0000,0.099500,0
1425,641.12,9,0.206365,0.0000,0.093100,0
1426,640.58,9,0.198985,0.0000,0.094700,0
1427,640.19,9,0.198858,0.0000,0.092800,0
1428,640.12,9,0.204666,0.0000,0.089900,0
1429,639.86,9,0.179231,0.0000,0.096900,0
1430,639.13,9,0.231489,0.0000,0.089800,0
1431,638.86,9,0.269981,0.0000,0.096100,0
1432,638.66,9,0.338986,0.0000,0.095400,0
1433,638.13,9,0.449541,0.0000,0.093200,0
1434,637.67,5,0.518676,0.0000,0.154400,0
1435,637.67,5,0.543253,0.0000,0.161200,0
1436,637.14,5,0.538482,0.0000,0.159500,0
1437,636.67,5,0.523493,0.0000,0.161100,0
1438,636.14,9,0.466206,0.0000,0.089400,0
1439,636.14,9,0.484647,0.0000,0.099000,0
1440,635.15,9,0.469119,0.0000,0.088300,0
1441,634.88,9,0.476676,0.0000,0.093400,0
1442,634.68,9,0.494413,0.0000,0.092300,0
1443,634.29,5,0.514206,0.0000,0.155300,0
1444,633.69,5,0.522847,0.0000,0.162500,0
1445,633.16,5,0.550017,0.0000,0.156000,0
1446,633.16,5,0.557480,0.0000,0.157500,0
1447,632.96,5,0.564119,0.0000,0.162700,0
1448,632.10,5,0.532689,0.0000,0.155900,0
1449,632.10,5,0.546018,0.0000,0.163200,0
1450,631.77,5,0.501143,0.0000,0.157600,0
1451,631.10,9,0.435121,0.0000,0.092300,0
1452,631.04,9,0.398392,0.0000,0.092900,0
1453,630.44,9,0.381656,0.0000,0.096900,0
1454,630.11,9,0.344173,0.0000,0.097600,0
1455,629.45,9,0.316567,0.0000,0.091700,0
1456,629.25,9,0.281582,0.0000,0.093700,0
1457,629.25,9,0.263894,0.0000,0.091900,0
1458,628.52,9,0.255367,0.0000,0.095400,0
1459,628.25,9,0.246180,0.0000,0.093500,0
1460,628.19,9,0.219524,0.0000,0.096200,0
1461,627.99,9,0.211003,0.0000,0.096400,0
1462,626.66,9,0.202759,0.0000,0.101200,0
1463,626.46,9,0.201606,0.0000,0.097900,0
1464,626.40,9,0.189651,0.0000,0.097700,0
1465,625.67,9,0.175570,0.0000,0.095500,0
1466,625.34,17,0.153846,0.0000,0.044000,0
1467,625.34,17,0.132065,0.0000,0.050100,0
1468,624.47,17,0.111255,0.0000,0.044200,0
1469,624.34,17,0.084789,0.0000,0.042900,0
1470,623.48,17,0.076947,0.0000,0.044600,0
1471,623.28,17,0.076698,0.0000,0.043300,0
1472,622.55,17,0.086452,0.0000,0.046400,0
1473,622.29,17,0.100890,0.0000,0.043400,0
1474,622.29,17,0.095048,0.0000,0.045900,0
1475,621.42,17,0.097229,0.0000,0.044100,0
1476,621.29,17,0.092271,0.0000,0.046300,0
1477,620.89,17,0.079693,0.0000,0.043800,0
1478,620.56,17,0.066014,0.0000,0.044500,0
1479,620.23,17,0.057744,0.0000,0.045600,0
1480,619.43,17,0.056510,0.0000,0.045700,0
1481,619.17,17,0.054837,0.0000,0.051100,0
1482,618.44,17,0.056106,0.0000,0.046700,0
1483,618.18,17,0.059836,0.0000,0.045100,0
1484,617.58,17,0.068044,0.0000,0.044300,0
1485,617.38,17,0.071880,0.0000,0.047000,0
1486,616.45,17,0.091970,0.0000,0.044200,0
1487,615.92,17,0.108722,0.0000,0.042000,0
1488,615.46,17,0.118431,0.0000,0.045800,0
1489,615.39,17,0.123604,0.0000,0.048200,0
1490,614.86,17,0.129647,0.0000,0.043900,0
1491,614.46,17,0.131541,0.0000,0.044500,0
1492,613.73,17,0.133297,0.0000,0.046200,0
1493,613.47,17,0.130799,0.0000,0.046600,0
1494,612.47,17,0.132104,0.0000,0.046100,0
1495,612.47,17,0.127129,0.0000,0.046400,0
1496,611.48,17,0.134147,0.0000,0.040900,0
1497,611.28,17,0.136837,0.0000,0.042400,0
1498,611.08,17,0.139833,0.0000,0.047300,0
1499,610.48,17,0.145136,0.0000,0.047400,0
1500,610.09,17,0.151439,0.0000,0.046300,0
1501,610.09,17,0.154029,0.0000,0.043800,0
1502,609.62,17,0.158018,0.0000,0.046400,0
1503,609.49,17,0.157792,0.0000,0.041200,0
1504,608.56,17,0.164015,0.0000,0.043600,0
1505,608.50,17,0.161449,0.0000,0.046100,0
1506,607.50,17,0.162788,0.0000,0.045800,0
1507,607.50,17,0.158344,0.0000,0.045500,0
1508,606.51,17,0.159328,0.0000,0.045800,0
1509,606.44,17,0.152716,0.0000,0.044000,0
1510,606.44,17,0.144616,0.0000,0.049300,0
1511,605.65,17,0.142152,0.0000,0.046300,0
1512,605.45,17,0.130410,0.0000,0.048500,0
1513,605.05,17,0.119447,0.0000,0.047800,0
1514,604.58,17,0.116822,0.0000,0.046300,0
1515,604.39,17,0.104153,0.0000,0.045700,0
1516,603.92,17,0.099838,0.0000,0.045700,0
1517,603.59,17,0.097690,0.0000,0.047600,0
1518,603.19,17,0.100120,0.0000,0.048100,0
1519,602.60,17,0.104043,0.0000,0.045900,0
1520,602.60,17,0.102081,0.0000,0.042800,0
1521,602.40,17,0.097526,0.0000,0.046400,0
1522,601.47,17,0.096275,0.0000,0.046700,0
1523,601.40,17,0.074047,0.0000,0.047800,0
1524,601.40,17,0.086360,0.0000,0.047400,0
1525,600.67,17,0.055206,0.0000,0.047800,0
1526,600.21,17,0.045176,0.0000,0.041200,0
1527,600.14,17,0.034531,0.0000,0.043400,0
1528,599.68,17,0.028578,0.0000,0.049000,0
1529,599.08,17,0.032912,0.0000,0.043900,0
1530,598.55,17,0.039220,0.0000,0.046600,0
1531,598.49,17,0.046972,0.0000,0.046900,0
1532,597.96,17,0.072050,0.0000,0.041000,0
1533,597.49,17,0.088423,0.0000,0.049200,0
1534,597.29,17,0.098457,0.0000,0.041500,0
1535,596.83,17,0.116492,0.0000,0.044800,0
1536,596.56,17,0.115783,0.0000,0.045400,0
1537,596.30,17,0.114607,0.0000,0.043600,0
1538,595.63,17,0.104330,0.0000,0.045800,0
1539,595.50,17,0.094500,0.0000,0.044700,0
1540,595.30,17,0.080657,0.0000,0.046200,0
1541,594.51,17,0.071632,0.0000,0.045600,0
1542,594.31,17,0.058489,0.0000,0.044300,0
1543,594.31,17,0.044326,0.0000,0.047200,0
1544,593.51,17,0.042918,0.0000,0.041600,0
1545,593.31,17,0.023798,0.0000,0.042900,0
1546,592.45,17,0.004032,0.0000,0.045400,0
1547,592.32,17,0.005772,0.0000,0.044000,0
1548,591.66,17,0.001315,0.0000,0.046000,0
1549,591.59,17,0.025360,0.0000,0.046400,0
1550,591.59,17,0.008350,0.0000,0.045400,0
1551,590.60,17,0.074724,0.0000,0.043800,0
1552,590.40,17,0.127840,0.0000,0.042700,0
1553,590.40,9,0.194795,0.0000,0.097000,0
1554,589.60,9,0.284562,0.0000,0.097000,0
1555,589.14,9,0.388430,0.0000,0.091500,0
1556,588.81,9,0.469155,0.0000,0.088200,0
1557,588.41,5,0.565212,0.0000,0.157200,0
1558,587.61,5,0.659523,0.2000,0.152000,0
1559,586.42,5,0.841791,0.0000,0.151500,0
1560,586.42,5,0.759318,0.0000,0.157200,0
1561,585.43,5,0.809953,0.0000,0.162500,0
1562,584.70,5,0.758154,0.0000,0.162000,0
1563,584.70,5,0.699504,0.0000,0.160500,0
1564,583.70,5,0.643986,0.0000,0.163000,0
1565,583.50,5,0.622659,0.0000,0.158400,0
1566,583.50,5,0.598069,0.0000,0.158100,0
1567,582.51,5,0.602100,0.0000,0.156800,0
1568,582.11,5,0.628626,0.0000,0.160100,0
1569,581.91,5,0.668754,0.0000,0.153500,0
1570,581.51,5,0.715124,0.2000,0.158500,0
1571,581.12,5,0.719039,0.0000,0.157100,0
1572,580.85,5,0.689316,0.0000,0.161200,0
1573,580.79,5,0.656590,0.0000,0.161800,0
1574,580.52,5,0.624605,0.0000,0.160300,0
1575,579.79,5,0.590376,0.0000,0.158900,0
1576,578.53,5,0.566946,0.0000,0.160300,0
1577,578.53,5,0.542791,0.2000,0.148600,0
1578,577.80,5,0.524628,0.0000,0.156600,0
1579,577.27,5,0.504847,0.0000,0.164300,0
1580,577.27,9,0.487392,0.0000,0.097700,0
1581,576.48,9,0.482710,0.0000,0.095700,0
1582,576.34,9,0.480055,0.0000,0.093200,0
1583,576.01,9,0.478040,0.0000,0.093500,0
1584,575.48,9,0.481393,0.0000,0.097000,0
1585,574.95,9,0.489492,0.0000,0.101600,0
1586,574.62,9,0.485441,0.0000,0.094900,0
1587,574.16,9,0.472728,0.0000,0.091600,0
1588,573.63,9,0.465587,0.0000,0.091100,0
1589,573.10,9,0.467480,0.0000,0.098600,0
1590,572.63,9,0.468998,0.0000,0.096200,0
1591,572.17,9,0.440072,0.0000,0.097500,0
1592,572.10,9,0.416976,0.2000,0.096800,0
1593,571.90,9,0.388206,0.0000,0.093600,0
1594,571.11,9,0.391940,0.0000,0.093800,0
1595,570.97,9,0.402440,0.0000,0.094600,0
1596,570.91,9,0.415390,0.0000,0.096100,0
1597,570.11,9,0.451245,0.0000,0.096100,0
1598,569.91,5,0.562609,0.0000,0.155300,0
1599,569.91,9,0.494582,0.0000,0.093200,0
1600,569.25,5,0.689616,0.0000,0.159200,0
1601,568.92,5,0.797597,0.0000,0.158100,0
1602,568.26,5,0.778651,0.0000,0.161300,0
1603,568.12,5,0.769058,0.0000,0.159100,0
1604,567.46,5,0.731915,0.0000,0.152700,0
1605,567.26,5,0.676181,0.0000,0.165700,0
1606,566.93,5,0.681174,0.0000,0.162200,0
1607,566.93,5,0.694079,0.0000,0.158200,0
1608,566.14,5,0.689311,0.0000,0.156700,0
1609,565.74,5,0.717654,0.0000,0.156400,0
1610,565.74,5,0.702108,0.0000,0.156500,0
1611,565.08,5,0.728734,0.0000,0.155500,0
1612,564.74,5,0.741471,0.0000,0.155500,0
1613,564.15,5,0.751085,0.0000,0.158800,0
1614,564.02,5,0.730658,0.0000,0.159000,0
1615,563.15,5,0.682645,0.0000,0.160000,0
1616,563.02,5,0.596220,0.0000,0.158700,0
1617,562.42,5,0.514549,0.0000,0.152000,0
1618,562.23,9,0.460301,0.0000,0.092800,0
1619,561.83,9,0.424261,0.0000,0.093200,0
1620,561.43,9,0.414059,0.0000,0.092400,0
1621,561.16,9,0.405895,0.0000,0.094700,0
1622,560.44,9,0.397911,0.0000,0.095600,0
1623,560.24,9,0.417020,0.0000,0.097200,0
1624,560.17,9,0.431540,0.0000,0.092000,0
1625,559.44,9,0.473864,0.0000,0.095100,0
1626,559.18,5,0.554782,0.0000,0.153900,0
1627,559.04,5,0.629590,0.0000,0.153800,0
1628,558.58,5,0.744583,0.0000,0.157300,0
1629,558.31,5,0.756631,0.0000,0.154400,0
1630,557.85,5,0.786594,0.0000,0.155200,0
1631,557.85,5,0.772710,0.0000,0.159500,0
1632,557.12,5,0.826820,0.0000,0.159100,0
1633,556.46,5,0.863851,0.0000,0.165700,0
1634,556.26,5,0.852474,0.0000,0.151000,0
1635,556.13,5,0.813865,0.0000,0.164100,0
1636,555.33,5,0.817792,0.0000,0.161300,0
1637,554.93,5,0.802032,0.0000,0.155400,0
1638,554.93,5,0.805266,0.0000,0.160400,0
1639,554.34,5,0.802857,0.0000,0.156200,0
1640,553.68,5,0.761119,0.0000,0.160200,0
1641,553.54,5,0.730617,0.0000,0.158600,0
1642,553.28,5,0.699471,0.0000,0.155300,0
1643,552.61,5,0.695113,0.0000,0.161200,0
1644,552.48,5,0.681634,0.0000,0.150200,0
1645,551.42,5,0.724063,0.0000,0.157100,0
1646,551.42,5,0.759417,0.0000,0.157200,0
1647,550.49,5,0.749736,0.0000,0.152000,0
1648,550.29,5,0.837424,0.0000,0.157300,0
1649,549.43,5,0.875177,0.0000,0.160600,0
1650,549.23,5,0.924472,0.0000,0.156900,0
1651,549.23,11,0.963744,0.0000,0.226900,0
1652,548.31,11,0.994516,0.0000,0.231800,0
1653,548.04,11,0.982382,0.2000,0.226900,0
1654,547.45,11,1.013763,0.0000,0.222500,0
1655,546.58,11,0.984609,0.0000,0.231700,0
1656,546.52,11,0.938616,0.0000,0.232700,0
1657,546.25,5,0.885789,0.0000,0.161400,0
1658,545.59,5,0.848933,0.0000,0.159800,0
1659,545.26,5,0.796068,0.0000,0.158000,0
1660,545.26,5,0.733125,0.0000,0.156900,0
1661,544.60,5,0.668554,0.0000,0.156700,0
1662,544.26,5,0.664699,0.0000,0.157600,0
1663,543.47,5,0.689012,0.0000,0.151800,0
1664,543.34,5,0.740436,0.2000,0.148200,0
1665,543.34,5,0.712953,0.0000,0.153800,0
1666,542.47,5,0.768629,0.0000,0.160000,0
1667,542.34,5,0.777632,0.0000,0.154300,0
1668,541.81,5,0.780756,0.0000,0.147500,0
1669,541.55,5,0.767513,0.0000,0.160000,0
1670,541.35,5,0.756463,0.0000,0.159500,0
1671,540.49,5,0.699704,0.0000,0.155700,0
1672,540.35,5,0.630783,0.0000,0.160200,0
1673,540.16,5,0.606372,0.0000,0.157800,0
1674,539.49,5,0.578793,0.0000,0.152800,0
1675,539.16,5,0.521092,0.0000,0.154000,0
1676,539.16,5,0.550206,0.0000,0.157500,0
1677,538.56,5,0.512805,0.0000,0.155200,0
1678,537.50,5,0.499376,0.0000,0.154000,0
1679,536.51,5,0.529803,0.0000,0.160400,0
1680,536.18,5,0.555750,0.0000,0.156900,0
1681,535.91,5,0.612850,0.0000,0.159300,0
1682,535.65,5,0.698061,0.0000,0.149600,0
1683,535.52,5,0.805456,0.0000,0.158100,0
1684,534.92,5,0.852151,0.0000,0.164500,0
1685,534.65,5,0.817743,0.0000,0.149000,0
1686,534.65,5,0.840386,0.0000,0.157900,0
1687,534.46,5,0.768102,0.0000,0.156800,0
1688,533.46,5,0.705751,0.0000,0.160400,0
1689,533.46,5,0.626360,0.0000,0.162400,0
1690,532.47,5,0.592397,0.0000,0.158200,0
1691,532.27,5,0.553756,0.0000,0.157500,0
1692,532.27,5,0.559143,0.0000,0.159300,0
1693,531.47,5,0.554035,0.0000,0.158400,0
1694,531.28,5,0.556266,0.0000,0.159200,0
1695,530.61,5,0.612309,0.0000,0.161000,0
1696,530.48,5,0.650120,0.0000,0.158500,0
1697,530.28,5,0.704167,0.0000,0.158700,0
1698,529.55,5,0.718548,0.0000,0.164500,0
1699,529.29,5,0.733316,0.0000,0.162600,0
1700,528.56,5,0.738454,0.0000,0.164900,0
1701,527.90,5,0.734525,0.0000,0.151800,0
1702,527.76,5,0.726706,0.2000,0.161300,0
1703,527.56,5,0.724539,0.0000,0.150800,0
1704,526.57,5,0.702823,0.0000,0.161500,0
1705,526.57,5,0.674213,0.0000,0.159000,0
1706,526.37,5,0.643248,0.0000,0.156000,0
1707,525.77,5,0.631048,0.0000,0.159100,0
1708,524.91,5,0.626023,0.0000,0.158800,0
1709,524.58,5,0.682605,0.0000,0.158100,0
1710,523.72,5,0.736208,0.0000,0.160600,0
1711,523.72,5,0.783743,0.0000,0.161700,0
1712,522.59,5,0.915883,0.0000,0.158200,0
1713,522.59,11,1.011058,0.0000,0.218700,0
1714,522.40,11,1.072979,0.0000,0.232700,0
1715,521.67,11,1.094132,0.0000,0.226600,0
1716,521.40,11,1.111050,0.0000,0.227400,0
1717,521.40,11,1.115882,0.0000,0.220500,0
1718,520.67,11,1.102190,0.0000,0.228700,0
1719,519.88,11,1.106840,0.0000,0.229500,0
1720,519.48,11,1.143127,0.0000,0.235500,0
1721,519.28,11,1.167475,0.0000,0.227900,0
1722,518.68,11,1.187000,0.0000,0.233300,0
1723,518.49,11,1.199299,0.0000,0.225100,0
1724,518.09,11,1.193782,0.0000,0.229000,0
1725,517.62,11,1.222335,0.0000,0.228700,0
1726,517.62,11,1.208794,0.0000,0.228900,0
1727,517.49,11,1.231222,0.0000,0.229900,0
1728,516.50,11,1.244796,0.0000,0.234700,0
1729,516.50,11,1.252970,0.0000,0.231700,0
1730,515.84,11,1.230303,0.0000,0.230100,0
1731,515.50,11,1.178338,0.0000,0.231500,0
1732,515.50,11,1.205815,0.0000,0.238300,0
1733,515.04,11,1.201636,0.2000,0.226700,0
1734,514.97,11,1.197393,0.0000,0.226900,0
1735,514.51,11,1.183840,0.0000,0.229900,0
1736,513.98,11,1.163468,0.2000,0.226600,0
1737,513.85,11,1.143124,0.0000,0.231400,0
1738,512.85,11,1.088625,0.0000,0.233500,0
1739,512.85,11,1.114607,0.0000,0.223500,0
1740,511.60,11,1.056157,0.0000,0.230000,0
1741,511.60,11,1.024611,0.0000,0.226600,0
1742,510.60,11,0.994925,0.0000,0.230400,0
1743,510.20,11,0.963024,0.0000,0.232000,0
1744,509.94,5,0.924079,0.0000,0.156600,0
1745,509.94,5,0.889447,0.0000,0.160300,0
1746,509.08,5,0.853108,0.0000,0.158000,0
1747,508.88,5,0.816477,0.0000,0.156500,0
1748,508.61,5,0.791194,0.0000,0.154300,0
1749,508.08,5,0.770795,0.0000,0.156100,0
1750,507.82,5,0.747388,0.0000,0.153300,0
1751,507.62,5,0.728398,0.0000,0.157700,0
1752,507.09,5,0.707396,0.0000,0.157600,0
1753,506.89,5,0.682744,0.0000,0.157900,0
1754,506.23,5,0.660264,0.0000,0.154100,0
1755,506.10,5,0.641173,0.0000,0.165900,0
1756,505.90,5,0.618548,0.0000,0.153000,0
1757,505.10,5,0.587008,0.0000,0.160600,0
1758,504.90,5,0.557142,0.0000,0.159100,0
1759,504.44,5,0.526695,0.0000,0.150800,0
1760,504.11,5,0.535302,0.0000,0.157700,0
1761,503.71,5,0.526753,0.0000,0.158400,0
1762,503.45,9,0.383894,0.0000,0.099900,0
1763,503.12,9,0.374888,0.0000,0.091000,0
1764,502.72,9,0.355526,0.0000,0.096500,0
1765,502.12,9,0.293109,0.0000,0.090900,0
1766,502.12,9,0.303696,0.0000,0.094500,0
1767,501.46,9,0.297883,0.0000,0.096200,0
1768,501.13,9,0.286343,0.0000,0.087500,0
1769,500.93,9,0.289465,0.2000,0.086400,0
1770,500.47,9,0.301168,0.2000,0.097200,0
1771,500.07,9,0.339671,0.0000,0.095500,0
1772,499.74,9,0.422529,0.0000,0.095100,0
1773,499.74,9,0.464351,0.0000,0.102800,0
1774,499.07,9,0.491048,0.0000,0.093900,0
1775,498.48,5,0.511082,0.2000,0.155600,0
1776,498.15,5,0.511640,0.0000,0.157800,0
1777,498.08,5,0.507810,0.0000,0.150700,0
1778,497.48,5,0.504649,0.0000,0.157900,0
1779,497.15,5,0.504738,0.0000,0.154600,0
1780,497.09,5,0.498380,0.0000,0.161100,0
1781,496.49,9,0.495735,0.0000,0.095000,0
1782,496.09,9,0.483913,0.0000,0.096500,0
1783,495.56,9,0.480300,0.0000,0.095500,0
1784,495.56,9,0.473719,0.0000,0.092300,0
1785,494.50,9,0.458238,0.0000,0.092900,0
1786,494.50,9,0.466954,0.0000,0.096100,0
1787,493.44,9,0.459795,0.0000,0.095300,0
1788,493.24,9,0.450296,0.0000,0.090500,0
1789,493.11,9,0.426684,0.0000,0.093000,0
1790,492.45,9,0.383825,0.0000,0.093600,0
1791,492.18,9,0.347717,0.0000,0.088800,0
1792,491.85,9,0.310598,0.0000,0.096000,0
1793,491.46,9,0.280059,0.0000,0.092600,0
1794,491.19,9,0.245556,0.0000,0.095000,0
1795,490.46,9,0.197954,0.0000,0.093500,0
1796,490.46,9,0.224947,0.0000,0.093500,0
1797,490.33,17,0.172399,0.0000,0.050100,0
1798,489.67,17,0.145073,0.0000,0.044400,0
1799,489.27,17,0.134830,0.0000,0.048700,0
1800,489.27,17,0.122574,0.0000,0.043900,0
1801,488.47,17,0.122958,0.0000,0.043200,0
1802,488.34,17,0.121852,0.0000,0.044000,0
1803,487.94,17,0.126618,0.0000,0.046700,0
1804,487.68,17,0.122045,0.0000,0.045300,0
1805,486.42,17,0.140266,0.0000,0.043100,0
1806,486.42,17,0.143043,0.0000,0.045100,0
1807,486.16,17,0.140157,0.0000,0.044500,0
1808,485.96,17,0.137098,0.0000,0.044300,0
1809,485.43,17,0.141199,0.0000,0.048200,0
1810,484.96,17,0.151911,0.0000,0.044200,0
1811,484.43,17,0.158656,0.0000,0.041400,0
1812,484.24,17,0.164991,0.0000,0.043500,0
1813,483.57,17,0.171606,0.0000,0.048400,0
1814,483.44,9,0.183562,0.0000,0.095200,0
1815,483.24,9,0.198966,0.0000,0.098200,0
1816,482.51,9,0.231322,0.0000,0.088500,0
1817,482.45,9,0.237138,0.0000,0.093000,0
1818,482.31,9,0.234144,0.0000,0.099900,0
1819,481.45,9,0.227358,0.0000,0.087800,0
1820,481.45,9,0.219281,0.0000,0.093000,0
1821,481.32,9,0.213883,0.0000,0.089700,0
1822,480.39,9,0.217409,0.0000,0.097000,0
1823,479.47,9,0.216651,0.0000,0.095600,0
1824,479.07,9,0.211655,0.0000,0.098300,0
1825,479.07,9,0.203571,0.2000,0.094600,0
1826,478.47,9,0.199296,0.0000,0.094900,0
1827,478.07,9,0.193466,0.0000,0.091300,0
1828,477.55,9,0.185859,0.0000,0.095700,0
1829,477.48,9,0.176284,0.0000,0.098000,0
1830,477.08,17,0.169892,0.0000,0.045300,0
1831,476.42,17,0.151792,0.0000,0.044500,0
1832,476.42,17,0.164088,0.0000,0.042200,0
1833,475.49,17,0.150457,0.0000,0.044100,0
1834,474.83,17,0.148521,0.0000,0.047400,0
1835,474.50,17,0.138161,0.0000,0.047100,0
1836,473.50,17,0.133060,0.0000,0.048900,0
1837,473.17,17,0.121182,0.0000,0.043400,0
1838,473.17,17,0.103103,0.0000,0.042800,0
1839,472.18,17,0.086166,0.0000,0.045800,0
1840,471.91,17,0.072722,0.0000,0.047800,0
1841,471.58,17,0.051910,0.0000,0.044600,0
1842,471.19,17,0.035421,0.0000,0.044100,0
1843,470.59,17,0.020959,0.0000,0.046000,0
1844,470.46,17,0.013010,0.0000,0.044300,0
1845,470.19,17,0.009164,0.0000,0.045900,0
1846,469.53,17,0.038144,0.0000,0.046000,0
1847,469.46,17,0.059906,0.0000,0.041600,0
1848,469.20,17,0.099374,0.0000,0.045900,0
1849,468.47,9,0.257262,0.0000,0.096300,0
1850,468.47,17,0.171095,0.0000,0.044200,0
1851,467.48,9,0.384139,0.0000,0.094700,0
1852,467.28,5,0.564219,0.0000,0.158700,0
1853,467.28,9,0.469760,0.0000,0.096300,0
1854,466.55,5,0.651109,0.0000,0.156300,0
1855,466.29,5,0.730681,0.2000,0.157000,0
1856,465.95,5,0.806295,0.0000,0.155700,0
1857,465.69,5,0.885229,0.0000,0.154900,0
1858,465.29,11,0.964013,0.0000,0.227400,0
1859,464.70,11,1.036722,0.0000,0.233100,0
1860,463.77,11,1.112066,0.0000,0.237900,0
1861,463.70,11,1.166716,0.0000,0.221300,0
1862,462.64,11,1.261288,0.0000,0.233700,0
1863,462.64,11,1.227452,0.0000,0.232200,0
1864,462.31,11,1.266548,0.0000,0.229200,0
1865,461.65,11,1.268194,0.0000,0.235400,0
1866,461.05,11,1.271144,0.0000,0.234100,0
1867,461.05,11,1.265560,0.0000,0.224000,0
1868,460.66,11,1.232868,0.0000,0.227800,0
1869,459.07,11,1.207706,0.0000,0.231500,0
1870,458.87,11,1.161592,0.0000,0.224600,0
1871,458.67,11,1.067565,0.0000,0.236600,0
1872,458.07,11,0.965908,0.0000,0.231300,0
1873,457.94,5,0.861755,0.0000,0.155800,0
1874,456.88,5,0.684721,0.0000,0.155600,0
1875,456.88,5,0.768517,0.0000,0.149700,0
1876,455.82,5,0.672490,0.0000,0.159300,0
1877,454.89,5,0.647123,0.0000,0.160100,0
1878,453.90,5,0.593926,0.0000,0.161900,0
1879,453.90,5,0.636165,0.0000,0.156100,0
1880,453.17,5,0.559039,0.0000,0.156500,0
1881,452.78,5,0.529141,0.0000,0.161500,0
1882,452.78,5,0.542399,0.0000,0.154600,0
1883,452.11,5,0.502419,0.0000,0.154700,0
1884,451.52,9,0.495690,0.0000,0.089300,0
1885,451.05,9,0.490849,0.0000,0.098800,0
1886,450.52,9,0.481857,0.0000,0.097800,0
1887,450.13,9,0.473898,0.0000,0.093600,0
1888,449.86,9,0.468814,0.0000,0.093400,0
1889,449.53,9,0.460473,0.0000,0.099000,0
1890,449.07,9,0.450218,0.0000,0.092600,0
1891,448.54,9,0.450278,0.0000,0.096100,0
1892,448.54,9,0.444785,0.2000,0.096300,0
1893,447.54,9,0.431562,0.0000,0.096900,0
1894,447.08,9,0.424542,0.2000,0.092600,0
1895,446.88,9,0.416936,0.0000,0.097600,0
1896,446.55,9,0.412975,0.0000,0.095500,0
1897,445.82,9,0.422600,0.0000,0.097600,0
1898,445.82,5,0.545137,0.0000,0.155300,0
1899,445.09,5,0.563651,0.0000,0.156000,0
1900,444.90,5,0.600042,0.0000,0.152200,0
1901,444.17,5,0.645127,0.0000,0.153100,0
1902,444.10,5,0.724609,0.0000,0.168400,0
1903,443.64,5,0.951107,0.0000,0.165600,0
1904,443.64,5,0.823677,0.0000,0.160700,0
1905,443.11,11,1.071174,0.0000,0.236300,0
1906,442.64,11,1.080848,0.0000,0.227800,0
1907,442.64,11,1.119569,0.2000,0.225600,0
1908,442.05,11,1.144745,0.0000,0.224600,0
1909,441.65,11,1.168555,0.0000,0.224400,0
1910,441.12,11,1.177772,0.0000,0.232400,0
1911,440.66,11,1.197724,0.0000,0.235100,0
1912,440.13,11,1.208697,0.0000,0.232300,0
1913,440.00,11,1.216099,0.0000,0.230100,0
1914,439.67,11,1.229274,0.0000,0.218400,0
1915,439.14,11,1.233703,0.0000,0.235300,0
1916,438.67,11,1.211602,0.0000,0.234200,0
1917,438.67,11,1.187455,0.0000,0.227000,0
1918,438.14,11,1.159590,0.0000,0.217600,0
1919,437.68,11,1.131309,0.0000,0.231400,0
1920,437.22,11,1.094842,0.0000,0.234700,0
1921,437.15,11,1.065385,0.0000,0.226900,0
1922,436.95,11,1.032440,0.0000,0.231100,0
1923,436.16,11,0.988168,0.0000,0.223600,0
1924,436.02,11,0.944655,0.0000,0.229600,0
1925,435.76,5,0.908795,0.0000,0.162600,0
1926,435.16,5,0.847426,0.0000,0.157400,0
1927,434.77,5,0.711961,0.0000,0.159100,0
1928,434.77,5,0.777958,0.0000,0.163000,0
1929,434.24,5,0.638075,0.2000,0.157500,0
1930,433.51,5,0.562538,0.0000,0.157700,0
1931,433.24,5,0.508916,0.0000,0.156000,0
1932,433.18,9,0.464697,0.0000,0.094400,0
1933,432.52,9,0.468249,0.0000,0.098800,0
1934,432.18,9,0.478808,0.0000,0.092400,0
1935,432.12,9,0.479705,0.0000,0.092100,0
1936,431.52,9,0.481566,0.0000,0.095600,0
1937,431.12,9,0.493481,0.0000,0.095300,0
1938,431.12,9,0.486543,0.2000,0.093700,0
1939,430.79,5,0.519521,0.0000,0.158800,0
1940,430.13,5,0.519069,0.0000,0.159000,0
1941,430.07,5,0.531652,0.0000,0.153900,0
1942,429.40,5,0.595014,0.0000,0.155700,0
1943,429.27,5,0.610872,0.0000,0.158200,0
1944,429.07,5,0.665316,0.0000,0.160300,0
1945,428.28,5,0.694089,0.0000,0.151100,0
1946,428.28,5,0.718306,0.0000,0.156900,0
1947,427.88,5,0.728422,0.0000,0.157300,0
1948,427.29,5,0.715667,0.0000,0.158900,0
1949,427.09,5,0.715372,0.0000,0.156900,0
1950,426.49,5,0.711848,0.0000,0.156900,0
1951,426.16,5,0.734150,0.0000,0.160300,0
1952,426.16,5,0.739450,0.0000,0.156500,0
1953,425.90,5,0.739891,0.0000,0.156300,0
1954,425.43,5,0.734083,0.0000,0.160700,0
1955,425.30,5,0.725316,0.0000,0.159400,0
1956,424.90,5,0.716190,0.0000,0.156500,0
1957,424.24,5,0.733660,0.0000,0.155000,0
1958,424.24,5,0.748433,0.0000,0.163500,0
1959,423.45,5,0.766750,0.0000,0.153900,0
1960,423.38,5,0.758776,0.0000,0.161200,0
1961,423.38,5,0.766655,0.0000,0.159300,0
1962,422.92,5,0.807342,0.2000,0.152700,0
1963,422.45,5,0.872331,0.0000,0.159100,0
1964,421.46,5,0.932439,0.2000,0.159600,0
1965,421.39,11,0.979133,0.2000,0.223200,0
1966,421.20,11,1.002229,0.0000,0.228700,0
1967,420.47,11,1.018690,0.0000,0.227800,0
1968,420.40,11,1.030438,0.0000,0.225500,0
1969,420.20,11,1.051801,0.0000,0.232000,0
1970,419.54,11,1.046630,0.0000,0.226400,0
1971,419.21,11,1.057699,0.0000,0.225200,0
1972,419.21,11,1.047745,0.0000,0.221800,0
1973,418.42,11,1.075239,0.2000,0.234900,0
1974,417.49,11,1.075239,0.0000,0.230700,0
1975,417.49,11,1.081531,0.2000,0.230700,0
1976,417.36,11,1.064434,0.0000,0.230900,0
1977,416.43,11,1.076698,0.0000,0.232300,0
1978,416.43,11,1.110088,0.0000,0.233200,0
1979,416.23,11,1.136834,0.0000,0.233200,0
1980,415.44,11,1.158815,0.0000,0.234000,0
1981,415.44,11,1.203599,0.0000,0.228700,0
1982,415.44,11,1.186584,0.0000,0.223900,0
1983,414.51,11,1.183479,0.0000,0.228500,0
1984,414.38,11,1.157973,0.0000,0.233700,0
1985,413.52,11,1.120307,0.0000,0.225900,0
1986,413.39,11,1.045747,0.0000,0.230000,0
1987,412.79,11,0.977979,0.2000,0.227900,0
1988,412.53,5,0.890822,0.0000,0.156600,0
1989,412.33,5,0.806667,0.0000,0.160600,0
1990,411.53,5,0.759107,0.0000,0.156500,0
1991,411.53,5,0.718411,0.0000,0.155400,0
1992,411.14,5,0.742775,0.0000,0.159500,0
1993,410.41,5,0.751771,0.0000,0.155500,0
1994,410.14,5,0.737606,0.0000,0.155000,0
1995,409.48,5,0.723208,0.0000,0.161100,0
1996,408.55,5,0.727769,0.0000,0.153400,0
1997,408.49,5,0.714735,0.0000,0.159200,0
1998,408.16,5,0.699396,0.0000,0.152700,0
1999,407.50,5,0.704926,0.0000,0.158200,0
2000,406.17,5,0.700114,0.0000,0.151500,0
2001,406.17,5,0.689419,0.0000,0.155500,0
2002,405.51,5,0.720789,0.0000,0.155600,0
2003,405.44,5,0.758544,0.0000,0.157900,0
2004,404.92,5,0.746978,0.0000,0.158700,0
2005,404.65,5,0.724805,0.0000,0.152300,0
2006,403.79,5,0.712810,0.0000,0.154800,0
2007,403.53,5,0.740325,0.0000,0.154200,0
2008,402.53,5,0.752967,0.0000,0.153100,0
2009,402.53,5,0.765671,0.0000,0.155000,0
2010,402.27,5,0.800227,0.0000,0.159200,0
2011,401.54,5,0.812502,0.0000,0.155700,0
2012,401.28,5,0.834706,0.2000,0.158300,0
2013,401.28,5,0.877441,0.0000,0.161800,0
2014,400.55,11,0.960430,0.0000,0.221500,0
2015,400.28,11,1.040821,0.0000,0.228300,0
2016,399.69,11,1.061850,0.0000,0.230200,0
2017,399.49,11,1.087731,0.0000,0.224600,0
2018,399.29,11,1.099245,0.0000,0.219300,0
2019,398.50,11,1.078620,0.0000,0.228500,0
2020,398.50,11,1.098422,0.2000,0.229300,0
2021,397.50,11,1.024528,0.0000,0.226000,0
2022,397.31,11,0.983549,0.0000,0.233200,0
2023,397.31,5,0.918816,0.0000,0.158900,0
2024,396.58,5,0.845035,0.0000,0.163400,0
2025,396.31,5,0.749705,0.0000,0.161500,0
2026,395.92,5,0.727452,0.0000,0.160700,0
2027,395.59,5,0.731458,0.0000,0.157000,0
2028,394.79,5,0.887517,0.0000,0.157800,0
2029,394.66,11,0.976440,0.0000,0.230900,0
2030,393.80,11,1.088993,0.0000,0.231800,0
2031,393.40,11,1.147927,0.0000,0.225500,0
2032,392.81,11,1.201773,0.0000,0.229200,0
2033,392.68,11,1.239861,0.2000,0.225400,0
2034,392.41,11,1.242244,0.0000,0.224400,0
2035,391.75,11,1.247614,0.0000,0.226100,0
2036,391.42,11,1.246398,0.0000,0.229000,0
2037,390.43,11,1.237891,0.0000,0.231600,0
2038,389.43,11,1.224436,0.0000,0.228000,0
2039,388.90,11,1.230317,0.0000,0.228500,0
2040,388.77,11,1.253222,0.0000,0.226900,0
2041,388.44,11,1.265949,0.0000,0.228600,0
2042,387.91,11,1.279915,0.0000,0.230400,0
2043,387.78,11,1.295895,0.0000,0.230400,0
2044,386.79,11,1.294232,0.0000,0.235600,0
2045,386.79,11,1.290495,0.0000,0.232400,0
2046,386.06,11,1.291216,0.0000,0.231700,0
2047,385.80,11,1.299976,0.0000,0.226300,0
2048,385.80,11,1.303881,0.0000,0.230800,0
2049,385.07,11,1.237574,0.0000,0.239100,0
2050,385.07,11,1.274153,0.0000,0.230400,0
2051,384.54,11,1.119112,0.0000,0.231500,0
2052,384.54,11,1.177579,0.0000,0.227300,0
2053,383.55,11,1.021019,0.0000,0.229500,0
2054,382.82,5,0.922091,0.0000,0.150300,0
2055,382.55,5,0.838640,0.2000,0.155000,0
2056,382.09,5,0.751872,0.0000,0.155800,0
2057,381.89,5,0.664616,0.0000,0.154400,0
2058,381.10,5,0.620536,0.0000,0.159000,0
2059,380.97,5,0.590673,0.0000,0.159800,0
2060,380.97,5,0.570304,0.0000,0.160600,0
2061,380.11,5,0.566375,0.0000,0.162700,0
2062,379.91,5,0.558827,0.0000,0.164800,0
2063,379.58,5,0.539913,0.0000,0.163000,0
2064,379.12,9,0.488882,0.2000,0.089100,0
2065,378.59,9,0.432883,0.0000,0.092800,0
2066,378.59,9,0.344892,0.0000,0.098400,0
2067,378.06,9,0.274628,0.0000,0.098100,0
2068,377.93,9,0.251760,0.2000,0.097100,0
2069,377.07,9,0.227881,0.0000,0.097200,0
2070,376.93,9,0.212019,0.0000,0.088600,0
2071,376.93,9,0.212144,0.0000,0.091500,0
2072,376.14,9,0.223288,0.0000,0.093100,0
2073,375.68,9,0.242830,0.0000,0.096600,0
2074,375.08,9,0.238812,0.0000,0.096700,0
2075,375.08,9,0.238608,0.0000,0.093000,0
2076,374.68,9,0.250079,0.0000,0.098200,0
2077,374.09,9,0.282449,0.0000,0.093700,0
2078,373.96,9,0.350351,0.0000,0.090700,0
2079,373.69,9,0.383861,0.0000,0.095900,0
2080,373.10,9,0.478754,0.2000,0.098100,0
2081,372.70,5,0.505117,0.0000,0.154700,0
2082,372.70,5,0.527168,0.0000,0.162000,0
2083,372.11,5,0.542532,0.0000,0.158100,0
2084,371.71,5,0.546142,0.0000,0.161800,0
2085,371.71,5,0.548671,0.0000,0.158700,0
2086,371.11,5,0.555600,0.0000,0.153400,0
2087,370.45,5,0.571116,0.0000,0.161900,0
2088,370.45,5,0.576630,0.0000,0.160100,0
2089,370.19,5,0.599673,0.0000,0.159000,0
2090,369.73,5,0.604460,0.0000,0.159500,0
2091,369.33,5,0.605936,0.0000,0.162500,0
2092,369.33,5,0.605685,0.0000,0.158100,0
2093,368.47,5,0.632523,0.0000,0.159200,0
2094,368.20,5,0.636938,0.0000,0.154100,0
2095,368.20,5,0.631461,0.0000,0.157400,0
2096,368.01,5,0.631688,0.0000,0.159900,0
2097,367.21,5,0.640062,0.0000,0.151300,0
2098,366.82,5,0.637467,0.0000,0.152000,0
2099,366.22,5,0.652845,0.0000,0.158200,0
2100,366.22,5,0.653547,0.0000,0.161400,0
2101,365.49,5,0.658165,0.0000,0.158500,0
2102,365.30,5,0.654770,0.0000,0.154800,0
2103,364.83,5,0.659274,0.0000,0.156200,0
2104,364.24,5,0.657735,0.0000,0.157200,0
2105,364.24,5,0.654567,0.0000,0.159000,0
2106,363.58,5,0.673326,0.0000,0.150100,0
2107,363.18,5,0.657931,0.0000,0.152500,0
2108,362.19,5,0.666193,0.0000,0.153400,0
2109,361.86,5,0.656427,0.0000,0.159900,0
2110,361.40,5,0.663803,0.0000,0.158300,0
2111,361.20,5,0.662840,0.0000,0.156000,0
2112,360.87,5,0.655172,0.2000,0.155600,0
2113,360.47,5,0.644331,0.0000,0.156100,0
2114,360.21,5,0.616452,0.0000,0.164300,0
2115,359.41,5,0.602821,0.0000,0.157700,0
2116,359.41,5,0.575567,0.0000,0.157300,0
2117,359.21,5,0.555226,0.0000,0.157400,0
2118,358.49,5,0.538311,0.0000,0.158700,0
2119,358.35,5,0.518284,0.0000,0.152200,0
2120,358.16,9,0.478224,0.0000,0.093500,0
2121,358.16,9,0.435750,0.0000,0.097700,0
2122,357.23,9,0.345901,0.0000,0.092200,0
2123,357.23,9,0.369370,0.0000,0.096500,0
2124,356.44,9,0.342717,0.0000,0.095500,0
2125,356.17,9,0.362901,0.0000,0.096000,0
2126,355.98,9,0.394694,0.0000,0.090000,0
2127,355.45,9,0.372849,0.0000,0.096600,0
2128,355.45,9,0.358958,0.0000,0.094900,0
2129,355.25,9,0.376047,0.0000,0.094300,0
2130,354.46,9,0.424540,0.0000,0.096900,0
2131,354.32,9,0.450949,0.0000,0.095600,0
2132,353.46,5,0.498923,0.0000,0.162700,0
2133,353.20,5,0.572503,0.0000,0.155700,0
2134,353.20,5,0.642508,0.0000,0.160600,0
2135,352.47,5,0.726247,0.0000,0.157700,0
2136,352.21,5,0.772476,0.0000,0.155100,0
2137,352.01,5,0.811741,0.0000,0.155800,0
2138,351.42,5,0.845487,0.0000,0.155100,0
2139,351.22,5,0.859259,0.0000,0.163400,0
2140,350.49,5,0.875029,0.0000,0.158300,0
2141,350.49,5,0.880485,0.2000,0.154300,0
2142,350.36,5,0.890022,0.0000,0.160300,0
2143,349.50,5,0.909612,0.0000,0.154100,0
2144,349.37,5,0.913209,0.0000,0.159100,0
2145,348.51,5,0.916130,0.0000,0.153800,0
2146,348.31,5,0.934757,0.0000,0.150100,0
2147,348.31,5,0.920679,0.0000,0.157800,0
2148,347.52,11,0.950034,0.0000,0.228400,0
2149,347.32,11,0.967521,0.0000,0.228000,0
2150,346.79,11,0.982155,0.0000,0.227700,0
2151,346.53,11,1.004864,0.0000,0.230900,0
2152,345.54,11,1.040633,0.0000,0.221800,0
2153,345.54,11,1.057761,0.0000,0.230700,0
2154,344.48,11,1.113459,0.0000,0.230600,0
2155,344.48,11,1.219596,0.0000,0.232600,0
2156,343.49,11,1.385917,0.0000,0.229000,0
2157,343.16,11,1.241173,0.0000,0.229100,0
2158,343.16,11,1.300250,0.0000,0.225100,0
2159,342.56,11,1.173185,0.0000,0.229000,0
2160,342.17,11,1.229839,0.0000,0.229100,0
2161,342.17,11,1.192967,0.0000,0.232200,0
2162,341.57,11,1.209486,0.0000,0.223000,0
2163,340.91,11,1.287800,0.0000,0.229700,0
2164,340.65,11,1.325156,0.2000,0.227300,0
2165,339.92,11,1.339729,0.0000,0.231900,0
2166,339.66,11,1.376130,0.0000,0.221800,0
2167,339.66,11,1.381296,0.0000,0.219700,0
2168,339.19,11,1.396910,0.0000,0.224900,0
2169,338.47,11,1.416851,0.0000,0.234700,0
2170,338.20,11,1.413356,0.0000,0.228200,0
2171,338.20,11,1.419975,0.0000,0.226500,0
2172,337.54,11,1.384462,0.0000,0.233400,0
2173,337.54,11,1.366072,0.0000,0.230700,0
2174,336.55,11,1.348213,0.0000,0.223300,0
2175,336.49,11,1.307259,0.0000,0.224000,0
2176,336.49,11,1.272181,0.0000,0.216200,0
2177,335.50,11,1.230403,0.0000,0.230700,0
2178,335.30,11,1.197278,0.2000,0.228800,0
2179,335.30,11,1.162250,0.0000,0.229700,0
2180,334.50,11,1.130860,0.0000,0.232700,0
2181,334.31,11,1.090732,0.0000,0.229400,0
2182,333.58,11,1.236595,0.0000,0.229400,0
2183,333.58,11,1.184001,0.0000,0.231400,0
2184,332.72,11,1.243613,0.0000,0.227400,0
2185,332.59,11,1.242748,0.0000,0.229500,0
2186,332.59,11,1.233974,0.0000,0.224200,0
2187,331.80,11,1.218733,0.0000,0.229400,0
2188,331.53,11,1.198950,0.0000,0.224700,0
2189,331.33,11,1.180318,0.0000,0.226300,0
2190,330.81,11,1.156329,0.0000,0.237800,0
2191,330.54,11,1.109678,0.0000,0.233400,0
2192,330.08,11,1.069799,0.0000,0.221100,0
2193,329.82,11,1.038284,0.0000,0.225700,0
2194,329.55,11,1.023641,0.0000,0.233000,0
2195,329.09,11,0.980105,0.2000,0.223400,0
2196,328.69,11,0.962978,0.0000,0.242000,0
2197,328.69,11,0.944902,0.0000,0.227500,0
2198,328.36,5,0.932015,0.0000,0.157100,0
2199,327.70,5,0.917196,0.0000,0.161700,0
2200,326.84,5,0.920657,0.0000,0.157700,0
2201,326.84,5,0.919168,0.0000,0.161600,0
2202,325.85,5,0.921364,0.0000,0.162000,0
2203,325.72,5,0.921984,0.0000,0.160300,0
2204,324.73,5,0.910622,0.0000,0.157300,0
2205,324.73,5,0.924409,0.0000,0.156600,0
2206,323.48,5,0.925712,0.0000,0.154800,0
2207,322.82,5,0.900824,0.0000,0.163100,0
2208,322.49,5,0.875782,0.0000,0.149500,0
2209,322.16,5,0.840966,0.2000,0.157300,0
2210,321.50,5,0.815353,0.0000,0.148100,0
2211,321.50,5,0.789198,0.0000,0.160000,0
2212,320.51,5,0.821785,0.0000,0.154800,0
2213,319.85,5,0.899875,0.0000,0.161400,0
2214,319.52,11,0.945601,0.0000,0.227500,0
2215,319.12,11,0.947362,0.0000,0.223800,0
2216,318.53,11,0.958830,0.0000,0.231600,0
2217,317.87,11,0.960781,0.0000,0.226200,0
2218,317.54,11,0.973094,0.0000,0.235500,0
2219,317.07,11,0.971123,0.0000,0.224500,0
2220,317.01,11,0.959284,0.0000,0.233900,0
2221,316.55,11,0.944640,0.0000,0.229300,0
2222,316.08,5,0.931162,0.0000,0.159500,0
2223,315.56,5,0.896536,0.0000,0.158200,0
2224,315.56,5,0.911713,0.0000,0.157900,0
2225,315.09,5,0.893272,0.2000,0.157800,0
2226,315.03,5,0.875792,0.0000,0.150900,0
2227,314.17,5,0.861245,0.0000,0.157700,0
2228,314.10,5,0.839797,0.0000,0.162600,0
2229,314.04,5,0.827631,0.0000,0.158100,0
2230,313.11,5,0.807851,0.0000,0.150800,0
2231,312.92,5,0.795306,0.0000,0.159700,0
2232,312.92,5,0.770088,0.0000,0.154900,0
2233,311.93,5,0.725538,0.0000,0.156100,0
2234,311.93,5,0.656564,0.0000,0.153100,0
2235,311.07,5,0.629549,0.0000,0.159500,0
2236,310.67,5,0.568670,0.0000,0.159300,0
2237,310.67,5,0.626102,0.0000,0.161100,0
2238,310.08,5,0.522479,0.0000,0.157800,0
2239,309.68,9,0.471288,0.0000,0.094100,0
2240,309.68,9,0.427791,0.0000,0.090500,0
2241,309.09,9,0.394632,0.0000,0.090100,0
2242,308.43,9,0.358591,0.0000,0.096000,0
2243,308.43,9,0.324585,0.0000,0.094200,0
2244,307.97,9,0.308609,0.0000,0.097300,0
2245,307.70,9,0.281787,0.0000,0.102200,0
2246,307.04,9,0.268508,0.0000,0.094000,0
2247,306.71,9,0.253194,0.2000,0.090300,0
2248,306.05,9,0.237901,0.0000,0.092900,0
2249,305.20,9,0.219642,0.0000,0.088400,0
2250,305.20,9,0.200786,0.0000,0.093200,0
2251,304.47,9,0.189772,0.0000,0.094300,0
2252,304.27,9,0.184567,0.0000,0.090700,0
2253,303.48,9,0.177333,0.0000,0.092800,0
2254,303.48,17,0.164314,0.0000,0.042400,0
2255,303.22,17,0.146513,0.0000,0.043500,0
2256,302.10,17,0.152006,0.0000,0.045600,0
2257,302.10,17,0.160759,0.0000,0.048000,0
2258,301.50,17,0.148831,0.0000,0.045400,0
2259,301.24,17,0.162585,0.0000,0.045100,0
2260,300.51,9,0.177058,0.0000,0.093900,0
2261,300.51,9,0.180522,0.0000,0.093700,0
2262,300.25,9,0.197502,0.0000,0.094500,0
2263,300.25,9,0.251866,0.0000,0.097000,0
2264,299.26,9,0.247204,0.2000,0.097300,0
2265,299.13,9,0.267730,0.0000,0.087900,0
2266,298.47,9,0.312656,0.0000,0.098400,0
2267,298.14,9,0.411087,0.0000,0.095400,0
2268,298.07,9,0.467571,0.2000,0.096000,0
2269,297.48,9,0.493857,0.0000,0.092400,0
2270,297.15,5,0.535917,0.0000,0.154900,0
2271,296.88,5,0.582057,0.0000,0.157100,0
2272,296.16,5,0.591590,0.0000,0.160600,0
2273,295.50,5,0.596392,0.0000,0.161200,0
2274,295.43,5,0.587553,0.0000,0.153600,0
2275,295.10,5,0.583160,0.0000,0.162600,0
2276,294.44,5,0.572594,0.0000,0.153100,0
2277,294.18,5,0.569648,0.0000,0.158200,0
2278,294.11,5,0.563263,0.0000,0.160600,0
2279,293.52,5,0.561602,0.0000,0.152600,0
2280,293.12,5,0.557023,0.0000,0.159900,0
2281,292.86,5,0.553827,0.0000,0.157000,0
2282,292.53,5,0.548323,0.0000,0.165300,0
2283,292.20,5,0.539856,0.0000,0.156900,0
2284,288.44,5,0.679250,0.0000,0.164500,0
2285,288.44,5,0.765752,0.0000,0.151500,0
2286,287.65,5,0.801934,0.0000,0.156600,0
2287,287.45,5,0.865131,0.0000,0.160800,0
2288,286.46,11,0.972159,0.0000,0.224900,0
2289,286.46,5,0.920059,0.0000,0.155800,0
2290,285.47,11,1.036333,0.0000,0.229900,0
2291,284.62,11,1.113611,0.0000,0.227900,0
2292,284.62,11,1.159557,0.0000,0.230400,0
2293,283.50,11,1.178368,0.0000,0.234500,0
2294,283.10,11,1.186902,0.0000,0.230100,0
2295,282.51,11,1.205934,0.4000,0.227300,0
2296,282.11,11,1.225405,0.0000,0.235700,0
2297,281.91,11,1.260793,0.0000,0.228100,0
2298,281.52,11,1.305565,0.0000,0.229600,0
2299,281.12,11,1.278890,0.0000,0.228900,0
2300,280.59,11,1.220232,0.0000,0.229200,0
2301,280.59,11,1.248853,0.0000,0.225300,0
2302,280.13,11,1.175332,0.0000,0.220300,0
2303,279.54,11,1.119655,0.0000,0.225700,0
2304,279.47,11,1.064050,0.0000,0.232000,0
2305,278.48,11,1.003873,0.0000,0.232400,0
2306,277.56,11,0.943356,0.0000,0.227200,0
2307,277.17,5,0.879921,0.0000,0.163700,0
2308,276.51,5,0.815396,0.0000,0.157400,0
2309,276.18,5,0.750074,0.0000,0.152200,0
2310,275.58,5,0.697221,0.0000,0.155700,0
2311,275.19,5,0.639356,0.0000,0.156500,0
2312,275.19,5,0.596403,0.0000,0.159100,0
2313,274.53,5,0.570472,0.0000,0.155400,0
2314,274.20,5,0.563400,0.0000,0.159100,0
2315,273.87,5,0.566410,0.0000,0.155900,0
2316,273.54,5,0.549644,0.0000,0.161600,0
2317,273.21,5,0.546608,0.0000,0.152700,0
2318,272.75,5,0.540980,0.0000,0.160600,0
2319,272.68,5,0.525613,0.0000,0.156200,0
2320,271.56,5,0.522448,0.0000,0.158900,0
2321,271.56,5,0.537202,0.0000,0.155000,0
2322,270.57,5,0.573862,0.0000,0.155800,0
2323,270.18,5,0.637252,0.0000,0.157600,0
2324,269.72,5,0.700017,0.0000,0.159500,0
2325,269.19,5,0.826172,0.0000,0.158600,0
2326,268.79,5,0.903320,0.0000,0.152900,0
2327,268.59,11,0.956897,0.0000,0.222600,0
2328,267.74,11,0.982673,0.2000,0.231700,0
2329,267.21,11,1.039195,0.0000,0.236500,0
2330,266.75,11,1.095283,0.0000,0.224100,0
2331,266.75,11,1.145603,0.0000,0.236800,0
2332,266.09,11,1.188989,0.0000,0.224500,0
2333,265.69,11,1.234232,0.0000,0.222300,0
2334,265.36,11,1.272317,0.0000,0.229100,0
2335,264.77,11,1.302258,0.0000,0.230900,0
2336,264.38,11,1.333643,0.0000,0.228800,0
2337,264.38,11,1.321749,0.0000,0.217900,0
2338,263.91,11,1.345642,0.2000,0.225000,0
2339,263.06,11,1.343315,0.0000,0.234500,0
2340,263.06,11,1.337234,0.2000,0.229500,0
2341,261.80,11,1.350492,0.0000,0.225400,0
2342,261.80,11,1.345215,0.2000,0.227500,0
2343,261.15,11,1.329371,0.0000,0.224300,0
2344,260.82,11,1.300490,0.0000,0.231700,0
2345,260.16,11,1.256584,0.2000,0.228400,0
2346,259.43,11,1.202742,0.0000,0.222300,0
2347,258.77,11,1.141601,0.0000,0.228800,0
2348,258.44,11,1.082590,0.2000,0.233400,0
2349,257.92,11,1.012837,0.0000,0.218200,0
2350,257.45,11,0.979872,0.0000,0.226400,0
2351,256.47,5,0.924719,0.0000,0.166900,0
2352,256.47,5,0.927613,0.0000,0.160100,0
2353,256.20,11,0.947404,0.0000,0.225500,0
2354,255.94,11,0.968763,0.2000,0.232100,0
2355,255.81,11,0.993822,0.0000,0.226200,0
2356,254.82,11,1.022278,0.0000,0.231100,0
2357,254.82,11,1.055336,0.0000,0.232200,0
2358,254.23,11,1.103334,0.0000,0.233400,0
2359,253.83,11,1.123358,0.0000,0.233400,0
2360,252.84,11,1.120611,0.0000,0.222800,0
2361,252.84,11,1.116470,0.0000,0.226000,0
2362,252.25,11,1.108228,0.0000,0.229500,0
2363,251.85,11,1.096548,0.0000,0.226500,0
2364,251.26,11,1.051982,0.0000,0.235800,0
2365,251.13,11,1.010800,0.0000,0.219900,0
2366,250.60,5,0.918301,0.0000,0.149400,0
2367,250.60,5,0.834162,0.0000,0.157600,0
2368,250.14,5,0.761007,0.0000,0.156700,0
2369,249.61,5,0.676590,0.0000,0.161100,0
2370,249.48,5,0.603467,0.0000,0.156500,0
2371,249.15,5,0.545231,0.0000,0.166400,0
2372,248.62,9,0.494886,0.0000,0.090500,0
2373,248.23,9,0.431015,0.0000,0.095900,0
2374,248.10,9,0.381450,0.0000,0.089500,0
2375,247.64,9,0.326325,0.0000,0.094900,0
2376,247.24,9,0.291258,0.0000,0.097300,0
2377,246.91,9,0.265656,0.0000,0.095200,0
2378,246.65,9,0.246753,0.0000,0.100100,0
2379,246.25,9,0.238006,0.0000,0.097500,0
2380,245.66,9,0.225347,0.0000,0.094300,0
2381,245.66,9,0.197799,0.0000,0.097600,0
2382,245.26,17,0.167649,0.0000,0.045100,0
2383,244.61,17,0.122547,0.0000,0.045500,0
2384,244.61,17,0.148646,0.0000,0.046200,0
2385,243.62,17,0.110146,0.0000,0.049300,0
2386,243.29,17,0.102179,0.0000,0.045500,0
2387,242.63,17,0.110042,0.0000,0.044100,0
2388,242.30,17,0.124819,0.0000,0.044500,0
2389,242.30,17,0.150467,0.0000,0.043200,0
2390,241.44,9,0.183943,0.0000,0.094800,0
2391,241.18,9,0.229999,0.0000,0.097900,0
2392,241.18,9,0.276047,0.0000,0.098600,0
2393,240.65,9,0.347509,0.0000,0.091400,0
2394,240.19,9,0.399123,0.0000,0.094100,0
2395,239.47,9,0.464270,0.0000,0.096500,0
2396,239.20,5,0.507717,0.0000,0.154600,0
2397,238.68,5,0.556925,0.0000,0.152700,0
2398,238.68,5,0.540954,0.0000,0.153600,0
2399,238.41,5,0.570482,0.0000,0.155600,0
2400,237.75,5,0.592146,0.0000,0.156000,0
2401,237.23,5,0.605195,0.0000,0.162100,0
2402,237.16,5,0.606983,0.0000,0.166600,0
2403,236.77,5,0.605936,0.0000,0.162300,0
2404,236.11,5,0.610426,0.0000,0.152000,0
2405,236.11,5,0.605890,0.0000,0.154900,0
2406,235.51,5,0.595106,0.0000,0.161700,0
2407,234.72,5,0.601532,0.0000,0.162000,0
2408,234.72,5,0.604525,0.0000,0.154300,0
2409,234.26,5,0.603029,0.0000,0.155400,0
2410,233.41,5,0.603607,0.0000,0.158200,0
2411,233.27,5,0.596110,0.0000,0.162100,0
2412,232.55,5,0.593794,0.0000,0.148600,0
2413,232.29,5,0.585607,0.0000,0.153600,0
2414,231.56,5,0.578342,0.0000,0.157300,0
2415,231.56,5,0.561824,0.0000,0.159300,0
2416,231.30,5,0.546095,0.0000,0.153700,0
2417,230.51,5,0.515153,0.0000,0.155900,0
2418,230.51,5,0.539377,0.2000,0.156000,0
2419,229.52,5,0.510325,0.0000,0.155400,0
2420,228.53,5,0.520362,0.0000,0.151900,0
2421,228.33,5,0.517456,0.0000,0.153700,0
2422,228.33,5,0.508600,0.0000,0.151400,0
2423,227.15,9,0.488469,0.0000,0.097700,0
2424,226.82,9,0.482167,0.0000,0.094900,0
2425,226.42,9,0.441675,0.0000,0.097700,0
2426,226.16,9,0.355803,0.0000,0.091000,0
2427,226.16,9,0.382087,0.0000,0.090100,0
2428,225.50,9,0.330107,0.0000,0.096100,0
2429,225.11,9,0.325541,0.0000,0.098200,0
2430,224.84,9,0.310739,0.0000,0.092200,0
2431,224.71,9,0.299746,0.0000,0.093300,0
2432,224.12,9,0.284958,0.0000,0.093700,0
2433,223.53,9,0.255385,0.0000,0.095300,0
2434,223.53,9,0.231741,0.0000,0.092700,0
2435,222.54,9,0.220067,0.0000,0.095900,0
2436,221.55,9,0.218049,0.0000,0.090600,0
2437,221.55,9,0.229590,0.0000,0.095600,0
2438,221.35,9,0.240614,0.0000,0.094500,0
2439,220.56,9,0.264282,0.0000,0.090200,0
2440,220.37,9,0.293400,0.0000,0.096700,0
2441,220.37,9,0.329443,0.0000,0.097800,0
2442,219.51,9,0.405949,0.0000,0.096300,0
2443,219.38,9,0.482941,0.0000,0.093100,0
2444,218.79,5,0.571518,0.0000,0.159300,0
2445,218.52,5,0.637204,0.0000,0.160200,0
2446,218.39,5,0.685271,0.0000,0.157900,0
2447,217.53,5,0.702095,0.0000,0.155500,0
2448,217.34,5,0.697942,0.0000,0.155300,0
2449,216.55,5,0.697293,0.0000,0.157500,0
2450,216.42,5,0.716594,0.0000,0.159100,0
2451,216.42,5,0.743479,0.0000,0.163400,0
2452,215.56,5,0.836203,0.0000,0.154500,0
2453,215.43,5,0.911056,0.0000,0.161600,0
2454,214.84,11,1.046926,0.0000,0.229100,0
2455,214.57,11,1.126440,0.0000,0.228200,0
2456,213.58,11,1.131856,0.0000,0.228100,0
2457,213.58,11,1.146447,0.0000,0.230000,0
2458,212.46,11,1.244676,0.0000,0.231800,0
2459,211.48,11,1.386736,0.0000,0.230500,0
2460,211.41,11,1.437426,0.2000,0.227100,0
2461,211.41,11,1.485544,0.0000,0.226500,0
2462,210.49,11,1.489062,0.0000,0.223600,0
2463,209.50,11,1.466498,0.4000,0.230000,0
2464,208.91,11,1.452434,0.0000,0.234800,0
2465,208.51,11,1.447003,0.0000,0.223700,0
2466,208.25,11,1.441526,0.0000,0.232500,0
2467,207.53,11,1.451567,0.0000,0.230300,0
2468,207.26,11,1.453914,0.0000,0.230900,0
2469,207.26,11,1.453683,0.0000,0.227700,0
2470,206.54,11,1.462196,0.2000,0.232200,0
2471,205.82,11,1.459240,0.0000,0.227100,0
2472,205.68,11,1.465879,0.0000,0.232300,0
2473,204.83,11,1.481292,0.0000,0.230400,0
2474,204.76,11,1.494204,0.0000,0.226100,0
2475,203.84,11,1.509779,0.0000,0.226200,0
2476,203.64,11,1.516898,0.2000,0.233600,0
2477,203.31,11,1.518775,0.0000,0.227000,0
2478,202.59,11,1.517473,0.0000,0.224900,0
2479,202.59,11,1.512000,0.0000,0.228600,0
2480,201.60,11,1.498458,0.2000,0.234200,0
2481,200.81,11,1.485143,0.0000,0.232800,0
2482,200.62,11,1.465046,0.0000,0.232100,0
2483,199.69,11,1.431498,0.2000,0.230000,0
2484,199.69,11,1.391510,0.0000,0.223700,0
2485,199.10,11,1.358460,0.2000,0.230600,0
2486,198.84,11,1.311473,0.0000,0.233500,0
2487,198.71,11,1.245274,0.2000,0.230300,0
2488,198.11,11,1.208995,0.0000,0.221300,0
2489,197.79,11,1.223656,0.4000,0.225800,0
2490,197.79,11,1.221239,0.0000,0.225700,0
2491,196.73,11,1.261246,0.0000,0.225800,0
2492,196.73,11,1.311489,0.0000,0.234500,0
2493,196.14,11,1.338311,0.0000,0.234600,0
2494,195.75,11,1.349273,0.2000,0.230500,0
2495,195.42,11,1.330838,0.0000,0.226500,0
2496,195.42,11,1.300720,0.0000,0.229500,0
2497,194.43,11,1.273318,0.0000,0.229600,0
2498,193.90,11,1.230086,0.0000,0.228900,0
2499,193.44,11,1.164037,0.0000,0.228100,0
2500,192.92,11,1.085092,0.2000,0.228300,0
2501,192.92,11,1.138853,0.0000,0.225800,0
2502,191.93,11,1.078967,0.0000,0.227900,0
2503,190.94,11,1.164067,0.0000,0.232900,0
2504,190.94,11,1.220751,0.0000,0.226800,0
2505,189.96,11,1.263081,0.0000,0.228700,0
2506,189.96,11,1.311954,0.0000,0.224200,0
2507,189.03,11,1.385320,0.2000,0.229200,0
2508,189.03,11,1.400243,0.0000,0.230200,0
2509,187.85,11,1.466897,0.0000,0.229100,0
2510,187.85,11,1.487776,0.2000,0.232100,0
2511,187.13,11,1.505631,0.2000,0.223200,0
2512,187.00,11,1.511351,0.0000,0.230700,0
2513,186.86,11,1.502326,0.0000,0.234800,0
2514,185.88,11,1.474602,0.0000,0.228200,0
2515,185.61,11,1.426566,0.0000,0.230900,0
2516,184.96,11,1.367590,0.0000,0.226700,0
2517,184.96,11,1.310830,0.0000,0.233900,0
2518,184.17,11,1.242380,0.0000,0.231700,0
2519,183.90,11,1.190209,0.0000,0.229200,0
2520,183.90,11,1.147848,0.0000,0.223800,0
2521,183.18,11,1.118900,0.0000,0.225000,0
2522,182.92,11,1.092692,0.0000,0.222300,0
2523,182.13,11,1.077148,0.0000,0.222200,0
2524,182.00,11,1.048789,0.0000,0.228300,0
2525,180.94,11,1.034171,0.0000,0.231400,0
2526,180.94,11,1.015055,0.0000,0.232100,0
2527,180.16,11,1.003521,0.0000,0.223500,0
2528,179.70,11,0.998794,0.0000,0.227600,0
2529,179.17,11,0.955929,0.0000,0.230000,0
2530,179.17,11,0.979742,0.0000,0.227200,0
2531,178.71,11,0.944402,0.0000,0.227000,0
2532,178.71,11,0.953961,0.0000,0.224200,0
2533,178.12,5,0.933352,0.0000,0.156700,0
2534,177.72,5,0.932772,0.0000,0.164000,0
2535,177.72,5,0.906994,0.2000,0.162100,0
2536,177.13,5,0.856338,0.0000,0.156900,0
2537,177.13,5,0.885784,0.0000,0.155300,0
2538,177.00,5,0.849463,0.0000,0.156800,0
2539,176.21,5,0.854447,0.0000,0.162500,0
2540,176.15,5,0.859897,0.2000,0.159500,0
2541,175.49,5,0.868816,0.0000,0.162100,0
2542,174.44,5,0.883454,0.0000,0.152500,0
2543,174.44,5,0.882335,0.0000,0.156800,0
2544,173.52,5,0.893343,0.2000,0.163500,0
2545,172.79,5,0.902032,0.0000,0.154200,0
2546,172.53,5,0.893440,0.0000,0.157000,0
2547,172.20,5,0.869492,0.0000,0.157900,0
2548,172.20,5,0.888828,0.0000,0.157200,0
2549,171.54,5,0.876162,0.0000,0.159500,0
2550,171.54,5,0.877881,0.0000,0.157700,0
2551,170.82,5,0.881786,0.0000,0.161000,0
2552,170.16,5,0.872134,0.0000,0.161700,0
2553,170.16,5,0.859815,0.0000,0.155900,0
2554,169.51,5,0.851862,0.0000,0.156700,0
2555,169.24,5,0.829429,0.0000,0.152000,0
2556,168.52,5,0.801448,0.0000,0.150300,0
2557,168.26,5,0.784123,0.0000,0.162600,0
2558,168.26,5,0.780698,0.0000,0.154200,0
2559,167.54,5,0.724293,0.0000,0.156900,0
2560,167.54,5,0.751225,0.2000,0.157800,0
2561,167.14,5,0.713761,0.0000,0.163300,0
2562,166.55,5,0.717353,0.0000,0.163300,0
2563,165.63,5,0.728983,0.0000,0.148500,0
2564,165.63,5,0.726776,0.0000,0.157300,0
2565,164.58,5,0.795978,0.2000,0.157800,0
2566,164.58,5,0.821028,0.0000,0.154200,0
2567,163.46,5,0.879887,0.0000,0.163300,0
2568,163.20,11,1.037195,0.0000,0.227100,0
2569,163.20,11,0.968163,0.0000,0.233400,0
2570,162.61,11,1.099807,0.0000,0.230100,0
2571,162.28,11,1.113262,0.0000,0.220600,0
2572,161.95,11,1.123431,0.0000,0.228100,0
2573,161.62,11,1.146263,0.0000,0.225000,0
2574,161.30,11,1.188473,0.0000,0.225400,0
2575,161.30,11,1.200905,0.0000,0.224200,0
2576,160.70,11,1.198257,0.0000,0.233300,0
2577,159.52,11,1.154283,0.0000,0.229800,0
2578,159.52,11,1.178160,0.0000,0.237000,0
2579,159.39,11,1.155994,0.2000,0.230000,0
2580,158.73,11,1.185611,0.2000,0.226700,0
2581,158.73,11,1.218990,0.0000,0.227400,0
2582,157.42,11,1.294034,0.0000,0.222100,0
2583,157.42,11,1.258361,0.0000,0.236100,0
2584,157.03,11,1.323121,0.0000,0.228800,0
2585,156.37,11,1.440389,0.0000,0.230100,0
2586,156.37,11,1.470259,0.0000,0.223800,0
2587,155.52,11,1.541028,0.2000,0.231000,0
2588,155.39,11,1.600717,0.0000,0.227900,0
2589,154.60,11,1.631530,0.2000,0.230800,0
2590,154.60,2,1.649502,0.0000,0.391200,0
2591,153.61,2,1.699093,0.2000,0.401100,0
2592,152.82,2,1.720647,0.0000,0.401000,0
2593,152.56,2,1.735413,0.2000,0.401600,0
2594,151.77,2,1.761361,0.0000,0.403800,0
2595,151.45,2,1.792567,0.4000,0.397900,0
2596,151.45,2,1.813829,0.0000,0.395300,0
2597,150.46,2,1.845933,0.4000,0.400800,0
2598,150.40,2,1.879074,0.4000,0.387700,0
2599,150.13,2,1.917445,0.2000,0.395900,0
2600,149.61,2,1.928303,0.2000,0.398900,0
2601,149.61,2,1.927937,0.4000,0.404600,0
2602,149.15,2,1.937928,0.0000,0.401300,0
2603,148.56,2,1.880082,0.4000,0.397300,0
2604,148.56,2,1.914810,0.2000,0.396700,0
2605,147.57,2,1.862240,0.0000,0.392400,0
2606,147.57,2,1.821873,0.0000,0.401900,0
2607,146.72,2,1.776966,0.2000,0.399700,0
2608,146.59,2,1.707161,0.0000,0.397600,0
2609,146.20,2,1.655211,0.0000,0.397700,0
2610,145.93,11,1.584461,0.6000,0.229000,0
2611,145.61,11,1.512642,0.0000,0.229200,0
2612,145.21,11,1.418463,0.0000,0.228300,0
2613,145.21,11,1.474574,0.0000,0.229600,0
2614,144.62,11,1.266299,0.2000,0.222800,0
2615,144.62,11,1.302323,0.0000,0.225100,0
2616,144.23,11,1.200154,0.0000,0.225500,0
2617,143.64,11,1.140781,0.0000,0.227900,0
2618,142.78,11,1.131906,0.0000,0.232400,0
2619,142.59,11,1.111531,0.0000,0.231800,0
2620,142.26,11,1.066690,0.0000,0.227300,0
2621,141.93,11,1.036322,0.0000,0.233900,0
2622,141.67,11,0.996057,0.0000,0.227100,0
2623,141.28,11,0.980403,0.2000,0.225200,0
2624,140.62,11,0.976141,0.0000,0.236100,0
2625,140.62,11,0.975075,0.0000,0.237000,0
2626,140.29,11,1.000337,0.0000,0.222800,0
2627,139.70,11,1.044941,0.0000,0.226400,0
2628,139.70,11,1.020137,0.0000,0.229600,0
2629,138.65,11,1.076572,0.2000,0.223400,0
2630,138.65,11,1.085403,0.0000,0.234500,0
2631,137.60,11,1.103728,0.0000,0.228100,0
2632,137.60,11,1.079357,0.0000,0.232700,0
2633,136.68,11,1.043033,0.0000,0.230300,0
2634,136.36,11,0.985995,0.0000,0.232500,0
2635,136.36,11,0.949955,0.0000,0.237200,0
2636,135.64,11,0.969263,0.0000,0.226000,0
2637,135.37,5,0.924580,0.0000,0.160200,0
2638,134.72,5,0.871289,0.0000,0.161400,0
2639,134.72,5,0.866717,0.2000,0.156100,0
2640,134.13,5,0.870298,0.0000,0.157600,0
2641,133.73,11,0.997828,0.0000,0.237300,0
2642,133.73,5,0.927236,0.2000,0.157900,0
2643,133.41,11,1.074209,0.0000,0.238300,0
2644,132.75,11,1.037074,0.0000,0.223700,0
2645,132.75,11,0.995538,0.0000,0.225900,0
2646,131.44,11,0.971626,0.0000,0.224600,0
2647,131.44,11,0.939253,0.2000,0.236600,0
2648,130.72,11,0.971332,0.0000,0.229000,0
2649,129.80,11,1.031348,0.0000,0.226000,0
2650,129.80,11,1.063491,0.0000,0.226800,0
2651,129.14,11,1.170807,0.0000,0.232900,0
2652,128.88,11,1.260138,0.2000,0.235800,0
2653,128.49,11,1.325666,0.0000,0.232900,0
2654,128.16,11,1.332867,0.0000,0.221600,0
2655,127.77,11,1.364938,0.0000,0.229700,0
2656,127.18,11,1.383728,0.0000,0.230500,0
2657,126.85,11,1.452975,0.0000,0.235900,0
2658,125.80,11,1.533629,0.2000,0.233700,0
2659,125.80,11,1.537386,0.0000,0.227900,0
2660,125.21,11,1.546315,0.0000,0.233400,0
2661,124.88,11,1.548404,0.0000,0.228500,0
2662,124.88,11,1.554310,0.0000,0.231800,0
2663,123.84,11,1.564574,0.0000,0.227400,0
2664,123.84,11,1.569398,0.0000,0.236400,0
2665,123.25,11,1.583529,0.0000,0.228900,0
2666,122.85,11,1.584229,0.0000,0.228100,0
2667,122.85,11,1.564232,0.0000,0.233800,0
2668,121.87,11,1.510572,0.0000,0.232000,0
2669,121.87,11,1.447707,0.0000,0.231000,0
2670,121.15,11,1.343803,0.0000,0.229500,0
2671,120.89,11,1.285680,0.0000,0.233900,0
2672,119.18,11,1.241078,0.0000,0.229100,0
2673,119.18,11,1.189651,0.0000,0.241000,0
2674,118.86,11,1.160708,0.0000,0.227800,0
2675,118.20,11,1.149467,0.0000,0.230400,0
2676,117.94,11,1.126184,0.0000,0.232000,0
2677,117.94,11,1.108494,0.0000,0.234400,0
2678,116.96,11,1.056371,0.2000,0.227500,0
2679,116.96,11,1.072782,0.0000,0.228900,0
2680,116.04,11,1.066911,0.0000,0.228700,0
2681,116.04,11,1.066208,0.0000,0.230400,0
2682,114.99,11,1.098298,0.0000,0.230000,0
2683,114.99,11,1.087236,0.0000,0.230400,0
2684,114.20,11,1.110618,0.0000,0.233600,0
2685,114.01,11,1.107763,0.0000,0.233800,0
2686,113.16,11,1.119291,0.0000,0.231300,0
2687,113.16,11,1.120772,0.0000,0.219300,0
2688,112.04,11,1.136879,0.0000,0.236400,0
2689,111.72,11,1.157073,0.0000,0.223500,0
2690,111.45,11,1.143564,0.2000,0.228700,0
2691,111.45,11,1.115460,0.0000,0.228800,0
2692,110.73,11,1.123605,0.0000,0.228300,0
2693,110.73,11,1.101005,0.0000,0.237800,0
2694,110.28,11,1.115225,0.0000,0.224500,0
2695,109.75,11,1.117795,0.0000,0.230100,0
2696,109.75,11,1.100277,0.2000,0.232900,0
2697,109.16,11,1.113621,0.0000,0.233800,0
2698,108.77,11,1.104893,0.0000,0.229600,0
2699,108.77,11,1.046995,0.0000,0.230700,0
2700,108.77,11,1.080797,0.0000,0.233900,0
2701,108.18,11,1.054448,0.0000,0.225600,0
2702,107.53,11,1.081262,0.0000,0.232300,0
2703,107.53,11,1.063650,0.0000,0.235500,0
2704,107.20,11,1.054184,0.0000,0.230100,0
2705,106.54,11,1.051521,0.0000,0.228700,0
2706,106.28,11,1.013901,0.0000,0.225500,0
2707,106.22,11,0.991669,0.0000,0.224500,0
2708,105.17,11,1.055603,0.0000,0.226700,0
2709,105.17,11,1.088621,0.0000,0.226100,0
2710,104.51,11,1.112079,0.0000,0.226700,0
2711,104.51,11,1.109700,0.0000,0.229800,0
2712,103.53,11,1.136640,0.0000,0.221800,0
2713,103.34,11,1.138108,0.0000,0.228100,0
2714,103.27,11,1.128604,0.0000,0.231700,0
2715,102.22,11,1.166046,0.0000,0.229300,0
2716,102.22,11,1.154493,0.0000,0.231100,0
2717,101.57,11,1.187139,0.0000,0.230700,0
2718,101.57,11,1.180079,0.0000,0.220000,0
2719,101.31,11,1.171916,0.0000,0.219300,0
2720,100.59,11,1.190025,0.0000,0.229700,0
2721,100.33,11,1.190870,0.0000,0.225300,0
2722,100.33,11,1.198277,0.0000,0.233900,0
2723,99.61,11,1.196173,0.0000,0.226600,0
2724,99.35,11,1.166224,0.0000,0.232700,0
2725,99.35,11,1.106489,0.0000,0.223200,0
2726,98.69,11,1.085644,0.0000,0.227000,0
2727,98.69,11,1.112779,0.0000,0.228000,0
2728,98.23,11,1.080390,0.0000,0.229700,0
2729,98.23,11,1.059247,0.0000,0.233300,0
2730,97.64,11,1.055297,0.0000,0.229500,0
2731,97.64,11,1.024672,0.0000,0.223700,0
2732,97.45,11,1.007817,0.0000,0.225500,0
2733,96.66,11,0.995599,0.0000,0.219500,0
2734,96.66,11,0.957510,0.0000,0.232800,0
2735,95.68,5,0.909961,0.0000,0.161800,0
2736,95.68,5,0.836943,0.0000,0.152900,0
2737,95.29,5,0.822043,0.0000,0.147200,0
2738,94.44,11,0.977743,0.0000,0.223900,0
2739,94.44,5,0.907867,0.0000,0.157000,0
2740,93.72,11,1.071875,0.0000,0.230800,0
2741,93.46,11,1.159282,0.0000,0.233000,0
2742,93.33,11,1.230867,0.0000,0.223000,0
2743,92.48,11,1.364468,0.0000,0.228000,0
2744,92.48,11,1.489993,0.2000,0.233800,0
2745,91.50,11,1.633211,0.2000,0.234500,0
2746,91.37,2,1.723838,0.0000,0.397200,0
2747,91.04,2,1.789454,0.2000,0.407300,0
2748,90.39,2,1.851960,0.2000,0.393200,0
2749,89.54,2,2.109830,0.2000,0.395100,0
2750,89.54,2,2.004300,0.2000,0.399900,0
2751,89.47,2,2.157593,0.4000,0.394200,0
2752,88.75,2,2.215302,0.2000,0.398000,0
2753,88.43,2,2.246774,0.4000,0.399200,0
2754,88.43,2,2.265250,0.4000,0.400300,0
2755,87.45,2,2.317372,0.2000,0.406200,0
2756,86.79,2,2.366032,0.4000,0.397900,0
2757,86.79,2,2.403487,0.4000,0.412100,0
2758,86.14,2,2.437970,0.4000,0.392300,0
2759,85.55,2,2.451717,0.4000,0.393000,0
2760,85.55,2,2.476344,0.6000,0.392000,0
2761,85.16,2,2.451510,0.4000,0.398500,0
2762,84.90,2,2.471089,0.4000,0.397400,0
2763,84.57,2,2.439440,0.2000,0.400400,0
2764,84.57,2,2.407187,0.2000,0.388800,0
2765,83.59,2,2.388831,0.6000,0.398500,0
2766,82.74,2,2.387642,0.4000,0.400700,0
2767,82.48,2,2.394125,0.6000,0.397300,0
2768,82.48,2,2.381770,0.2000,0.398700,0
2769,81.63,2,2.406055,0.0000,0.404300,0
2770,81.63,2,2.400698,0.4000,0.403100,0
2771,80.66,2,2.416812,0.6000,0.393200,0
2772,80.66,2,2.415745,0.6000,0.395600,0
2773,79.94,2,2.433340,0.2000,0.400700,0
2774,79.68,2,2.437707,0.4000,0.397900,0
2775,79.22,2,2.465333,0.4000,0.395600,0
2776,78.96,2,2.450992,0.4000,0.396000,0
2777,78.70,2,2.465706,0.4000,0.394400,0
2778,78.70,2,2.476042,0.6000,0.395300,0
2779,78.24,2,2.503436,0.2000,0.400000,0
2780,77.72,2,2.533735,0.0000,0.397600,0
2781,77.65,2,2.533147,0.0000,0.391500,0
2782,77.26,2,2.549188,0.4000,0.398700,0
2783,77.26,2,2.552985,0.6000,0.395200,0
2784,76.74,2,2.567078,0.4000,0.405400,0
2785,76.28,2,2.587141,0.4000,0.397500,0
2786,75.70,2,2.601737,0.2000,0.390800,0
2787,75.63,2,2.604877,0.4000,0.396100,0
2788,75.31,2,2.619572,0.6000,0.397300,0
2789,74.85,2,2.618435,0.6000,0.397600,0
2790,74.65,2,2.599418,0.2000,0.400600,0
2791,73.74,2,2.621866,0.6000,0.409600,0
2792,73.74,2,2.620745,0.6000,0.396900,0
2793,72.76,2,2.659923,0.4000,0.395700,0
2794,71.59,14,2.765627,0.6000,0.604100,0
2795,70.61,14,2.899582,0.2000,0.601900,0
2796,69.38,14,3.058138,0.6000,0.604900,0
2797,68.85,14,3.174021,0.8000,0.603200,0
2798,68.72,14,3.240285,0.4000,0.603900,0
2799,68.40,14,3.281581,0.6000,0.600800,0
2800,67.88,14,3.369701,0.6000,0.605500,0
2801,67.03,14,3.357263,0.8000,0.605800,0
2802,66.84,14,3.284533,0.6000,0.595900,0
2803,65.93,14,3.272034,0.6000,0.602600,0
2804,65.93,14,3.276415,0.6000,0.599900,0
2805,65.14,14,3.162285,0.6000,0.606400,0
2806,64.75,14,3.161355,0.8000,0.609900,0
2807,63.91,14,3.115035,0.6000,0.607200,0
2808,63.91,14,3.071440,1.0000,0.597200,0
2809,62.87,14,3.000954,0.2000,0.595600,0
2810,62.87,14,2.962262,0.8000,0.594000,0
2811,61.83,14,2.946065,0.4000,0.605500,0
2812,60.85,14,2.863629,0.4000,0.603600,0
2813,59.88,14,2.778392,0.2000,0.606100,0
2814,59.88,2,2.687106,0.4000,0.397400,0
2815,58.83,2,2.689548,0.8000,0.404300,0
2816,58.83,2,2.676395,0.4000,0.394200,0
2817,58.12,2,2.668624,0.6000,0.397500,0
2818,57.92,2,2.519758,0.4000,0.402500,0
2819,57.92,2,2.644998,0.8000,0.398200,0
2820,57.08,2,2.465366,0.4000,0.391300,0
2821,56.88,2,2.352058,0.0000,0.399900,0
2822,56.88,2,2.275956,1.0000,0.398200,0
2823,56.04,2,2.426025,0.6000,0.394200,0
2824,56.04,2,2.530196,0.4000,0.397400,0
2825,55.07,14,2.818624,0.4000,0.611900,0
2826,55.07,14,2.941857,0.8000,0.608800,0
2827,55.07,14,3.034925,0.4000,0.601300,0
2828,54.22,14,3.016058,0.4000,0.602900,0
2829,54.09,14,2.980887,0.6000,0.603200,0
2830,53.96,14,2.955066,0.2000,0.607500,0
2831,53.25,14,2.927388,0.4000,0.602000,0
2832,53.18,14,2.899537,0.6000,0.605300,0
2833,53.12,14,2.838132,0.4000,0.598900,0
2834,52.14,14,2.839606,0.8000,0.603400,0
2835,52.14,14,2.797605,0.6000,0.606700,0
2836,51.10,14,2.824687,0.6000,0.605300,0
2837,51.10,14,2.778823,0.4000,0.604600,0
2838,50.46,14,2.798286,0.8000,0.606000,0
2839,50.26,14,2.763584,0.6000,0.596200,0
2840,50.26,14,2.791450,0.6000,0.594500,0
2841,49.16,14,2.798709,0.8000,0.600800,0
2842,48.70,14,2.875588,0.8000,0.608500,0
2843,48.70,14,2.874781,0.6000,0.596900,0
2844,48.19,14,2.960416,0.6000,0.594600,0
2845,48.19,14,2.964086,0.8000,0.598400,0
2846,47.41,14,3.033949,0.4000,0.599100,0
2847,47.21,14,3.051712,0.8000,0.595700,0
2848,47.21,14,3.048216,0.6000,0.599100,0
2849,46.44,14,3.113515,0.8000,0.606500,0
2850,46.11,14,3.147460,0.8000,0.613100,0
2851,46.05,14,3.131605,0.4000,0.600200,0
2852,45.46,14,3.201876,0.8000,0.607700,0
2853,45.46,14,3.208657,0.8000,0.603700,0
2854,45.14,14,3.272011,0.8000,0.606900,0
2855,45.01,14,3.246059,0.8000,0.598200,0
2856,44.49,14,3.144679,0.4000,0.600400,0
2857,44.10,14,3.126233,0.8000,0.598200,0
2858,43.39,14,3.075801,0.4000,0.602500,0
2859,42.81,14,2.994602,0.6000,0.599200,0
2860,42.81,14,3.021572,0.6000,0.598900,0
2861,42.16,14,2.882720,0.6000,0.591700,0
2862,41.38,14,2.831597,0.0000,0.601700,0
2863,41.25,14,2.856081,0.4000,0.597000,0
2864,41.19,14,2.773062,0.8000,0.597600,0
2865,40.87,14,2.738215,0.4000,0.601400,0
2866,40.48,2,2.660368,0.6000,0.391500,0
2867,40.22,2,2.633934,1.0000,0.401100,0
2868,40.22,2,2.610190,0.8000,0.405100,0
2869,39.44,14,2.731192,0.4000,0.599100,0
2870,39.18,14,2.934508,0.6000,0.604800,0
2871,39.18,14,3.002305,0.2000,0.600100,0
2872,38.60,14,3.089577,0.6000,0.606700,0
2873,38.41,14,3.091620,0.4000,0.606800,0
2874,38.34,14,2.974784,0.8000,0.601100,0
2875,37.89,14,2.960561,1.0000,0.602200,0
2876,37.50,14,3.109245,0.8000,0.595300,0
2877,37.44,14,3.174388,0.6000,0.601100,0
2878,37.24,14,3.538530,1.0000,0.598700,0
2879,36.92,14,3.820515,0.8000,0.603500,0
2880,36.53,14,3.640974,0.6000,0.602300,0
2881,36.53,14,3.481460,0.6000,0.593500,0
2882,36.28,14,3.364210,0.8000,0.594300,0
2883,36.28,14,3.269193,0.8000,0.589700,0
2884,35.63,14,3.151249,0.6000,0.597100,0
2885,35.63,14,3.066239,0.6000,0.605900,0
2886,35.24,14,2.934813,0.2000,0.606300,0
2887,35.24,14,2.918117,0.6000,0.610400,0
2888,34.47,14,2.970635,0.6000,0.602800,0
2889,34.34,14,2.947529,0.4000,0.603200,0
2890,34.27,14,2.958128,0.6000,0.603300,0
2891,33.69,14,3.037804,0.4000,0.609000,0
2892,33.43,14,3.051840,0.8000,0.598400,0
2893,33.18,14,3.053854,0.8000,0.607500,0
2894,32.27,14,3.127989,0.6000,0.604900,0
2895,31.56,14,3.247397,0.6000,0.608800,0
2896,31.50,14,3.311394,0.4000,0.603300,0
2897,31.30,14,3.441749,0.4000,0.601100,0
2898,31.30,14,3.361999,0.8000,0.596500,0
2899,30.72,14,3.567703,0.4000,0.604400,0
2900,30.53,14,3.621282,0.6000,0.606500,0
2901,30.34,14,3.728113,0.6000,0.605600,0
2902,29.69,14,3.889232,0.6000,0.600100,0
2903,29.69,14,3.924548,0.8000,0.602000,0
2904,29.18,14,4.125315,0.4000,0.605300,0
2905,29.18,14,4.037280,0.8000,0.605700,0
2906,28.73,6,4.237855,0.6000,0.772100,0
2907,28.53,6,4.301916,0.8000,0.764700,0
2908,28.40,6,4.374706,0.8000,0.773100,0
2909,28.40,6,4.340769,0.4000,0.776900,0
2910,27.76,6,4.447916,0.8000,0.772600,0
2911,27.18,6,4.512618,0.4000,0.775100,0
2912,27.18,6,4.522595,1.0000,0.773700,0
2913,27.05,6,4.536447,0.4000,0.774900,0
2914,26.09,6,4.614282,0.4000,0.778100,0
2915,26.09,6,4.668199,0.8000,0.772200,0
2916,25.45,6,4.928350,1.0000,0.769900,0
2917,25.45,6,4.907072,0.8000,0.771500,0
2918,24.80,6,5.039381,0.6000,0.766900,0
2919,24.55,6,5.127366,0.8000,0.775600,0
2920,24.42,6,5.276750,1.0000,0.771400,0
2921,24.10,6,5.369250,0.6000,0.777100,0
2922,23.84,6,5.546746,0.6000,0.774900,0
2923,23.45,6,5.971888,0.6000,0.770200,0
2924,23.32,15,6.393891,0.6000,0.860700,0
2925,23.32,15,6.346684,1.0000,0.849100,0
2926,22.49,15,6.487149,1.0000,0.858800,0
2927,22.49,15,6.512104,0.6000,0.855600,0
2928,21.46,15,6.639380,0.8000,0.857400,0
2929,21.46,15,6.563367,1.0000,0.861800,0
2930,21.40,15,6.391764,1.0000,0.859000,0
2931,20.69,15,6.318983,0.8000,0.854100,0
2932,20.50,15,6.524230,0.6000,0.855200,0
2933,20.18,15,6.817960,0.8000,0.864000,0
2934,20.18,15,6.765271,1.0000,0.861700,0
2935,19.93,15,6.908749,1.0000,0.859100,0
2936,19.48,15,7.158891,1.0000,0.849600,0
2937,19.48,15,7.055170,0.8000,0.857600,0
2938,19.41,15,6.967489,0.6000,0.857900,0
2939,19.41,15,6.935367,1.0000,0.859100,0
2940,18.52,15,7.063258,0.8000,0.858900,0
2941,18.45,15,6.958843,0.8000,0.859600,0
2942,18.20,15,6.723308,0.8000,0.850500,0
2943,18.20,15,6.803718,1.0000,0.857500,0
2944,17.75,15,6.500158,1.0000,0.859900,0
2945,17.68,15,6.312528,0.6000,0.861300,0
2946,17.68,15,6.148857,1.0000,0.858800,0
2947,17.24,15,6.195252,0.8000,0.858100,0
2948,17.24,15,6.129048,1.0000,0.857600,0
2949,16.92,6,5.955217,1.0000,0.777000,0
2950,16.47,6,5.742908,0.8000,0.764200,0
2951,15.77,6,5.522363,1.0000,0.771800,0
2952,15.70,6,5.156536,0.6000,0.774600,0
2953,15.70,6,5.325828,0.8000,0.769000,0
2954,15.25,6,4.848152,0.6000,0.769600,0
2955,15.25,6,4.834198,1.0000,0.770900,0
2956,14.74,6,4.574853,0.4000,0.777600,0
2957,14.62,6,4.513390,0.6000,0.776200,0
2958,14.62,6,4.615590,0.4000,0.773500,0
2959,13.72,6,4.597952,0.8000,0.770900,0
2960,13.59,6,4.696689,0.8000,0.766600,0
2961,13.59,6,4.759713,0.6000,0.773700,0
2962,12.76,6,5.056412,1.0000,0.772400,0
2963,12.32,6,5.239868,0.8000,0.772100,0
2964,12.32,6,5.362463,0.8000,0.777700,0
2965,11.81,6,5.691627,1.0000,0.768700,0
2966,11.62,6,5.762080,1.0000,0.770200,0
2967,11.62,6,5.745548,0.8000,0.771300,0
2968,11.04,6,5.782874,1.0000,0.779500,0
2969,10.79,15,6.062997,0.8000,0.854300,0
2970,10.66,15,6.258515,0.8000,0.858900,0
2971,10.34,15,6.547448,0.6000,0.860000,0
2972,10.34,15,6.646631,0.8000,0.852500,0
2973,10.03,15,6.944714,1.0000,0.859400,0
2974,9.96,15,7.054894,0.8000,0.858200,0
2975,9.58,15,7.207514,1.0000,0.855900,0
2976,9.25,15,7.458603,0.4000,0.861000,0
2977,9.25,15,7.496142,1.0000,0.852500,0
2978,9.20,15,7.457006,0.8000,0.854600,0
2979,9.07,15,7.504321,0.8000,0.859800,0
2980,8.93,15,7.579908,0.8000,0.860800,0
2981,8.76,15,7.557142,0.8000,0.861000,0
2982,8.63,15,7.505925,0.8000,0.858800,0
2983,8.50,15,7.461396,0.8000,0.861100,0
2984,8.12,15,7.373264,0.8000,0.859500,0
2985,8.12,15,7.320256,1.0000,0.858700,0
2986,7.80,15,7.200619,1.0000,0.854500,0
2987,7.55,15,7.086082,1.0000,0.860400,0
2988,7.55,15,7.050139,0.8000,0.855500,0
2989,6.79,15,7.229718,1.0000,0.861000,0
2990,6.54,15,7.170323,1.0000,0.854700,0
2991,6.54,15,7.222368,1.0000,0.859800,0
2992,6.09,15,7.397227,0.8000,0.858600,0
2993,5.97,15,7.421901,0.6000,0.862100,0
2994,5.84,15,7.551061,1.0000,0.859100,0
2995,5.65,15,7.637118,0.8000,0.856000,0
2996,5.65,15,7.593145,0.8000,0.854600,0
2997,4.94,15,8.340915,1.0000,0.862100,0
2998,3.93,1,9.961446,1.0000,0.899400,0
2999,3.93,1,10.207288,1.0000,0.898800,0
3000,3.87,1,10.430685,1.0000,0.903000,0
3001,3.82,1,10.546919,0.8000,0.900300,0
3002,3.05,10,11.713057,1.0000,0.901000,0
3003,2.88,10,12.462268,1.0000,0.899700,0
3004,2.63,10,14.620338,0.8000,0.896800,0
3005,2.63,10,13.152433,0.8000,0.897400,0
3006,2.05,4,16.183241,1.0000,0.877700,0
3007,1.87,4,16.153944,1.0000,0.875000,0
3008,1.00,7,21.404150,1.0000,0.836300,0
3009,0.61,7,25.189831,1.0000,0.839700,0
3010,0.25,18,34.887904,1.0000,0.895100,0
3011,0.07,18,49.442786,1.0000,0.902100,0
