t,days_to_reentry,M2_cell,H_t,p_t,P_forward,artifact_flag
0,961.28,2,2.381334,0.4000,0.404300,0
1,961.17,2,2.480346,0.6000,0.403500,0
2,961.08,2,2.406769,0.4000,0.403700,0
3,960.75,2,2.424990,0.6000,0.395800,0
4,960.42,2,2.469228,0.6000,0.399900,0
5,960.08,2,2.144391,0.0000,0.391200,0
6,959.92,2,2.067465,0.4000,0.395000,0
7,959.75,2,2.092958,0.0000,0.401600,0
8,959.42,2,2.037545,0.4000,0.404000,0
9,958.75,2,2.171127,0.4000,0.399200,0
10,958.25,2,2.277066,0.2000,0.394500,0
11,958.00,2,2.234027,0.2000,0.390100,0
12,957.50,2,2.355576,0.4000,0.401100,0
13,957.08,2,2.361055,0.0000,0.401900,0
14,956.75,2,2.395250,0.6000,0.398000,0
15,956.42,2,2.335738,0.4000,0.398500,0
16,956.08,2,2.320717,0.2000,0.408100,0
17,955.75,2,2.376489,0.4000,0.393600,0
18,953.08,14,2.936960,0.2000,0.600900,0
19,952.75,14,2.857839,0.4000,0.591500,0
20,952.50,14,2.918763,0.6000,0.615700,0
21,952.25,14,2.769556,0.6000,0.603000,0
22,951.83,2,2.620275,0.8000,0.392300,0
23,951.42,2,2.385644,0.6000,0.398100,0
24,951.08,2,2.238742,0.0000,0.398900,0
25,950.75,2,2.038537,0.4000,0.396600,0
26,950.08,2,2.058361,0.4000,0.389500,0
27,949.42,11,1.723483,0.2000,0.227200,0
28,949.08,11,1.519402,0.0000,0.233000,0
29,948.75,11,1.537572,0.0000,0.227000,0
30,948.42,11,1.489316,0.0000,0.223400,0
31,948.08,11,1.483464,0.0000,0.228200,0
32,947.58,11,1.355830,0.0000,0.233500,0
33,947.17,11,1.282678,0.0000,0.223600,0
34,947.08,11,1.194148,0.0000,0.221900,0
35,946.75,11,1.029336,0.2000,0.237000,0
36,946.42,5,0.937546,0.0000,0.159000,0
37,946.33,11,0.942559,0.0000,0.228900,0
38,944.75,5,0.917965,0.0000,0.154000,0
39,944.42,11,0.959997,0.0000,0.225900,0
40,944.33,11,1.150392,0.0000,0.228500,0
41,944.33,11,1.160509,0.0000,0.227100,0
42,943.08,11,1.459551,0.0000,0.225500,0
43,942.75,11,1.528679,0.2000,0.230700,0
44,942.42,2,1.795620,0.0000,0.394000,0
45,942.08,2,2.089812,0.0000,0.396400,0
46,941.75,2,2.247277,0.2000,0.397400,0
47,941.08,2,2.072955,0.4000,0.399500,0
48,940.83,2,2.060023,0.4000,0.402900,0
49,940.08,2,1.901702,0.0000,0.399300,0
50,939.75,2,1.953807,0.2000,0.399400,0
51,939.42,2,1.984381,0.0000,0.396300,0
52,939.08,2,2.009164,0.2000,0.400700,0
53,938.75,2,2.098539,0.0000,0.395700,0
54,938.08,2,1.928992,0.4000,0.408900,0
55,937.50,11,1.428007,0.0000,0.236600,0
56,937.17,5,0.820556,0.0000,0.152100,0
57,936.75,17,0.339378,0.0000,0.046500,0
58,936.42,9,0.246036,0.0000,0.092700,0
59,936.08,9,0.222273,0.0000,0.095300,0
60,936.00,9,0.210991,0.0000,0.094800,0
61,935.08,9,0.190043,0.0000,0.091900,0
62,934.75,17,0.155059,0.0000,0.043200,0
63,934.08,9,0.186635,0.0000,0.085800,0
64,933.75,17,0.163774,0.0000,0.044200,0
65,933.17,17,0.165910,0.0000,0.043600,0
66,933.08,17,0.157320,0.0000,0.046500,0
67,932.75,17,0.159123,0.0000,0.046600,0
68,932.42,17,0.150738,0.0000,0.044600,0
69,932.08,17,0.144282,0.0000,0.043100,0
70,931.75,17,0.096978,0.0000,0.044400,0
71,931.17,17,0.085950,0.0000,0.044900,0
72,931.08,17,0.067008,0.0000,0.047500,0
73,930.42,17,0.058349,0.0000,0.044700,0
74,930.08,17,0.061909,0.0000,0.044700,0
75,929.75,17,0.069101,0.0000,0.042700,0
76,929.50,17,0.070275,0.0000,0.043900,0
77,929.08,17,0.075228,0.0000,0.044500,0
78,928.42,17,0.064740,0.0000,0.046900,0
79,928.08,17,0.075372,0.0000,0.044800,0
80,927.42,17,0.096216,0.0000,0.044800,0
81,927.08,17,0.137873,0.0000,0.044600,0
82,926.58,17,0.148173,0.0000,0.043700,0
83,926.42,17,0.130703,0.0000,0.044100,0
84,926.08,17,0.139224,0.0000,0.046900,0
85,925.75,17,0.129182,0.0000,0.044500,0
86,925.42,17,0.087104,0.0000,0.043200,0
87,925.08,17,0.072999,0.0000,0.044200,0
88,924.75,17,0.066119,0.0000,0.044900,0
89,924.17,17,0.066230,0.0000,0.047000,0
90,923.42,17,0.044983,0.0000,0.046500,0
91,923.17,17,0.033652,0.0000,0.046500,0
92,922.92,17,0.041466,0.0000,0.044000,0
93,922.50,17,0.042497,0.0000,0.045000,0
94,922.08,17,0.038147,0.0000,0.045400,0
95,921.75,17,0.054481,0.0000,0.048100,0
96,921.42,17,0.035716,0.0000,0.047600,0
97,921.08,17,0.018024,0.0000,0.045200,0
98,920.42,17,0.009281,0.0000,0.046200,0
99,920.08,17,0.008173,0.0000,0.043700,0
100,919.42,17,0.012426,0.0000,0.045500,0
101,919.17,17,0.032741,0.0000,0.044200,0
102,919.08,17,0.043848,0.0000,0.044400,0
103,918.42,17,0.064320,0.0000,0.046100,0
104,918.25,17,0.100986,0.0000,0.043500,0
105,917.75,17,0.125488,0.0000,0.044900,0
106,917.42,17,0.142331,0.0000,0.048100,0
107,917.08,17,0.164889,0.0000,0.044300,0
108,916.75,9,0.212947,0.0000,0.095900,0
109,916.17,9,0.225148,0.0000,0.093100,0
110,916.08,9,0.176333,0.0000,0.094200,0
111,915.92,17,0.109053,0.0000,0.044300,0
112,915.75,17,0.125774,0.0000,0.043700,0
113,915.08,17,0.058722,0.0000,0.048100,0
114,914.75,17,0.046166,0.0000,0.046400,0
115,914.08,17,0.026575,0.0000,0.043800,0
116,913.42,17,0.005741,0.0000,0.042100,0
117,913.08,17,0.007859,0.0000,0.048400,0
118,912.75,17,0.008213,0.0000,0.046200,0
119,912.42,17,0.007663,0.0000,0.048100,0
120,912.08,17,0.015621,0.0000,0.046200,0
121,911.42,17,0.005191,0.0000,0.045500,0
122,911.08,17,0.011024,0.0000,0.043500,0
123,910.75,17,0.012210,0.0000,0.047100,0
124,910.42,17,0.012680,0.0000,0.045300,0
125,910.08,17,0.013350,0.0000,0.048300,0
126,909.42,17,0.009541,0.0000,0.043100,0
127,909.17,17,0.000524,0.0000,0.047200,0
128,908.50,17,0.034672,0.0000,0.044800,0
129,908.08,17,0.038047,0.0000,0.040800,0
130,907.75,17,0.029492,0.0000,0.043900,0
131,907.08,17,0.022944,0.0000,0.045800,0
132,906.75,17,0.011313,0.0000,0.045900,0
133,906.08,17,0.011428,0.0000,0.046200,0
134,905.75,17,0.033237,0.0000,0.045400,0
135,905.17,17,0.033191,0.0000,0.045300,0
136,905.17,17,0.035878,0.0000,0.044400,0
137,904.75,17,0.045384,0.0000,0.046700,0
138,904.08,17,0.037245,0.0000,0.047500,0
139,903.42,17,0.040170,0.0000,0.044800,0
140,903.08,17,0.039393,0.0000,0.040900,0
141,902.75,17,0.039963,0.0000,0.046400,0
142,902.08,17,0.029115,0.0000,0.043500,0
143,901.75,17,0.022887,0.0000,0.046000,0
144,901.42,17,0.023228,0.0000,0.044600,0
145,901.08,17,0.015253,0.0000,0.043500,0
146,900.75,17,0.014289,0.0000,0.044500,0
147,900.08,17,0.016802,0.0000,0.049400,0
148,899.75,17,0.017415,0.0000,0.048500,0
149,899.42,17,0.034410,0.0000,0.045100,0
150,899.08,17,0.073068,0.0000,0.044900,0
151,898.42,17,0.080835,0.0000,0.043900,0
152,898.17,17,0.093448,0.0000,0.041700,0
153,898.08,17,0.098356,0.0000,0.046600,0
154,897.75,17,0.100023,0.0000,0.044900,0
155,897.08,17,0.146219,0.0000,0.043700,0
156,896.75,17,0.150947,0.0000,0.049300,0
157,896.42,9,0.191763,0.0000,0.095900,0
158,896.08,9,0.190337,0.0000,0.091300,0
159,895.75,9,0.183585,0.0000,0.096100,0
160,895.42,17,0.154187,0.0000,0.046300,0
161,895.08,17,0.168788,0.0000,0.047400,0
162,894.42,17,0.097650,0.0000,0.046300,0
163,894.08,17,0.099206,0.0000,0.047700,0
164,893.75,17,0.067093,0.0000,0.044100,0
165,893.42,17,0.051450,0.0000,0.045400,0
166,893.08,17,0.062761,0.0000,0.044000,0
167,892.42,17,0.037330,0.0000,0.046000,0
168,892.08,17,0.027999,0.0000,0.047600,0
169,891.75,17,0.043811,0.0000,0.044300,0
170,891.08,17,0.049800,0.0000,0.044600,0
171,890.50,17,0.054517,0.0000,0.044400,0
172,890.42,17,0.062298,0.0000,0.042800,0
173,890.08,17,0.052757,0.0000,0.046100,0
174,889.75,17,0.056365,0.0000,0.044400,0
175,889.42,17,0.006873,0.0000,0.046100,0
176,889.08,17,0.015087,0.0000,0.042200,0
177,888.75,17,0.014022,0.0000,0.044800,0
178,888.08,17,0.012199,0.0000,0.044500,0
179,887.42,17,0.000528,0.0000,0.045500,0
180,887.08,17,0.007887,0.0000,0.049300,0
181,886.42,17,0.015593,0.0000,0.042600,0
182,886.08,17,0.000749,0.0000,0.042300,0
183,885.42,17,0.001778,0.0000,0.045800,0
184,885.17,17,0.000200,0.0000,0.044600,0
185,884.75,17,0.003415,0.0000,0.042900,0
186,884.67,17,0.017832,0.0000,0.042900,0
187,884.17,17,0.018702,0.0000,0.039000,0
188,884.08,17,0.022266,0.0000,0.042700,0
189,883.75,17,0.027562,0.0000,0.044300,0
190,883.58,17,0.017698,0.0000,0.050300,0
191,883.17,17,0.015230,0.0000,0.046600,0
192,883.17,17,0.012891,0.0000,0.045700,0
193,881.92,17,0.008895,0.0000,0.041400,0
194,880.17,17,0.008658,0.0000,0.047000,0
195,879.83,17,0.011094,0.0000,0.046600,0
196,879.08,17,0.008151,0.0000,0.045900,0
197,878.42,17,0.000493,0.0000,0.042300,0
198,878.25,17,0.023722,0.0000,0.042400,0
199,877.83,17,0.038042,0.0000,0.045400,0
200,877.42,17,0.048878,0.0000,0.044200,0
201,877.33,17,0.042481,0.0000,0.045900,0
202,877.08,17,0.041371,0.0000,0.048400,0
203,876.42,17,0.062329,0.0000,0.043300,0
204,876.08,17,0.110890,0.0000,0.049200,0
205,875.86,17,0.102848,0.0000,0.046900,0
206,875.42,17,0.126130,0.0000,0.042800,0
207,875.17,9,0.204409,0.0000,0.095400,0
208,874.75,9,0.188108,0.0000,0.094000,0
209,874.42,9,0.190338,0.0000,0.095800,0
210,874.17,9,0.211059,0.0000,0.091900,0
211,873.42,9,0.189295,0.0000,0.091900,0
212,873.08,9,0.206284,0.0000,0.095000,0
213,872.75,17,0.169747,0.0000,0.046400,0
214,872.42,9,0.196000,0.0000,0.092000,0
215,872.25,9,0.210209,0.0000,0.094400,0
216,872.08,9,0.246981,0.0000,0.098600,0
217,871.42,9,0.341362,0.0000,0.095100,0
218,871.25,9,0.419135,0.0000,0.096000,0
219,871.08,9,0.435847,0.0000,0.093300,0
220,870.58,5,0.502487,0.0000,0.159900,0
221,870.08,5,0.503637,0.0000,0.155200,0
222,869.75,9,0.469137,0.0000,0.094600,0
223,869.42,9,0.319673,0.0000,0.095900,0
224,869.08,9,0.303748,0.0000,0.091800,0
225,868.75,9,0.384111,0.0000,0.095000,0
226,868.50,9,0.366903,0.0000,0.093000,0
227,868.42,17,0.137265,0.0000,0.043600,0
228,868.42,9,0.486140,0.0000,0.092500,0
229,868.17,5,0.538319,0.0000,0.165300,0
230,868.17,5,0.628923,0.0000,0.158600,0
231,867.75,9,0.372136,0.0000,0.092500,0
232,867.75,9,0.283691,0.0000,0.094100,0
233,867.42,9,0.196655,0.0000,0.092000,0
234,867.42,9,0.214328,0.0000,0.093600,0
235,867.08,17,0.121815,0.0000,0.049500,0
236,866.50,3,0.212125,0.0000,0.023600,0
237,866.42,3,0.228307,0.0000,0.025400,0
238,866.33,3,0.194562,0.0000,0.025000,0
239,866.08,3,0.215828,0.0000,0.029000,0
240,865.92,3,0.127027,0.0000,0.026300,0
241,865.83,3,0.156036,0.0000,0.028000,0
242,865.75,17,0.030474,0.0000,0.045700,0
243,865.42,17,0.022278,0.0000,0.045200,0
244,865.33,17,0.056978,0.0000,0.045000,0
245,865.08,9,0.281850,0.0000,0.095300,0
246,865.08,17,0.105026,0.0000,0.045500,0
247,864.92,9,0.212441,0.0000,0.096900,0
248,864.83,9,0.379354,0.0000,0.094600,0
249,864.58,9,0.466465,0.0000,0.096300,0
250,864.50,5,0.513851,0.0000,0.157000,0
251,864.42,5,0.643937,0.0000,0.160300,0
252,864.25,5,0.701395,0.0000,0.153600,0
253,864.17,5,0.606707,0.0000,0.160900,0
254,864.08,5,0.717198,0.0000,0.155400,0
255,864.08,5,0.582411,0.0000,0.158400,0
256,863.75,5,0.782958,0.0000,0.150500,0
257,863.33,5,0.813418,0.0000,0.157700,0
258,863.29,5,0.889426,0.0000,0.153200,0
259,863.08,11,1.116101,0.0000,0.231500,0
260,863.08,11,1.010744,0.0000,0.229400,0
261,862.75,5,0.830938,0.0000,0.157500,0
262,862.75,5,0.663443,0.0000,0.154500,0
263,862.50,5,0.664442,0.0000,0.154100,0
264,862.42,9,0.376572,0.0000,0.095100,0
265,862.33,9,0.331515,0.0000,0.094900,0
266,862.33,9,0.466173,0.0000,0.097600,0
267,862.08,9,0.374148,0.0000,0.095000,0
268,862.00,9,0.430892,0.0000,0.090500,0
269,861.83,9,0.398562,0.0000,0.090900,0
270,861.75,9,0.425401,0.0000,0.100800,0
271,861.58,9,0.408714,0.0000,0.091500,0
272,861.50,9,0.387960,0.0000,0.096500,0
273,861.42,9,0.376869,0.0000,0.095400,0
274,861.33,9,0.444587,0.0000,0.099100,0
275,861.08,9,0.474047,0.0000,0.095600,0
276,861.08,5,0.547647,0.0000,0.158700,0
277,860.92,9,0.424942,0.2000,0.091900,0
278,860.83,5,0.507976,0.2000,0.161000,0
279,860.75,5,0.646454,0.0000,0.152800,0
280,860.67,5,0.648650,0.0000,0.161000,0
281,860.50,5,0.655496,0.0000,0.154300,0
282,860.42,5,0.618156,0.0000,0.161000,0
283,860.33,5,0.658988,0.0000,0.157700,0
284,860.17,5,0.711408,0.0000,0.156200,0
285,860.08,5,0.591559,0.0000,0.158000,0
286,860.00,5,0.702235,0.0000,0.153200,0
287,859.83,5,0.755922,0.0000,0.162700,0
288,859.75,5,0.806042,0.0000,0.148700,0
289,859.67,5,0.835171,0.0000,0.163300,0
290,859.42,5,0.662175,0.0000,0.156400,0
291,859.08,5,0.587860,0.0000,0.160900,0
292,858.83,5,0.547233,0.0000,0.162100,0
293,858.75,5,0.660794,0.2000,0.160200,0
294,858.75,5,0.663490,0.0000,0.156800,0
295,858.42,5,0.715430,0.4000,0.157100,0
296,858.08,5,0.601162,0.0000,0.155700,0
297,858.08,5,0.673481,0.0000,0.159700,0
298,858.00,5,0.643193,0.0000,0.157700,0
299,857.83,5,0.615685,0.0000,0.149900,0
300,857.75,5,0.656147,0.0000,0.153500,0
301,857.67,5,0.657337,0.0000,0.156200,0
302,857.42,3,0.360062,0.0000,0.028700,0
303,857.33,17,0.032493,0.0000,0.046500,0
304,857.08,17,0.036249,0.0000,0.045800,0
305,856.83,17,0.087901,0.0000,0.042000,0
306,856.67,17,0.157732,0.0000,0.044700,0
307,856.58,9,0.301592,0.0000,0.094100,0
308,856.50,9,0.204606,0.0000,0.097900,0
309,856.42,9,0.238599,0.0000,0.094100,0
310,856.33,9,0.314224,0.0000,0.095000,0
311,856.25,5,0.534200,0.0000,0.156000,0
312,856.25,9,0.417314,0.0000,0.094100,0
313,855.83,9,0.305986,0.0000,0.096000,0
314,855.58,9,0.357581,0.0000,0.092300,0
315,855.42,9,0.398491,0.0000,0.098500,0
316,855.33,9,0.490900,0.0000,0.098100,0
317,855.33,5,0.664075,0.0000,0.158000,0
318,855.17,5,0.616917,0.0000,0.156700,0
319,855.08,5,0.663438,0.0000,0.156900,0
320,854.83,5,0.581322,0.0000,0.154300,0
321,854.75,5,0.692211,0.0000,0.157100,0
322,854.75,5,0.634158,0.0000,0.154500,0
323,854.58,5,0.593378,0.0000,0.153200,0
324,854.42,5,0.673038,0.0000,0.159400,0
325,854.17,5,0.607509,0.0000,0.158100,0
326,854.08,5,0.533378,0.0000,0.158900,0
327,853.75,9,0.446586,0.0000,0.094000,0
328,853.75,5,0.635165,0.0000,0.156500,0
329,853.67,5,0.711984,0.0000,0.155900,0
330,853.42,5,0.608044,0.2000,0.166400,0
331,853.33,5,0.658065,0.2000,0.156600,0
332,853.17,5,0.796638,0.0000,0.159000,0
333,853.08,5,0.736492,0.0000,0.158900,0
334,852.92,5,0.713420,0.0000,0.157900,0
335,852.83,5,0.643975,0.0000,0.159000,0
336,852.75,5,0.719296,0.0000,0.158200,0
337,852.67,5,0.731365,0.0000,0.153500,0
338,852.50,5,0.586006,0.0000,0.157500,0
339,852.33,5,0.589441,0.0000,0.160200,0
340,852.17,9,0.461148,0.0000,0.093400,0
341,852.08,5,0.577841,0.0000,0.152200,0
342,851.92,5,0.565453,0.0000,0.159500,0
343,851.92,5,0.573040,0.0000,0.155100,0
344,851.75,5,0.642428,0.0000,0.149300,0
345,851.58,5,0.549814,0.0000,0.160900,0
346,851.50,5,0.617580,0.0000,0.157300,0
347,851.25,5,0.694646,0.0000,0.159300,0
348,851.08,5,0.783850,0.0000,0.156500,0
349,851.00,5,0.762376,0.0000,0.156500,0
350,850.92,5,0.732704,0.0000,0.157800,0
351,850.75,5,0.841171,0.0000,0.160000,0
352,850.50,5,0.727726,0.0000,0.154900,0
353,850.42,5,0.808402,0.0000,0.158400,0
354,850.33,5,0.805704,0.0000,0.160000,0
355,850.17,5,0.882617,0.0000,0.161100,0
356,850.08,5,0.854567,0.0000,0.158000,0
357,850.00,5,0.919010,0.0000,0.154000,0
358,849.83,11,0.995190,0.0000,0.227200,0
359,849.58,5,0.822875,0.0000,0.157100,0
360,849.50,5,0.861236,0.0000,0.153900,0
361,849.42,5,0.870795,0.0000,0.156600,0
362,849.17,11,0.989731,0.2000,0.227000,0
363,849.17,11,1.013375,0.0000,0.231300,0
364,849.08,5,0.937614,0.0000,0.161900,0
365,849.00,11,1.002210,0.0000,0.240000,0
366,848.83,11,1.062727,0.0000,0.240100,0
367,848.75,11,1.030228,0.0000,0.224700,0
368,848.67,11,0.987024,0.0000,0.227300,0
369,848.58,11,1.056427,0.0000,0.227900,0
370,848.42,5,0.809720,0.0000,0.160800,0
371,848.33,5,0.806094,0.0000,0.157200,0
372,848.17,5,0.867852,0.2000,0.161100,0
373,848.08,5,0.781757,0.0000,0.156100,0
374,847.83,5,0.766155,0.0000,0.161000,0
375,847.75,5,0.781684,0.0000,0.158600,0
376,847.67,5,0.699344,0.0000,0.153100,0
377,847.50,5,0.635392,0.0000,0.153500,0
378,847.42,5,0.646506,0.0000,0.165100,0
379,847.33,5,0.757233,0.0000,0.161400,0
380,847.08,5,0.654256,0.0000,0.162000,0
381,846.83,9,0.483556,0.0000,0.092000,0
382,846.75,5,0.547380,0.0000,0.159100,0
383,846.67,5,0.634144,0.0000,0.158900,0
384,846.50,9,0.498958,0.0000,0.097700,0
385,846.42,5,0.579643,0.2000,0.155500,0
386,846.25,5,0.665014,0.0000,0.157400,0
387,846.08,5,0.603911,0.0000,0.156000,0
388,845.83,9,0.408081,0.0000,0.094100,0
389,845.75,9,0.477164,0.0000,0.096000,0
390,845.58,5,0.786860,0.0000,0.161400,0
391,845.58,5,0.616482,0.0000,0.151100,0
392,845.50,5,0.756883,0.0000,0.163400,0
393,845.42,5,0.837451,0.0000,0.151700,0
394,845.33,5,0.851351,0.0000,0.156000,0
395,845.08,5,0.803130,0.0000,0.164800,0
396,844.83,5,0.646796,0.0000,0.156600,0
397,844.75,5,0.725557,0.0000,0.158200,0
398,844.50,5,0.724557,0.0000,0.154000,0
399,844.42,5,0.828604,0.0000,0.156900,0
400,844.33,5,0.775423,0.0000,0.153800,0
401,844.08,5,0.817986,0.0000,0.163400,0
402,843.83,5,0.898834,0.0000,0.162700,0
403,843.58,5,0.913462,0.0000,0.155200,0
404,843.50,11,0.995568,0.0000,0.233200,0
405,843.42,11,1.059019,0.0000,0.224200,0
406,843.33,11,1.061185,0.0000,0.234800,0
407,843.17,11,1.111462,0.0000,0.224100,0
408,843.08,11,1.080467,0.0000,0.231400,0
409,843.00,11,1.032479,0.0000,0.233600,0
410,842.83,11,1.013900,0.2000,0.227300,0
411,842.58,11,1.066531,0.0000,0.240300,0
412,842.50,11,1.071423,0.0000,0.221300,0
413,842.25,11,1.055202,0.2000,0.231300,0
414,842.25,11,0.994200,0.0000,0.226400,0
415,842.17,5,0.917880,0.0000,0.158800,0
416,842.08,5,0.832622,0.0000,0.157400,0
417,841.92,5,0.686233,0.0000,0.157400,0
418,841.83,5,0.571342,0.0000,0.157400,0
419,841.75,9,0.444735,0.0000,0.093200,0
420,841.58,9,0.357402,0.0000,0.096400,0
421,841.50,17,0.188277,0.0000,0.043000,0
422,841.33,17,0.087640,0.0000,0.046500,0
423,841.17,3,0.072981,0.0000,0.027300,0
424,841.08,0,0.443136,0.0000,0.020500,0
425,841.00,3,0.327861,0.0000,0.030100,0
426,840.83,0,0.439682,0.0000,0.020000,0
427,840.58,3,0.326754,0.0000,0.030800,0
428,840.50,17,0.108924,0.0000,0.048500,0
429,840.42,3,0.166606,0.0000,0.027700,0
430,840.25,3,0.127893,0.0000,0.026200,0
431,840.08,3,0.110040,0.0000,0.023600,0
432,839.92,3,0.113254,0.0000,0.026000,0
433,839.83,3,0.073696,0.0000,0.026200,0
434,839.67,3,0.057311,0.0000,0.028000,0
435,839.50,3,0.067777,0.0000,0.028200,0
436,839.42,3,0.067654,0.0000,0.027800,0
437,839.17,17,0.036583,0.0000,0.046100,0
438,839.08,17,0.033686,0.0000,0.047000,0
439,838.83,17,0.026715,0.0000,0.047900,0
440,838.83,17,0.034315,0.0000,0.047800,0
441,838.75,17,0.007328,0.0000,0.046400,0
442,838.42,17,0.026317,0.0000,0.043600,0
443,838.17,17,0.057260,0.0000,0.044000,0
444,838.08,17,0.120317,0.0000,0.043500,0
445,837.50,17,0.154285,0.0000,0.044600,0
446,837.08,17,0.148483,0.0000,0.046500,0
447,836.75,17,0.116140,0.0000,0.045600,0
448,836.42,17,0.084025,0.0000,0.050200,0
449,836.08,17,0.009016,0.0000,0.045400,0
450,835.58,17,0.015837,0.0000,0.044500,0
451,835.50,17,0.002749,0.0000,0.048900,0
452,835.42,17,0.008479,0.0000,0.044200,0
453,835.08,3,0.067576,0.0000,0.027900,0
454,834.75,3,0.089554,0.0000,0.028300,0
455,834.42,3,0.111781,0.0000,0.026300,0
456,834.08,3,0.139364,0.0000,0.027700,0
457,833.42,3,0.128927,0.0000,0.028100,0
458,833.08,3,0.112784,0.0000,0.028200,0
459,833.00,3,0.102141,0.0000,0.027000,0
460,832.25,3,0.107295,0.0000,0.027900,0
461,831.75,3,0.093225,0.0000,0.027500,0
462,831.42,3,0.064047,0.0000,0.027200,0
463,831.17,3,0.068436,0.0000,0.028700,0
464,830.42,3,0.057754,0.0000,0.028800,0
465,830.08,17,0.013920,0.0000,0.046600,0
466,829.42,17,0.009631,0.0000,0.047800,0
467,829.08,17,0.008847,0.0000,0.048300,0
468,828.42,17,0.020182,0.0000,0.043600,0
469,828.17,17,0.003779,0.0000,0.045300,0
470,828.08,17,0.003723,0.0000,0.051600,0
471,827.50,17,0.012169,0.0000,0.045000,0
472,827.42,17,0.028087,0.0000,0.048000,0
473,827.08,17,0.033572,0.0000,0.044000,0
474,826.75,17,0.017060,0.0000,0.046200,0
475,826.42,17,0.027645,0.0000,0.043200,0
476,826.08,17,0.050711,0.0000,0.042400,0
477,825.75,3,0.124227,0.0000,0.029400,0
478,825.42,3,0.121386,0.0000,0.028700,0
479,825.17,3,0.151251,0.0000,0.027300,0
480,825.08,3,0.157494,0.0000,0.028400,0
481,824.50,3,0.163089,0.0000,0.029500,0
482,824.42,3,0.154501,0.0000,0.024500,0
483,824.33,3,0.165131,0.0000,0.026800,0
484,824.08,3,0.157099,0.0000,0.024400,0
485,823.58,3,0.158674,0.0000,0.029100,0
486,823.08,3,0.158468,0.0000,0.025100,0
487,823.00,3,0.152358,0.0000,0.028200,0
488,822.42,3,0.148386,0.0000,0.027100,0
489,822.08,3,0.142996,0.0000,0.028000,0
490,821.75,3,0.127991,0.0000,0.027500,0
491,821.42,3,0.111946,0.0000,0.025300,0
492,821.25,3,0.102377,0.0000,0.028100,0
493,821.08,3,0.064556,0.0000,0.026900,0
494,820.50,17,0.051687,0.0000,0.048900,0
495,820.42,17,0.023342,0.0000,0.045500,0
496,820.08,17,0.029158,0.0000,0.047600,0
497,819.75,17,0.049254,0.0000,0.047000,0
498,819.08,3,0.115310,0.0000,0.028600,0
499,818.75,3,0.141654,0.0000,0.027900,0
500,818.42,3,0.181502,0.0000,0.025800,0
501,818.08,3,0.220249,0.0000,0.028700,0
502,817.42,3,0.250286,0.0000,0.029900,0
503,817.08,3,0.273696,0.0000,0.027400,0
504,816.42,3,0.289427,0.0000,0.029100,0
505,816.08,3,0.305888,0.0000,0.025400,0
506,815.75,3,0.310287,0.0000,0.026400,0
507,815.58,3,0.297340,0.0000,0.027000,0
508,815.17,3,0.310983,0.0000,0.029500,0
509,815.08,3,0.305011,0.0000,0.028100,0
510,814.42,3,0.300307,0.0000,0.028000,0
511,814.08,3,0.296835,0.0000,0.029800,0
512,813.75,3,0.296710,0.0000,0.028200,0
513,813.42,3,0.279162,0.0000,0.026200,0
514,813.08,3,0.274787,0.0000,0.023900,0
515,812.75,3,0.247218,0.0000,0.028000,0
516,812.08,3,0.241675,0.0000,0.026900,0
517,811.75,3,0.236653,0.0000,0.027100,0
518,811.08,3,0.222618,0.0000,0.027000,0
519,810.42,3,0.208213,0.0000,0.027500,0
520,810.08,3,0.168405,0.0000,0.029300,0
521,809.75,3,0.161388,0.0000,0.027400,0
522,809.42,3,0.129551,0.0000,0.029500,0
523,809.08,3,0.141188,0.0000,0.031300,0
524,808.42,3,0.127884,0.0000,0.027700,0
525,808.08,3,0.150775,0.0000,0.029400,0
526,807.75,3,0.159389,0.0000,0.028000,0
527,807.42,3,0.162146,0.0000,0.030200,0
528,807.08,3,0.179966,0.0000,0.028400,0
529,806.75,3,0.174751,0.0000,0.029000,0
530,806.42,3,0.163124,0.0000,0.027400,0
531,806.08,3,0.163068,0.0000,0.029400,0
532,805.42,3,0.137871,0.0000,0.025100,0
533,805.08,3,0.126318,0.0000,0.028300,0
534,804.75,3,0.090943,0.0000,0.029100,0
535,804.42,3,0.056279,0.0000,0.027700,0
536,804.08,17,0.028384,0.0000,0.045600,0
537,803.75,17,0.052917,0.0000,0.045400,0
538,803.42,17,0.125991,0.0000,0.043500,0
539,803.08,9,0.224215,0.0000,0.095100,0
540,802.75,9,0.260441,0.2000,0.096000,0
541,802.08,9,0.330104,0.0000,0.091900,0
542,801.42,9,0.360968,0.0000,0.102200,0
543,801.08,9,0.356435,0.0000,0.095600,0
544,800.75,9,0.371467,0.0000,0.094100,0
545,800.17,9,0.386836,0.0000,0.090900,0
546,800.08,9,0.395817,0.0000,0.092100,0
547,799.42,9,0.386012,0.0000,0.089400,0
548,799.08,9,0.392154,0.0000,0.095000,0
549,798.50,9,0.398133,0.0000,0.097900,0
550,798.42,9,0.401329,0.0000,0.093200,0
551,798.08,9,0.360296,0.0000,0.094900,0
552,797.42,9,0.332655,0.0000,0.098500,0
553,797.08,9,0.257137,0.0000,0.092700,0
554,796.42,9,0.212233,0.0000,0.093100,0
555,796.08,17,0.128558,0.0000,0.045600,0
556,795.50,17,0.075708,0.0000,0.045200,0
557,795.42,17,0.042928,0.0000,0.045000,0
558,795.08,17,0.014332,0.0000,0.044500,0
559,794.83,17,0.052479,0.0000,0.042100,0
560,794.42,3,0.072414,0.0000,0.028200,0
561,794.08,3,0.098206,0.0000,0.026500,0
562,794.04,3,0.196986,0.0000,0.029300,0
563,793.98,3,0.193120,0.0000,0.028800,0
564,793.50,3,0.196970,0.0000,0.026100,0
565,793.17,3,0.194361,0.0000,0.031800,0
566,793.08,3,0.157270,0.0000,0.031500,0
567,792.83,3,0.157738,0.0000,0.026200,0
568,792.42,3,0.157369,0.0000,0.030600,0
569,792.08,3,0.159042,0.0000,0.027400,0
570,791.42,3,0.161760,0.0000,0.025500,0
571,791.08,3,0.169745,0.0000,0.025900,0
572,790.75,3,0.204168,0.0000,0.025500,0
573,790.42,3,0.207658,0.0000,0.026400,0
574,790.08,3,0.200534,0.0000,0.029000,0
575,789.42,3,0.211068,0.0000,0.028100,0
576,789.08,3,0.223718,0.0000,0.027900,0
577,788.75,3,0.241501,0.0000,0.025500,0
578,788.42,3,0.259532,0.0000,0.029700,0
579,788.08,3,0.263677,0.0000,0.028200,0
580,787.42,3,0.271827,0.0000,0.031100,0
581,787.08,3,0.273733,0.0000,0.028400,0
582,786.75,3,0.282978,0.0000,0.029800,0
583,786.08,3,0.283390,0.0000,0.027100,0
584,785.50,3,0.285660,0.0000,0.030500,0
585,785.42,3,0.284313,0.0000,0.030600,0
586,785.08,3,0.259739,0.0000,0.028200,0
587,784.75,3,0.260668,0.0000,0.027600,0
588,784.42,3,0.259382,0.0000,0.028500,0
589,784.08,3,0.260210,0.0000,0.027200,0
590,783.75,3,0.259428,0.0000,0.026900,0
591,783.42,3,0.247886,0.0000,0.027300,0
592,783.08,17,0.050801,0.0000,0.047800,0
593,782.75,17,0.001001,0.0000,0.047400,0
594,782.42,17,0.041073,0.0000,0.048900,0
595,782.08,17,0.097529,0.0000,0.048200,0
596,781.42,17,0.058931,0.0000,0.043500,0
597,781.08,3,0.087498,0.0000,0.027700,0
598,780.75,3,0.065664,0.0000,0.025700,0
599,780.42,17,0.025989,0.0000,0.048200,0
600,780.08,3,0.066006,0.0000,0.029200,0
601,779.75,3,0.085583,0.0000,0.028900,0
602,779.42,3,0.077851,0.0000,0.025500,0
603,779.08,3,0.095136,0.0000,0.027300,0
604,778.42,3,0.077129,0.0000,0.030400,0
605,778.08,3,0.066881,0.0000,0.028700,0
606,777.42,3,0.071041,0.0000,0.027800,0
607,777.08,3,0.074114,0.0000,0.027500,0
608,776.75,3,0.058118,0.0000,0.029200,0
609,776.33,3,0.063975,0.0000,0.025500,0
610,776.08,3,0.065229,0.0000,0.029400,0
611,775.75,3,0.070976,0.0000,0.032200,0
612,775.42,17,0.035343,0.0000,0.044600,0
613,775.08,17,0.029056,0.0000,0.043600,0
614,774.42,17,0.032043,0.0000,0.044700,0
615,774.08,17,0.051683,0.0000,0.043300,0
616,773.75,17,0.095823,0.0000,0.046700,0
617,773.08,17,0.089353,0.0000,0.045600,0
618,772.75,17,0.098660,0.0000,0.047100,0
619,772.17,17,0.096539,0.0000,0.044400,0
620,772.08,17,0.102683,0.0000,0.043300,0
621,771.50,17,0.114889,0.0000,0.047300,0
622,771.42,17,0.114294,0.0000,0.043500,0
623,771.08,17,0.113796,0.0000,0.043400,0
624,770.42,17,0.112023,0.0000,0.048800,0
625,770.08,17,0.091410,0.0000,0.044800,0
626,769.75,17,0.079775,0.0000,0.047500,0
627,769.42,17,0.068352,0.0000,0.045700,0
628,769.08,17,0.034353,0.0000,0.042700,0
629,768.42,17,0.024708,0.0000,0.051100,0
630,768.08,3,0.059031,0.0000,0.026300,0
631,767.42,3,0.091181,0.0000,0.029500,0
632,767.08,3,0.148537,0.0000,0.028300,0
633,766.42,3,0.179016,0.0000,0.029200,0
634,766.17,3,0.193090,0.0000,0.024400,0
635,766.08,3,0.218132,0.0000,0.028300,0
636,765.58,3,0.216367,0.0000,0.027000,0
637,765.42,3,0.247425,0.0000,0.027700,0
638,765.08,3,0.250685,0.0000,0.027700,0
639,764.42,3,0.276942,0.0000,0.031900,0
640,764.08,3,0.261690,0.0000,0.029400,0
641,763.58,3,0.261170,0.0000,0.029800,0
642,763.42,3,0.247606,0.0000,0.027700,0
643,763.08,3,0.214515,0.0000,0.029000,0
644,762.75,3,0.201222,0.0000,0.026700,0
645,762.42,3,0.285805,0.0000,0.029700,0
646,762.08,3,0.319422,0.0000,0.026700,0
647,761.42,0,0.347626,0.0000,0.018700,0
648,761.08,0,0.354617,0.0000,0.020600,0
649,760.42,0,0.346555,0.0000,0.020700,0
650,760.17,0,0.344069,0.0000,0.018200,0
651,760.08,0,0.337168,0.0000,0.017900,0
652,759.42,3,0.317552,0.0000,0.029300,0
653,759.08,3,0.305158,0.0000,0.027500,0
654,758.42,3,0.267998,0.0000,0.025300,0
655,758.17,3,0.247587,0.0000,0.029200,0
656,758.08,3,0.188483,0.0000,0.029300,0
657,757.50,3,0.149453,0.0000,0.028000,0
658,757.42,3,0.145550,0.0000,0.027600,0
659,757.08,3,0.107337,0.0000,0.025800,0
660,756.87,17,0.006931,0.0000,0.046100,0
661,756.47,17,0.012254,0.0000,0.047100,0
662,756.08,17,0.023155,0.0000,0.043300,0
663,755.83,17,0.030933,0.0000,0.043400,0
664,755.42,17,0.040248,0.0000,0.044900,0
665,755.08,17,0.046307,0.0000,0.045600,0
666,754.83,17,0.055981,0.0000,0.044000,0
667,754.55,17,0.055122,0.0000,0.044200,0
668,754.42,17,0.059229,0.2000,0.046300,0
669,754.17,17,0.053812,0.0000,0.046000,0
670,754.08,17,0.047641,0.0000,0.046200,0
671,753.42,17,0.043787,0.0000,0.045500,0
672,753.08,17,0.037574,0.0000,0.047200,0
673,752.42,17,0.018695,0.0000,0.046600,0
674,752.08,17,0.026113,0.0000,0.043300,0
675,752.00,17,0.003194,0.2000,0.048300,0
676,751.42,17,0.028986,0.0000,0.047600,0
677,751.08,17,0.015003,0.0000,0.047800,0
678,750.50,17,0.025154,0.0000,0.046400,0
679,750.42,17,0.013279,0.0000,0.045800,0
680,750.08,17,0.013512,0.0000,0.047000,0
681,749.50,17,0.025312,0.0000,0.044800,0
682,749.42,17,0.009687,0.0000,0.046100,0
683,749.08,17,0.004835,0.0000,0.047300,0
684,748.75,17,0.021524,0.0000,0.045500,0
685,748.42,17,0.037206,0.0000,0.042900,0
686,748.08,17,0.031835,0.0000,0.046300,0
687,747.75,17,0.043146,0.0000,0.043100,0
688,747.42,3,0.056689,0.0000,0.025100,0
689,747.08,17,0.047695,0.0000,0.045700,0
690,746.78,3,0.141220,0.0000,0.027800,0
691,746.58,3,0.088758,0.0000,0.028700,0
692,746.18,3,0.085922,0.0000,0.029200,0
693,745.78,3,0.068942,0.0000,0.027100,0
694,745.05,3,0.069294,0.0000,0.025000,0
695,744.59,3,0.077206,0.0000,0.026600,0
696,744.39,3,0.060480,0.0000,0.024800,0
697,743.86,17,0.048237,0.0000,0.041900,0
698,743.59,17,0.045792,0.0000,0.046900,0
699,742.80,17,0.049172,0.0000,0.045200,0
700,742.60,3,0.079330,0.0000,0.027400,0
701,742.40,3,0.054544,0.0000,0.028000,0
702,741.67,3,0.070445,0.0000,0.029200,0
703,741.14,3,0.085637,0.0000,0.028300,0
704,740.67,3,0.116385,0.0000,0.027900,0
705,739.88,3,0.152481,0.0000,0.024300,0
706,739.48,3,0.168797,0.0000,0.028400,0
707,738.68,3,0.205563,0.0000,0.027600,0
708,738.68,3,0.201999,0.0000,0.029400,0
709,737.49,3,0.166848,0.0000,0.025100,0
710,737.49,3,0.186387,0.0000,0.029700,0
711,736.82,3,0.190904,0.0000,0.029000,0
712,736.49,3,0.224202,0.0000,0.027900,0
713,735.89,3,0.220640,0.0000,0.032600,0
714,735.83,3,0.221623,0.0000,0.025600,0
715,735.10,3,0.216296,0.0000,0.028300,0
716,734.76,3,0.212127,0.0000,0.028300,0
717,734.17,3,0.215370,0.0000,0.031700,0
718,733.83,3,0.195102,0.0000,0.025700,0
719,733.57,3,0.177297,0.0000,0.027200,0
720,733.10,3,0.162715,0.0000,0.025200,0
721,732.77,3,0.142365,0.0000,0.029800,0
722,732.11,3,0.115472,0.0000,0.027700,0
723,731.91,3,0.082627,0.0000,0.026600,0
724,731.25,3,0.170620,0.0000,0.029000,0
725,730.85,17,0.051028,0.0000,0.043700,0
726,730.78,17,0.032874,0.0000,0.044700,0
727,730.12,17,0.034343,0.0000,0.045100,0
728,729.85,17,0.036906,0.0000,0.043700,0
729,729.12,17,0.033028,0.0000,0.049800,0
730,728.79,17,0.033789,0.0000,0.046200,0
731,728.26,17,0.039357,0.0000,0.046500,0
732,728.06,17,0.038151,0.0000,0.047100,0
733,727.66,17,0.037895,0.0000,0.043300,0
734,727.13,17,0.042265,0.0000,0.046200,0
735,727.06,17,0.045009,0.0000,0.042700,0
736,726.66,17,0.045138,0.0000,0.044400,0
737,726.07,17,0.045431,0.0000,0.045900,0
738,726.00,17,0.045983,0.0000,0.042700,0
739,725.67,3,0.055204,0.0000,0.028400,0
740,725.07,3,0.056719,0.0000,0.029600,0
741,724.67,3,0.056939,0.0000,0.028300,0
742,724.01,3,0.057811,0.0000,0.032400,0
743,723.68,3,0.056976,0.0000,0.026200,0
744,723.21,3,0.054674,0.0000,0.027500,0
745,723.15,17,0.052397,0.0000,0.048800,0
746,723.01,3,0.058518,0.0000,0.028600,0
747,722.15,3,0.057046,0.0000,0.029800,0
748,722.02,3,0.055423,0.0000,0.026800,0
749,721.49,3,0.058034,0.0000,0.029500,0
750,721.16,3,0.059241,0.0000,0.024600,0
751,720.76,3,0.059689,0.2000,0.027500,0
752,720.16,3,0.062393,0.0000,0.027100,0
753,719.43,3,0.063957,0.0000,0.026700,0
754,719.16,17,0.015980,0.0000,0.042600,0
755,718.17,3,0.225761,0.0000,0.027900,0
756,718.10,3,0.207708,0.0000,0.028000,0
757,717.44,3,0.206676,0.0000,0.029100,0
758,717.11,3,0.212900,0.0000,0.028200,0
759,717.11,3,0.216931,0.0000,0.027000,0
760,716.51,3,0.206741,0.0000,0.028600,0
761,716.31,3,0.187348,0.0000,0.028400,0
762,715.51,3,0.205892,0.0000,0.029900,0
763,715.31,3,0.215953,0.0000,0.026100,0
764,714.52,3,0.221185,0.0000,0.026700,0
765,714.19,3,0.224673,0.0000,0.028100,0
766,710.87,3,0.221686,0.0000,0.028600,0
767,710.33,3,0.224431,0.0000,0.026800,0
768,708.48,3,0.220617,0.0000,0.026800,0
769,708.34,3,0.212688,0.0000,0.024800,0
770,707.95,3,0.207349,0.0000,0.028100,0
771,707.15,3,0.201664,0.0000,0.028500,0
772,706.42,3,0.188759,0.0000,0.029800,0
773,706.29,3,0.142179,0.0000,0.028600,0
774,705.49,3,0.160133,0.0000,0.027500,0
775,705.42,3,0.175309,0.0000,0.026000,0
776,704.49,3,0.185142,0.0000,0.029700,0
777,704.43,3,0.192677,0.0000,0.026900,0
778,703.50,3,0.198273,0.0000,0.026300,0
779,703.43,3,0.209643,0.0000,0.025400,0
780,703.03,3,0.208092,0.0000,0.025100,0
781,702.44,3,0.203285,0.0000,0.026500,0
782,702.04,3,0.204259,0.0000,0.027500,0
783,701.44,3,0.200153,0.0000,0.027100,0
784,701.04,3,0.193654,0.0000,0.029800,0
785,700.38,3,0.189694,0.0000,0.027300,0
786,699.58,3,0.175999,0.0000,0.026500,0
787,699.32,3,0.173309,0.0000,0.028000,0
788,698.78,3,0.204516,0.0000,0.027100,0
789,698.52,3,0.214115,0.0000,0.028400,0
790,698.39,3,0.231152,0.0000,0.030900,0
791,697.52,3,0.233460,0.0000,0.032800,0
792,696.79,3,0.244928,0.0000,0.025600,0
793,696.53,3,0.253609,0.0000,0.028200,0
794,696.13,3,0.255985,0.0000,0.029500,0
795,695.60,17,0.089279,0.0000,0.042500,0
796,695.53,17,0.003700,0.0000,0.043400,0
797,695.47,17,0.007151,0.0000,0.044800,0
798,695.13,17,0.007404,0.0000,0.045200,0
799,694.80,17,0.004654,0.0000,0.048000,0
800,694.54,17,0.026161,0.0000,0.045100,0
801,694.47,17,0.027252,0.0000,0.044900,0
802,693.54,17,0.031351,0.0000,0.046600,0
803,692.54,17,0.029618,0.0000,0.045700,0
804,691.88,17,0.030014,0.0000,0.044000,0
805,691.48,17,0.030019,0.0000,0.043700,0
806,690.62,17,0.030349,0.0000,0.043700,0
807,690.22,17,0.048096,0.0000,0.045300,0
808,690.22,17,0.038184,0.0000,0.044400,0
809,689.62,17,0.082609,0.0000,0.044300,0
810,689.23,17,0.083202,0.0000,0.046100,0
811,688.89,17,0.076940,0.0000,0.047800,0
812,688.89,17,0.072458,0.0000,0.043100,0
813,688.63,17,0.054708,0.0000,0.040600,0
814,688.23,17,0.056747,0.0000,0.047300,0
815,687.70,17,0.058399,0.0000,0.041800,0
816,687.70,17,0.064379,0.0000,0.039100,0
817,686.97,17,0.065018,0.0000,0.045000,0
818,686.24,17,0.079275,0.0000,0.045800,0
819,686.24,17,0.077048,0.0000,0.044100,0
820,685.71,17,0.090615,0.0000,0.046000,0
821,685.71,17,0.094739,0.0000,0.045000,0
822,685.71,17,0.104335,0.0000,0.043800,0
823,684.71,17,0.119934,0.0000,0.046700,0
824,684.64,17,0.127219,0.0000,0.046700,0
825,683.78,17,0.023964,0.0000,0.047300,0
826,683.65,17,0.035542,0.0000,0.041400,0
827,682.65,3,0.076708,0.0000,0.028900,0
828,682.65,3,0.057757,0.0000,0.025800,0
829,681.79,3,0.091993,0.0000,0.028900,0
830,681.72,3,0.115187,0.0000,0.027400,0
831,680.86,3,0.155441,0.0000,0.027600,0
832,680.79,3,0.174733,0.0000,0.028100,0
833,680.66,3,0.188792,0.0000,0.026800,0
834,680.33,3,0.187879,0.0000,0.029800,0
835,679.80,17,0.047261,0.0000,0.045600,0
836,679.80,17,0.014446,0.0000,0.045000,0
837,678.80,17,0.002818,0.0000,0.045700,0
838,678.40,17,0.031980,0.0000,0.045600,0
839,678.40,17,0.017780,0.0000,0.045300,0
840,677.81,17,0.034064,0.0000,0.047200,0
841,677.74,17,0.028225,0.0000,0.043800,0
842,677.74,17,0.024481,0.0000,0.045000,0
843,676.81,17,0.020852,0.0000,0.043300,0
844,676.41,17,0.017516,0.0000,0.046600,0
845,676.41,17,0.013568,0.0000,0.042700,0
846,675.75,17,0.001654,0.0000,0.045800,0
847,674.89,17,0.027878,0.0000,0.044500,0
848,674.42,3,0.061141,0.0000,0.027400,0
849,673.89,3,0.077607,0.0000,0.026400,0
850,673.89,3,0.074374,0.0000,0.028100,0
851,673.16,3,0.083537,0.0000,0.025200,0
852,672.50,3,0.089049,0.0000,0.028000,0
853,672.50,3,0.094000,0.0000,0.026600,0
854,672.16,3,0.091743,0.0000,0.027800,0
855,671.77,3,0.090771,0.0000,0.030100,0
856,671.17,3,0.079166,0.0000,0.028400,0
857,671.17,3,0.071250,0.0000,0.025200,0
858,670.51,3,0.072511,0.0000,0.027700,0
859,669.91,3,0.086231,0.0000,0.028000,0
860,669.84,3,0.096733,0.0000,0.027000,0
861,668.85,3,0.129819,0.0000,0.029100,0
862,668.85,3,0.154839,0.0000,0.030100,0
863,667.19,3,0.182335,0.0000,0.026800,0
864,666.85,3,0.198985,0.0000,0.028500,0
865,666.59,3,0.207121,0.0000,0.031000,0
866,666.12,3,0.218125,0.0000,0.029100,0
867,665.59,3,0.233089,0.0000,0.027200,0
868,665.59,3,0.227463,0.0000,0.025600,0
869,665.13,3,0.233763,0.0000,0.025000,0
870,664.60,17,0.038917,0.0000,0.044000,0
871,664.27,17,0.010361,0.0000,0.043800,0
872,663.93,17,0.005894,0.0000,0.045200,0
873,663.20,17,0.004581,0.0000,0.043600,0
874,663.20,17,0.007039,0.0000,0.045300,0
875,662.61,17,0.003913,0.0000,0.043900,0
876,662.21,17,0.007796,0.0000,0.048600,0
877,661.88,17,0.024209,0.0000,0.042500,0
878,661.88,17,0.046258,0.0000,0.043500,0
879,661.15,17,0.031883,0.0000,0.041200,0
880,660.95,17,0.016760,0.0000,0.045900,0
881,660.35,17,0.005275,0.0000,0.045200,0
882,660.08,17,0.010447,0.0000,0.042500,0
883,659.15,17,0.035246,0.0000,0.043200,0
884,659.09,3,0.073459,0.0000,0.025800,0
885,658.42,3,0.093713,0.0000,0.028600,0
886,658.09,3,0.101400,0.0000,0.026300,0
887,658.03,3,0.105136,0.0000,0.026400,0
888,657.43,3,0.104484,0.0000,0.027100,0
889,657.16,3,0.101989,0.0000,0.027600,0
890,656.90,3,0.102935,0.0000,0.028800,0
891,656.43,3,0.110659,0.0000,0.027500,0
892,655.70,3,0.131705,0.0000,0.026700,0
893,655.70,3,0.131348,0.0000,0.028800,0
894,655.10,3,0.132814,0.0000,0.027800,0
895,654.44,3,0.144856,0.0000,0.026000,0
896,654.44,3,0.136024,0.0000,0.028300,0
897,654.18,3,0.155427,0.0000,0.026800,0
898,653.51,3,0.165675,0.0000,0.029000,0
899,653.31,3,0.166164,0.0000,0.028100,0
900,653.11,3,0.168423,0.0000,0.027900,0
901,652.71,3,0.172497,0.0000,0.027300,0
902,652.18,3,0.180882,0.0000,0.024100,0
903,652.18,3,0.192322,0.0000,0.027000,0
904,651.52,3,0.201383,0.0000,0.026600,0
905,651.19,3,0.191823,0.0000,0.028200,0
906,650.46,3,0.078891,0.0000,0.028600,0
907,650.26,3,0.098237,0.0000,0.024100,0
908,649.40,3,0.128138,0.0000,0.030200,0
909,649.20,3,0.109550,0.0000,0.029600,0
910,649.20,3,0.057976,0.0000,0.027900,0
911,648.60,3,0.058595,0.0000,0.027000,0
912,648.13,3,0.062763,0.0000,0.033500,0
913,647.87,3,0.098677,0.0000,0.026400,0
914,647.40,3,0.119353,0.0000,0.028900,0
915,647.27,3,0.077831,0.0000,0.028400,0
916,646.81,3,0.065906,0.0000,0.028100,0
917,646.41,3,0.065687,0.0000,0.025200,0
918,646.14,3,0.072862,0.0000,0.025200,0
919,645.55,3,0.056297,0.0000,0.027700,0
920,645.48,17,0.032046,0.0000,0.044100,0
921,645.35,17,0.016411,0.0000,0.047200,0
922,644.55,17,0.007394,0.0000,0.045000,0
923,644.35,17,0.025112,0.0000,0.044400,0
924,644.35,17,0.030651,0.0000,0.046400,0
925,643.49,17,0.008577,0.0000,0.044800,0
926,643.42,3,0.056699,0.0000,0.028400,0
927,643.22,3,0.100714,0.0000,0.028500,0
928,642.62,3,0.128558,0.0000,0.027600,0
929,642.36,3,0.144812,0.0000,0.029300,0
930,642.16,3,0.156894,0.0000,0.028700,0
931,641.43,3,0.154553,0.0000,0.027200,0
932,641.36,3,0.151751,0.0000,0.029900,0
933,640.50,3,0.084532,0.0000,0.028700,0
934,640.50,3,0.111544,0.0000,0.029200,0
935,640.17,17,0.053200,0.0000,0.046000,0
936,639.97,17,0.028729,0.0000,0.044900,0
937,639.24,17,0.011994,0.0000,0.042300,0
938,639.17,17,0.003599,0.0000,0.045000,0
939,638.51,17,0.003508,0.0000,0.043000,0
940,638.31,17,0.005942,0.0000,0.045300,0
941,637.98,17,0.016245,0.0000,0.045800,0
942,637.45,17,0.033685,0.0000,0.042300,0
943,637.31,17,0.051517,0.0000,0.047800,0
944,636.52,3,0.073878,0.0000,0.025800,0
945,636.45,3,0.069138,0.0000,0.027000,0
946,636.32,3,0.076030,0.0000,0.029100,0
947,636.32,3,0.071974,0.0000,0.026900,0
948,635.39,3,0.071290,0.0000,0.028600,0
949,635.32,3,0.073095,0.0000,0.029100,0
950,635.06,3,0.073663,0.0000,0.028000,0
951,634.46,3,0.353154,0.0000,0.027800,0
952,634.46,3,0.234083,0.0000,0.031600,0
953,634.06,3,0.232532,0.0000,0.029500,0
954,633.40,3,0.240828,0.0000,0.025000,0
955,633.00,3,0.251131,0.0000,0.024600,0
956,632.53,3,0.257416,0.0000,0.025700,0
957,631.80,3,0.258155,0.0000,0.030500,0
958,631.54,3,0.251513,0.0000,0.026800,0
959,631.54,3,0.242589,0.0000,0.029000,0
960,631.41,3,0.241874,0.0000,0.027400,0
961,630.41,3,0.239524,0.0000,0.031500,0
962,629.41,3,0.234804,0.0000,0.028000,0
963,628.82,3,0.242292,0.0000,0.027200,0
964,628.55,3,0.246447,0.0000,0.027900,0
965,627.49,3,0.245475,0.0000,0.029600,0
966,627.49,3,0.248759,0.0000,0.028100,0
967,626.49,3,0.247991,0.0000,0.027700,0
968,626.16,3,0.238271,0.0000,0.028400,0
969,626.16,3,0.243721,0.0000,0.030000,0
970,625.50,3,0.228985,0.0000,0.026200,0
971,624.90,3,0.215388,0.0000,0.027200,0
972,624.50,3,0.196997,0.0000,0.029600,0
973,623.51,3,0.179842,0.0000,0.026300,0
974,623.51,3,0.157693,0.0000,0.027600,0
975,623.24,3,0.141886,0.0000,0.031300,0
976,622.51,3,0.120852,0.0000,0.029800,0
977,621.91,3,0.090279,0.0000,0.028700,0
978,621.58,3,0.066284,0.0000,0.027700,0
979,621.31,9,0.450753,0.0000,0.089700,0
980,621.31,17,0.161855,0.0000,0.045100,0
981,620.12,9,0.403876,0.0000,0.093300,0
982,619.86,9,0.379435,0.0000,0.097700,0
983,619.59,9,0.384236,0.0000,0.093500,0
984,618.73,9,0.389685,0.0000,0.100100,0
985,618.73,9,0.395333,0.0000,0.097700,0
986,617.66,9,0.402351,0.0000,0.093800,0
987,617.66,9,0.410857,0.0000,0.089400,0
988,617.33,9,0.418494,0.0000,0.088800,0
989,616.74,9,0.427236,0.0000,0.095600,0
990,616.34,9,0.440856,0.0000,0.090700,0
991,616.34,9,0.433830,0.0000,0.098300,0
992,615.67,9,0.454978,0.0000,0.093100,0
993,615.34,9,0.471860,0.0000,0.094300,0
994,614.81,5,0.573770,0.0000,0.160300,0
995,614.74,5,0.744495,0.0000,0.149700,0
996,614.08,5,0.720911,0.2000,0.158800,0
997,613.68,5,0.728869,0.0000,0.155700,0
998,613.68,5,0.724991,0.0000,0.158000,0
999,613.35,5,0.731813,0.0000,0.160300,0
1000,612.69,5,0.736346,0.0000,0.161900,0
1001,611.82,5,0.741664,0.0000,0.153100,0
1002,611.69,5,0.741939,0.0000,0.158000,0
1003,611.09,5,0.748772,0.0000,0.161500,0
1004,610.69,5,0.755400,0.0000,0.160700,0
1005,610.69,5,0.761563,0.0000,0.161900,0
1006,609.70,5,0.764532,0.0000,0.156300,0
1007,609.43,5,0.768049,0.0000,0.157700,0
1008,609.10,5,0.774299,0.0000,0.159400,0
1009,608.44,9,0.460043,0.0000,0.089300,0
1010,608.17,3,0.263806,0.0000,0.024600,0
1011,608.17,17,0.014412,0.0000,0.041300,0
1012,607.44,17,0.003869,0.0000,0.046400,0
1013,607.18,17,0.002337,0.0000,0.045700,0
1014,606.91,17,0.014037,0.0000,0.045000,0
1015,606.78,17,0.021574,0.0000,0.041100,0
1016,605.85,17,0.033035,0.0000,0.044600,0
1017,605.52,17,0.019932,0.0000,0.046600,0
1018,605.52,17,0.010223,0.0000,0.047600,0
1019,604.79,17,0.014453,0.0000,0.045700,0
1020,604.52,17,0.020431,0.0000,0.049300,0
1021,604.19,17,0.031350,0.0000,0.049500,0
1022,603.53,17,0.042299,0.0000,0.046500,0
1023,603.19,3,0.070903,0.0000,0.026000,0
1024,603.19,3,0.057232,0.0000,0.028000,0
1025,602.53,3,0.087270,0.0000,0.026800,0
1026,602.26,3,0.107574,0.0000,0.024900,0
1027,601.87,3,0.121244,0.0000,0.026800,0
1028,601.53,3,0.138676,0.0000,0.027000,0
1029,601.27,3,0.156647,0.0000,0.030200,0
1030,600.87,3,0.166725,0.0000,0.026300,0
1031,600.34,3,0.165850,0.0000,0.027200,0
1032,600.34,3,0.186474,0.0000,0.028700,0
1033,600.01,3,0.164740,0.0000,0.027700,0
1034,599.94,3,0.146086,0.0000,0.030900,0
1035,598.88,3,0.133986,0.0000,0.029000,0
1036,598.61,3,0.130302,0.0000,0.028900,0
1037,597.88,3,0.143657,0.0000,0.030200,0
1038,597.42,3,0.162664,0.0000,0.026900,0
1039,597.42,3,0.183273,0.0000,0.030800,0
1040,596.62,3,0.184451,0.0000,0.026200,0
1041,596.36,3,0.192074,0.0000,0.027600,0
1042,596.36,3,0.185942,0.0000,0.024700,0
1043,595.63,3,0.200886,0.0000,0.024100,0
1044,595.23,3,0.199667,0.0000,0.030800,0
1045,595.09,3,0.199203,0.0000,0.028900,0
1046,594.63,3,0.131594,0.0000,0.027800,0
1047,594.10,3,0.116004,0.0000,0.027300,0
1048,593.97,3,0.100187,0.0000,0.028000,0
1049,593.97,3,0.103786,0.0000,0.027600,0
1050,593.10,3,0.093182,0.0000,0.027700,0
1051,592.70,3,0.070012,0.0000,0.031600,0
1052,592.44,3,0.076519,0.0000,0.029300,0
1053,592.17,3,0.084175,0.0000,0.023700,0
1054,591.44,3,0.092687,0.0000,0.028100,0
1055,591.44,3,0.089874,0.0000,0.024100,0
1056,591.11,3,0.081469,0.0000,0.027200,0
1057,590.71,3,0.086932,0.0000,0.026900,0
1058,590.18,3,0.113872,0.0000,0.027800,0
1059,590.18,3,0.092185,0.0000,0.028000,0
1060,590.05,3,0.126657,0.0000,0.026900,0
1061,589.19,3,0.125383,0.0000,0.028500,0
1062,589.05,3,0.128062,0.0000,0.026300,0
1063,588.46,3,0.125037,0.0000,0.024800,0
1064,588.19,3,0.117469,0.0000,0.028400,0
1065,587.46,3,0.101230,0.0000,0.029100,0
1066,587.20,3,0.087717,0.0000,0.028900,0
1067,586.47,3,0.069725,0.0000,0.031800,0
1068,586.13,3,0.061073,0.0000,0.029200,0
1069,586.13,17,0.042224,0.0000,0.045200,0
1070,585.47,17,0.031796,0.0000,0.047200,0
1071,585.14,17,0.025371,0.0000,0.044400,0
1072,584.54,17,0.000473,0.0000,0.046200,0
1073,584.47,17,0.025146,0.0000,0.047200,0
1074,584.21,17,0.079252,0.0000,0.045400,0
1075,583.41,17,0.138178,0.0000,0.042800,0
1076,583.21,17,0.115373,0.0000,0.047200,0
1077,582.42,17,0.076215,0.0000,0.046200,0
1078,582.22,17,0.040873,0.0000,0.044600,0
1079,581.55,17,0.040517,0.0000,0.043900,0
1080,581.55,17,0.007561,0.0000,0.044500,0
1081,581.15,3,0.076193,0.0000,0.029800,0
1082,580.16,3,0.124476,0.0000,0.030800,0
1083,579.43,3,0.169554,0.0000,0.029600,0
1084,579.36,3,0.173180,0.0000,0.029200,0
1085,578.90,3,0.172309,0.0000,0.027500,0
1086,578.43,3,0.179272,0.0000,0.028000,0
1087,578.30,3,0.177468,0.0000,0.028100,0
1088,577.57,3,0.175603,0.0000,0.027200,0
1089,577.30,3,0.175772,0.0000,0.028500,0
1090,576.51,3,0.157263,0.0000,0.028500,0
1091,576.37,3,0.139384,0.0000,0.028100,0
1092,576.37,3,0.147657,0.0000,0.027100,0
1093,575.38,3,0.128074,0.0000,0.028700,0
1094,575.25,3,0.106930,0.0000,0.026100,0
1095,575.25,3,0.083232,0.0000,0.029200,0
1096,574.58,3,0.088416,0.0000,0.025100,0
1097,574.45,3,0.097304,0.0000,0.030500,0
1098,574.32,3,0.102211,0.0000,0.028000,0
1099,573.52,3,0.100211,0.0000,0.028900,0
1100,573.25,3,0.096003,0.0000,0.030400,0
1101,573.25,3,0.096098,0.0000,0.030200,0
1102,572.72,3,0.096253,0.0000,0.028300,0
1103,572.39,3,0.097572,0.0000,0.029700,0
1104,571.99,3,0.096939,0.0000,0.027700,0
1105,571.73,3,0.094111,0.0000,0.026000,0
1106,571.33,3,0.095883,0.0000,0.028200,0
1107,570.73,3,0.070327,0.0000,0.030400,0
1108,570.73,3,0.056489,0.0000,0.028100,0
1109,570.47,3,0.061133,0.0000,0.026600,0
1110,569.74,3,0.058317,0.0000,0.029000,0
1111,569.40,3,0.054127,0.0000,0.029600,0
1112,569.40,17,0.048738,0.0000,0.049800,0
1113,568.48,3,0.065733,0.0000,0.029400,0
1114,568.34,3,0.070289,0.0000,0.030300,0
1115,568.34,17,0.050529,0.0000,0.047700,0
1116,567.48,17,0.030608,0.0000,0.044100,0
1117,567.35,17,0.013889,0.0000,0.046400,0
1118,567.08,17,0.004064,0.0000,0.044400,0
1119,566.55,17,0.004542,0.0000,0.045300,0
1120,565.42,17,0.010391,0.0000,0.045500,0
1121,565.09,17,0.029281,0.0000,0.042600,0
1122,564.82,17,0.047631,0.0000,0.046000,0
1123,563.83,3,0.082896,0.0000,0.027000,0
1124,563.56,3,0.110829,0.0000,0.027900,0
1125,563.56,3,0.130637,0.0000,0.028500,0
1126,562.50,3,0.147377,0.0000,0.027700,0
1127,561.51,3,0.156133,0.0000,0.025100,0
1128,561.17,3,0.163698,0.0000,0.026300,0
1129,561.17,3,0.164282,0.0000,0.026200,0
1130,560.51,3,0.151500,0.0000,0.027900,0
1131,560.18,3,0.139146,0.0000,0.024800,0
1132,559.91,3,0.119069,0.0000,0.027200,0
1133,559.51,3,0.112406,0.0000,0.029000,0
1134,559.18,3,0.067309,0.0000,0.027700,0
1135,559.18,3,0.062879,0.0000,0.025600,0
1136,558.92,17,0.037989,0.0000,0.042700,0
1137,558.92,17,0.037997,0.0000,0.042300,0
1138,557.66,17,0.042461,0.0000,0.045700,0
1139,556.66,17,0.049308,0.0000,0.044600,0
1140,555.86,17,0.046742,0.0000,0.043300,0
1141,555.60,17,0.049782,0.0000,0.047100,0
1142,555.27,17,0.046883,0.0000,0.047700,0
1143,554.80,17,0.050600,0.0000,0.046500,0
1144,554.67,3,0.055274,0.0000,0.026300,0
1145,553.67,3,0.062653,0.0000,0.030700,0
1146,553.67,3,0.057855,0.0000,0.026600,0
1147,553.27,3,0.067228,0.0000,0.028600,0
1148,552.61,3,0.107705,0.0000,0.028900,0
1149,552.28,3,0.118353,0.0000,0.029300,0
1150,551.61,3,0.119361,0.0000,0.027700,0
1151,550.82,3,0.095358,0.0000,0.028200,0
1152,550.62,3,0.080250,0.0000,0.028600,0
1153,550.35,17,0.043577,0.0000,0.041400,0
1154,549.89,17,0.012870,0.0000,0.045000,0
1155,549.62,17,0.022875,0.0000,0.042900,0
1156,549.36,17,0.057188,0.0000,0.043200,0
1157,548.69,17,0.156114,0.0000,0.047600,0
1158,548.69,17,0.108938,0.0000,0.049100,0
1159,548.10,9,0.194413,0.0000,0.094000,0
1160,547.83,9,0.221056,0.0000,0.092700,0
1161,547.37,9,0.247044,0.0000,0.096900,0
1162,547.37,9,0.269195,0.0000,0.094800,0
1163,546.83,9,0.300588,0.0000,0.092400,0
1164,546.70,9,0.284785,0.0000,0.101400,0
1165,546.70,9,0.210270,0.0000,0.091900,0
1166,546.17,9,0.190726,0.0000,0.098800,0
1167,545.71,9,0.173598,0.0000,0.091200,0
1168,545.11,17,0.141100,0.0000,0.049200,0
1169,544.84,17,0.112242,0.0000,0.044200,0
1170,544.44,17,0.082683,0.0000,0.046400,0
1171,544.11,17,0.059646,0.0000,0.046900,0
1172,543.71,17,0.039109,0.0000,0.046600,0
1173,543.45,17,0.020034,0.0000,0.047100,0
1174,542.79,17,0.001140,0.0000,0.046800,0
1175,542.79,17,0.017619,0.0000,0.044200,0
1176,542.45,17,0.034880,0.0000,0.045800,0
1177,541.79,17,0.047635,0.0000,0.044300,0
1178,541.19,3,0.085083,0.0000,0.025900,0
1179,540.46,3,0.118664,0.0000,0.031400,0
1180,540.20,3,0.060198,0.0000,0.027600,0
1181,539.86,3,0.057274,0.0000,0.027600,0
1182,539.20,3,0.074487,0.0000,0.024600,0
1183,539.13,3,0.095193,0.0000,0.027400,0
1184,538.54,3,0.085741,0.0000,0.028500,0
1185,538.07,3,0.069774,0.0000,0.026100,0
1186,537.87,17,0.049539,0.0000,0.044400,0
1187,537.54,3,0.058972,0.0000,0.033300,0
1188,537.21,3,0.063734,0.0000,0.026000,0
1189,536.55,3,0.094110,0.0000,0.027400,0
1190,536.08,3,0.128874,0.0000,0.025100,0
1191,536.01,3,0.152941,0.0000,0.026500,0
1192,535.55,3,0.167924,0.0000,0.030700,0
1193,534.55,3,0.114968,0.0000,0.027500,0
1194,534.55,3,0.099016,0.0000,0.025700,0
1195,534.09,3,0.092021,0.0000,0.031000,0
1196,534.02,3,0.073740,0.0000,0.027900,0
1197,533.09,3,0.090592,0.0000,0.029100,0
1198,533.09,3,0.077839,0.0000,0.029700,0
1199,532.10,3,0.149623,0.0000,0.028800,0
1200,531.96,3,0.166248,0.0000,0.030100,0
1201,531.96,3,0.174557,0.0000,0.022900,0
1202,531.63,3,0.176728,0.0000,0.028800,0
1203,531.10,3,0.178276,0.0000,0.026800,0
1204,530.64,3,0.172777,0.0000,0.029000,0
1205,530.64,3,0.159468,0.0000,0.030300,0
1206,530.11,3,0.130941,0.0000,0.025300,0
1207,529.97,3,0.112137,0.0000,0.027600,0
1208,529.38,3,0.113462,0.0000,0.029300,0
1209,529.11,3,0.102176,0.0000,0.029000,0
1210,528.65,3,0.082725,0.0000,0.029400,0
1211,528.31,3,0.070845,0.0000,0.025700,0
1212,527.38,3,0.069284,0.0000,0.027200,0
1213,526.99,3,0.061944,0.0000,0.025200,0
1214,526.12,3,0.054714,0.0000,0.026700,0
1215,526.06,17,0.046980,0.0000,0.046300,0
1216,525.19,17,0.028835,0.0000,0.047000,0
1217,524.46,17,0.015973,0.0000,0.042400,0
1218,524.07,17,0.007994,0.0000,0.044700,0
1219,523.07,17,0.045727,0.0000,0.044500,0
1220,523.07,17,0.022186,0.0000,0.046900,0
1221,522.47,3,0.087394,0.0000,0.028200,0
1222,522.14,3,0.098870,0.0000,0.023900,0
1223,521.54,3,0.115939,0.0000,0.024000,0
1224,521.54,3,0.108523,0.0000,0.024100,0
1225,521.21,3,0.116887,0.0000,0.026300,0
1226,520.48,3,0.109608,0.0000,0.025700,0
1227,520.35,3,0.122978,0.0000,0.025700,0
1228,520.35,3,0.126932,0.0000,0.027000,0
1229,519.82,3,0.181469,0.0000,0.029600,0
1230,519.22,3,0.203922,0.0000,0.026900,0
1231,519.15,3,0.212382,0.0000,0.029300,0
1232,518.82,3,0.213012,0.0000,0.029700,0
1233,518.49,3,0.212539,0.0000,0.028900,0
1234,518.22,3,0.213150,0.0000,0.029300,0
1235,517.49,3,0.207775,0.0000,0.027900,0
1236,517.43,3,0.197035,0.0000,0.029100,0
1237,517.16,3,0.174569,0.0000,0.027700,0
1238,516.43,3,0.171167,0.0000,0.027800,0
1239,516.23,3,0.165304,0.0000,0.028700,0
1240,516.23,3,0.153431,0.0000,0.029400,0
1241,515.57,3,0.135791,0.0000,0.029000,0
1242,515.24,3,0.127335,0.0000,0.027100,0
1243,514.57,3,0.124880,0.0000,0.027700,0
1244,514.31,3,0.153083,0.0000,0.023200,0
1245,514.31,3,0.136608,0.0000,0.029000,0
1246,513.91,3,0.174876,0.0000,0.026500,0
1247,513.25,3,0.169916,0.0000,0.028500,0
1248,512.58,3,0.159639,0.0000,0.027700,0
1249,512.45,3,0.130935,0.0000,0.027500,0
1250,512.32,3,0.090755,0.0000,0.026400,0
1251,511.59,3,0.065897,0.0000,0.027100,0
1252,511.25,17,0.052162,0.0000,0.046600,0
1253,511.25,17,0.049940,0.0000,0.043500,0
1254,510.46,17,0.032410,0.0000,0.044700,0
1255,510.26,17,0.022109,0.0000,0.045100,0
1256,510.26,17,0.022488,0.0000,0.044700,0
1257,509.46,17,0.023375,0.0000,0.045500,0
1258,509.26,17,0.024612,0.0000,0.047000,0
1259,508.73,17,0.023451,0.0000,0.048100,0
1260,508.40,17,0.017858,0.0000,0.042000,0
1261,507.40,17,0.006043,0.0000,0.043900,0
1262,506.41,17,0.010427,0.0000,0.045600,0
1263,505.48,17,0.033600,0.0000,0.042000,0
1264,505.41,3,0.056330,0.0000,0.027800,0
1265,504.48,3,0.085616,0.0000,0.030700,0
1266,504.02,3,0.106779,0.0000,0.029200,0
1267,503.55,3,0.112399,0.0000,0.029800,0
1268,503.49,3,0.107061,0.0000,0.026000,0
1269,502.56,3,0.103380,0.0000,0.026700,0
1270,502.56,3,0.106510,0.0000,0.027400,0
1271,502.42,3,0.102228,0.0000,0.026700,0
1272,501.50,3,0.087843,0.0000,0.029000,0
1273,501.50,3,0.087507,0.0000,0.030200,0
1274,501.10,3,0.102478,0.0000,0.029800,0
1275,500.43,3,0.106991,0.0000,0.024200,0
1276,500.37,3,0.120551,0.0000,0.029000,0
1277,499.50,9,0.454275,0.2000,0.097100,0
1278,499.50,17,0.109374,0.0000,0.049900,0
1279,498.58,11,1.552603,0.0000,0.234000,0
1280,498.58,11,1.097717,0.0000,0.224200,0
1281,498.11,11,1.513636,0.0000,0.230000,0
1282,497.52,2,1.877335,0.2000,0.388800,0
1283,497.52,2,2.063738,0.4000,0.401400,0
1284,496.85,14,3.150381,0.2000,0.601800,0
1285,496.85,2,2.566127,0.2000,0.401200,0
1286,496.39,14,4.195221,0.8000,0.590900,0
1287,496.39,14,3.340854,0.6000,0.608400,0
1288,495.93,14,4.343921,1.0000,0.602500,0
1289,495.73,6,4.530449,0.6000,0.769300,0
1290,495.73,6,4.849300,0.6000,0.766300,0
1291,495.34,6,5.307845,0.8000,0.772200,0
1292,495.34,6,5.695806,0.8000,0.769300,0
1293,494.87,15,6.153372,1.0000,0.853400,0
1294,494.68,15,6.628454,0.6000,0.859300,0
1295,494.68,15,6.916400,0.6000,0.853900,0
1296,494.28,15,7.256063,1.0000,0.852000,0
1297,494.28,15,7.087364,1.0000,0.854800,0
1298,493.95,15,7.406968,0.8000,0.853100,0
1299,493.56,15,7.530581,0.8000,0.858600,0
1300,493.56,15,7.595803,0.8000,0.859300,0
1301,492.96,15,7.757329,1.0000,0.855900,0
1302,492.70,15,7.821269,1.0000,0.859300,0
1303,492.44,15,7.825963,0.8000,0.858500,0
1304,492.44,15,7.782545,1.0000,0.857700,0
1305,491.98,15,7.840131,0.8000,0.864000,0
1306,491.72,15,7.971109,0.8000,0.858700,0
1307,491.45,15,8.065026,0.8000,0.855000,0
1308,490.93,1,8.432955,0.8000,0.898500,0
1309,490.47,1,8.511867,1.0000,0.897000,0
1310,490.47,1,8.624733,1.0000,0.902700,0
1311,489.16,1,9.429162,1.0000,0.894900,0
1312,489.16,1,9.151451,1.0000,0.896400,0
1313,488.18,1,10.220202,1.0000,0.896500,0
1314,488.05,1,10.227704,0.8000,0.902300,0
1315,487.53,1,10.715892,1.0000,0.898800,0
1316,487.53,1,10.816446,0.8000,0.905000,0
1317,487.40,10,11.410654,0.8000,0.902000,0
1318,487.07,10,11.937937,1.0000,0.900500,0
1319,486.81,10,11.810225,1.0000,0.897800,0
1320,486.16,10,12.238238,1.0000,0.903500,0
1321,485.90,10,12.205058,1.0000,0.897300,0
1322,485.90,10,12.170528,1.0000,0.898300,0
1323,484.60,10,13.170729,1.0000,0.895400,0
1324,484.60,10,13.152579,1.0000,0.902000,0
1325,484.21,10,13.792871,1.0000,0.896700,0
1326,483.89,4,13.784648,1.0000,0.875600,0
1327,483.56,4,13.791891,1.0000,0.879400,0
1328,483.50,4,13.846770,1.0000,0.878700,0
1329,483.50,10,13.580777,1.0000,0.902600,0
1330,482.14,10,13.526377,1.0000,0.897000,0
1331,481.88,10,13.188661,1.0000,0.898500,0
1332,481.62,10,12.596505,1.0000,0.903200,0
1333,481.62,10,12.899355,1.0000,0.896500,0
1334,480.91,10,12.397212,1.0000,0.895700,0
1335,480.91,10,11.785793,1.0000,0.900700,0
1336,480.65,1,11.152514,1.0000,0.897700,0
1337,480.39,1,10.224581,1.0000,0.899000,0
1338,480.39,1,9.664419,0.8000,0.894400,0
1339,479.74,1,8.929726,1.0000,0.900800,0
1340,479.42,1,8.333844,1.0000,0.902700,0
1341,478.90,15,7.813433,0.8000,0.861900,0
1342,478.57,15,7.314685,1.0000,0.853100,0
1343,478.12,15,6.903977,1.0000,0.862500,0
1344,478.12,15,6.434127,1.0000,0.860800,0
1345,477.99,6,5.891039,0.8000,0.773800,0
1346,477.67,6,5.214183,1.0000,0.778000,0
1347,477.54,6,4.747330,0.6000,0.774800,0
1348,477.54,6,4.368278,0.6000,0.776500,0
1349,477.09,6,4.172034,0.4000,0.773800,0
1350,476.89,14,3.967227,0.2000,0.600200,0
1351,476.70,14,3.684036,0.6000,0.598000,0
1352,476.70,14,4.040765,0.4000,0.604500,0
1353,476.25,14,4.046626,0.8000,0.608500,0
1354,476.12,6,4.315996,0.4000,0.776000,0
1355,475.79,6,4.801697,1.0000,0.768500,0
1356,475.54,6,5.358270,0.8000,0.777200,0
1357,475.41,6,5.485595,1.0000,0.775700,0
1358,475.41,6,5.620808,0.8000,0.769000,0
1359,474.76,15,6.329094,1.0000,0.854500,0
1360,474.57,15,6.666067,0.8000,0.859400,0
1361,474.51,15,6.803623,0.8000,0.853100,0
1362,474.25,15,7.414116,1.0000,0.857500,0
1363,474.25,15,7.091680,0.8000,0.848300,0
1364,473.86,15,7.629064,1.0000,0.858800,0
1365,473.61,15,7.760613,1.0000,0.856500,0
1366,473.61,15,7.871149,1.0000,0.853400,0
1367,473.41,15,7.978350,0.8000,0.857000,0
1368,473.03,15,8.147837,1.0000,0.856000,0
1369,472.77,1,8.290807,1.0000,0.894800,0
1370,472.13,1,9.007032,1.0000,0.899200,0
1371,472.13,1,8.555852,1.0000,0.900700,0
1372,471.87,1,8.986713,0.8000,0.895300,0
1373,471.55,1,8.848710,1.0000,0.896300,0
1374,471.55,1,8.982882,1.0000,0.899300,0
1375,470.78,1,9.280293,1.0000,0.896200,0
1376,470.78,1,9.116705,1.0000,0.901200,0
1377,470.14,1,9.121903,1.0000,0.899900,0
1378,470.14,1,9.213322,1.0000,0.895900,0
1379,469.82,1,9.475574,1.0000,0.896000,0
1380,469.76,1,9.609569,1.0000,0.899300,0
1381,469.76,1,9.617359,1.0000,0.896100,0
1382,469.12,1,10.264605,1.0000,0.895400,0
1383,468.93,1,10.112340,0.8000,0.896500,0
1384,468.61,1,10.234799,1.0000,0.898400,0
1385,468.61,1,10.167017,1.0000,0.899800,0
1386,468.10,1,10.524547,1.0000,0.895400,0
1387,467.84,1,10.431684,1.0000,0.897100,0
1388,467.72,1,10.784613,0.8000,0.901800,0
1389,467.72,10,10.852448,1.0000,0.903900,0
1390,467.14,10,10.899204,1.0000,0.899900,0
1391,467.14,10,10.884933,1.0000,0.901600,0
1392,466.83,10,11.033002,1.0000,0.896700,0
1393,466.83,10,11.182475,1.0000,0.899200,0
1394,465.87,10,11.060847,1.0000,0.900100,0
1395,465.74,1,10.621096,1.0000,0.891400,0
1396,465.74,1,10.792165,0.8000,0.894200,0
1397,465.36,1,10.340339,0.8000,0.900900,0
1398,465.11,1,9.943397,1.0000,0.898300,0
1399,464.73,1,9.750669,0.8000,0.899100,0
1400,463.90,1,9.370682,1.0000,0.898300,0
1401,463.90,1,8.822994,1.0000,0.903300,0
1402,463.39,15,8.269215,1.0000,0.856200,0
1403,462.82,15,7.733505,1.0000,0.858800,0
1404,462.25,15,7.319992,1.0000,0.858100,0
1405,462.12,15,6.854632,1.0000,0.857400,0
1406,461.93,15,6.349941,1.0000,0.858900,0
1407,461.17,6,5.846962,0.8000,0.769300,0
1408,460.47,6,5.293905,1.0000,0.775100,0
1409,460.15,6,4.751042,0.4000,0.777400,0
1410,460.02,14,4.082288,0.6000,0.610500,0
1411,459.19,14,3.346876,0.8000,0.610500,0
1412,459.19,14,3.541394,0.6000,0.608200,0
1413,458.75,2,2.942777,0.4000,0.387500,0
1414,458.24,2,2.150377,0.0000,0.399700,0
1415,458.24,2,1.742969,0.2000,0.403500,0
1416,458.05,11,1.404457,0.0000,0.227600,0
1417,458.05,11,1.098703,0.0000,0.232400,0
1418,457.16,5,0.798066,0.0000,0.151600,0
1419,457.03,5,0.737482,0.0000,0.149700,0
1420,456.46,5,0.656552,0.0000,0.152300,0
1421,456.27,5,0.696020,0.0000,0.151400,0
1422,456.14,5,0.633254,0.0000,0.159000,0
1423,456.01,5,0.624325,0.0000,0.166500,0
1424,455.51,5,0.627165,0.2000,0.162400,0
1425,454.55,5,0.634408,0.0000,0.158500,0
1426,454.17,5,0.640010,0.0000,0.161600,0
1427,453.53,5,0.619834,0.0000,0.157400,0
1428,453.53,5,0.550848,0.0000,0.159200,0
1429,452.58,17,0.205851,0.0000,0.046200,0
1430,452.58,17,0.083269,0.0000,0.041600,0
1431,452.33,17,0.102955,0.0000,0.046500,0
1432,452.20,17,0.148476,0.0000,0.042700,0
1433,451.18,17,0.160672,0.0000,0.043400,0
1434,450.61,9,0.222014,0.2000,0.094200,0
1435,450.61,9,0.250323,0.0000,0.100300,0
1436,450.35,9,0.260600,0.0000,0.094700,0
1437,450.23,9,0.277361,0.0000,0.098500,0
1438,449.91,9,0.295615,0.0000,0.091200,0
1439,449.59,9,0.313756,0.0000,0.094400,0
1440,449.34,9,0.339542,0.0000,0.091700,0
1441,449.21,9,0.355483,0.0000,0.092800,0
1442,448.64,9,0.359520,0.0000,0.097200,0
1443,448.64,9,0.350813,0.0000,0.092700,0
1444,448.26,9,0.296211,0.0000,0.092600,0
1445,447.62,9,0.244583,0.0000,0.095100,0
1446,447.62,9,0.248587,0.0000,0.086900,0
1447,447.24,9,0.212238,0.0000,0.097500,0
1448,446.67,9,0.207449,0.0000,0.089200,0
1449,446.67,9,0.174811,0.0000,0.092100,0
1450,446.28,17,0.140147,0.0000,0.047600,0
1451,445.97,17,0.146050,0.0000,0.044700,0
1452,445.97,17,0.156238,0.0000,0.044700,0
1453,445.39,17,0.141506,0.0000,0.047000,0
1454,445.39,17,0.127770,0.0000,0.044200,0
1455,444.50,17,0.122912,0.0000,0.046600,0
1456,444.44,17,0.110904,0.0000,0.048100,0
1457,444.44,17,0.116707,0.0000,0.048000,0
1458,443.55,17,0.085047,0.0000,0.043200,0
1459,443.55,17,0.081554,0.0000,0.044000,0
1460,442.47,17,0.079461,0.0000,0.045000,0
1461,442.47,17,0.074039,0.0000,0.043500,0
1462,441.70,17,0.069107,0.0000,0.044200,0
1463,441.51,17,0.062225,0.0000,0.045300,0
1464,441.51,17,0.061840,0.0000,0.046300,0
1465,440.75,17,0.074435,0.0000,0.042400,0
1466,440.37,17,0.074089,0.0000,0.046300,0
1467,440.37,17,0.072008,0.0000,0.042700,0
1468,440.05,17,0.079737,0.0000,0.045800,0
1469,439.61,17,0.085016,0.0000,0.045700,0
1470,439.61,17,0.088879,0.0000,0.047900,0
1471,438.52,17,0.091684,0.0000,0.043600,0
1472,438.52,17,0.140458,0.0000,0.043000,0
1473,437.57,17,0.108756,0.0000,0.044000,0
1474,437.13,17,0.099299,0.0000,0.046600,0
1475,436.81,17,0.099501,0.0000,0.046500,0
1476,436.43,17,0.101371,0.0000,0.044700,0
1477,435.85,17,0.097582,0.0000,0.044500,0
1478,435.60,17,0.099019,0.0000,0.046200,0
1479,435.47,17,0.099932,0.0000,0.045100,0
1480,435.15,17,0.092908,0.0000,0.046300,0
1481,434.58,17,0.133369,0.0000,0.045300,0
1482,434.45,9,0.188708,0.0000,0.096900,0
1483,433.63,9,0.188316,0.0000,0.093200,0
1484,433.44,9,0.187389,0.0000,0.089400,0
1485,432.93,9,0.178408,0.0000,0.094900,0
1486,432.61,17,0.166888,0.0000,0.044000,0
1487,432.48,17,0.139744,0.0000,0.045600,0
1488,432.48,17,0.160122,0.0000,0.044900,0
1489,431.91,17,0.120909,0.0000,0.046900,0
1490,431.53,17,0.122250,0.0000,0.044500,0
1491,431.47,17,0.127320,0.0000,0.044100,0
1492,431.21,17,0.133766,0.0000,0.047900,0
1493,430.58,17,0.152426,0.0000,0.045000,0
1494,430.51,9,0.174637,0.0000,0.091700,0
1495,429.56,17,0.163525,0.0000,0.046500,0
1496,429.49,17,0.145167,0.0000,0.045900,0
1497,428.60,17,0.129696,0.0000,0.043200,0
1498,428.48,17,0.153327,0.0000,0.041000,0
1499,428.48,17,0.143520,0.0000,0.046100,0
1500,427.59,17,0.140623,0.0000,0.043400,0
1501,427.59,17,0.105326,0.0000,0.046000,0
1502,427.27,17,0.103144,0.0000,0.043800,0
1503,426.51,17,0.103063,0.0000,0.049400,0
1504,425.61,17,0.099590,0.0000,0.042400,0
1505,425.55,17,0.097390,0.0000,0.047300,0
1506,425.30,17,0.098020,0.0000,0.048400,0
1507,424.92,17,0.101108,0.0000,0.045300,0
1508,424.66,17,0.111918,0.0000,0.047000,0
1509,424.66,17,0.114043,0.0000,0.044200,0
1510,423.90,17,0.110035,0.0000,0.045800,0
1511,423.71,17,0.111176,0.0000,0.046400,0
1512,423.33,17,0.109667,0.0000,0.043400,0
1513,423.07,17,0.107289,0.0000,0.046100,0
1514,422.63,17,0.101727,0.0000,0.044700,0
1515,422.37,17,0.098828,0.0000,0.046600,0
1516,421.61,17,0.102034,0.0000,0.042000,0
1517,420.84,17,0.105587,0.0000,0.047700,0
1518,420.40,17,0.115394,0.0000,0.043100,0
1519,420.40,17,0.108760,0.0000,0.046600,0
1520,419.83,17,0.105330,0.0000,0.043600,0
1521,419.70,17,0.104529,0.0000,0.045100,0
1522,419.70,17,0.102974,0.0000,0.043900,0
1523,418.94,17,0.105278,0.0000,0.044100,0
1524,418.75,17,0.108639,0.0000,0.046300,0
1525,418.75,17,0.115729,0.0000,0.047600,0
1526,418.11,17,0.115560,0.0000,0.048500,0
1527,417.86,17,0.114066,0.0000,0.043800,0
1528,417.79,17,0.115579,0.0000,0.041700,0
1529,417.79,17,0.117286,0.0000,0.044600,0
1530,416.71,17,0.115336,0.0000,0.047500,0
1531,416.71,17,0.112951,0.0000,0.045000,0
1532,415.95,17,0.119823,0.0000,0.048100,0
1533,415.76,17,0.116238,0.0000,0.046000,0
1534,415.76,17,0.112195,0.0000,0.046900,0
1535,414.74,9,0.220566,0.0000,0.097900,0
1536,414.49,9,0.213916,0.0000,0.098200,0
1537,414.49,9,0.211883,0.0000,0.093800,0
1538,413.72,9,0.335662,0.0000,0.096100,0
1539,413.72,5,0.589895,0.0000,0.159400,0
1540,413.02,5,0.523185,0.0000,0.154500,0
1541,412.51,5,0.503127,0.0000,0.158700,0
1542,411.94,9,0.429867,0.0000,0.099100,0
1543,411.75,9,0.391426,0.0000,0.094100,0
1544,410.80,5,1.080235,0.0000,0.153700,0
1545,410.54,11,1.193187,0.0000,0.235900,0
1546,410.54,11,1.147206,0.0000,0.226400,0
1547,409.78,2,1.846656,0.2000,0.389500,0
1548,409.14,2,1.967768,0.0000,0.388300,0
1549,409.08,2,2.079759,0.0000,0.405600,0
1550,408.89,2,2.214353,0.2000,0.408300,0
1551,408.83,2,2.514767,1.0000,0.394800,0
1552,408.83,2,2.359385,0.4000,0.398300,0
1553,408.32,2,2.633128,0.4000,0.403900,0
1554,408.13,2,2.693245,0.8000,0.401300,0
1555,407.94,14,2.767037,0.6000,0.612900,0
1556,407.81,14,2.835724,0.2000,0.600400,0
1557,407.81,14,2.914911,0.8000,0.606000,0
1558,407.11,14,2.980657,0.8000,0.603800,0
1559,406.92,14,3.020751,0.6000,0.601800,0
1560,406.92,14,3.058698,0.8000,0.597600,0
1561,405.84,14,3.099140,0.8000,0.606700,0
1562,405.84,14,3.037466,0.4000,0.602000,0
1563,405.08,14,2.854623,0.2000,0.608300,0
1564,405.02,2,2.671741,0.8000,0.408800,0
1565,405.02,2,2.500698,0.6000,0.399700,0
1566,404.25,2,2.341672,0.2000,0.395800,0
1567,404.25,2,2.193224,0.4000,0.404800,0
1568,403.94,2,2.043211,0.2000,0.405500,0
1569,403.87,2,1.781293,0.2000,0.401100,0
1570,403.87,2,1.897991,0.0000,0.404800,0
1571,403.11,11,1.629234,0.2000,0.220400,0
1572,402.98,11,1.425047,0.0000,0.228200,0
1573,402.66,11,1.156849,0.0000,0.222200,0
1574,402.66,11,1.263203,0.0000,0.231600,0
1575,402.16,11,1.020324,0.0000,0.231200,0
1576,401.97,5,0.689426,0.0000,0.165100,0
1577,401.71,9,0.315516,0.0000,0.089400,0
1578,401.14,9,0.192090,0.0000,0.091900,0
1579,400.70,9,0.262296,0.0000,0.092200,0
1580,400.00,9,0.258797,0.0000,0.093900,0
1581,399.74,9,0.258815,0.0000,0.096900,0
1582,399.74,9,0.268090,0.0000,0.094400,0
1583,399.17,17,0.163702,0.0000,0.045100,0
1584,398.47,17,0.137576,0.0000,0.040200,0
1585,398.47,17,0.147786,0.0000,0.046900,0
1586,398.09,17,0.121551,0.0000,0.042900,0
1587,398.03,17,0.112725,0.0000,0.045000,0
1588,397.77,17,0.118447,0.0000,0.046200,0
1589,397.20,17,0.111575,0.0000,0.044100,0
1590,397.14,17,0.106604,0.0000,0.043600,0
1591,395.99,17,0.083840,0.0000,0.045200,0
1592,395.80,17,0.062760,0.0000,0.042900,0
1593,395.49,17,0.051217,0.0000,0.050000,0
1594,395.23,17,0.055001,0.0000,0.043500,0
1595,395.23,17,0.052956,0.0000,0.046400,0
1596,394.91,17,0.075399,0.0000,0.048500,0
1597,394.53,17,0.114458,0.0000,0.045400,0
1598,394.53,17,0.092325,0.0000,0.042100,0
1599,394.28,17,0.123628,0.0000,0.045500,0
1600,394.15,17,0.128400,0.0000,0.044300,0
1601,393.90,17,0.122249,0.0000,0.043300,0
1602,393.45,17,0.114043,0.0000,0.046800,0
1603,393.26,17,0.107827,0.0000,0.044600,0
1604,393.07,17,0.096409,0.0000,0.048500,0
1605,392.95,17,0.086485,0.0000,0.046200,0
1606,392.95,17,0.085078,0.0000,0.050300,0
1607,392.25,17,0.088228,0.0000,0.043100,0
1608,392.25,17,0.080487,0.0000,0.043700,0
1609,391.61,17,0.083623,0.0000,0.043300,0
1610,391.48,17,0.089148,0.0000,0.044400,0
1611,391.23,17,0.097617,0.0000,0.044400,0
1612,391.10,17,0.101782,0.0000,0.046700,0
1613,390.98,17,0.100251,0.0000,0.043900,0
1614,390.47,17,0.118599,0.0000,0.043000,0
1615,390.21,17,0.129085,0.0000,0.047700,0
1616,390.15,17,0.130300,0.0000,0.043800,0
1617,389.90,17,0.126026,0.0000,0.043700,0
1618,389.45,17,0.122029,0.0000,0.046800,0
1619,389.26,17,0.128292,0.0000,0.045400,0
1620,389.07,17,0.130618,0.0000,0.048900,0
1621,388.63,17,0.146565,0.0000,0.045800,0
1622,388.37,17,0.157936,0.0000,0.044800,0
1623,387.48,17,0.129613,0.0000,0.046500,0
1624,387.35,17,0.113582,0.0000,0.046100,0
1625,386.66,17,0.091642,0.0000,0.047000,0
1626,386.40,17,0.066514,0.0000,0.043900,0
1627,386.21,17,0.056768,0.0000,0.045700,0
1628,385.96,17,0.051496,0.0000,0.046800,0
1629,385.26,17,0.062057,0.0000,0.049300,0
1630,385.26,17,0.073405,0.0000,0.043200,0
1631,384.43,17,0.076181,0.0000,0.045100,0
1632,384.24,17,0.070819,0.0000,0.047700,0
1633,384.24,17,0.075878,0.0000,0.045600,0
1634,383.54,17,0.067148,0.0000,0.047500,0
1635,383.42,17,0.068679,0.0000,0.045400,0
1636,383.23,17,0.069463,0.0000,0.048400,0
1637,383.23,17,0.072074,0.0000,0.042600,0
1638,382.59,17,0.063869,0.0000,0.043300,0
1639,382.59,17,0.060496,0.0000,0.045300,0
1640,382.40,17,0.078772,0.0000,0.045300,0
1641,382.40,17,0.073641,0.0000,0.046900,0
1642,381.57,17,0.073547,0.0000,0.043000,0
1643,381.26,17,0.075938,0.0000,0.047300,0
1644,381.26,17,0.075537,0.0000,0.043400,0
1645,380.43,17,0.063960,0.0000,0.043500,0
1646,380.30,17,0.070490,0.0000,0.046200,0
1647,380.30,17,0.072906,0.0000,0.045100,0
1648,379.60,17,0.060396,0.0000,0.047100,0
1649,379.48,17,0.066654,0.0000,0.040500,0
1650,379.29,17,0.079792,0.0000,0.046200,0
1651,379.29,17,0.091703,0.0000,0.043900,0
1652,378.78,17,0.108264,0.0000,0.043300,0
1653,378.59,17,0.111178,0.0000,0.045400,0
1654,378.33,17,0.118260,0.0000,0.042100,0
1655,378.08,17,0.129673,0.0000,0.043500,0
1656,377.57,17,0.151073,0.0000,0.046200,0
1657,377.51,17,0.143340,0.0000,0.043200,0
1658,377.32,9,0.176265,0.0000,0.093900,0
1659,377.32,9,0.185268,0.0000,0.089700,0
1660,376.49,9,0.206299,0.0000,0.094800,0
1661,376.49,9,0.253645,0.0000,0.095300,0
1662,376.11,9,0.350561,0.0000,0.094300,0
1663,376.11,9,0.297281,0.0000,0.094400,0
1664,375.54,9,0.362605,0.0000,0.095000,0
1665,375.54,9,0.399696,0.0000,0.094900,0
1666,374.59,9,0.413601,0.0000,0.092700,0
1667,374.52,9,0.434568,0.0000,0.088900,0
1668,373.89,9,0.433787,0.0000,0.091800,0
1669,373.51,5,0.737120,0.0000,0.155400,0
1670,373.51,5,0.877161,0.0000,0.164200,0
1671,372.62,5,0.690725,0.0000,0.162000,0
1672,372.62,5,0.749030,0.0000,0.166300,0
1673,372.49,5,0.605833,0.2000,0.157100,0
1674,372.17,5,0.559262,0.0000,0.157700,0
1675,372.17,5,0.550618,0.0000,0.153600,0
1676,371.66,9,0.472538,0.0000,0.090800,0
1677,371.66,9,0.403560,0.0000,0.092400,0
1678,371.47,9,0.357557,0.0000,0.095400,0
1679,371.47,9,0.316996,0.0000,0.091400,0
1680,370.46,9,0.266866,0.0000,0.094600,0
1681,370.46,9,0.227281,0.0000,0.096200,0
1682,369.95,9,0.206837,0.0000,0.094900,0
1683,369.44,9,0.196313,0.0000,0.094900,0
1684,369.25,9,0.207699,0.0000,0.095500,0
1685,368.61,9,0.218178,0.0000,0.089400,0
1686,368.61,9,0.211516,0.0000,0.090300,0
1687,367.98,9,0.209843,0.0000,0.095000,0
1688,367.72,9,0.240760,0.0000,0.095400,0
1689,367.72,9,0.275806,0.0000,0.094800,0
1690,367.28,9,0.279626,0.0000,0.091900,0
1691,366.96,9,0.287373,0.0000,0.098200,0
1692,366.64,9,0.288239,0.0000,0.097900,0
1693,365.63,9,0.342031,0.0000,0.094700,0
1694,365.63,9,0.399007,0.0000,0.096600,0
1695,365.31,9,0.443048,0.0000,0.098200,0
1696,365.31,9,0.472389,0.0000,0.095200,0
1697,364.99,5,0.502793,0.0000,0.160700,0
1698,364.80,5,0.563387,0.0000,0.169500,0
1699,364.61,5,0.601672,0.0000,0.162100,0
1700,364.61,5,0.573574,0.0000,0.153900,0
1701,363.66,9,0.496214,0.0000,0.094000,0
1702,363.66,5,0.542785,0.0000,0.157800,0
1703,363.34,9,0.482688,0.0000,0.093900,0
1704,362.90,9,0.467321,0.0000,0.095500,0
1705,362.77,9,0.476099,0.0000,0.096900,0
1706,362.64,9,0.414785,0.0000,0.097600,0
1707,361.56,9,0.339497,0.0000,0.095100,0
1708,361.56,9,0.296337,0.2000,0.095600,0
1709,360.67,9,0.253247,0.0000,0.093300,0
1710,360.67,9,0.212904,0.0000,0.089600,0
1711,360.61,9,0.179622,0.0000,0.091100,0
1712,359.59,17,0.141292,0.0000,0.045300,0
1713,359.59,17,0.156220,0.0000,0.047200,0
1714,359.40,17,0.135588,0.0000,0.043600,0
1715,358.96,17,0.131845,0.0000,0.044500,0
1716,358.64,17,0.124830,0.0000,0.048300,0
1717,357.88,17,0.110694,0.0000,0.044500,0
1718,357.43,17,0.114392,0.0000,0.045600,0
1719,356.67,17,0.144540,0.0000,0.047100,0
1720,356.67,17,0.155312,0.0000,0.043700,0
1721,355.85,17,0.153772,0.0000,0.047000,0
1722,355.46,9,0.181516,0.0000,0.095200,0
1723,355.15,9,0.193758,0.0000,0.092400,0
1724,354.83,9,0.220516,0.0000,0.097000,0
1725,354.83,9,0.217570,0.0000,0.096900,0
1726,353.94,9,0.221678,0.0000,0.095200,0
1727,353.49,9,0.249759,0.0000,0.093600,0
1728,353.49,9,0.245018,0.0000,0.095600,0
1729,352.92,9,0.233604,0.0000,0.091800,0
1730,352.92,9,0.221185,0.0000,0.090400,0
1731,351.97,9,0.185916,0.0000,0.088800,0
1732,351.84,9,0.188403,0.0000,0.096000,0
1733,351.53,9,0.193809,0.2000,0.091900,0
1734,351.27,17,0.156462,0.0000,0.045700,0
1735,351.27,9,0.175586,0.0000,0.091400,0
1736,350.83,17,0.153780,0.0000,0.047900,0
1737,350.25,17,0.134086,0.0000,0.046700,0
1738,350.00,17,0.121784,0.0000,0.044000,0
1739,349.56,17,0.116057,0.0000,0.045100,0
1740,349.56,17,0.112218,0.0000,0.046700,0
1741,349.24,17,0.113119,0.0000,0.046400,0
1742,348.86,17,0.113299,0.0000,0.050000,0
1743,348.86,17,0.116791,0.0000,0.047600,0
1744,347.90,17,0.127839,0.0000,0.046900,0
1745,347.59,17,0.146526,0.0000,0.044000,0
1746,347.21,17,0.171225,0.0000,0.043900,0
1747,346.95,9,0.225049,0.0000,0.087400,0
1748,346.06,9,0.286729,0.0000,0.090600,0
1749,345.94,9,0.332532,0.0000,0.099000,0
1750,345.62,9,0.414833,0.0000,0.094200,0
1751,345.17,5,0.591144,0.0000,0.159500,0
1752,345.05,5,0.703568,0.0000,0.160700,0
1753,344.98,5,0.829520,0.0000,0.155800,0
1754,344.09,5,0.913604,0.0000,0.156400,0
1755,343.39,11,1.020412,0.0000,0.230000,0
1756,343.27,11,1.057182,0.0000,0.223100,0
1757,343.20,11,0.948080,0.0000,0.229800,0
1758,342.95,5,0.858914,0.2000,0.157300,0
1759,342.89,5,0.810685,0.0000,0.162100,0
1760,342.19,5,0.838442,0.0000,0.152100,0
1761,342.12,5,0.720350,0.0000,0.154800,0
1762,342.00,5,0.658982,0.0000,0.155800,0
1763,341.42,5,0.658789,0.0000,0.155500,0
1764,341.17,5,0.611301,0.0000,0.159600,0
1765,340.98,5,0.566716,0.0000,0.161100,0
1766,340.41,5,0.525615,0.2000,0.153200,0
1767,340.15,9,0.463701,0.0000,0.096400,0
1768,339.71,9,0.401892,0.2000,0.094500,0
1769,339.71,9,0.359974,0.0000,0.096600,0
1770,339.46,9,0.282742,0.0000,0.093000,0
1771,339.01,9,0.265071,0.0000,0.091100,0
1772,338.44,9,0.274387,0.0000,0.089800,0
1773,338.31,9,0.283408,0.0000,0.091400,0
1774,338.18,9,0.286707,0.0000,0.094900,0
1775,337.49,9,0.281912,0.0000,0.093800,0
1776,337.49,9,0.269124,0.0000,0.093300,0
1777,337.36,9,0.246827,0.0000,0.094100,0
1778,336.79,9,0.222229,0.0000,0.096800,0
1779,336.28,9,0.213682,0.0000,0.095200,0
1780,336.09,9,0.216401,0.0000,0.100800,0
1781,335.77,9,0.218865,0.0000,0.088400,0
1782,335.77,9,0.216940,0.0000,0.095400,0
1783,335.26,9,0.230823,0.0000,0.095100,0
1784,335.20,9,0.234658,0.0000,0.102000,0
1785,335.07,9,0.176856,0.0000,0.092500,0
1786,334.37,17,0.156468,0.0000,0.044300,0
1787,334.37,17,0.154249,0.0000,0.044300,0
1788,333.55,17,0.147224,0.0000,0.044500,0
1789,333.17,17,0.163450,0.0000,0.044100,0
1790,333.17,17,0.166156,0.0000,0.046400,0
1791,332.40,17,0.131920,0.0000,0.044800,0
1792,332.09,17,0.105825,0.0000,0.046000,0
1793,331.45,17,0.068598,0.0000,0.049900,0
1794,331.45,17,0.060655,0.0000,0.045800,0
1795,330.88,17,0.071220,0.0000,0.049100,0
1796,330.88,17,0.067477,0.0000,0.044300,0
1797,330.56,9,0.215323,0.0000,0.094700,0
1798,330.56,17,0.067504,0.0000,0.046900,0
1799,330.12,9,0.307372,0.0000,0.098100,0
1800,328.41,11,2.261991,0.0000,0.229500,0
1801,328.22,2,2.298607,0.2000,0.386800,0
1802,328.09,2,2.616581,0.0000,0.394800,0
1803,327.65,14,2.909571,0.4000,0.597600,0
1804,326.95,14,3.385821,0.8000,0.600300,0
1805,326.95,14,3.105816,0.6000,0.607600,0
1806,326.38,14,3.870154,0.8000,0.594900,0
1807,326.38,14,3.525096,0.4000,0.599900,0
1808,325.93,14,3.928321,0.8000,0.595300,0
1809,325.49,14,4.045051,0.8000,0.603200,0
1810,325.43,6,4.180224,0.8000,0.779000,0
1811,324.54,6,4.332584,0.6000,0.769200,0
1812,324.41,6,4.536013,1.0000,0.782700,0
1813,323.97,6,4.683260,0.8000,0.776500,0
1814,323.46,6,4.601262,0.8000,0.776200,0
1815,323.46,6,4.398527,0.8000,0.768200,0
1816,322.45,14,4.040220,0.2000,0.600500,0
1817,322.45,6,4.190770,0.4000,0.777500,0
1818,321.43,14,3.822569,0.6000,0.601200,0
1819,321.24,14,3.514217,1.0000,0.603600,0
1820,321.24,14,3.257517,1.0000,0.598800,0
1821,320.55,14,2.995004,1.0000,0.609900,0
1822,320.48,2,2.714124,0.6000,0.399700,0
1823,320.29,2,2.401381,0.4000,0.389000,0
1824,320.04,2,2.046655,0.0000,0.394100,0
1825,319.53,11,1.649211,0.0000,0.229000,0
1826,319.40,11,1.169785,0.0000,0.234300,0
1827,319.28,5,0.796563,0.0000,0.159100,0
1828,318.58,5,0.720042,0.0000,0.158200,0
1829,318.58,17,0.266436,0.0000,0.048200,0
1830,318.39,17,0.029678,0.0000,0.044200,0
1831,318.39,17,0.039712,0.0000,0.045300,0
1832,317.50,17,0.057841,0.0000,0.045300,0
1833,317.31,17,0.107818,0.0000,0.042100,0
1834,316.55,17,0.128081,0.0000,0.045500,0
1835,316.43,17,0.153841,0.2000,0.045400,0
1836,316.11,17,0.149467,0.0000,0.044700,0
1837,315.86,17,0.145062,0.0000,0.046700,0
1838,315.54,17,0.124999,0.0000,0.047400,0
1839,315.41,17,0.086559,0.0000,0.042100,0
1840,314.59,17,0.075501,0.0000,0.044600,0
1841,314.59,17,0.086750,0.0000,0.043500,0
1842,314.14,9,0.182089,0.0000,0.095400,0
1843,314.14,9,0.220714,0.0000,0.101800,0
1844,313.57,9,0.204663,0.0000,0.093700,0
1845,313.57,17,0.143291,0.0000,0.047300,0
1846,313.38,17,0.137024,0.0000,0.043300,0
1847,313.38,17,0.114105,0.0000,0.043600,0
1848,312.88,17,0.110348,0.0000,0.045300,0
1849,312.62,17,0.143271,0.0000,0.046100,0
1850,312.62,17,0.127683,0.0000,0.046900,0
1851,312.43,17,0.130394,0.0000,0.049100,0
1852,311.61,17,0.137651,0.0000,0.045000,0
1853,311.48,17,0.162431,0.0000,0.046800,0
1854,311.42,9,0.190019,0.0000,0.095100,0
1855,310.91,9,0.187945,0.0000,0.100700,0
1856,310.53,9,0.252689,0.0000,0.094200,0
1857,310.21,9,0.289290,0.0000,0.096200,0
1858,309.77,9,0.284024,0.2000,0.093700,0
1859,309.64,9,0.336927,0.0000,0.098000,0
1860,309.45,9,0.374946,0.0000,0.096000,0
1861,308.69,9,0.262784,0.0000,0.093600,0
1862,308.69,9,0.201544,0.0000,0.091100,0
1863,308.25,17,0.145837,0.0000,0.046900,0
1864,308.25,17,0.116656,0.0000,0.044800,0
1865,307.87,17,0.112259,0.0000,0.044200,0
1866,307.55,17,0.108934,0.0000,0.047700,0
1867,307.49,17,0.114110,0.0000,0.046100,0
1868,307.49,17,0.112545,0.0000,0.048400,0
1869,306.54,17,0.116439,0.0000,0.047600,0
1870,306.47,17,0.122295,0.0000,0.046100,0
1871,306.28,17,0.133088,0.0000,0.048000,0
1872,306.28,17,0.138633,0.0000,0.042900,0
1873,305.52,17,0.158274,0.0000,0.046300,0
1874,305.52,9,0.176896,0.0000,0.096400,0
1875,304.83,17,0.145079,0.0000,0.047500,0
1876,304.64,17,0.129797,0.0000,0.045700,0
1877,304.64,17,0.131785,0.0000,0.044100,0
1878,304.32,17,0.131940,0.0000,0.044000,0
1879,304.32,17,0.137706,0.0000,0.045200,0
1880,303.81,17,0.162102,0.0000,0.042500,0
1881,303.69,17,0.152301,0.0000,0.043700,0
1882,303.69,17,0.155390,0.0000,0.048200,0
1883,302.86,17,0.149245,0.0000,0.039900,0
1884,302.67,17,0.157805,0.0000,0.047800,0
1885,302.67,17,0.148374,0.0000,0.043200,0
1886,302.35,17,0.144959,0.0000,0.043100,0
1887,302.35,17,0.142379,0.0000,0.043600,0
1888,301.85,17,0.138181,0.0000,0.043100,0
1889,301.59,9,0.181787,0.0000,0.092500,0
1890,301.59,17,0.169299,0.0000,0.047400,0
1891,301.34,9,0.187096,0.0000,0.092100,0
1892,301.34,9,0.184676,0.0000,0.093800,0
1893,300.71,9,0.182224,0.0000,0.099100,0
1894,299.88,9,0.177983,0.0000,0.094100,0
1895,299.63,9,0.176881,0.0000,0.091400,0
1896,299.63,17,0.171922,0.0000,0.044600,0
1897,299.38,17,0.172415,0.0000,0.047200,0
1898,299.38,17,0.166062,0.0000,0.043100,0
1899,298.87,9,0.176563,0.0000,0.094200,0
1900,298.74,9,0.184479,0.0000,0.094600,0
1901,298.74,9,0.182543,0.0000,0.092300,0
1902,297.85,9,0.185017,0.0000,0.093400,0
1903,297.66,9,0.220349,0.0000,0.098800,0
1904,297.66,9,0.198820,0.0000,0.092500,0
1905,296.84,9,0.199416,0.0000,0.097300,0
1906,296.78,9,0.178137,0.0000,0.093700,0
1907,295.83,17,0.155948,0.0000,0.047600,0
1908,294.94,17,0.139867,0.0000,0.047800,0
1909,294.94,17,0.129507,0.0000,0.041600,0
1910,293.92,17,0.165816,0.0000,0.044300,0
1911,293.80,17,0.162036,0.0000,0.044200,0
1912,292.91,17,0.159975,0.0000,0.046100,0
1913,292.78,17,0.147179,0.0000,0.048100,0
1914,291.77,17,0.149256,0.0000,0.047500,0
1915,291.77,17,0.152238,0.0000,0.044000,0
1916,291.07,17,0.140779,0.0000,0.042200,0
1917,290.88,17,0.128056,0.0000,0.044100,0
1918,290.75,17,0.119534,0.2000,0.045800,0
1919,290.75,17,0.122828,0.0000,0.042700,0
1920,290.12,17,0.129721,0.0000,0.044700,0
1921,289.87,17,0.134991,0.0000,0.044800,0
1922,289.80,17,0.143774,0.0000,0.047400,0
1923,289.11,17,0.148014,0.0000,0.049200,0
1924,288.85,17,0.160176,0.0000,0.048600,0
1925,288.79,17,0.165966,0.0000,0.047100,0
1926,288.09,17,0.171555,0.0000,0.045800,0
1927,287.84,17,0.153896,0.0000,0.046500,0
1928,287.59,17,0.131714,0.0000,0.046000,0
1929,287.21,17,0.124367,0.0000,0.044700,0
1930,287.08,17,0.124956,0.0000,0.044600,0
1931,286.82,17,0.137137,0.0000,0.044300,0
1932,285.62,17,0.142799,0.0000,0.049300,0
1933,285.62,9,0.180024,0.0000,0.092500,0
1934,285.18,9,0.222759,0.0000,0.096800,0
1935,285.18,9,0.201899,0.0000,0.095000,0
1936,284.92,9,0.226217,0.0000,0.090600,0
1937,284.48,9,0.232318,0.0000,0.089900,0
1938,284.29,9,0.231574,0.0000,0.092600,0
1939,284.10,9,0.229446,0.0000,0.090900,0
1940,283.91,9,0.402213,0.0000,0.100500,0
1941,283.66,5,0.703058,0.0000,0.158500,0
1942,283.02,5,0.726745,0.0000,0.157200,0
1943,283.02,5,0.775509,0.0000,0.160400,0
1944,282.20,5,0.826185,0.0000,0.153800,0
1945,282.20,5,0.897914,0.0000,0.156400,0
1946,281.69,11,0.977929,0.2000,0.221000,0
1947,281.18,11,0.939640,0.0000,0.232100,0
1948,281.12,11,0.974346,0.0000,0.227100,0
1949,280.99,11,1.039145,0.0000,0.226600,0
1950,280.99,11,1.089400,0.0000,0.222800,0
1951,280.17,11,1.192483,0.0000,0.235600,0
1952,279.73,11,1.162217,0.0000,0.228000,0
1953,279.41,11,1.122644,0.0000,0.222400,0
1954,279.16,11,1.205492,0.0000,0.230800,0
1955,279.16,11,1.164932,0.0000,0.232300,0
1956,278.46,11,1.228457,0.0000,0.220400,0
1957,278.20,11,1.230079,0.0000,0.225600,0
1958,278.08,11,1.237553,0.4000,0.227100,0
1959,278.08,11,1.242092,0.0000,0.238100,0
1960,277.76,11,1.226217,0.0000,0.219500,0
1961,277.44,11,1.189550,0.0000,0.229400,0
1962,277.19,11,1.150691,0.0000,0.225400,0
1963,277.19,11,1.101554,0.2000,0.228700,0
1964,276.49,11,1.109299,0.0000,0.230800,0
1965,276.43,11,1.168235,0.0000,0.223100,0
1966,276.37,11,1.205888,0.0000,0.228700,0
1967,276.37,11,1.231168,0.0000,0.224100,0
1968,275.48,11,1.454801,0.0000,0.233400,0
1969,275.48,11,1.370862,0.2000,0.234700,0
1970,275.23,11,1.465216,0.0000,0.230200,0
1971,275.23,11,1.485425,0.0000,0.230600,0
1972,274.78,11,1.520053,0.2000,0.223700,0
1973,274.53,11,1.539929,0.2000,0.226100,0
1974,274.28,11,1.565146,0.0000,0.234900,0
1975,273.51,11,1.605646,0.2000,0.225300,0
1976,273.51,2,1.639943,0.2000,0.395000,0
1977,273.26,2,1.669822,0.2000,0.397800,0
1978,272.56,2,1.705395,0.2000,0.399400,0
1979,272.18,2,1.732366,0.0000,0.403900,0
1980,272.18,2,1.751746,0.0000,0.403700,0
1981,271.42,2,1.777444,0.2000,0.394200,0
1982,271.17,2,1.801553,0.2000,0.403400,0
1983,271.17,2,1.795250,0.6000,0.401200,0
1984,270.41,2,1.818201,0.2000,0.407100,0
1985,270.35,2,1.843300,0.2000,0.396500,0
1986,270.35,2,1.836238,0.2000,0.398800,0
1987,269.59,2,1.856006,0.0000,0.398400,0
1988,269.21,2,1.877882,0.2000,0.390400,0
1989,269.21,2,1.872169,0.2000,0.396600,0
1990,268.45,2,1.870305,0.2000,0.396400,0
1991,268.38,2,1.857876,0.0000,0.400400,0
1992,267.62,2,1.859288,0.0000,0.398700,0
1993,267.62,2,1.861135,0.2000,0.399200,0
1994,267.18,11,1.552520,0.2000,0.230600,0
1995,267.12,11,1.415727,0.0000,0.233300,0
1996,267.12,11,1.374521,0.0000,0.230900,0
1997,266.67,11,1.329310,0.0000,0.229100,0
1998,266.67,11,1.340831,0.0000,0.226100,0
1999,266.36,11,1.315072,0.0000,0.228900,0
2000,266.10,11,1.286957,0.0000,0.229300,0
2001,266.10,11,1.249910,0.0000,0.226300,0
2002,265.47,11,1.212459,0.0000,0.223500,0
2003,265.40,11,1.185519,0.2000,0.229800,0
2004,265.40,11,1.159217,0.0000,0.233200,0
2005,264.52,11,1.128602,0.0000,0.236800,0
2006,264.45,11,1.099431,0.0000,0.234700,0
2007,264.39,11,1.030039,0.0000,0.232800,0
2008,264.39,11,1.064425,0.0000,0.217300,0
2009,263.50,11,0.988419,0.0000,0.234400,0
2010,263.50,11,1.002576,0.0000,0.227700,0
2011,263.00,11,0.971855,0.0000,0.226900,0
2012,262.49,11,1.002216,0.0000,0.234500,0
2013,262.43,11,1.033086,0.0000,0.222800,0
2014,261.47,11,1.043932,0.0000,0.231400,0
2015,260.78,11,1.049060,0.2000,0.231400,0
2016,260.46,11,1.053022,0.0000,0.229700,0
2017,260.40,11,1.047303,0.0000,0.233200,0
2018,259.51,11,1.043569,0.0000,0.226000,0
2019,259.51,11,1.036064,0.0000,0.233300,0
2020,259.07,11,1.007780,0.0000,0.230200,0
2021,258.50,5,0.876246,0.0000,0.155600,0
2022,258.50,11,0.968256,0.0000,0.228500,0
2023,258.43,5,0.688721,0.0000,0.165100,0
2024,257.54,5,0.563786,0.0000,0.167200,0
2025,257.54,9,0.475321,0.0000,0.092100,0
2026,257.10,9,0.268223,0.0000,0.091400,0
2027,256.85,9,0.237800,0.0000,0.091800,0
2028,256.53,9,0.246580,0.0000,0.093700,0
2029,256.53,9,0.279099,0.0000,0.089400,0
2030,255.52,9,0.401884,0.0000,0.098500,0
2031,255.52,9,0.327783,0.0000,0.094400,0
2032,254.82,9,0.474799,0.0000,0.094800,0
2033,254.57,5,0.534293,0.0000,0.149100,0
2034,254.50,5,0.612137,0.0000,0.156700,0
2035,253.87,5,0.658696,0.0000,0.154600,0
2036,253.55,5,0.697051,0.0000,0.151200,0
2037,253.55,5,0.699615,0.0000,0.155600,0
2038,253.17,5,0.716837,0.0000,0.151600,0
2039,253.17,5,0.734954,0.0000,0.155100,0
2040,252.47,5,0.741462,0.0000,0.157700,0
2041,252.47,5,0.827824,0.0000,0.163000,0
2042,251.90,5,0.871301,0.0000,0.153900,0
2043,251.65,5,0.823144,0.0000,0.149100,0
2044,251.65,5,0.850103,0.0000,0.153200,0
2045,250.89,5,0.781457,0.0000,0.155300,0
2046,250.51,5,0.723429,0.0000,0.158300,0
2047,250.51,5,0.643253,0.0000,0.153600,0
2048,250.19,5,0.650638,0.0000,0.153100,0
2049,249.87,5,0.642724,0.0000,0.160500,0
2050,249.56,5,0.780832,0.2000,0.155100,0
2051,249.56,5,0.801687,0.0000,0.158300,0
2052,249.24,5,0.719058,0.0000,0.156700,0
2053,249.24,5,0.750675,0.0000,0.163800,0
2054,248.54,5,0.715019,0.2000,0.153000,0
2055,248.23,5,0.782643,0.2000,0.152900,0
2056,248.23,5,0.735277,0.0000,0.153100,0
2057,247.97,5,0.878310,0.0000,0.159500,0
2058,247.59,5,0.860204,0.2000,0.157300,0
2059,247.59,5,0.859163,0.0000,0.165000,0
2060,246.90,5,0.819557,0.0000,0.156600,0
2061,246.58,5,0.834142,0.0000,0.161500,0
2062,246.58,5,0.815406,0.0000,0.158200,0
2063,246.26,5,0.845905,0.0000,0.158300,0
2064,245.82,5,0.834197,0.0000,0.157900,0
2065,245.69,5,0.832284,0.0000,0.160200,0
2066,245.69,5,0.824120,0.0000,0.159100,0
2067,244.68,5,0.841522,0.0000,0.154000,0
2068,244.68,5,0.845302,0.0000,0.163600,0
2069,244.30,5,0.865395,0.0000,0.153200,0
2070,244.30,11,0.954446,0.0000,0.230300,0
2071,243.66,11,1.028719,0.0000,0.229600,0
2072,243.66,5,0.910721,0.0000,0.161600,0
2073,242.84,5,0.695036,0.0000,0.158800,0
2074,242.65,5,0.625288,0.0000,0.151900,0
2075,242.65,5,0.641691,0.0000,0.153100,0
2076,242.08,5,0.655959,0.0000,0.162700,0
2077,241.70,5,0.830673,0.0000,0.157100,0
2078,241.70,5,0.757972,0.0000,0.160400,0
2079,240.81,5,0.721481,0.2000,0.157100,0
2080,240.68,5,0.604587,0.0000,0.161100,0
2081,240.05,9,0.474983,0.0000,0.093700,0
2082,240.05,9,0.387144,0.0000,0.091700,0
2083,239.86,9,0.262779,0.0000,0.096000,0
2084,239.73,9,0.222411,0.0000,0.088100,0
2085,239.10,9,0.215889,0.0000,0.097500,0
2086,238.85,9,0.199864,0.0000,0.095500,0
2087,238.72,17,0.167226,0.0000,0.048400,0
2088,238.40,9,0.182237,0.0000,0.097700,0
2089,238.40,9,0.193092,0.0000,0.091700,0
2090,237.83,9,0.177063,0.0000,0.099400,0
2091,237.71,17,0.155365,0.2000,0.045200,0
2092,237.13,17,0.144199,0.0000,0.041000,0
2093,236.88,17,0.140701,0.0000,0.042900,0
2094,236.88,17,0.137575,0.0000,0.044500,0
2095,236.12,9,0.177461,0.0000,0.097800,0
2096,235.87,17,0.158555,0.0000,0.048600,0
2097,235.74,17,0.158261,0.0000,0.044000,0
2098,235.74,17,0.155518,0.0000,0.045200,0
2099,234.47,9,0.199534,0.0000,0.094600,0
2100,234.47,9,0.178302,0.0000,0.095300,0
2101,233.90,9,0.206789,0.0000,0.094900,0
2102,233.78,9,0.219839,0.0000,0.098200,0
2103,232.95,17,0.154414,0.0000,0.045500,0
2104,232.51,17,0.159482,0.0000,0.044800,0
2105,232.51,17,0.150659,0.0000,0.043700,0
2106,231.87,17,0.161354,0.0000,0.042400,0
2107,231.18,17,0.140582,0.0000,0.045200,0
2108,231.05,17,0.126695,0.0000,0.048200,0
2109,230.99,17,0.081642,0.0000,0.046800,0
2110,230.54,17,0.065414,0.0000,0.044600,0
2111,230.54,17,0.079052,0.0000,0.044000,0
2112,230.23,17,0.069098,0.0000,0.046800,0
2113,229.85,17,0.048238,0.0000,0.047400,0
2114,229.85,17,0.054694,0.0000,0.042800,0
2115,229.08,17,0.059881,0.0000,0.044900,0
2116,228.89,17,0.092918,0.2000,0.048300,0
2117,228.58,17,0.104787,0.0000,0.047000,0
2118,228.58,17,0.109119,0.0000,0.043800,0
2119,228.13,17,0.101823,0.0000,0.043400,0
2120,228.01,17,0.097965,0.0000,0.048200,0
2121,228.01,17,0.096470,0.0000,0.049400,0
2122,227.06,17,0.088420,0.0000,0.044100,0
2123,227.06,17,0.076059,0.0000,0.045800,0
2124,226.61,17,0.023916,0.0000,0.047800,0
2125,226.61,17,0.061402,0.0000,0.044300,0
2126,226.11,17,0.011548,0.0000,0.047600,0
2127,226.04,17,0.003808,0.0000,0.046800,0
2128,225.60,17,0.001311,0.0000,0.045500,0
2129,225.60,17,0.001972,0.0000,0.050000,0
2130,225.09,17,0.005289,0.0000,0.045100,0
2131,224.96,17,0.008444,0.0000,0.045000,0
2132,224.65,17,0.017047,0.0000,0.047500,0
2133,224.20,17,0.017290,0.0000,0.044400,0
2134,224.08,17,0.027984,0.0000,0.046000,0
2135,224.08,17,0.034249,0.0000,0.041900,0
2136,223.63,17,0.105262,0.0000,0.041000,0
2137,223.63,17,0.118133,0.0000,0.049600,0
2138,223.13,17,0.129596,0.0000,0.045900,0
2139,223.00,17,0.142833,0.0000,0.045300,0
2140,222.68,9,0.173756,0.0000,0.096900,0
2141,222.68,9,0.209547,0.0000,0.098700,0
2142,222.18,9,0.258378,0.0000,0.095100,0
2143,222.18,9,0.304103,0.0000,0.092900,0
2144,222.11,9,0.402139,0.0000,0.099400,0
2145,221.99,9,0.474320,0.0000,0.094400,0
2146,221.99,9,0.437317,0.0000,0.092000,0
2147,221.16,5,0.554495,0.0000,0.153800,0
2148,221.03,5,0.680813,0.0000,0.155400,0
2149,220.27,5,0.778304,0.0000,0.158300,0
2150,220.27,5,0.843034,0.0000,0.152800,0
2151,220.02,5,0.850669,0.0000,0.157900,0
2152,219.70,5,0.844401,0.0000,0.160600,0
2153,219.70,5,0.841088,0.0000,0.162400,0
2154,219.13,5,0.820125,0.0000,0.153800,0
2155,219.13,5,0.830475,0.0000,0.150000,0
2156,218.12,5,0.816657,0.0000,0.161200,0
2157,218.12,5,0.827010,0.0000,0.155100,0
2158,217.49,5,0.801769,0.0000,0.151200,0
2159,217.49,5,0.787374,0.2000,0.162900,0
2160,217.10,5,0.797051,0.0000,0.157000,0
2161,216.47,5,0.778853,0.0000,0.159200,0
2162,216.22,5,0.770344,0.0000,0.155400,0
2163,216.09,5,0.808517,0.0000,0.151700,0
2164,215.52,5,0.786983,0.0000,0.158700,0
2165,215.52,5,0.921690,0.0000,0.150900,0
2166,215.27,11,0.950291,0.0000,0.234200,0
2167,215.27,5,0.932360,0.0000,0.158000,0
2168,214.51,11,0.959724,0.2000,0.232900,0
2169,214.51,11,0.939879,0.0000,0.227500,0
2170,214.25,5,0.849440,0.0000,0.157900,0
2171,214.25,5,0.757078,0.0000,0.162800,0
2172,213.81,5,0.791813,0.0000,0.159400,0
2173,213.49,5,0.767640,0.0000,0.156800,0
2174,213.18,5,0.677677,0.0000,0.159600,0
2175,213.11,5,0.583949,0.0000,0.161300,0
2176,212.54,9,0.436329,0.0000,0.095400,0
2177,212.29,9,0.365869,0.0000,0.092800,0
2178,212.29,9,0.291140,0.0000,0.096400,0
2179,211.84,9,0.207975,0.0000,0.102100,0
2180,211.59,17,0.121809,0.0000,0.045400,0
2181,211.40,17,0.119583,0.0000,0.045400,0
2182,211.15,17,0.133451,0.0000,0.047000,0
2183,210.58,9,0.192918,0.0000,0.097600,0
2184,210.58,17,0.162913,0.0000,0.041300,0
2185,210.32,9,0.237873,0.0000,0.095800,0
2186,209.50,9,0.263562,0.0000,0.094800,0
2187,209.44,9,0.287012,0.0000,0.095400,0
2188,209.18,9,0.296988,0.0000,0.090600,0
2189,208.48,9,0.316393,0.0000,0.092300,0
2190,208.29,9,0.477087,0.2000,0.091000,0
2191,208.29,9,0.400374,0.0000,0.097000,0
2192,207.91,5,0.516338,0.0000,0.154100,0
2193,207.47,5,0.504780,0.0000,0.163000,0
2194,207.41,5,0.542192,0.0000,0.152400,0
2195,207.22,5,0.680111,0.2000,0.163900,0
2196,207.22,5,0.771615,0.0000,0.162100,0
2197,206.46,5,0.810297,0.0000,0.160400,0
2198,206.46,5,0.742271,0.0000,0.150500,0
2199,206.39,5,0.652392,0.0000,0.163400,0
2200,206.39,5,0.650169,0.0000,0.157100,0
2201,205.63,5,0.663919,0.0000,0.155900,0
2202,205.63,5,0.599089,0.0000,0.156100,0
2203,205.32,5,0.630951,0.0000,0.160000,0
2204,204.62,5,0.640400,0.0000,0.153400,0
2205,204.62,5,0.670696,0.0000,0.156500,0
2206,204.36,5,0.559118,0.0000,0.158200,0
2207,203.54,5,0.527739,0.0000,0.155900,0
2208,203.35,5,0.681757,0.0000,0.157300,0
2209,203.35,5,0.600108,0.0000,0.160200,0
2210,202.34,5,0.601510,0.0000,0.156200,0
2211,202.34,5,0.636976,0.0000,0.157200,0
2212,202.02,5,0.628648,0.0000,0.166100,0
2213,201.45,5,0.605663,0.0000,0.160100,0
2214,201.45,5,0.586178,0.0000,0.152800,0
2215,201.39,5,0.559529,0.0000,0.160200,0
2216,201.01,5,0.530762,0.0000,0.157000,0
2217,200.50,9,0.483643,0.0000,0.094000,0
2218,200.50,9,0.449155,0.0000,0.095900,0
2219,200.43,9,0.411162,0.0000,0.092800,0
2220,199.80,9,0.377971,0.0000,0.096400,0
2221,199.48,9,0.369155,0.0000,0.094000,0
2222,199.48,9,0.366090,0.0000,0.093200,0
2223,199.36,9,0.413268,0.0000,0.099200,0
2224,199.36,9,0.456808,0.0000,0.095600,0
2225,198.47,9,0.416334,0.2000,0.092800,0
2226,198.47,9,0.372407,0.0000,0.092700,0
2227,197.77,9,0.380290,0.0000,0.094500,0
2228,197.52,9,0.419558,0.0000,0.090600,0
2229,197.52,9,0.399502,0.0000,0.091300,0
2230,197.46,9,0.410997,0.0000,0.102500,0
2231,197.46,9,0.435801,0.2000,0.094000,0
2232,196.82,9,0.383930,0.0000,0.099500,0
2233,196.50,9,0.381582,0.0000,0.093500,0
2234,196.50,9,0.370032,0.0000,0.096600,0
2235,195.55,9,0.432628,0.0000,0.095400,0
2236,195.49,9,0.420528,0.0000,0.094500,0
2237,194.86,9,0.465583,0.0000,0.095400,0
2238,194.54,9,0.494608,0.0000,0.097100,0
2239,193.84,5,0.570184,0.0000,0.160800,0
2240,193.59,5,0.541721,0.0000,0.163400,0
2241,193.59,5,0.514875,0.0000,0.162200,0
2242,193.15,9,0.392160,0.0000,0.087100,0
2243,192.89,9,0.413958,0.0000,0.095500,0
2244,192.57,9,0.454888,0.2000,0.095700,0
2245,191.81,5,0.512871,0.0000,0.159000,0
2246,191.56,5,0.554249,0.0000,0.164300,0
2247,191.56,5,0.567259,0.0000,0.160900,0
2248,191.18,5,0.587594,0.0000,0.161900,0
2249,190.48,5,0.589300,0.0000,0.155100,0
2250,190.48,5,0.611841,0.0000,0.157000,0
2251,189.91,5,0.555382,0.0000,0.153900,0
2252,189.60,9,0.492157,0.0000,0.089800,0
2253,189.22,9,0.463847,0.0000,0.093200,0
2254,189.22,9,0.474872,0.0000,0.094600,0
2255,188.84,9,0.435271,0.0000,0.093500,0
2256,188.58,9,0.464027,0.0000,0.092700,0
2257,188.58,9,0.491730,0.0000,0.089200,0
2258,187.76,9,0.486895,0.0000,0.094300,0
2259,187.63,9,0.452268,0.0000,0.095500,0
2260,187.63,9,0.446734,0.0000,0.091500,0
2261,186.68,9,0.445087,0.0000,0.093800,0
2262,186.68,5,0.510578,0.0000,0.158400,0
2263,185.86,5,0.566640,0.0000,0.158500,0
2264,185.60,5,0.644471,0.0000,0.158000,0
2265,185.29,5,0.634028,0.0000,0.161100,0
2266,185.29,5,0.597575,0.0000,0.151000,0
2267,184.72,9,0.495423,0.0000,0.092000,0
2268,183.76,9,0.492229,0.0000,0.093500,0
2269,183.70,9,0.422571,0.0000,0.095700,0
2270,182.81,9,0.339834,0.0000,0.096900,0
2271,182.69,9,0.228698,0.0000,0.094700,0
2272,181.80,17,0.168397,0.0000,0.045600,0
2273,181.74,17,0.147655,0.0000,0.048600,0
2274,180.79,17,0.158018,0.0000,0.041900,0
2275,180.72,17,0.148204,0.0000,0.045800,0
2276,180.09,17,0.167510,0.0000,0.045100,0
2277,179.83,17,0.157234,0.0000,0.046000,0
2278,179.71,17,0.147698,0.0000,0.042800,0
2279,179.39,17,0.139558,0.0000,0.045600,0
2280,179.14,17,0.129597,0.0000,0.044400,0
2281,178.76,17,0.133957,0.0000,0.041300,0
2282,178.76,17,0.138203,0.0000,0.048000,0
2283,177.81,17,0.163284,0.0000,0.047200,0
2284,177.43,9,0.191758,0.0000,0.094200,0
2285,177.43,9,0.236773,0.0000,0.091800,0
2286,176.86,9,0.291067,0.0000,0.096800,0
2287,176.73,9,0.408991,0.0000,0.090800,0
2288,176.73,9,0.331522,0.0000,0.091900,0
2289,176.16,9,0.404840,0.0000,0.093400,0
2290,175.90,9,0.404551,0.2000,0.093300,0
2291,175.46,9,0.429909,0.0000,0.093600,0
2292,174.89,9,0.419775,0.0000,0.096200,0
2293,174.89,9,0.481073,0.0000,0.091000,0
2294,173.81,5,0.645537,0.0000,0.161300,0
2295,173.50,5,0.641938,0.0000,0.159300,0
2296,173.50,5,0.649802,0.0000,0.160300,0
2297,173.18,5,0.583178,0.0000,0.153300,0
2298,173.18,5,0.541821,0.0000,0.160200,0
2299,172.48,5,0.501033,0.2000,0.156900,0
2300,172.48,5,0.514849,0.0000,0.160800,0
2301,171.85,5,0.516127,0.0000,0.158600,0
2302,171.53,5,0.595129,0.0000,0.158600,0
2303,171.28,5,0.593698,0.0000,0.162700,0
2304,171.15,5,0.595020,0.0000,0.154400,0
2305,170.52,5,0.585955,0.0000,0.155400,0
2306,170.20,5,0.553799,0.0000,0.163600,0
2307,170.14,5,0.571987,0.0000,0.162000,0
2308,169.88,5,0.578359,0.0000,0.160100,0
2309,169.88,5,0.581826,0.0000,0.156800,0
2310,169.19,5,0.565718,0.0000,0.163900,0
2311,168.55,5,0.609282,0.0000,0.158000,0
2312,168.30,5,0.672003,0.0000,0.161200,0
2313,168.11,5,0.695129,0.0000,0.154300,0
2314,167.98,5,0.716737,0.0000,0.158000,0
2315,167.28,5,0.686742,0.0000,0.163100,0
2316,167.09,5,0.578236,0.0000,0.153000,0
2317,166.59,5,0.506325,0.0000,0.154500,0
2318,166.59,5,0.539815,0.0000,0.153700,0
2319,166.08,5,0.514994,0.0000,0.164200,0
2320,166.02,9,0.447575,0.0000,0.095700,0
2321,166.02,9,0.491141,0.0000,0.093700,0
2322,165.07,9,0.377606,0.0000,0.097900,0
2323,164.94,9,0.355484,0.0000,0.095400,0
2324,164.62,9,0.291637,0.2000,0.094800,0
2325,164.62,9,0.283355,0.0000,0.095400,0
2326,164.24,9,0.286196,0.0000,0.098100,0
2327,164.18,9,0.263468,0.0000,0.094100,0
2328,163.92,9,0.246149,0.0000,0.098900,0
2329,163.29,9,0.299440,0.0000,0.091800,0
2330,163.10,9,0.319861,0.0000,0.092600,0
2331,162.97,9,0.327263,0.0000,0.098500,0
2332,162.66,9,0.344765,0.0000,0.092800,0
2333,162.66,9,0.480085,0.0000,0.089100,0
2334,162.15,9,0.455910,0.2000,0.095500,0
2335,162.09,5,0.501838,0.0000,0.157400,0
2336,162.09,5,0.499793,0.0000,0.159600,0
2337,161.14,9,0.471893,0.0000,0.092300,0
2338,161.07,9,0.457238,0.0000,0.099000,0
2339,161.07,9,0.450729,0.0000,0.090500,0
2340,160.12,9,0.396388,0.0000,0.098700,0
2341,160.12,9,0.402955,0.2000,0.090200,0
2342,159.42,9,0.378908,0.0000,0.095200,0
2343,159.17,9,0.388045,0.0000,0.096000,0
2344,159.11,9,0.384411,0.2000,0.095200,0
2345,158.73,9,0.380866,0.0000,0.092400,0
2346,158.73,9,0.378689,0.0000,0.096700,0
2347,158.03,9,0.409689,0.0000,0.091900,0
2348,158.03,9,0.448609,0.0000,0.088400,0
2349,157.21,5,0.512568,0.0000,0.167500,0
2350,157.21,9,0.484382,0.0000,0.096100,0
2351,157.08,9,0.485996,0.0000,0.090700,0
2352,156.45,9,0.276238,0.0000,0.092500,0
2353,156.19,17,0.129285,0.0000,0.043600,0
2354,156.19,17,0.077883,0.0000,0.049300,0
2355,155.49,17,0.077338,0.0000,0.046900,0
2356,155.49,17,0.083199,0.0000,0.046500,0
2357,154.80,17,0.090140,0.0000,0.045700,0
2358,154.48,17,0.102177,0.0000,0.044600,0
2359,154.48,17,0.094867,0.0000,0.047400,0
2360,154.23,17,0.087750,0.0000,0.042700,0
2361,154.23,17,0.087459,0.0000,0.045100,0
2362,153.53,17,0.087150,0.0000,0.043100,0
2363,153.53,17,0.109733,0.0000,0.041700,0
2364,153.28,17,0.099270,0.0000,0.045200,0
2365,153.28,17,0.104992,0.0000,0.045600,0
2366,152.83,17,0.103221,0.0000,0.042900,0
2367,152.83,17,0.117567,0.0000,0.045600,0
2368,152.26,17,0.126900,0.0000,0.043700,0
2369,152.26,17,0.136510,0.0000,0.048000,0
2370,151.56,17,0.142427,0.0000,0.045800,0
2371,151.25,17,0.142905,0.0000,0.046300,0
2372,151.25,17,0.142615,0.0000,0.044300,0
2373,150.42,17,0.140679,0.0000,0.046700,0
2374,150.30,17,0.141036,0.0000,0.043900,0
2375,150.30,17,0.143448,0.0000,0.045400,0
2376,149.60,17,0.137697,0.0000,0.044700,0
2377,149.60,17,0.143121,0.0000,0.046300,0
2378,149.41,17,0.149512,0.0000,0.042800,0
2379,149.41,17,0.151265,0.0000,0.047300,0
2380,148.46,17,0.154495,0.0000,0.045600,0
2381,148.40,17,0.154154,0.0000,0.043700,0
2382,148.21,17,0.139134,0.0000,0.045300,0
2383,147.63,17,0.138612,0.0000,0.045900,0
2384,147.44,17,0.143426,0.0000,0.040200,0
2385,147.38,17,0.162427,0.0000,0.046900,0
2386,146.49,9,0.177085,0.0000,0.091400,0
2387,146.43,17,0.141639,0.0000,0.045900,0
2388,146.37,17,0.128071,0.0000,0.042800,0
2389,146.37,17,0.116552,0.0000,0.044000,0
2390,145.54,17,0.122740,0.0000,0.045300,0
2391,145.48,17,0.131898,0.0000,0.044800,0
2392,145.35,17,0.158603,0.0000,0.044500,0
2393,145.35,17,0.144519,0.0000,0.046700,0
2394,144.97,17,0.143499,0.0000,0.042800,0
2395,144.97,17,0.149587,0.0000,0.040300,0
2396,144.47,9,0.192006,0.0000,0.097900,0
2397,144.34,9,0.257635,0.0000,0.094800,0
2398,144.34,9,0.330385,0.0000,0.090000,0
2399,143.32,5,0.665182,0.0000,0.163000,0
2400,143.13,11,1.032901,0.0000,0.227700,0
2401,143.13,11,1.179996,0.0000,0.229800,0
2402,142.50,11,1.340528,0.0000,0.231000,0
2403,142.50,11,1.415325,0.0000,0.229900,0
2404,142.31,11,1.489157,0.2000,0.232700,0
2405,142.31,11,1.539282,0.2000,0.224500,0
2406,141.99,11,1.572751,0.0000,0.221400,0
2407,141.55,11,1.600482,0.0000,0.231600,0
2408,141.49,11,1.624087,0.2000,0.232900,0
2409,141.42,2,1.648364,0.0000,0.395800,0
2410,141.42,2,1.666384,0.0000,0.393200,0
2411,140.47,2,1.696739,0.2000,0.400200,0
2412,140.47,2,1.719609,0.0000,0.398900,0
2413,140.41,2,1.748995,0.2000,0.385900,0
2414,139.52,2,1.727444,0.2000,0.398000,0
2415,139.46,2,1.700456,0.2000,0.399300,0
2416,138.51,11,1.513658,0.0000,0.225600,0
2417,138.51,11,1.568042,0.0000,0.230100,0
2418,138.45,11,1.481271,0.2000,0.225300,0
2419,138.45,11,1.440526,0.0000,0.237800,0
2420,137.81,11,1.403244,0.0000,0.224700,0
2421,137.49,11,1.368931,0.0000,0.230100,0
2422,136.54,11,1.345994,0.2000,0.228000,0
2423,136.48,11,1.331003,0.0000,0.229300,0
2424,136.35,11,1.328391,0.0000,0.226200,0
2425,136.10,11,1.311991,0.2000,0.229400,0
2426,135.47,11,1.294439,0.0000,0.223200,0
2427,135.34,11,1.253745,0.0000,0.231700,0
2428,135.34,11,1.272948,0.0000,0.225800,0
2429,134.83,11,1.213174,0.0000,0.230400,0
2430,134.52,11,1.177576,0.0000,0.229000,0
2431,134.45,11,1.169176,0.0000,0.230100,0
2432,134.39,11,1.160671,0.0000,0.226700,0
2433,134.39,11,1.157658,0.0000,0.226200,0
2434,133.44,11,1.158729,0.0000,0.230500,0
2435,133.37,11,1.155689,0.2000,0.229100,0
2436,132.87,11,1.155141,0.0000,0.231200,0
2437,132.61,11,1.160011,0.0000,0.232200,0
2438,132.17,11,1.164480,0.0000,0.236800,0
2439,132.17,11,1.160309,0.0000,0.222800,0
2440,131.47,11,1.153193,0.0000,0.220400,0
2441,131.41,11,1.127180,0.0000,0.223700,0
2442,130.52,11,1.017487,0.0000,0.225200,0
2443,130.52,11,1.088283,0.0000,0.229600,0
2444,130.21,5,0.938596,0.0000,0.154100,0
2445,129.51,5,0.655397,0.0000,0.159900,0
2446,129.51,5,0.650654,0.0000,0.155300,0
2447,125.51,5,0.834507,0.0000,0.154100,0
2448,124.88,5,0.814825,0.0000,0.155600,0
2449,124.50,5,0.769079,0.0000,0.156300,0
2450,124.31,9,0.496861,0.0000,0.103500,0
2451,124.31,5,0.639651,0.0000,0.159600,0
2452,123.99,9,0.430113,0.0000,0.095900,0
2453,123.61,9,0.391712,0.0000,0.095300,0
2454,123.61,9,0.398815,0.0000,0.093700,0
2455,123.55,9,0.349705,0.0000,0.095400,0
2456,123.55,9,0.272053,0.0000,0.094100,0
2457,122.85,9,0.221447,0.2000,0.094600,0
2458,122.66,17,0.168786,0.0000,0.043600,0
2459,122.66,17,0.169047,0.0000,0.044000,0
2460,122.35,17,0.135892,0.0000,0.046600,0
2461,122.35,17,0.116197,0.0000,0.045100,0
2462,121.78,17,0.115723,0.0000,0.045100,0
2463,121.58,17,0.136749,0.0000,0.044600,0
2464,121.33,17,0.144249,0.0000,0.042400,0
2465,120.89,17,0.161111,0.0000,0.044800,0
2466,120.63,17,0.164932,0.0000,0.041700,0
2467,120.38,9,0.187083,0.0000,0.093800,0
2468,120.38,9,0.185298,0.0000,0.089200,0
2469,119.81,17,0.171901,0.0000,0.045700,0
2470,119.62,17,0.151599,0.0000,0.044600,0
2471,119.62,17,0.146139,0.0000,0.048300,0
2472,119.37,17,0.159106,0.0000,0.048700,0
2473,118.80,17,0.171012,0.0000,0.044300,0
2474,118.61,17,0.155576,0.0000,0.044100,0
2475,118.61,9,0.173576,0.0000,0.097600,0
2476,118.42,17,0.161533,0.0000,0.045900,0
2477,118.42,17,0.149904,0.0000,0.046100,0
2478,117.85,17,0.154685,0.0000,0.045100,0
2479,117.66,17,0.147633,0.0000,0.043700,0
2480,116.83,17,0.164836,0.2000,0.041700,0
2481,116.64,17,0.165153,0.0000,0.046000,0
2482,116.64,17,0.166675,0.0000,0.041100,0
2483,115.44,17,0.149568,0.0000,0.047100,0
2484,114.68,17,0.134125,0.0000,0.046100,0
2485,114.17,17,0.096352,0.0000,0.042300,0
2486,113.85,17,0.082747,0.0000,0.046100,0
2487,113.47,17,0.071588,0.0000,0.044400,0
2488,112.90,17,0.072173,0.0000,0.046400,0
2489,112.71,17,0.069103,0.0000,0.042400,0
2490,112.71,17,0.070179,0.0000,0.040500,0
2491,111.51,17,0.152031,0.0000,0.044900,0
2492,110.75,9,0.354039,0.0000,0.089200,0
2493,109.54,9,0.358637,0.0000,0.093900,0
2494,109.54,9,0.397296,0.0000,0.095900,0
2495,109.10,9,0.407388,0.0000,0.090600,0
2496,108.02,9,0.404423,0.0000,0.092200,0
2497,107.77,9,0.389937,0.0000,0.095700,0
2498,107.13,9,0.304614,0.0000,0.097800,0
2499,107.01,9,0.320077,0.0000,0.090500,0
2500,107.01,9,0.351738,0.0000,0.093000,0
2501,106.31,9,0.489058,0.0000,0.097100,0
2502,105.99,5,0.517619,0.0000,0.154700,0
2503,105.61,5,0.501813,0.0000,0.159500,0
2504,105.61,5,0.497535,0.0000,0.156100,0
2505,104.98,5,0.581031,0.0000,0.156700,0
2506,104.98,5,0.547326,0.0000,0.155200,0
2507,104.15,9,0.451575,0.0000,0.091700,0
2508,104.09,9,0.412000,0.0000,0.092800,0
2509,104.09,9,0.394302,0.0000,0.093600,0
2510,103.14,9,0.307223,0.0000,0.097900,0
2511,102.95,9,0.314906,0.0000,0.094900,0
2512,102.95,9,0.326385,0.0000,0.099200,0
2513,102.19,9,0.300870,0.0000,0.096800,0
2514,102.13,9,0.274541,0.2000,0.089200,0
2515,102.13,9,0.250696,0.0000,0.099600,0
2516,101.68,9,0.238563,0.0000,0.092800,0
2517,101.68,9,0.236839,0.0000,0.095200,0
2518,101.18,11,2.122816,0.0000,0.225000,0
2519,101.18,11,1.267433,0.0000,0.229700,0
2520,100.99,11,1.411525,0.0000,0.221900,0
2521,100.99,11,1.376679,0.0000,0.227500,0
2522,100.16,11,1.598459,0.4000,0.228000,0
2523,100.16,2,1.681029,0.2000,0.394700,0
2524,99.72,2,1.774889,0.2000,0.406800,0
2525,99.72,2,1.825115,0.2000,0.396600,0
2526,99.28,2,1.884913,0.0000,0.408400,0
2527,99.28,2,1.917190,0.4000,0.400800,0
2528,98.64,2,2.286916,0.2000,0.396900,0
2529,98.64,2,2.266366,0.4000,0.389300,0
2530,98.20,2,2.522402,0.2000,0.404100,0
2531,98.20,2,2.349863,0.2000,0.396500,0
2532,97.75,2,2.223532,0.2000,0.399500,0
2533,97.44,2,2.086812,0.4000,0.391500,0
2534,97.18,2,1.873043,0.2000,0.400700,0
2535,97.18,2,1.974900,0.4000,0.390500,0
2536,97.06,2,1.774429,0.0000,0.395800,0
2537,96.49,11,1.578876,0.2000,0.221400,0
2538,96.23,11,1.399371,0.0000,0.221500,0
2539,95.79,11,1.101439,0.0000,0.229200,0
2540,95.79,11,1.222467,0.0000,0.228700,0
2541,95.09,5,0.963308,0.0000,0.155100,0
2542,94.52,5,0.815329,0.0000,0.153700,0
2543,94.14,5,0.756116,0.0000,0.167100,0
2544,93.82,5,0.714115,0.0000,0.158400,0
2545,93.51,5,0.660594,0.0000,0.150900,0
2546,93.51,5,0.627331,0.0000,0.157500,0
2547,93.19,5,0.615028,0.0000,0.157500,0
2548,93.06,5,0.676627,0.0000,0.157100,0
2549,92.81,5,0.892612,0.0000,0.156700,0
2550,92.81,5,0.774108,0.0000,0.159000,0
2551,92.18,11,1.072324,0.0000,0.221900,0
2552,91.54,11,0.957338,0.0000,0.229400,0
2553,91.16,5,0.689690,0.0000,0.155600,0
2554,91.16,5,0.591255,0.0000,0.154700,0
2555,90.46,9,0.455491,0.0000,0.094500,0
2556,90.46,9,0.437147,0.0000,0.089400,0
2557,90.21,9,0.317122,0.0000,0.102200,0
2558,90.15,9,0.272217,0.0000,0.096100,0
2559,90.08,17,0.142466,0.0000,0.044600,0
2560,90.08,17,0.140018,0.0000,0.043700,0
2561,89.20,17,0.132745,0.0000,0.046000,0
2562,89.20,17,0.141377,0.0000,0.046300,0
2563,88.88,17,0.149116,0.0000,0.043700,0
2564,88.44,17,0.151821,0.0000,0.047000,0
2565,88.25,17,0.160031,0.0000,0.044800,0
2566,88.25,17,0.166417,0.0000,0.044200,0
2567,87.49,9,0.182716,0.0000,0.092500,0
2568,87.49,17,0.169461,0.0000,0.047600,0
2569,87.17,9,0.203699,0.0000,0.088100,0
2570,86.54,9,0.240286,0.0000,0.096100,0
2571,86.15,9,0.278378,0.0000,0.095200,0
2572,86.15,9,0.274933,0.0000,0.093100,0
2573,85.52,9,0.267364,0.0000,0.104000,0
2574,85.20,9,0.243795,0.0000,0.091700,0
2575,84.95,9,0.188625,0.0000,0.095100,0
2576,84.51,17,0.133958,0.0000,0.044000,0
2577,84.19,17,0.114585,0.0000,0.045100,0
2578,83.56,17,0.121474,0.0000,0.043400,0
2579,83.43,17,0.119282,0.0000,0.045600,0
2580,83.30,17,0.097169,0.0000,0.045900,0
2581,83.30,17,0.108503,0.0000,0.045400,0
2582,82.99,17,0.088298,0.0000,0.046400,0
2583,82.42,17,0.093394,0.0000,0.042200,0
2584,82.42,17,0.086035,0.0000,0.045700,0
2585,82.22,17,0.092876,0.0000,0.043800,0
2586,81.72,17,0.096956,0.0000,0.044300,0
2587,80.51,17,0.106553,0.0000,0.045100,0
2588,80.26,17,0.115942,0.0000,0.048500,0
2589,79.56,17,0.120139,0.0000,0.046700,0
2590,79.50,17,0.121995,0.0000,0.047400,0
2591,79.37,17,0.126014,0.0000,0.044100,0
2592,78.55,17,0.124273,0.0000,0.044500,0
2593,78.49,17,0.130198,0.0000,0.046100,0
2594,78.30,17,0.131966,0.0000,0.044900,0
2595,78.30,17,0.137572,0.0000,0.043700,0
2596,77.47,17,0.145706,0.0000,0.041800,0
2597,77.34,17,0.155127,0.0000,0.048400,0
2598,76.77,17,0.146504,0.0000,0.047400,0
2599,76.52,17,0.136207,0.0000,0.045800,0
2600,76.33,17,0.133036,0.0000,0.042900,0
2601,75.82,17,0.133008,0.0000,0.043900,0
2602,75.44,17,0.118257,0.0000,0.044800,0
2603,75.44,17,0.134418,0.0000,0.046700,0
2604,75.13,17,0.115826,0.0000,0.046000,0
2605,74.81,17,0.118002,0.0000,0.044000,0
2606,74.49,17,0.076715,0.0000,0.041400,0
2607,74.49,17,0.073372,0.0000,0.044200,0
2608,73.48,17,0.076939,0.0000,0.045300,0
2609,73.48,17,0.080882,0.0000,0.045100,0
2610,73.35,17,0.088003,0.0000,0.041800,0
2611,72.53,17,0.089590,0.0000,0.042200,0
2612,72.40,17,0.086444,0.0000,0.047100,0
2613,71.89,17,0.095015,0.0000,0.049000,0
2614,71.70,17,0.107396,0.0000,0.045500,0
2615,71.70,17,0.120397,0.0000,0.046200,0
2616,71.45,17,0.108970,0.0000,0.040900,0
2617,71.20,17,0.101751,0.0000,0.047500,0
2618,70.63,17,0.102518,0.0000,0.044400,0
2619,70.44,17,0.107471,0.0000,0.042800,0
2620,69.48,17,0.117536,0.0000,0.045300,0
2621,69.42,17,0.135540,0.0000,0.044500,0
2622,69.42,17,0.155704,0.0000,0.045900,0
2623,68.53,9,0.176006,0.0000,0.099800,0
2624,68.53,9,0.209164,0.0000,0.099000,0
2625,68.22,9,0.254862,0.0000,0.092800,0
2626,67.84,9,0.310285,0.0000,0.092800,0
2627,67.58,9,0.365271,0.0000,0.093100,0
2628,67.58,9,0.339230,0.0000,0.098200,0
2629,66.63,9,0.425871,0.0000,0.092900,0
2630,66.51,9,0.464987,0.0000,0.086200,0
2631,66.51,5,0.509094,0.0000,0.158400,0
2632,65.81,5,0.536442,0.0000,0.156100,0
2633,65.49,5,0.626563,0.0000,0.152300,0
2634,65.49,5,0.639926,0.0000,0.156300,0
2635,64.79,5,0.882255,0.0000,0.163800,0
2636,64.54,11,1.098598,0.0000,0.224200,0
2637,64.54,11,1.028634,0.0000,0.225900,0
2638,64.29,11,1.111808,0.0000,0.230200,0
2639,64.29,11,1.099738,0.2000,0.228500,0
2640,63.84,11,1.133023,0.0000,0.220200,0
2641,63.53,11,1.151861,0.2000,0.224000,0
2642,62.58,11,1.179317,0.0000,0.228900,0
2643,62.32,11,1.222583,0.0000,0.229700,0
2644,62.32,11,1.260576,0.0000,0.233900,0
2645,61.75,11,1.289817,0.0000,0.235100,0
2646,61.75,11,1.301489,0.0000,0.221600,0
2647,61.56,11,1.294589,0.0000,0.225100,0
2648,60.61,11,1.314407,0.0000,0.224600,0
2649,59.60,11,1.511136,0.0000,0.226400,0
2650,59.60,11,1.421991,0.0000,0.218400,0
2651,58.65,11,1.523215,0.0000,0.234100,0
2652,57.89,11,1.547010,0.0000,0.228400,0
2653,57.70,11,1.581550,0.2000,0.227700,0
2654,57.13,11,1.613296,0.0000,0.235300,0
2655,56.75,2,1.663256,0.2000,0.400700,0
2656,55.86,2,1.721790,0.0000,0.398500,0
2657,55.80,2,1.767905,0.0000,0.399800,0
2658,54.47,2,1.810410,0.2000,0.396400,0
2659,53.77,2,1.823532,0.2000,0.394100,0
2660,53.77,2,1.830306,0.0000,0.400900,0
2661,52.82,2,1.870475,0.4000,0.398900,0
2662,51.81,2,1.885662,0.0000,0.392200,0
2663,51.81,2,1.861746,0.2000,0.392100,0
2664,50.98,2,1.871501,0.2000,0.400400,0
2665,50.98,2,1.872952,0.2000,0.399300,0
2666,50.23,2,1.864856,0.2000,0.401600,0
2667,49.85,2,1.862203,0.2000,0.397800,0
2668,49.09,2,1.859810,0.0000,0.396600,0
2669,48.90,2,1.857853,0.0000,0.404200,0
2670,48.01,2,1.881298,0.0000,0.393800,0
2671,48.01,2,1.865475,0.0000,0.400000,0
2672,47.12,2,1.927418,0.4000,0.396400,0
2673,46.93,2,1.935070,0.2000,0.404500,0
2674,46.93,2,1.941268,0.2000,0.397800,0
2675,45.86,2,1.973185,0.0000,0.403300,0
2676,45.86,2,1.960324,0.4000,0.395700,0
2677,44.91,2,2.016141,0.4000,0.392900,0
2678,44.21,2,2.034333,0.4000,0.402400,0
2679,44.21,2,2.039570,0.4000,0.392900,0
2680,43.90,2,2.043445,0.0000,0.391500,0
2681,43.14,2,2.078214,0.6000,0.398100,0
2682,42.88,2,2.080621,0.2000,0.395800,0
2683,42.88,2,2.072443,0.0000,0.390900,0
2684,42.19,2,2.089526,0.2000,0.401100,0
2685,42.00,2,2.089378,0.2000,0.401000,0
2686,42.00,2,2.068367,0.4000,0.401200,0
2687,41.11,2,2.096647,0.0000,0.390500,0
2688,40.92,2,2.094780,0.0000,0.403300,0
2689,40.29,2,2.101763,0.4000,0.393000,0
2690,39.91,2,2.123341,0.2000,0.401100,0
2691,39.72,2,2.134397,0.4000,0.398300,0
2692,39.28,2,2.144121,0.2000,0.397400,0
2693,39.03,2,2.139265,0.0000,0.398100,0
2694,38.71,2,2.124201,0.2000,0.395000,0
2695,38.33,2,2.142460,0.2000,0.398200,0
2696,38.33,2,2.125538,0.4000,0.394900,0
2697,37.45,2,2.142169,0.2000,0.399300,0
2698,37.45,2,2.127020,0.4000,0.386500,0
2699,36.75,2,2.133147,0.4000,0.408000,0
2700,36.75,2,2.164428,0.4000,0.397600,0
2701,36.31,2,2.165093,0.2000,0.400100,0
2702,35.49,2,2.165895,0.2000,0.397600,0
2703,35.49,2,2.131116,0.2000,0.396100,0
2704,35.11,2,2.127394,0.2000,0.393300,0
2705,35.11,2,2.086216,0.4000,0.396900,0
2706,34.48,2,2.085817,0.6000,0.402400,0
2707,34.22,2,2.095873,0.0000,0.395600,0
2708,34.16,2,2.071942,0.0000,0.402400,0
2709,34.10,2,2.038874,0.4000,0.401400,0
2710,34.10,2,2.008369,0.2000,0.396700,0
2711,33.15,2,2.024711,0.4000,0.397900,0
2712,33.15,2,1.994682,0.0000,0.396200,0
2713,32.52,2,1.971475,0.2000,0.397000,0
2714,32.26,2,2.138386,0.4000,0.400600,0
2715,32.08,2,2.173076,0.2000,0.392700,0
2716,31.19,2,2.189180,0.0000,0.395000,0
2717,31.19,2,2.149834,0.2000,0.401700,0
2718,30.31,2,2.223563,0.2000,0.395600,0
2719,29.49,2,2.434852,0.6000,0.405900,0
2720,29.23,2,2.656057,0.8000,0.393600,0
2721,29.23,14,2.810977,0.6000,0.603200,0
2722,28.16,14,3.037171,0.6000,0.601000,0
2723,28.16,14,2.966926,0.8000,0.598100,0
2724,27.34,14,3.136235,0.8000,0.603400,0
2725,27.15,14,3.165780,0.8000,0.610100,0
2726,27.15,14,3.212404,0.8000,0.600000,0
2727,26.14,14,3.293896,0.8000,0.605300,0
2728,26.14,14,3.341759,0.8000,0.608300,0
2729,25.51,14,3.322105,0.8000,0.602200,0
2730,25.19,14,3.312491,0.2000,0.595300,0
2731,25.19,14,3.320123,0.8000,0.598600,0
2732,24.50,14,3.474254,0.8000,0.597100,0
2733,24.50,14,3.402778,0.4000,0.599100,0
2734,24.31,14,3.491387,1.0000,0.595800,0
2735,23.49,14,3.545471,0.6000,0.593500,0
2736,23.24,14,3.554095,0.6000,0.600600,0
2737,22.54,14,3.485895,1.0000,0.606000,0
2738,22.29,14,3.446735,0.6000,0.608800,0
2739,22.23,14,3.394969,0.4000,0.598200,0
2740,21.47,14,3.465361,0.6000,0.599200,0
2741,21.47,14,3.456261,0.6000,0.612100,0
2742,21.03,14,3.429174,0.6000,0.601100,0
2743,20.46,14,3.440790,0.4000,0.600700,0
2744,20.34,14,3.416017,0.2000,0.606200,0
2745,20.02,14,3.357726,0.4000,0.598300,0
2746,19.52,14,3.355273,0.4000,0.607000,0
2747,19.39,14,3.367944,0.6000,0.604900,0
2748,18.51,14,3.397997,0.4000,0.602200,0
2749,18.51,14,3.400895,0.4000,0.605200,0
2750,17.50,14,3.481831,0.8000,0.602400,0
2751,17.50,14,3.447857,0.8000,0.603200,0
2752,16.56,14,3.523367,0.4000,0.594500,0
2753,16.12,14,3.612814,1.0000,0.596200,0
2754,16.12,14,3.665587,0.8000,0.608700,0
2755,15.80,14,3.690215,0.8000,0.603100,0
2756,15.61,14,3.740026,1.0000,0.596100,0
2757,15.55,14,3.771574,0.8000,0.605600,0
2758,15.11,14,3.847657,0.8000,0.604400,0
2759,14.60,14,3.885879,0.2000,0.601700,0
2760,14.60,14,3.898343,0.8000,0.612200,0
2761,13.60,14,3.974662,0.2000,0.596200,0
2762,13.60,14,4.012000,0.2000,0.612600,0
2763,13.16,14,4.045558,0.8000,0.595600,0
2764,12.84,14,4.095628,0.4000,0.599600,0
2765,12.59,6,4.189959,0.8000,0.775500,0
2766,12.59,14,4.137853,0.4000,0.606100,0
2767,12.40,6,4.199565,0.6000,0.768900,0
2768,11.52,6,4.257484,0.6000,0.770500,0
2769,11.52,6,4.308692,0.6000,0.775200,0
2770,10.52,6,4.420032,0.8000,0.768700,0
2771,10.52,6,4.536881,0.6000,0.776200,0
2772,9.82,6,4.739146,1.0000,0.770800,0
2773,9.57,6,4.973756,0.8000,0.774400,0
2774,8.69,6,5.383803,1.0000,0.773800,0
2775,8.44,6,5.591871,0.8000,0.771400,0
2776,8.44,6,5.449436,1.0000,0.775300,0
2777,7.50,6,5.989171,1.0000,0.775100,0
2778,6.49,6,5.830759,1.0000,0.781600,0
2779,6.49,6,5.735699,0.6000,0.775400,0
2780,5.80,6,5.807604,0.8000,0.770300,0
2781,5.61,6,5.737534,0.6000,0.766700,0
2782,5.61,6,5.676535,0.4000,0.775200,0
2783,4.61,6,5.525949,1.0000,0.781800,0
2784,4.61,6,5.324898,0.6000,0.779500,0
2785,4.30,6,5.295133,0.8000,0.766400,0
2786,3.79,6,4.975807,1.0000,0.784700,0
2787,3.54,6,5.096419,0.8000,0.779900,0
2788,3.54,6,5.252988,1.0000,0.777500,0
2789,3.29,6,5.475468,0.8000,0.768200,0
2790,3.29,6,5.679406,1.0000,0.771500,0
2791,2.86,15,6.039674,0.6000,0.861200,0
2792,2.79,15,6.328060,1.0000,0.855500,0
2793,2.59,15,6.740509,1.0000,0.854900,0
2794,2.48,15,7.236426,1.0000,0.857800,0
2795,2.17,15,8.487092,0.8000,0.867400,0
2796,2.17,15,7.735803,1.0000,0.854800,0
2797,1.96,1,9.511559,1.0000,0.898400,0
2798,1.86,1,9.436093,1.0000,0.898600,0
2799,1.61,1,10.377193,0.8000,0.899300,0
2800,1.59,1,10.985651,0.8000,0.901400,0
2801,1.36,10,12.830646,1.0000,0.897500,0
2802,1.36,10,11.670565,1.0000,0.898600,0
2803,0.97,10,14.201990,1.0000,0.899300,0
2804,0.77,4,14.742415,1.0000,0.876400,0
2805,0.23,4,18.438774,0.8000,0.874200,0
2806,0.10,7,19.520520,1.0000,0.834800,0
