t,days_to_reentry,M2_cell,H_t,p_t,P_forward,artifact_flag
0,1019.17,14,2.868993,0.8000,0.601900,0
1,1019.08,2,2.501125,0.2000,0.396800,0
2,1018.83,2,2.193893,0.4000,0.400400,0
3,1018.75,2,1.980647,0.2000,0.399600,0
4,1018.50,2,1.853606,0.2000,0.400800,0
5,1018.08,2,1.740157,0.2000,0.406100,0
6,1017.83,2,1.668440,0.0000,0.398500,0
7,1017.50,2,1.700161,0.2000,0.398600,0
8,1017.50,2,1.751573,0.0000,0.397300,0
9,1017.08,2,1.860888,0.0000,0.395400,0
10,1016.83,2,1.814372,0.0000,0.402400,0
11,1016.42,2,1.864034,0.2000,0.399000,0
12,1016.17,2,1.961131,0.2000,0.400900,0
13,1016.08,2,2.086524,0.4000,0.395200,0
14,1015.42,2,2.265468,0.0000,0.405400,0
15,1015.08,2,2.305356,0.6000,0.398700,0
16,1014.83,2,2.348273,0.0000,0.400700,0
17,1014.75,2,2.350627,0.4000,0.401900,0
18,1014.08,2,2.353620,0.6000,0.401000,0
19,1013.83,2,2.346726,0.0000,0.400400,0
20,1013.42,2,2.307468,0.4000,0.412300,0
21,1013.17,2,2.164229,0.2000,0.399700,0
22,1013.08,2,2.100549,0.2000,0.402600,0
23,1012.75,2,2.042188,0.4000,0.391600,0
24,1012.58,2,1.861485,0.0000,0.393600,0
25,1012.08,11,1.587118,0.2000,0.232800,0
26,1011.50,11,1.255178,0.0000,0.223800,0
27,1011.42,11,1.015134,0.0000,0.227100,0
28,1011.08,5,0.635238,0.0000,0.155400,0
29,1010.50,9,0.483654,0.0000,0.097700,0
30,1010.42,9,0.411345,0.0000,0.092300,0
31,1010.17,17,0.117647,0.0000,0.048500,0
32,1010.08,17,0.029588,0.0000,0.042000,0
33,1009.83,9,0.250546,0.0000,0.097100,0
34,1009.75,9,0.185483,0.0000,0.094500,0
35,1009.50,9,0.225944,0.0000,0.098100,0
36,1009.25,9,0.362082,0.0000,0.090400,0
37,1009.08,9,0.347866,0.0000,0.094700,0
38,1008.92,9,0.312140,0.0000,0.096400,0
39,1008.67,9,0.298383,0.0000,0.091700,0
40,1008.17,9,0.277176,0.0000,0.097400,0
41,1008.08,9,0.244522,0.0000,0.093000,0
42,1007.75,17,0.117564,0.0000,0.045400,0
43,1007.50,17,0.062958,0.0000,0.042500,0
44,1007.42,17,0.090551,0.0000,0.045100,0
45,1007.17,3,0.073247,0.0000,0.028300,0
46,1007.08,3,0.084666,0.0000,0.028300,0
47,1006.75,3,0.219668,0.2000,0.029500,0
48,1006.50,3,0.237719,0.0000,0.027900,0
49,1006.42,0,0.348286,0.0000,0.020500,0
50,1006.17,0,0.359216,0.0000,0.020500,0
51,1006.08,0,0.360027,0.0000,0.020300,0
52,1005.75,0,0.460973,0.0000,0.022200,0
53,1005.75,0,0.353378,0.0000,0.017500,0
54,1004.75,0,0.639344,0.0000,0.020000,0
55,1004.58,0,0.493921,0.0000,0.019200,0
56,1004.08,0,0.507710,0.0000,0.021900,0
57,1003.83,0,0.351472,0.0000,0.017800,0
58,1003.50,3,0.222845,0.0000,0.029000,0
59,1003.42,9,0.537085,0.0000,0.094100,0
60,1003.42,17,0.105140,0.0000,0.043100,0
61,1003.08,5,1.131855,0.0000,0.154500,0
62,1003.08,5,0.613404,0.0000,0.159600,0
63,1001.75,17,0.185424,0.0000,0.044500,0
64,1001.50,17,0.007460,0.0000,0.044000,0
65,1001.17,17,0.049037,0.0000,0.041400,0
66,1001.00,9,0.265409,0.0000,0.095600,0
67,1000.50,17,0.115910,0.0000,0.043600,0
68,1000.08,17,0.096238,0.2000,0.048100,0
69,999.75,17,0.055360,0.0000,0.046900,0
70,999.50,9,0.315592,0.0000,0.085600,0
71,999.17,9,0.323248,0.0000,0.090200,0
72,999.08,9,0.476288,0.0000,0.089300,0
73,999.08,5,0.649743,0.0000,0.161100,0
74,998.92,5,0.774269,0.0000,0.162700,0
75,998.58,5,0.679992,0.0000,0.153700,0
76,998.17,5,0.559541,0.0000,0.161400,0
77,998.08,5,0.724403,0.0000,0.160200,0
78,997.75,11,0.988214,0.0000,0.227100,0
79,997.50,11,1.063076,0.0000,0.223800,0
80,997.42,11,1.406303,0.0000,0.230600,0
81,997.17,11,1.276266,0.0000,0.231300,0
82,996.83,11,1.250905,0.0000,0.226600,0
83,996.61,11,1.101142,0.0000,0.226300,0
84,996.42,11,1.226119,0.0000,0.233300,0
85,996.22,11,1.267800,0.0000,0.225900,0
86,996.17,11,1.296327,0.0000,0.235300,0
87,996.08,11,1.342152,0.0000,0.234600,0
88,995.83,11,1.247386,0.0000,0.230300,0
89,995.17,11,1.311867,0.0000,0.230900,0
90,994.50,5,0.878968,0.0000,0.156900,0
91,994.17,5,0.819704,0.0000,0.160400,0
92,994.08,5,0.820964,0.0000,0.156300,0
93,993.83,5,0.768423,0.0000,0.154700,0
94,993.50,5,0.697892,0.0000,0.155800,0
95,993.42,5,0.743429,0.0000,0.159300,0
96,993.25,5,0.866074,0.0000,0.151800,0
97,993.17,5,0.864121,0.0000,0.151300,0
98,993.08,5,0.913519,0.0000,0.161800,0
99,992.83,5,0.838335,0.0000,0.151000,0
100,992.50,5,0.702984,0.0000,0.156700,0
101,992.42,5,0.735935,0.0000,0.159600,0
102,992.33,5,0.837599,0.0000,0.157400,0
103,992.25,5,0.855776,0.0000,0.157800,0
104,992.08,5,0.707705,0.0000,0.158800,0
105,991.67,5,0.663484,0.0000,0.155800,0
106,991.42,5,0.616843,0.0000,0.156700,0
107,991.25,5,0.739912,0.0000,0.161900,0
108,991.17,5,0.913626,0.2000,0.157100,0
109,991.08,11,1.009500,0.0000,0.227200,0
110,990.83,11,1.138685,0.0000,0.231400,0
111,990.50,11,1.104633,0.0000,0.227500,0
112,990.42,11,1.300739,0.0000,0.233100,0
113,990.17,11,1.236058,0.0000,0.229400,0
114,990.08,11,1.216211,0.0000,0.224700,0
115,989.83,11,1.222465,0.0000,0.230500,0
116,989.50,11,1.082376,0.0000,0.226000,0
117,989.25,11,1.075062,0.2000,0.226600,0
118,989.08,5,0.945441,0.0000,0.157300,0
119,989.08,5,0.842812,0.0000,0.158100,0
120,988.83,5,0.584825,0.0000,0.152900,0
121,988.67,5,0.633430,0.0000,0.161000,0
122,988.42,5,0.707402,0.0000,0.152800,0
123,988.42,5,0.765470,0.0000,0.160700,0
124,987.83,5,0.545715,0.0000,0.160600,0
125,987.58,9,0.454367,0.0000,0.091600,0
126,987.50,5,0.570865,0.0000,0.154800,0
127,987.50,5,0.722806,0.0000,0.161500,0
128,987.17,5,0.634366,0.0000,0.151300,0
129,987.08,5,0.818198,0.0000,0.154600,0
130,986.92,5,0.905651,0.0000,0.157800,0
131,986.83,11,0.987830,0.0000,0.224500,0
132,986.67,11,1.058825,0.0000,0.226900,0
133,986.42,11,1.142186,0.0000,0.220200,0
134,986.33,11,1.104430,0.0000,0.223800,0
135,986.17,11,1.151070,0.0000,0.233800,0
136,986.00,11,1.149403,0.0000,0.228900,0
137,985.92,11,1.229643,0.0000,0.235000,0
138,985.58,11,1.229534,0.0000,0.226400,0
139,985.50,11,1.306397,0.0000,0.228000,0
140,985.50,11,1.260371,0.0000,0.228800,0
141,985.33,11,1.442564,0.0000,0.228200,0
142,985.33,11,1.390037,0.0000,0.228000,0
143,985.08,11,1.490139,0.0000,0.228100,0
144,985.00,11,1.501092,0.0000,0.232600,0
145,984.75,11,1.365567,0.2000,0.221500,0
146,984.67,11,1.249255,0.2000,0.233900,0
147,984.42,11,1.116236,0.0000,0.226300,0
148,984.33,11,1.050051,0.0000,0.231300,0
149,984.08,11,0.967654,0.0000,0.226300,0
150,984.08,5,0.815848,0.0000,0.162000,0
151,983.83,5,0.620427,0.0000,0.158500,0
152,983.75,5,0.576486,0.0000,0.152200,0
153,983.50,5,0.525583,0.0000,0.157400,0
154,983.42,9,0.449865,0.0000,0.094900,0
155,983.33,9,0.309060,0.0000,0.092200,0
156,983.33,17,0.168292,0.0000,0.048600,0
157,983.08,17,0.048023,0.0000,0.047300,0
158,983.00,3,0.151170,0.0000,0.026200,0
159,982.83,3,0.175473,0.0000,0.028900,0
160,982.58,3,0.185946,0.0000,0.029300,0
161,982.50,3,0.208390,0.0000,0.026900,0
162,982.42,3,0.213617,0.0000,0.032100,0
163,982.33,3,0.213710,0.0000,0.027000,0
164,982.08,3,0.208810,0.0000,0.026400,0
165,981.92,3,0.210179,0.0000,0.028900,0
166,981.92,3,0.198445,0.0000,0.030300,0
167,981.83,3,0.183585,0.0000,0.027100,0
168,981.75,3,0.225816,0.0000,0.028000,0
169,981.67,3,0.237455,0.0000,0.028300,0
170,981.67,3,0.237912,0.0000,0.028800,0
171,981.50,3,0.228834,0.0000,0.029300,0
172,981.33,3,0.216355,0.0000,0.028200,0
173,981.17,3,0.217617,0.0000,0.031000,0
174,981.08,3,0.232951,0.0000,0.023100,0
175,981.00,3,0.238238,0.0000,0.027900,0
176,980.83,3,0.243334,0.0000,0.028100,0
177,980.67,3,0.234691,0.0000,0.024100,0
178,980.42,3,0.238176,0.0000,0.026600,0
179,980.17,3,0.231771,0.0000,0.029800,0
180,980.08,3,0.219640,0.0000,0.027800,0
181,979.83,3,0.229274,0.0000,0.028500,0
182,979.75,3,0.216327,0.0000,0.028100,0
183,979.75,3,0.223830,0.0000,0.029100,0
184,979.33,3,0.216649,0.0000,0.027300,0
185,979.08,3,0.220289,0.0000,0.028400,0
186,979.00,3,0.229163,0.0000,0.028800,0
187,978.83,3,0.228303,0.0000,0.025500,0
188,978.67,3,0.226208,0.0000,0.027600,0
189,978.42,3,0.230435,0.0000,0.029900,0
190,978.08,3,0.221217,0.0000,0.028300,0
191,977.83,3,0.214899,0.0000,0.028300,0
192,977.67,3,0.204155,0.0000,0.028100,0
193,977.50,3,0.208767,0.0000,0.028500,0
194,977.42,3,0.221191,0.0000,0.029500,0
195,977.33,3,0.219796,0.0000,0.026500,0
196,977.25,3,0.226358,0.0000,0.025500,0
197,976.83,3,0.219882,0.0000,0.028000,0
198,976.58,3,0.213483,0.0000,0.024700,0
199,976.42,3,0.208570,0.0000,0.025500,0
200,976.33,3,0.209160,0.0000,0.028500,0
201,976.33,3,0.207526,0.0000,0.027800,0
202,976.08,3,0.212104,0.0000,0.027700,0
203,975.50,3,0.216222,0.0000,0.027200,0
204,975.42,3,0.231519,0.0000,0.028200,0
205,975.08,3,0.241811,0.0000,0.028300,0
206,974.83,3,0.237595,0.0000,0.026900,0
207,974.42,3,0.234756,0.0000,0.032800,0
208,974.08,3,0.217211,0.0000,0.026800,0
209,973.75,3,0.218021,0.0000,0.028600,0
210,973.17,3,0.216325,0.0000,0.028200,0
211,973.08,3,0.224470,0.0000,0.025400,0
212,972.75,3,0.173741,0.0000,0.030200,0
213,972.50,3,0.186561,0.0000,0.028700,0
214,972.25,3,0.177713,0.0000,0.027100,0
215,972.08,3,0.194930,0.0000,0.029600,0
216,971.83,3,0.179792,0.0000,0.028500,0
217,971.42,3,0.167394,0.0000,0.029400,0
218,971.33,3,0.145744,0.0000,0.030900,0
219,971.17,3,0.152658,0.0000,0.026900,0
220,971.08,3,0.182834,0.0000,0.030200,0
221,971.00,3,0.185305,0.0000,0.030900,0
222,970.83,3,0.152995,0.0000,0.030000,0
223,970.58,3,0.147629,0.0000,0.027200,0
224,970.42,3,0.144801,0.0000,0.029700,0
225,970.17,3,0.150200,0.0000,0.026800,0
226,970.17,3,0.153882,0.0000,0.027500,0
227,970.08,3,0.162236,0.0000,0.028700,0
228,970.00,3,0.160554,0.0000,0.028300,0
229,969.83,3,0.154273,0.0000,0.029700,0
230,969.67,3,0.155238,0.0000,0.027700,0
231,969.50,3,0.161890,0.0000,0.026900,0
232,969.42,3,0.184317,0.0000,0.030300,0
233,969.17,3,0.186927,0.0000,0.027500,0
234,969.08,3,0.198190,0.0000,0.027000,0
235,968.83,3,0.221859,0.0000,0.026600,0
236,968.75,3,0.223414,0.0000,0.028500,0
237,968.67,3,0.229666,0.0000,0.027100,0
238,968.50,3,0.245550,0.0000,0.031600,0
239,968.33,3,0.245642,0.0000,0.028300,0
240,968.08,3,0.247486,0.0000,0.028000,0
241,967.83,3,0.245286,0.0000,0.028300,0
242,967.75,3,0.250865,0.0000,0.028600,0
243,967.67,3,0.254375,0.0000,0.027000,0
244,967.50,3,0.246936,0.0000,0.029200,0
245,967.25,3,0.246964,0.0000,0.028000,0
246,967.08,3,0.249394,0.0000,0.028500,0
247,966.83,3,0.229179,0.0000,0.026400,0
248,966.75,3,0.194171,0.0000,0.026700,0
249,966.58,3,0.190336,0.0000,0.027700,0
250,966.50,3,0.192381,0.0000,0.025800,0
251,966.33,3,0.199427,0.0000,0.024800,0
252,965.83,3,0.195991,0.0000,0.026400,0
253,965.50,3,0.194876,0.0000,0.027400,0
254,965.42,3,0.166539,0.0000,0.025900,0
255,965.33,3,0.160082,0.0000,0.029300,0
256,965.08,3,0.183769,0.0000,0.027400,0
257,964.83,3,0.200877,0.0000,0.025400,0
258,964.58,3,0.220194,0.0000,0.027300,0
259,964.50,3,0.219810,0.0000,0.028000,0
260,964.42,3,0.212973,0.0000,0.027500,0
261,964.25,3,0.222036,0.0000,0.030300,0
262,964.17,3,0.219227,0.0000,0.026800,0
263,964.08,3,0.241924,0.0000,0.027100,0
264,964.00,3,0.261220,0.0000,0.026200,0
265,963.83,3,0.261071,0.0000,0.027400,0
266,963.58,3,0.260561,0.0000,0.027900,0
267,963.50,3,0.257737,0.0000,0.027900,0
268,963.25,3,0.259333,0.0000,0.025500,0
269,963.17,3,0.259151,0.0000,0.027100,0
270,963.08,3,0.251668,0.0000,0.029200,0
271,962.92,3,0.252768,0.0000,0.029700,0
272,962.86,3,0.252184,0.0000,0.025700,0
273,962.86,3,0.248991,0.0000,0.029300,0
274,962.86,3,0.248817,0.0000,0.029800,0
275,962.83,3,0.249658,0.0000,0.026200,0
276,962.40,3,0.241291,0.0000,0.027800,0
277,962.27,3,0.241420,0.0000,0.028900,0
278,962.07,3,0.242388,0.0000,0.029700,0
279,961.87,3,0.209539,0.0000,0.028500,0
280,961.87,3,0.201384,0.0000,0.028700,0
281,961.34,3,0.227192,0.0000,0.030100,0
282,961.28,3,0.231092,0.0000,0.027700,0
283,961.14,3,0.235504,0.0000,0.029200,0
284,961.01,3,0.181256,0.0000,0.027700,0
285,960.88,3,0.174566,0.0000,0.026000,0
286,960.88,3,0.172932,0.0000,0.026900,0
287,960.88,3,0.168078,0.0000,0.027600,0
288,960.22,3,0.171623,0.0000,0.025700,0
289,960.09,3,0.141150,0.0000,0.028000,0
290,959.95,3,0.102421,0.0000,0.028000,0
291,959.95,3,0.110908,0.0000,0.028200,0
292,959.89,3,0.167968,0.0000,0.032200,0
293,959.89,3,0.146873,0.0000,0.028000,0
294,959.23,3,0.161265,0.0000,0.028100,0
295,958.96,3,0.158137,0.0000,0.029300,0
296,958.17,3,0.169171,0.0000,0.028500,0
297,958.08,3,0.154200,0.0000,0.028100,0
298,957.50,3,0.163128,0.0000,0.030800,0
299,957.42,3,0.158533,0.0000,0.030200,0
300,957.17,3,0.167163,0.0000,0.028300,0
301,957.08,3,0.164748,0.0000,0.024900,0
302,956.50,3,0.161920,0.0000,0.027200,0
303,956.42,3,0.152908,0.0000,0.027500,0
304,956.17,3,0.153556,0.0000,0.027400,0
305,956.05,3,0.153015,0.0000,0.027900,0
306,955.72,3,0.139764,0.0000,0.026400,0
307,955.13,3,0.122901,0.0000,0.030900,0
308,954.73,3,0.098048,0.0000,0.030300,0
309,954.46,3,0.090233,0.0000,0.023400,0
310,954.13,3,0.081267,0.0000,0.030500,0
311,954.07,3,0.059654,0.0000,0.027700,0
312,953.41,3,0.062603,0.0000,0.027300,0
313,953.34,3,0.055955,0.0000,0.030900,0
314,952.48,3,0.182412,0.0000,0.028000,0
315,952.21,3,0.175686,0.0000,0.026800,0
316,951.49,3,0.175174,0.0000,0.027500,0
317,951.16,3,0.174714,0.0000,0.028700,0
318,950.83,3,0.152387,0.0000,0.030400,0
319,950.50,3,0.151139,0.0000,0.026400,0
320,950.10,3,0.186958,0.0000,0.023900,0
321,949.44,3,0.207720,0.0000,0.028000,0
322,949.24,3,0.175610,0.0000,0.030500,0
323,948.51,3,0.102138,0.0000,0.026100,0
324,948.18,17,0.067501,0.0000,0.045100,0
325,947.52,17,0.058412,0.0000,0.045800,0
326,947.25,17,0.129354,0.0000,0.046900,0
327,946.86,17,0.128291,0.0000,0.042300,0
328,946.46,17,0.095256,0.0000,0.039700,0
329,946.20,17,0.098992,0.0000,0.044200,0
330,945.60,17,0.135631,0.0000,0.048300,0
331,945.34,17,0.135390,0.0000,0.045200,0
332,945.27,17,0.160075,0.0000,0.046000,0
333,944.61,9,0.204182,0.0000,0.093800,0
334,944.28,9,0.242677,0.0000,0.092000,0
335,944.28,9,0.240970,0.0000,0.099500,0
336,943.62,9,0.314392,0.0000,0.094600,0
337,943.35,9,0.486594,0.0000,0.092200,0
338,942.56,9,0.478150,0.0000,0.099400,0
339,942.49,9,0.478731,0.0000,0.098200,0
340,942.29,9,0.465508,0.0000,0.095200,0
341,941.50,9,0.433562,0.0000,0.087200,0
342,941.30,9,0.425141,0.0000,0.097000,0
343,940.97,9,0.425401,0.0000,0.100300,0
344,940.31,9,0.420098,0.0000,0.089800,0
345,939.98,9,0.383209,0.0000,0.090600,0
346,939.45,9,0.358184,0.0000,0.096900,0
347,939.32,9,0.324317,0.0000,0.095300,0
348,938.52,9,0.247989,0.0000,0.096300,0
349,938.46,9,0.188566,0.0000,0.093900,0
350,938.39,17,0.136737,0.0000,0.045000,0
351,937.47,17,0.094824,0.0000,0.043300,0
352,937.40,17,0.077573,0.0000,0.045700,0
353,935.48,17,0.072603,0.0000,0.045900,0
354,935.42,17,0.069145,0.0000,0.045700,0
355,934.49,17,0.071408,0.0000,0.043300,0
356,934.42,17,0.070728,0.0000,0.047800,0
357,933.76,17,0.072364,0.0000,0.041200,0
358,933.43,17,0.075825,0.0000,0.045800,0
359,932.84,17,0.083269,0.0000,0.041900,0
360,932.44,17,0.088530,0.0000,0.045500,0
361,931.51,17,0.095686,0.0000,0.043100,0
362,931.45,17,0.096731,0.0000,0.042300,0
363,930.52,17,0.096404,0.0000,0.045000,0
364,929.59,17,0.098511,0.0000,0.047200,0
365,929.46,17,0.098402,0.0000,0.046800,0
366,928.54,17,0.097919,0.0000,0.048500,0
367,928.54,17,0.094901,0.2000,0.046800,0
368,927.48,17,0.086695,0.0000,0.045600,0
369,927.48,17,0.091816,0.0000,0.046100,0
370,926.49,17,0.086703,0.0000,0.048900,0
371,926.42,17,0.085047,0.0000,0.045100,0
372,925.49,17,0.087617,0.0000,0.047000,0
373,925.43,17,0.085546,0.0000,0.045500,0
374,924.90,17,0.086207,0.0000,0.045300,0
375,924.50,17,0.085242,0.0000,0.045700,0
376,924.24,17,0.085559,0.0000,0.044300,0
377,923.84,17,0.086538,0.0000,0.043100,0
378,923.58,17,0.086634,0.0000,0.047400,0
379,923.25,17,0.089675,0.0000,0.043500,0
380,922.52,17,0.098644,0.0000,0.044900,0
381,922.25,17,0.102995,0.0000,0.048000,0
382,921.79,17,0.106238,0.0000,0.042800,0
383,921.46,17,0.110465,0.0000,0.044900,0
384,921.26,17,0.114537,0.0000,0.047000,0
385,920.53,17,0.119827,0.0000,0.045400,0
386,920.27,17,0.124312,0.0000,0.047100,0
387,919.48,17,0.128279,0.0000,0.050500,0
388,918.55,17,0.132586,0.0000,0.043600,0
389,918.29,17,0.135661,0.0000,0.044300,0
390,917.56,17,0.140047,0.0000,0.048300,0
391,917.56,17,0.142203,0.0000,0.044800,0
392,916.57,17,0.147590,0.0000,0.045000,0
393,915.90,17,0.145256,0.0000,0.042300,0
394,915.57,17,0.145079,0.0000,0.046800,0
395,914.65,17,0.150580,0.0000,0.043000,0
396,914.38,17,0.152867,0.0000,0.048900,0
397,913.59,17,0.161251,0.0000,0.043600,0
398,913.39,17,0.160302,0.0000,0.049300,0
399,912.93,17,0.157513,0.0000,0.049500,0
400,912.60,17,0.151163,0.0000,0.043500,0
401,912.13,17,0.155009,0.0000,0.044700,0
402,911.87,17,0.156097,0.0000,0.044100,0
403,911.61,17,0.151453,0.0000,0.045600,0
404,911.41,17,0.147818,0.0000,0.046700,0
405,910.61,17,0.137531,0.0000,0.042400,0
406,910.42,17,0.128367,0.0000,0.047200,0
407,909.62,17,0.130079,0.0000,0.045300,0
408,908.89,17,0.127071,0.0000,0.046600,0
409,908.70,17,0.127914,0.0000,0.048000,0
410,908.23,17,0.135151,0.0000,0.046600,0
411,907.77,17,0.139385,0.0000,0.047900,0
412,907.70,17,0.146633,0.0000,0.045800,0
413,906.71,17,0.157685,0.0000,0.041800,0
414,905.92,17,0.167728,0.0000,0.047000,0
415,905.52,9,0.174432,0.0000,0.094000,0
416,904.73,9,0.185426,0.0000,0.090600,0
417,904.07,9,0.196673,0.0000,0.092100,0
418,903.54,9,0.200907,0.0000,0.092300,0
419,903.14,9,0.202310,0.2000,0.092100,0
420,902.55,9,0.202327,0.0000,0.096600,0
421,902.28,9,0.199782,0.0000,0.089400,0
422,902.15,9,0.191388,0.0000,0.096100,0
423,901.55,9,0.185226,0.0000,0.091900,0
424,901.09,17,0.152494,0.0000,0.046800,0
425,901.02,17,0.118041,0.0000,0.046700,0
426,900.50,17,0.102435,0.0000,0.043600,0
427,900.10,17,0.100372,0.0000,0.046500,0
428,899.90,17,0.098146,0.0000,0.041500,0
429,899.57,17,0.097095,0.0000,0.043600,0
430,899.11,17,0.094986,0.0000,0.045000,0
431,898.84,17,0.092260,0.0000,0.042300,0
432,898.05,17,0.091828,0.0000,0.044300,0
433,897.85,17,0.094315,0.0000,0.044200,0
434,896.92,17,0.107774,0.0000,0.045800,0
435,896.66,17,0.118550,0.0000,0.044800,0
436,896.13,17,0.134840,0.0000,0.046800,0
437,895.87,17,0.149252,0.0000,0.048500,0
438,895.67,17,0.162606,0.0000,0.048300,0
439,895.07,9,0.174980,0.0000,0.091400,0
440,894.87,9,0.182765,0.0000,0.092900,0
441,894.15,9,0.189921,0.0000,0.093900,0
442,893.95,9,0.195923,0.0000,0.098700,0
443,893.88,9,0.197611,0.0000,0.091600,0
444,893.15,9,0.199581,0.0000,0.088600,0
445,892.69,9,0.198078,0.0000,0.096600,0
446,891.70,9,0.195903,0.0000,0.094000,0
447,891.17,9,0.194545,0.0000,0.097300,0
448,890.97,9,0.192720,0.0000,0.097900,0
449,890.18,9,0.190003,0.0000,0.090700,0
450,889.19,9,0.183954,0.0000,0.095400,0
451,888.99,9,0.182312,0.0000,0.089000,0
452,888.06,9,0.177300,0.0000,0.092700,0
453,887.53,17,0.170805,0.0000,0.046200,0
454,887.14,17,0.165054,0.0000,0.044200,0
455,886.81,17,0.159562,0.0000,0.045600,0
456,886.54,17,0.152540,0.0000,0.046600,0
457,886.21,17,0.147084,0.0000,0.044600,0
458,885.55,17,0.145933,0.0000,0.046200,0
459,885.48,17,0.142249,0.0000,0.045700,0
460,885.35,17,0.137707,0.0000,0.045900,0
461,884.82,17,0.139491,0.0000,0.043300,0
462,884.23,17,0.128411,0.0000,0.045200,0
463,883.50,17,0.118722,0.0000,0.047100,0
464,883.23,17,0.110345,0.0000,0.041500,0
465,883.17,17,0.102302,0.0000,0.047500,0
466,882.51,17,0.098110,0.0000,0.045800,0
467,882.18,17,0.096266,0.0000,0.045900,0
468,881.85,17,0.090769,0.0000,0.043900,0
469,881.45,17,0.087130,0.0000,0.043000,0
470,881.18,17,0.080055,0.2000,0.046000,0
471,880.46,17,0.071550,0.0000,0.047300,0
472,879.47,17,0.061684,0.0000,0.046600,0
473,879.33,17,0.050853,0.0000,0.044900,0
474,878.47,17,0.044183,0.0000,0.045500,0
475,878.27,17,0.035859,0.0000,0.046900,0
476,878.14,17,0.024759,0.0000,0.043200,0
477,877.48,17,0.019982,0.2000,0.045000,0
478,877.22,17,0.011370,0.0000,0.042800,0
479,876.95,17,0.004624,0.0000,0.046700,0
480,876.49,17,0.004506,0.0000,0.046900,0
481,876.16,17,0.012229,0.0000,0.042800,0
482,875.50,17,0.018305,0.0000,0.041500,0
483,875.17,17,0.028773,0.0000,0.044400,0
484,874.51,17,0.035145,0.0000,0.044900,0
485,874.17,17,0.044102,0.0000,0.046800,0
486,873.45,17,0.049537,0.0000,0.045500,0
487,873.18,3,0.064306,0.0000,0.029500,0
488,873.18,3,0.057030,0.0000,0.027400,0
489,872.46,3,0.066861,0.0000,0.027400,0
490,872.26,3,0.071858,0.0000,0.027200,0
491,871.93,3,0.078103,0.0000,0.027800,0
492,871.46,3,0.084465,0.0000,0.032500,0
493,871.27,3,0.090170,0.0000,0.027700,0
494,870.54,3,0.096409,0.0000,0.027500,0
495,870.47,3,0.101254,0.0000,0.026800,0
496,870.27,3,0.102997,0.0000,0.028600,0
497,869.48,3,0.100125,0.0000,0.027400,0
498,869.28,3,0.088951,0.0000,0.028200,0
499,868.42,3,0.074616,0.0000,0.029000,0
500,868.29,17,0.052245,0.0000,0.045100,0
501,867.89,17,0.017967,0.0000,0.046600,0
502,867.76,17,0.040108,0.0000,0.045200,0
503,867.10,17,0.089315,0.0000,0.042000,0
504,866.83,17,0.128295,0.0000,0.049300,0
505,866.77,17,0.149181,0.0000,0.042900,0
506,866.31,17,0.169837,0.0000,0.045300,0
507,865.78,9,0.175538,0.0000,0.094200,0
508,865.51,9,0.180066,0.0000,0.090600,0
509,865.17,11,2.145625,0.0000,0.228000,0
510,865.08,11,1.542854,0.0000,0.234500,0
511,864.50,2,1.699016,0.2000,0.395500,0
512,864.42,2,1.801073,0.6000,0.409800,0
513,864.08,2,1.890035,0.0000,0.396300,0
514,863.75,2,1.958006,0.2000,0.393900,0
515,863.42,2,2.064741,0.6000,0.388900,0
516,863.33,2,2.256819,0.0000,0.399100,0
517,863.33,2,2.130958,0.4000,0.400200,0
518,863.33,2,2.180024,0.0000,0.400000,0
519,863.33,2,2.215875,0.4000,0.405200,0
520,858.44,2,2.218327,0.0000,0.402900,0
521,858.44,2,2.185158,0.2000,0.404000,0
522,857.45,2,2.153523,0.2000,0.401400,0
523,857.25,2,2.119189,0.6000,0.396400,0
524,856.78,2,2.074121,0.0000,0.389700,0
525,856.45,2,2.031587,0.4000,0.400900,0
526,855.92,2,1.955488,0.2000,0.396100,0
527,855.46,2,1.879635,0.0000,0.392800,0
528,854.87,2,1.807429,0.0000,0.405600,0
529,854.80,2,1.737042,0.0000,0.405400,0
530,854.47,11,1.635037,0.0000,0.224100,0
531,853.54,11,1.536486,0.0000,0.226600,0
532,853.28,11,1.430059,0.0000,0.225400,0
533,852.75,11,1.331548,0.0000,0.233600,0
534,851.82,11,1.242111,0.0000,0.228500,0
535,851.56,11,1.173465,0.0000,0.229000,0
536,850.57,11,1.120263,0.2000,0.237200,0
537,850.37,11,1.058250,0.0000,0.233600,0
538,849.78,11,1.010933,0.0000,0.233400,0
539,849.58,11,1.005489,0.0000,0.233000,0
540,848.59,11,1.002071,0.0000,0.228200,0
541,848.39,11,1.025442,0.0000,0.235100,0
542,847.39,11,1.067362,0.0000,0.229700,0
543,846.87,11,1.104808,0.0000,0.230100,0
544,846.60,11,1.109009,0.0000,0.232400,0
545,846.60,11,1.149077,0.0000,0.225900,0
546,845.74,11,1.185644,0.0000,0.225900,0
547,845.41,11,1.215206,0.0000,0.225800,0
548,844.42,11,1.203867,0.0000,0.228000,0
549,844.16,9,0.703888,0.0000,0.096500,0
550,843.76,9,0.220148,0.0000,0.095100,0
551,843.23,9,0.214408,0.0000,0.095900,0
552,842.70,9,0.218010,0.0000,0.100100,0
553,842.11,9,0.221272,0.0000,0.094500,0
554,841.71,9,0.228506,0.0000,0.096200,0
555,841.18,9,0.236829,0.0000,0.089400,0
556,841.11,9,0.241028,0.0000,0.093500,0
557,840.92,9,0.244344,0.0000,0.096200,0
558,840.06,9,0.256473,0.2000,0.094400,0
559,839.86,9,0.271158,0.0000,0.093700,0
560,839.79,9,0.285858,0.0000,0.097100,0
561,839.06,9,0.295377,0.0000,0.096000,0
562,838.54,9,0.305995,0.0000,0.091600,0
563,838.07,9,0.302539,0.0000,0.090400,0
564,837.54,9,0.306438,0.0000,0.095000,0
565,836.88,9,0.299342,0.0000,0.105800,0
566,836.75,9,0.298685,0.0000,0.092000,0
567,835.56,9,0.297933,0.0000,0.089800,0
568,835.30,9,0.291193,0.0000,0.096500,0
569,831.92,9,0.292311,0.0000,0.093500,0
570,831.39,9,0.293788,0.0000,0.094000,0
571,830.67,9,0.293664,0.0000,0.094000,0
572,829.68,9,0.295002,0.0000,0.091300,0
573,829.35,9,0.298605,0.0000,0.101400,0
574,828.88,9,0.305990,0.0000,0.094700,0
575,828.22,9,0.306760,0.0000,0.092000,0
576,827.43,9,0.310980,0.0000,0.099500,0
577,827.10,9,0.310286,0.0000,0.093400,0
578,826.70,9,0.311571,0.0000,0.093900,0
579,826.17,9,0.303665,0.0000,0.095500,0
580,825.77,9,0.296248,0.0000,0.089500,0
581,825.18,9,0.292352,0.0000,0.096000,0
582,825.05,9,0.290090,0.0000,0.095600,0
583,824.72,9,0.278715,0.0000,0.095300,0
584,824.19,9,0.274606,0.0000,0.093200,0
585,823.33,9,0.270672,0.0000,0.091400,0
586,823.20,9,0.260941,0.0000,0.093200,0
587,822.20,9,0.245660,0.0000,0.092200,0
588,822.14,9,0.241309,0.0000,0.093600,0
589,822.07,9,0.234912,0.0000,0.092700,0
590,821.15,9,0.240092,0.0000,0.093100,0
591,821.08,9,0.298242,0.0000,0.097000,0
592,820.49,9,0.417969,0.0000,0.098200,0
593,820.09,5,0.561707,0.0000,0.149500,0
594,819.82,5,0.713718,0.0000,0.162600,0
595,819.49,5,0.820085,0.0000,0.157000,0
596,819.23,5,0.927838,0.0000,0.151500,0
597,819.10,11,1.022083,0.0000,0.229700,0
598,818.50,11,1.123633,0.0000,0.225800,0
599,818.11,11,1.122217,0.0000,0.227600,0
600,817.51,11,1.121884,0.0000,0.230400,0
601,817.25,11,1.109219,0.0000,0.227100,0
602,817.11,11,1.095394,0.0000,0.225900,0
603,816.59,11,1.071081,0.0000,0.228500,0
604,816.19,11,1.018068,0.0000,0.233300,0
605,815.59,5,0.940153,0.0000,0.172100,0
606,815.26,5,0.837367,0.0000,0.157800,0
607,814.87,5,0.749729,0.0000,0.151600,0
608,814.60,5,0.682376,0.0000,0.159400,0
609,813.48,5,0.653854,0.0000,0.156900,0
610,813.15,5,0.625260,0.0000,0.160100,0
611,812.49,5,0.621853,0.0000,0.159700,0
612,812.22,5,0.607358,0.0000,0.158200,0
613,811.50,5,0.574379,0.0000,0.157300,0
614,811.30,5,0.545700,0.0000,0.157300,0
615,810.97,5,0.524294,0.0000,0.156600,0
616,810.97,5,0.504871,0.0000,0.162100,0
617,810.24,9,0.489035,0.0000,0.091100,0
618,809.51,9,0.473097,0.0000,0.091700,0
619,809.45,9,0.442072,0.0000,0.099100,0
620,808.98,9,0.408084,0.0000,0.096300,0
621,808.39,9,0.374152,0.0000,0.098500,0
622,808.26,9,0.353683,0.0000,0.094800,0
623,807.99,9,0.344490,0.0000,0.093800,0
624,807.20,9,0.328886,0.0000,0.089500,0
625,807.20,9,0.311226,0.0000,0.091000,0
626,807.00,9,0.295331,0.0000,0.093900,0
627,806.54,9,0.276157,0.2000,0.095800,0
628,806.21,9,0.236862,0.2000,0.096000,0
629,806.21,9,0.208177,0.0000,0.096500,0
630,805.74,17,0.172807,0.0000,0.046000,0
631,805.48,17,0.143862,0.0000,0.045500,0
632,804.75,17,0.121578,0.0000,0.044700,0
633,804.55,17,0.129485,0.0000,0.045900,0
634,804.49,17,0.122612,0.0000,0.042900,0
635,803.70,17,0.131359,0.0000,0.045800,0
636,803.30,17,0.153102,0.0000,0.043800,0
637,803.30,9,0.176838,0.0000,0.090500,0
638,802.51,9,0.224888,0.0000,0.094900,0
639,802.31,9,0.243982,0.0000,0.095200,0
640,801.84,9,0.282961,0.0000,0.096000,0
641,801.78,9,0.293741,0.0000,0.094100,0
642,801.51,9,0.337285,0.0000,0.094500,0
643,801.32,9,0.300700,0.0000,0.087900,0
644,801.12,9,0.278310,0.0000,0.092900,0
645,800.13,9,0.269453,0.0000,0.094800,0
646,800.13,9,0.275317,0.0000,0.094800,0
647,799.13,9,0.272158,0.0000,0.098000,0
648,798.47,9,0.253634,0.0000,0.091500,0
649,797.48,9,0.241508,0.0000,0.097000,0
650,797.35,9,0.232341,0.0000,0.094200,0
651,797.35,9,0.219294,0.0000,0.094200,0
652,796.49,9,0.211946,0.0000,0.095100,0
653,796.36,9,0.214521,0.0000,0.091900,0
654,795.90,9,0.211821,0.0000,0.089000,0
655,795.50,9,0.208614,0.0000,0.095300,0
656,795.17,9,0.209275,0.0000,0.095000,0
657,794.90,9,0.202668,0.0000,0.096600,0
658,794.51,9,0.196217,0.2000,0.092900,0
659,794.44,9,0.190121,0.0000,0.095000,0
660,793.58,9,0.189441,0.0000,0.090700,0
661,793.45,9,0.182487,0.0000,0.089200,0
662,793.45,9,0.176241,0.0000,0.090600,0
663,792.52,9,0.187955,0.0000,0.094800,0
664,792.26,9,0.189990,0.0000,0.096700,0
665,792.26,9,0.196101,0.0000,0.094400,0
666,791.53,9,0.195322,0.0000,0.092400,0
667,791.47,9,0.190190,0.0000,0.095200,0
668,790.94,17,0.169172,0.0000,0.045500,0
669,790.61,17,0.155489,0.0000,0.044700,0
670,789.81,17,0.131581,0.0000,0.044800,0
671,789.55,17,0.108626,0.0000,0.043600,0
672,788.56,17,0.105788,0.0000,0.041200,0
673,788.29,17,0.108268,0.0000,0.044000,0
674,787.50,17,0.118039,0.0000,0.044400,0
675,787.30,17,0.126952,0.0000,0.042800,0
676,786.58,17,0.132200,0.0000,0.044800,0
677,786.31,17,0.142655,0.0000,0.043400,0
678,786.31,17,0.136682,0.0000,0.043000,0
679,785.58,17,0.152692,0.0000,0.046500,0
680,784.79,9,0.174079,0.0000,0.093200,0
681,784.79,9,0.197667,0.0000,0.087600,0
682,784.59,9,0.213388,0.0000,0.090400,0
683,783.60,9,0.242484,0.0000,0.090600,0
684,783.60,9,0.262127,0.0000,0.092900,0
685,782.61,9,0.280847,0.0000,0.094300,0
686,782.41,9,0.289746,0.0000,0.094000,0
687,782.41,9,0.296154,0.0000,0.093200,0
688,781.62,9,0.313809,0.0000,0.092100,0
689,781.16,9,0.327102,0.0000,0.096400,0
690,781.09,9,0.323877,0.0000,0.092200,0
691,780.10,9,0.292289,0.0000,0.101800,0
692,779.83,9,0.276944,0.0000,0.094900,0
693,779.44,9,0.253520,0.0000,0.100600,0
694,779.11,9,0.221540,0.0000,0.095600,0
695,778.65,9,0.212541,0.0000,0.093400,0
696,778.45,9,0.185837,0.0000,0.091900,0
697,778.12,9,0.173585,0.0000,0.096300,0
698,777.46,9,0.182520,0.0000,0.093300,0
699,777.46,9,0.179924,0.0000,0.088300,0
700,776.66,9,0.178155,0.0000,0.092300,0
701,776.46,17,0.169275,0.0000,0.042600,0
702,775.80,17,0.161292,0.0000,0.043800,0
703,775.47,17,0.148421,0.0000,0.045900,0
704,774.75,17,0.146152,0.0000,0.048300,0
705,774.75,17,0.143980,0.0000,0.043700,0
706,774.08,17,0.142104,0.0000,0.047500,0
707,773.42,17,0.147997,0.0000,0.050300,0
708,773.23,17,0.150174,0.0000,0.043700,0
709,773.23,17,0.148983,0.0000,0.044100,0
710,772.96,17,0.143751,0.0000,0.047100,0
711,772.23,17,0.144087,0.0000,0.045000,0
712,771.57,17,0.144774,0.0000,0.048400,0
713,771.24,17,0.144937,0.0000,0.043600,0
714,770.58,17,0.151972,0.0000,0.043800,0
715,770.19,17,0.156548,0.0000,0.043800,0
716,770.05,17,0.159135,0.0000,0.042700,0
717,769.59,17,0.163672,0.0000,0.045100,0
718,769.06,17,0.164045,0.0000,0.043000,0
719,768.93,17,0.163157,0.0000,0.047200,0
720,768.47,17,0.166364,0.0000,0.044400,0
721,768.27,17,0.167932,0.0000,0.047300,0
722,767.61,17,0.171156,0.0000,0.045600,0
723,767.48,9,0.179172,0.0000,0.097200,0
724,767.15,9,0.186354,0.0000,0.092100,0
725,766.82,9,0.189186,0.0000,0.089200,0
726,766.22,9,0.191830,0.0000,0.095600,0
727,766.22,9,0.192705,0.0000,0.091600,0
728,765.56,9,0.189191,0.0000,0.092800,0
729,765.16,9,0.184068,0.0000,0.099600,0
730,765.16,9,0.176842,0.0000,0.095600,0
731,764.50,17,0.170489,0.0000,0.044600,0
732,764.17,17,0.156246,0.0000,0.043600,0
733,763.97,17,0.149180,0.0000,0.044300,0
734,763.97,17,0.150562,0.0000,0.045900,0
735,763.11,17,0.157744,0.0000,0.043800,0
736,762.45,17,0.159040,0.0000,0.046100,0
737,762.12,17,0.154005,0.0000,0.046600,0
738,762.12,17,0.156524,0.0000,0.043200,0
739,761.73,17,0.159292,0.0000,0.042400,0
740,761.13,17,0.157467,0.0000,0.049700,0
741,761.00,17,0.155628,0.0000,0.045600,0
742,760.47,17,0.157666,0.0000,0.047900,0
743,760.14,17,0.155914,0.0000,0.045900,0
744,759.55,17,0.162313,0.0000,0.049800,0
745,759.55,17,0.164766,0.0000,0.041700,0
746,759.08,17,0.167326,0.0000,0.044800,0
747,758.42,17,0.166223,0.0000,0.044900,0
748,758.16,17,0.163847,0.0000,0.042000,0
749,758.16,17,0.159642,0.0000,0.044200,0
750,757.43,17,0.151900,0.0000,0.048000,0
751,757.17,17,0.138854,0.0000,0.044400,0
752,756.51,17,0.119992,0.0000,0.042600,0
753,756.44,17,0.090593,0.0000,0.042700,0
754,756.24,17,0.069538,0.0000,0.051400,0
755,755.45,17,0.057598,0.0000,0.045000,0
756,755.38,17,0.044962,0.0000,0.047400,0
757,755.12,17,0.036542,0.0000,0.046800,0
758,754.46,17,0.030999,0.0000,0.043300,0
759,754.19,17,0.022192,0.0000,0.043700,0
760,754.13,17,0.010808,0.0000,0.045000,0
761,753.47,17,0.007224,0.0000,0.046600,0
762,753.14,17,0.001701,0.0000,0.043600,0
763,753.07,17,0.003146,0.0000,0.048400,0
764,752.54,17,0.005474,0.0000,0.046400,0
765,752.14,17,0.006954,0.0000,0.043400,0
766,751.88,17,0.011414,0.0000,0.049000,0
767,751.42,17,0.010754,0.0000,0.045200,0
768,750.23,17,0.004354,0.0000,0.045300,0
769,749.90,17,0.002877,0.0000,0.045500,0
770,749.57,17,0.007550,0.0000,0.043300,0
771,748.51,17,0.012033,0.0000,0.041800,0
772,748.44,17,0.027110,0.0000,0.048900,0
773,748.25,17,0.039333,0.0000,0.042300,0
774,747.52,17,0.046479,0.0000,0.044200,0
775,746.92,17,0.053668,0.0000,0.045700,0
776,746.40,3,0.055270,0.0000,0.028300,0
777,745.67,3,0.056219,0.0000,0.029500,0
778,745.40,17,0.045076,0.0000,0.045000,0
779,745.27,17,0.021990,0.0000,0.045500,0
780,744.41,17,0.019260,0.0000,0.043100,0
781,744.28,17,0.017081,0.0000,0.049800,0
782,744.28,17,0.014295,0.0000,0.046600,0
783,743.42,17,0.044766,0.0000,0.043900,0
784,743.29,17,0.109007,0.0000,0.045800,0
785,743.29,9,0.189593,0.0000,0.093000,0
786,742.56,9,0.259250,0.0000,0.095500,0
787,742.43,9,0.333626,0.0000,0.097700,0
788,742.30,9,0.440452,0.0000,0.094600,0
789,741.44,5,0.564601,0.0000,0.153100,0
790,741.37,5,0.707461,0.0000,0.161600,0
791,741.37,5,0.820009,0.0000,0.156800,0
792,740.45,5,0.912621,0.0000,0.160600,0
793,740.18,11,1.013033,0.0000,0.228900,0
794,740.18,11,1.097430,0.0000,0.232400,0
795,739.46,11,1.097084,0.0000,0.224800,0
796,739.39,11,1.092569,0.0000,0.221700,0
797,738.80,11,1.080373,0.0000,0.229200,0
798,738.40,11,0.981830,0.0000,0.231600,0
799,738.33,5,0.892372,0.0000,0.154800,0
800,737.54,5,0.831103,0.0000,0.156500,0
801,737.54,5,0.761881,0.0000,0.161600,0
802,737.08,5,0.702162,0.0000,0.158800,0
803,736.42,5,0.648020,0.0000,0.155300,0
804,736.42,5,0.602247,0.0000,0.157600,0
805,735.56,5,0.569166,0.0000,0.163000,0
806,735.10,5,0.542622,0.0000,0.156600,0
807,734.83,5,0.517495,0.0000,0.155600,0
808,734.50,9,0.493991,0.0000,0.097400,0
809,733.58,9,0.470041,0.0000,0.095500,0
810,733.51,9,0.457329,0.0000,0.093800,0
811,732.58,9,0.455732,0.2000,0.091500,0
812,732.45,9,0.428607,0.0000,0.091500,0
813,732.45,9,0.440427,0.0000,0.095500,0
814,731.59,9,0.416188,0.0000,0.092000,0
815,731.20,9,0.386701,0.0000,0.096100,0
816,730.54,9,0.377946,0.0000,0.090800,0
817,730.47,9,0.362395,0.0000,0.091700,0
818,729.88,9,0.341231,0.2000,0.102500,0
819,729.48,9,0.328560,0.0000,0.091500,0
820,729.21,9,0.310536,0.0000,0.096500,0
821,728.55,9,0.272869,0.0000,0.092700,0
822,728.55,9,0.280483,0.0000,0.099100,0
823,728.22,9,0.266977,0.0000,0.092500,0
824,727.63,9,0.258529,0.0000,0.096000,0
825,726.84,9,0.258089,0.0000,0.090100,0
826,726.64,9,0.251163,0.0000,0.094200,0
827,726.24,9,0.247601,0.0000,0.099000,0
828,725.65,9,0.249240,0.0000,0.094900,0
829,725.65,9,0.243415,0.0000,0.091600,0
830,724.59,9,0.241703,0.0000,0.097600,0
831,724.59,9,0.246692,0.0000,0.093500,0
832,723.60,9,0.237844,0.0000,0.093600,0
833,723.27,9,0.241393,0.0000,0.092700,0
834,723.27,9,0.237471,0.0000,0.093500,0
835,722.61,9,0.242394,0.0000,0.097500,0
836,721.88,9,0.252819,0.0000,0.094900,0
837,721.68,9,0.263390,0.0000,0.087000,0
838,721.02,9,0.254491,0.0000,0.091100,0
839,720.76,9,0.256404,0.2000,0.095600,0
840,720.36,9,0.246986,0.0000,0.096300,0
841,719.70,9,0.244753,0.0000,0.093700,0
842,719.70,9,0.245714,0.0000,0.095300,0
843,719.37,9,0.239079,0.0000,0.095800,0
844,718.71,9,0.237611,0.0000,0.092100,0
845,718.38,9,0.232191,0.0000,0.090600,0
846,718.38,9,0.232381,0.0000,0.093000,0
847,717.72,9,0.235226,0.0000,0.097300,0
848,717.72,9,0.237153,0.0000,0.092200,0
849,716.73,9,0.245796,0.0000,0.096900,0
850,716.40,9,0.247634,0.0000,0.098000,0
851,716.13,9,0.256840,0.0000,0.087100,0
852,715.74,9,0.264979,0.0000,0.099300,0
853,715.14,9,0.275981,0.0000,0.091800,0
854,715.14,9,0.281232,0.0000,0.087700,0
855,714.75,9,0.287131,0.0000,0.094800,0
856,714.08,9,0.289306,0.0000,0.087600,0
857,713.89,9,0.286981,0.0000,0.095400,0
858,713.42,9,0.281584,0.0000,0.093600,0
859,713.23,9,0.264767,0.0000,0.094400,0
860,712.76,9,0.242788,0.0000,0.090400,0
861,712.76,9,0.258689,0.0000,0.092900,0
862,712.04,9,0.238794,0.0000,0.098100,0
863,711.77,9,0.238803,0.0000,0.099600,0
864,711.18,9,0.233032,0.0000,0.093400,0
865,711.18,9,0.224981,0.0000,0.098500,0
866,710.78,9,0.221086,0.0000,0.092000,0
867,710.19,9,0.221362,0.0000,0.095500,0
868,709.86,9,0.223827,0.0000,0.090200,0
869,709.53,9,0.220585,0.0000,0.092300,0
870,709.20,9,0.231452,0.0000,0.093800,0
871,708.80,9,0.229116,0.0000,0.094800,0
872,708.53,9,0.230221,0.0000,0.097800,0
873,707.54,9,0.230401,0.0000,0.090100,0
874,707.54,9,0.229619,0.0000,0.095100,0
875,707.08,9,0.216237,0.0000,0.093600,0
876,706.55,9,0.200355,0.0000,0.092200,0
877,706.22,9,0.212102,0.0000,0.095200,0
878,706.09,9,0.223504,0.0000,0.095900,0
879,705.56,9,0.240540,0.0000,0.096400,0
880,705.10,9,0.281901,0.0000,0.091900,0
881,704.90,9,0.318656,0.0000,0.099000,0
882,704.57,9,0.392253,0.0000,0.091700,0
883,704.11,9,0.417052,0.2000,0.095500,0
884,703.91,9,0.452116,0.0000,0.098600,0
885,703.18,9,0.455733,0.2000,0.099600,0
886,703.05,9,0.461154,0.0000,0.093800,0
887,702.59,9,0.471308,0.0000,0.093600,0
888,702.13,9,0.481401,0.0000,0.095300,0
889,701.93,9,0.463108,0.0000,0.093800,0
890,701.93,9,0.435577,0.0000,0.093300,0
891,701.14,9,0.437434,0.0000,0.097500,0
892,700.94,9,0.429193,0.0000,0.097900,0
893,700.21,9,0.430694,0.0000,0.092700,0
894,700.08,9,0.434961,0.0000,0.097900,0
895,699.42,9,0.424223,0.0000,0.093600,0
896,699.09,9,0.398213,0.0000,0.100100,0
897,699.02,9,0.381729,0.0000,0.097600,0
898,699.02,9,0.388700,0.0000,0.094900,0
899,698.10,9,0.402845,0.0000,0.100600,0
900,697.96,9,0.430487,0.0000,0.090500,0
901,697.70,9,0.477610,0.0000,0.092600,0
902,697.37,5,0.553626,0.0000,0.157500,0
903,696.38,5,0.636168,0.0000,0.156800,0
904,696.25,5,0.728959,0.0000,0.157400,0
905,696.05,5,0.776354,0.0000,0.156100,0
906,695.45,5,0.797723,0.0000,0.154900,0
907,695.06,5,0.809959,0.0000,0.161300,0
908,694.99,5,0.822387,0.0000,0.163900,0
909,694.46,5,0.842998,0.0000,0.160400,0
910,694.13,5,0.860082,0.2000,0.153400,0
911,693.74,5,0.864843,0.0000,0.158900,0
912,693.74,5,0.880077,0.0000,0.155500,0
913,693.14,5,0.822959,0.0000,0.168100,0
914,692.48,5,0.758610,0.0000,0.154900,0
915,692.35,5,0.693152,0.0000,0.159300,0
916,692.09,5,0.604691,0.0000,0.157800,0
917,691.75,9,0.472466,0.0000,0.090200,0
918,691.16,9,0.338148,0.0000,0.093600,0
919,691.16,9,0.352336,0.0000,0.091100,0
920,690.24,9,0.391545,0.0000,0.090400,0
921,690.10,9,0.457325,0.0000,0.092200,0
922,689.51,5,0.511397,0.0000,0.159300,0
923,689.11,5,0.548723,0.0000,0.156300,0
924,688.52,5,0.583109,0.0000,0.154600,0
925,688.45,5,0.578190,0.0000,0.162600,0
926,688.12,5,0.566941,0.0000,0.155400,0
927,687.46,5,0.554105,0.0000,0.159200,0
928,687.26,9,0.494662,0.0000,0.093700,0
929,687.26,5,0.534614,0.0000,0.159400,0
930,686.21,9,0.452980,0.0000,0.093300,0
931,686.21,9,0.412898,0.0000,0.092800,0
932,685.28,9,0.388024,0.0000,0.089400,0
933,684.88,9,0.369095,0.4000,0.096400,0
934,684.88,9,0.347663,0.0000,0.089000,0
935,684.29,9,0.329159,0.0000,0.097000,0
936,683.56,9,0.309841,0.0000,0.096100,0
937,683.56,9,0.286108,0.0000,0.090300,0
938,683.23,9,0.265072,0.0000,0.094200,0
939,682.37,9,0.246740,0.0000,0.097300,0
940,682.24,9,0.206068,0.0000,0.095000,0
941,682.24,9,0.226010,0.0000,0.093600,0
942,681.38,9,0.195817,0.0000,0.093200,0
943,681.25,9,0.186963,0.0000,0.089100,0
944,680.92,9,0.183667,0.0000,0.093000,0
945,680.39,9,0.183028,0.0000,0.098600,0
946,680.26,9,0.182548,0.0000,0.094400,0
947,678.54,9,0.195995,0.0000,0.090300,0
948,677.49,9,0.205120,0.0000,0.088900,0
949,677.35,9,0.206395,0.0000,0.093900,0
950,676.43,9,0.209659,0.0000,0.090200,0
951,676.36,9,0.199559,0.0000,0.096200,0
952,675.70,9,0.199717,0.0000,0.094000,0
953,675.44,9,0.196133,0.2000,0.094800,0
954,675.37,9,0.187077,0.0000,0.088700,0
955,674.45,9,0.179058,0.0000,0.092900,0
956,673.46,17,0.170410,0.0000,0.047600,0
957,673.06,17,0.161821,0.0000,0.049700,0
958,672.47,17,0.155870,0.0000,0.047600,0
959,671.54,17,0.153191,0.0000,0.049000,0
960,671.41,17,0.147316,0.0000,0.046500,0
961,670.42,17,0.144748,0.0000,0.046700,0
962,670.42,17,0.154307,0.0000,0.043700,0
963,669.56,17,0.151525,0.0000,0.045700,0
964,669.56,17,0.150571,0.0000,0.046100,0
965,668.83,17,0.158036,0.0000,0.044500,0
966,668.57,17,0.152580,0.0000,0.047900,0
967,667.84,17,0.155834,0.0000,0.045100,0
968,667.51,17,0.153818,0.0000,0.045100,0
969,667.45,17,0.148493,0.0000,0.043600,0
970,666.59,17,0.147384,0.0000,0.046800,0
971,666.52,17,0.144513,0.0000,0.039900,0
972,666.46,17,0.141306,0.0000,0.046100,0
973,665.53,17,0.144521,0.0000,0.043300,0
974,665.46,17,0.141979,0.0000,0.045800,0
975,664.54,17,0.152167,0.0000,0.043900,0
976,663.88,17,0.157513,0.0000,0.043300,0
977,663.75,17,0.160546,0.0000,0.048300,0
978,663.62,17,0.166669,0.0000,0.047300,0
979,662.56,9,0.178473,0.0000,0.090700,0
980,661.57,9,0.191104,0.0000,0.096500,0
981,661.57,9,0.190560,0.0000,0.096100,0
982,660.58,9,0.203229,0.0000,0.094500,0
983,660.25,9,0.207352,0.0000,0.091300,0
984,660.25,9,0.210000,0.0000,0.095100,0
985,659.59,9,0.212446,0.0000,0.092900,0
986,658.93,9,0.211180,0.0000,0.092300,0
987,658.60,9,0.199012,0.0000,0.096700,0
988,658.27,9,0.186165,0.0000,0.092000,0
989,657.87,9,0.174811,0.0000,0.092500,0
990,657.61,17,0.155064,0.0000,0.041300,0
991,656.61,17,0.150439,0.0000,0.045100,0
992,656.61,17,0.133017,0.0000,0.045200,0
993,655.62,17,0.137788,0.0000,0.041400,0
994,655.10,17,0.140934,0.0000,0.043400,0
995,654.90,17,0.142260,0.0000,0.041300,0
996,654.70,17,0.140580,0.0000,0.042500,0
997,654.10,17,0.141368,0.0000,0.042300,0
998,653.71,17,0.141227,0.0000,0.048800,0
999,653.11,17,0.141809,0.0000,0.041800,0
1000,652.78,17,0.139604,0.0000,0.046200,0
1001,652.72,17,0.136998,0.0000,0.043600,0
1002,652.39,17,0.134791,0.0000,0.045200,0
1003,652.12,17,0.129873,0.0000,0.044700,0
1004,651.73,17,0.126371,0.0000,0.043500,0
1005,651.07,17,0.121357,0.0000,0.043600,0
1006,650.93,17,0.117670,0.0000,0.044000,0
1007,650.80,17,0.111422,0.0000,0.042900,0
1008,650.14,17,0.111351,0.0000,0.048100,0
1009,649.75,17,0.113904,0.0000,0.046700,0
1010,649.75,17,0.113725,0.0000,0.044300,0
1011,649.42,17,0.110530,0.0000,0.046000,0
1012,648.42,17,0.106316,0.0000,0.048400,0
1013,647.76,17,0.093057,0.0000,0.045900,0
1014,647.17,17,0.080379,0.0000,0.044000,0
1015,647.10,17,0.060819,0.0000,0.045200,0
1016,646.91,17,0.041707,0.0000,0.042700,0
1017,646.11,17,0.033050,0.0000,0.045700,0
1018,645.78,17,0.011621,0.0000,0.047600,0
1019,645.39,17,0.009401,0.0000,0.052500,0
1020,645.06,17,0.033355,0.0000,0.046300,0
1021,644.07,17,0.049679,0.0000,0.046400,0
1022,643.93,3,0.065236,0.0000,0.027400,0
1023,643.87,3,0.076348,0.0000,0.028300,0
1024,643.08,3,0.087825,0.0000,0.027600,0
1025,642.81,3,0.097715,0.0000,0.026800,0
1026,642.55,3,0.109630,0.0000,0.029000,0
1027,642.15,3,0.119542,0.0000,0.027800,0
1028,641.56,3,0.121373,0.0000,0.030200,0
1029,641.56,3,0.127679,0.0000,0.029400,0
1030,641.29,3,0.133562,0.0000,0.026200,0
1031,640.76,3,0.138973,0.0000,0.028500,0
1032,640.10,3,0.140041,0.0000,0.025900,0
1033,639.84,3,0.144580,0.0000,0.029900,0
1034,639.58,3,0.151995,0.0000,0.029600,0
1035,639.05,3,0.148680,0.0000,0.029400,0
1036,638.58,3,0.133994,0.0000,0.026100,0
1037,638.58,3,0.116016,0.0000,0.029700,0
1038,638.06,3,0.085602,0.0000,0.028800,0
1039,637.59,17,0.027589,0.0000,0.041900,0
1040,637.33,17,0.037751,0.0000,0.044300,0
1041,637.07,17,0.146154,0.0000,0.045300,0
1042,636.60,9,0.251375,0.0000,0.087400,0
1043,636.21,9,0.385226,0.0000,0.099100,0
1044,635.94,9,0.490972,0.0000,0.100700,0
1045,635.74,5,0.578073,0.0000,0.152500,0
1046,635.08,5,0.675415,0.0000,0.155700,0
1047,634.89,5,0.723424,0.0000,0.159600,0
1048,634.89,5,0.776635,0.0000,0.159900,0
1049,634.09,5,0.874901,0.0000,0.155800,0
1050,633.90,11,0.972986,0.0000,0.227500,0
1051,633.24,11,1.014737,0.2000,0.239400,0
1052,633.24,11,1.053814,0.0000,0.230200,0
1053,632.71,11,1.075216,0.2000,0.223100,0
1054,632.18,11,1.077817,0.2000,0.232500,0
1055,632.11,11,1.056047,0.2000,0.229500,0
1056,631.45,11,1.004921,0.0000,0.231900,0
1057,631.12,5,0.939134,0.0000,0.159800,0
1058,630.92,5,0.846511,0.0000,0.161000,0
1059,630.73,5,0.753592,0.0000,0.152800,0
1060,630.13,5,0.674028,0.0000,0.161300,0
1061,629.74,5,0.595477,0.0000,0.153700,0
1062,629.47,5,0.529640,0.0000,0.151000,0
1063,629.14,9,0.480361,0.0000,0.091400,0
1064,628.55,9,0.444975,0.0000,0.090400,0
1065,628.41,9,0.412316,0.0000,0.097100,0
1066,627.49,9,0.399899,0.0000,0.096400,0
1067,627.23,9,0.400127,0.0000,0.097700,0
1068,627.23,9,0.395164,0.0000,0.095300,0
1069,626.43,9,0.381314,0.0000,0.092300,0
1070,626.17,9,0.378384,0.0000,0.097500,0
1071,626.17,9,0.369167,0.0000,0.093500,0
1072,625.51,9,0.345500,0.0000,0.092300,0
1073,625.11,9,0.314165,0.0000,0.097000,0
1074,625.05,9,0.296802,0.0000,0.095600,0
1075,624.78,9,0.284782,0.0000,0.091000,0
1076,624.12,9,0.291638,0.0000,0.095700,0
1077,623.53,9,0.304275,0.0000,0.094500,0
1078,623.53,9,0.326589,0.0000,0.095600,0
1079,623.13,9,0.332827,0.0000,0.094800,0
1080,622.54,9,0.350640,0.0000,0.092300,0
1081,622.27,9,0.351942,0.0000,0.095300,0
1082,622.14,9,0.357330,0.0000,0.098500,0
1083,621.42,9,0.350485,0.0000,0.095000,0
1084,621.15,9,0.346018,0.0000,0.096400,0
1085,620.42,9,0.334485,0.0000,0.096400,0
1086,620.23,9,0.327781,0.0000,0.096200,0
1087,620.23,9,0.331206,0.0000,0.095800,0
1088,619.43,9,0.317311,0.0000,0.094000,0
1089,619.10,9,0.309058,0.0000,0.094400,0
1090,618.91,9,0.303856,0.0000,0.090900,0
1091,618.44,9,0.293865,0.0000,0.094700,0
1092,618.25,9,0.282122,0.2000,0.095300,0
1093,617.65,9,0.271024,0.0000,0.091300,0
1094,617.65,9,0.263040,0.0000,0.091800,0
1095,617.12,9,0.267176,0.0000,0.091900,0
1096,616.59,9,0.256031,0.0000,0.090500,0
1097,616.59,9,0.252603,0.0000,0.096500,0
1098,616.33,9,0.265554,0.0000,0.095900,0
1099,615.41,9,0.261842,0.0000,0.095200,0
1100,615.27,9,0.258010,0.0000,0.094800,0
1101,615.14,9,0.248157,0.0000,0.105400,0
1102,614.42,9,0.231639,0.0000,0.091900,0
1103,614.35,9,0.205525,0.0000,0.093100,0
1104,613.95,9,0.177261,0.0000,0.096100,0
1105,613.43,17,0.153641,0.0000,0.045000,0
1106,613.36,17,0.128529,0.0000,0.048800,0
1107,612.57,17,0.124849,0.0000,0.044800,0
1108,612.43,17,0.121858,0.0000,0.047200,0
1109,611.44,17,0.145960,0.0000,0.048600,0
1110,611.38,17,0.161013,0.2000,0.046900,0
1111,611.38,9,0.178784,0.0000,0.090200,0
1112,610.72,9,0.195451,0.0000,0.096400,0
1113,609.46,9,0.213105,0.0000,0.092100,0
1114,609.40,9,0.245265,0.0000,0.092300,0
1115,608.47,9,0.258865,0.0000,0.095900,0
1116,608.41,9,0.274441,0.0000,0.099100,0
1117,607.48,9,0.285651,0.0000,0.089800,0
1118,607.28,9,0.294960,0.0000,0.098100,0
1119,606.49,9,0.298458,0.0000,0.092600,0
1120,606.36,9,0.302957,0.2000,0.094200,0
1121,606.36,9,0.300621,0.0000,0.100000,0
1122,605.50,9,0.300190,0.0000,0.094900,0
1123,604.58,9,0.303297,0.0000,0.092200,0
1124,604.51,9,0.303454,0.0000,0.096900,0
1125,604.45,9,0.303524,0.0000,0.090300,0
1126,603.45,9,0.313410,0.0000,0.095400,0
1127,603.45,9,0.312364,0.0000,0.093900,0
1128,602.66,9,0.307875,0.0000,0.094100,0
1129,601.87,9,0.292193,0.0000,0.095900,0
1130,601.87,9,0.278718,0.0000,0.096800,0
1131,601.14,9,0.262310,0.0000,0.090300,0
1132,600.62,9,0.252611,0.0000,0.095100,0
1133,600.55,9,0.239507,0.0000,0.094900,0
1134,599.56,9,0.229387,0.0000,0.095300,0
1135,599.43,9,0.218064,0.0000,0.093200,0
1136,599.43,9,0.203771,0.2000,0.095600,0
1137,598.57,9,0.202230,0.0000,0.098000,0
1138,598.24,9,0.197438,0.0000,0.094300,0
1139,598.24,9,0.191351,0.0000,0.089700,0
1140,597.51,9,0.190375,0.0000,0.095800,0
1141,597.25,9,0.184288,0.0000,0.093500,0
1142,596.92,9,0.177967,0.0000,0.097100,0
1143,596.52,9,0.176349,0.0000,0.096800,0
1144,596.26,9,0.175462,0.0000,0.097200,0
1145,595.60,17,0.169774,0.0000,0.047800,0
1146,595.60,17,0.172391,0.0000,0.043800,0
1147,595.27,17,0.166071,0.0000,0.043400,0
1148,594.67,17,0.162638,0.0000,0.046500,0
1149,594.28,17,0.166061,0.0000,0.045200,0
1150,593.29,17,0.170551,0.2000,0.044500,0
1151,592.96,9,0.174489,0.0000,0.092400,0
1152,592.63,9,0.181607,0.0000,0.092400,0
1153,592.30,9,0.190637,0.0000,0.092800,0
1154,591.64,9,0.203002,0.0000,0.098200,0
1155,591.31,9,0.212687,0.0000,0.093500,0
1156,591.31,9,0.214770,0.0000,0.096300,0
1157,590.65,9,0.217474,0.0000,0.094100,0
1158,590.12,9,0.210179,0.0000,0.098600,0
1159,589.92,9,0.199386,0.0000,0.098100,0
1160,589.59,9,0.192262,0.2000,0.091300,0
1161,589.32,9,0.173201,0.0000,0.096300,0
1162,588.60,9,0.175706,0.0000,0.091500,0
1163,588.60,17,0.168877,0.0000,0.047600,0
1164,587.61,9,0.174178,0.0000,0.092400,0
1165,586.88,9,0.186008,0.0000,0.094900,0
1166,586.62,9,0.201233,0.0000,0.093500,0
1167,585.69,9,0.215387,0.0000,0.093600,0
1168,585.03,9,0.231251,0.0000,0.092600,0
1169,584.64,9,0.242469,0.0000,0.096800,0
1170,583.91,9,0.251480,0.0000,0.096700,0
1171,583.78,9,0.259935,0.0000,0.092700,0
1172,583.12,9,0.257936,0.0000,0.100400,0
1173,582.79,9,0.264804,0.0000,0.096400,0
1174,582.79,9,0.270696,0.0000,0.095200,0
1175,582.13,9,0.281759,0.2000,0.092200,0
1176,581.27,9,0.288647,0.0000,0.092700,0
1177,581.14,9,0.297503,0.0000,0.091700,0
1178,580.48,9,0.305204,0.0000,0.097500,0
1179,580.21,9,0.305151,0.0000,0.099600,0
1180,580.21,9,0.307169,0.0000,0.093300,0
1181,579.49,9,0.299808,0.0000,0.096000,0
1182,579.09,9,0.290302,0.0000,0.089300,0
1183,578.96,9,0.276087,0.2000,0.093300,0
1184,578.76,9,0.265535,0.0000,0.095000,0
1185,578.10,9,0.270917,0.0000,0.095400,0
1186,577.90,9,0.276673,0.2000,0.092600,0
1187,577.77,9,0.275586,0.0000,0.096800,0
1188,577.11,9,0.322837,0.0000,0.094000,0
1189,576.78,9,0.380378,0.0000,0.095900,0
1190,575.79,9,0.451670,0.0000,0.090000,0
1191,574.60,5,0.578411,0.0000,0.160000,0
1192,573.61,5,0.686134,0.0000,0.159900,0
1193,573.48,5,0.761566,0.0000,0.156600,0
1194,573.15,5,0.815739,0.0000,0.155300,0
1195,572.89,5,0.850067,0.0000,0.162300,0
1196,572.29,5,0.874556,0.0000,0.156900,0
1197,572.09,5,0.883329,0.0000,0.164900,0
1198,571.63,5,0.879929,0.0000,0.158000,0
1199,571.10,5,0.872816,0.0000,0.156200,0
1200,570.90,5,0.871098,0.0000,0.158500,0
1201,570.64,5,0.864220,0.0000,0.156700,0
1202,570.31,5,0.861731,0.0000,0.159200,0
1203,569.39,5,0.857910,0.0000,0.163600,0
1204,569.32,5,0.814475,0.0000,0.154200,0
1205,569.32,5,0.841217,0.0000,0.161900,0
1206,568.66,5,0.773833,0.0000,0.155800,0
1207,568.26,5,0.703683,0.0000,0.157600,0
1208,568.13,5,0.650262,0.0000,0.154300,0
1209,567.60,5,0.583703,0.0000,0.162100,0
1210,567.27,9,0.494056,0.0000,0.093900,0
1211,567.14,9,0.435768,0.0000,0.094700,0
1212,566.48,9,0.393228,0.0000,0.098400,0
1213,566.28,9,0.360276,0.0000,0.094100,0
1214,566.02,9,0.317978,0.0000,0.089900,0
1215,565.49,9,0.330348,0.0000,0.091500,0
1216,565.16,9,0.358228,0.0000,0.090600,0
1217,564.57,9,0.374979,0.0000,0.093000,0
1218,564.50,9,0.458890,0.0000,0.096400,0
1219,564.11,5,0.561889,0.0000,0.151000,0
1220,563.45,5,0.597122,0.0000,0.156400,0
1221,563.45,5,0.612153,0.0000,0.159300,0
1222,562.65,5,0.605777,0.0000,0.159300,0
1223,562.39,5,0.602567,0.0000,0.156300,0
1224,562.39,5,0.601495,0.0000,0.151100,0
1225,561.66,5,0.600947,0.0000,0.156700,0
1226,561.27,5,0.575895,0.0000,0.161500,0
1227,561.13,5,0.553772,0.0000,0.158600,0
1228,560.80,5,0.509378,0.0000,0.157100,0
1229,560.34,9,0.454831,0.0000,0.094700,0
1230,560.01,9,0.406675,0.0000,0.092300,0
1231,559.68,9,0.358059,0.0000,0.089700,0
1232,559.15,9,0.322301,0.0000,0.092000,0
1233,558.82,9,0.307235,0.0000,0.095800,0
1234,558.82,9,0.289731,0.0000,0.096900,0
1235,558.16,9,0.275790,0.0000,0.098200,0
1236,557.57,9,0.247809,0.0000,0.095000,0
1237,557.44,9,0.229403,0.2000,0.095300,0
1238,556.58,9,0.213089,0.0000,0.091900,0
1239,556.25,9,0.187180,0.0000,0.097200,0
1240,556.18,17,0.167596,0.0000,0.045500,0
1241,555.46,17,0.163725,0.0000,0.046500,0
1242,555.13,17,0.164496,0.0000,0.048200,0
1243,555.06,17,0.165957,0.0000,0.044400,0
1244,554.47,17,0.171380,0.0000,0.047400,0
1245,554.27,9,0.174255,0.0000,0.094100,0
1246,553.61,17,0.170865,0.0000,0.045700,0
1247,553.61,17,0.156937,0.0000,0.045900,0
1248,553.15,17,0.146662,0.0000,0.046700,0
1249,552.55,17,0.141050,0.0000,0.045400,0
1250,552.49,17,0.132690,0.0000,0.045600,0
1251,552.16,17,0.129891,0.0000,0.044400,0
1252,551.43,17,0.131679,0.0000,0.046300,0
1253,551.30,17,0.125094,0.0000,0.048700,0
1254,551.17,17,0.120731,0.0000,0.042600,0
1255,550.44,17,0.124953,0.0000,0.045200,0
1256,550.24,17,0.124726,0.0000,0.047700,0
1257,550.24,17,0.126416,0.0000,0.045600,0
1258,549.58,17,0.136118,0.0000,0.046700,0
1259,549.25,17,0.141504,0.0000,0.046800,0
1260,548.99,17,0.146648,0.0000,0.044800,0
1261,548.53,17,0.156772,0.0000,0.046000,0
1262,548.20,17,0.168948,0.0000,0.048500,0
1263,547.60,9,0.183421,0.0000,0.094600,0
1264,547.47,9,0.194462,0.0000,0.093800,0
1265,547.21,9,0.203232,0.0000,0.098200,0
1266,546.41,9,0.216289,0.0000,0.095400,0
1267,546.28,9,0.222301,0.0000,0.097700,0
1268,546.22,9,0.222739,0.0000,0.099400,0
1269,545.42,9,0.226102,0.2000,0.098000,0
1270,545.23,9,0.226845,0.0000,0.095300,0
1271,545.03,9,0.225658,0.0000,0.095800,0
1272,544.43,9,0.223369,0.0000,0.094800,0
1273,544.24,9,0.213343,0.0000,0.096500,0
1274,543.51,9,0.204200,0.0000,0.096900,0
1275,543.44,9,0.190181,0.0000,0.093400,0
1276,542.59,9,0.178453,0.0000,0.090600,0
1277,542.45,17,0.158782,0.0000,0.045300,0
1278,542.32,17,0.138953,0.0000,0.043800,0
1279,541.60,17,0.124715,0.0000,0.045800,0
1280,541.33,17,0.109469,0.0000,0.043000,0
1281,541.33,17,0.096459,0.0000,0.046700,0
1282,540.54,17,0.101207,0.0000,0.046200,0
1283,540.34,17,0.094855,0.0000,0.042900,0
1284,539.55,17,0.093945,0.0000,0.043100,0
1285,539.55,17,0.086561,0.0000,0.049100,0
1286,539.42,17,0.081912,0.0000,0.043100,0
1287,538.82,17,0.083125,0.0000,0.042800,0
1288,538.56,17,0.082066,0.0000,0.045500,0
1289,538.56,17,0.084203,0.0000,0.043900,0
1290,537.64,17,0.088573,0.0000,0.043400,0
1291,537.64,17,0.089557,0.0000,0.045400,0
1292,536.58,17,0.101753,0.0000,0.044300,0
1293,536.45,17,0.103683,0.0000,0.046600,0
1294,536.38,17,0.105927,0.0000,0.047100,0
1295,535.59,17,0.111097,0.0000,0.045800,0
1296,535.39,17,0.119773,0.0000,0.047900,0
1297,535.39,17,0.123465,0.0000,0.051400,0
1298,534.47,17,0.134111,0.0000,0.042600,0
1299,534.40,17,0.137954,0.0000,0.046100,0
1300,534.20,17,0.142753,0.0000,0.045800,0
1301,533.48,17,0.152540,0.0000,0.045500,0
1302,533.41,17,0.155578,0.0000,0.042100,0
1303,532.49,17,0.164740,0.2000,0.044100,0
1304,532.22,17,0.165532,0.0000,0.044700,0
1305,531.50,17,0.169532,0.0000,0.044600,0
1306,531.23,17,0.160650,0.0000,0.046300,0
1307,531.23,17,0.165714,0.0000,0.045600,0
1308,530.51,17,0.163905,0.2000,0.041700,0
1309,530.44,17,0.154654,0.0000,0.043400,0
1310,529.98,17,0.148285,0.0000,0.043200,0
1311,529.52,17,0.144048,0.0000,0.045800,0
1312,528.59,17,0.137724,0.0000,0.042700,0
1313,528.53,17,0.120161,0.0000,0.048300,0
1314,528.53,17,0.100488,0.0000,0.046900,0
1315,527.67,17,0.077697,0.0000,0.044000,0
1316,527.54,17,0.024830,0.0000,0.046700,0
1317,526.61,17,0.024439,0.0000,0.041600,0
1318,526.61,17,0.000953,0.0000,0.044100,0
1319,526.55,17,0.049479,0.0000,0.043800,0
1320,525.56,3,0.064273,0.0000,0.025100,0
1321,525.56,3,0.081113,0.0000,0.028500,0
1322,524.57,3,0.096317,0.0000,0.025000,0
1323,523.97,3,0.112111,0.0000,0.028200,0
1324,523.58,3,0.125671,0.0000,0.027900,0
1325,523.38,3,0.134922,0.0000,0.029300,0
1326,522.92,3,0.138111,0.0000,0.026900,0
1327,522.59,3,0.135159,0.0000,0.029500,0
1328,522.39,3,0.126356,0.0000,0.029700,0
1329,521.66,3,0.105426,0.0000,0.026600,0
1330,521.40,3,0.068551,0.0000,0.027000,0
1331,521.40,17,0.027036,0.0000,0.047400,0
1332,520.41,17,0.038091,0.0000,0.048700,0
1333,519.95,17,0.105271,0.0000,0.045800,0
1334,519.42,9,0.177161,0.0000,0.100400,0
1335,519.16,9,0.238410,0.0000,0.096400,0
1336,518.89,9,0.291058,0.0000,0.095500,0
1337,518.63,9,0.337332,0.0000,0.095100,0
1338,517.70,9,0.354146,0.0000,0.094900,0
1339,517.44,9,0.368210,0.0000,0.095500,0
1340,516.71,9,0.395985,0.0000,0.093600,0
1341,516.45,9,0.418463,0.0000,0.094000,0
1342,516.45,9,0.448768,0.0000,0.095100,0
1343,515.72,5,0.623323,0.0000,0.156600,0
1344,515.72,5,0.541743,0.0000,0.163200,0
1345,514.73,5,0.697843,0.0000,0.160200,0
1346,514.07,5,0.760022,0.0000,0.160200,0
1347,513.94,5,0.771059,0.0000,0.159700,0
1348,513.94,5,0.770160,0.0000,0.152800,0
1349,512.56,5,0.759873,0.0000,0.155900,0
1350,512.56,5,0.738436,0.0000,0.161900,0
1351,511.57,5,0.721286,0.0000,0.165300,0
1352,511.30,5,0.658997,0.0000,0.156800,0
1353,511.30,5,0.697591,0.0000,0.161600,0
1354,510.58,5,0.621566,0.0000,0.157200,0
1355,510.25,5,0.577972,0.0000,0.160500,0
1356,509.59,5,0.548574,0.0000,0.155700,0
1357,508.93,5,0.544331,0.0000,0.161000,0
1358,508.60,5,0.548294,0.0000,0.160400,0
1359,507.61,5,0.616584,0.0000,0.158600,0
1360,507.61,5,0.677207,0.0000,0.157400,0
1361,507.14,5,0.752017,0.0000,0.159500,0
1362,507.01,5,0.822636,0.0000,0.156100,0
1363,506.35,5,0.885974,0.2000,0.160300,0
1364,506.35,5,0.927165,0.0000,0.159800,0
1365,505.63,11,0.961302,0.0000,0.232100,0
1366,504.97,11,0.959936,0.0000,0.221300,0
1367,504.64,11,0.941776,0.0000,0.227800,0
1368,504.37,5,0.889957,0.0000,0.164200,0
1369,503.65,5,0.799935,0.0000,0.163800,0
1370,503.65,5,0.718447,0.0000,0.158400,0
1371,503.12,5,0.632716,0.0000,0.164200,0
1372,502.66,5,0.533049,0.0000,0.159700,0
1373,502.26,9,0.461128,0.0000,0.096100,0
1374,502.26,5,0.500722,0.0000,0.157100,0
1375,501.93,9,0.471120,0.0000,0.094700,0
1376,501.21,5,0.512377,0.0000,0.161200,0
1377,501.14,5,0.570802,0.0000,0.155800,0
1378,500.94,5,0.613776,0.0000,0.159400,0
1379,500.15,5,0.618633,0.0000,0.162800,0
1380,500.02,5,0.616689,0.0000,0.163900,0
1381,500.02,5,0.618740,0.0000,0.157600,0
1382,499.23,5,0.587620,0.0000,0.161700,0
1383,498.76,5,0.588389,0.0000,0.156900,0
1384,498.76,5,0.610349,0.0000,0.153100,0
1385,498.17,5,0.621708,0.0000,0.160200,0
1386,497.44,5,0.633278,0.0000,0.157500,0
1387,497.25,5,0.654067,0.0000,0.161900,0
1388,497.11,5,0.671618,0.0000,0.152500,0
1389,496.45,5,0.761324,0.0000,0.153400,0
1390,496.12,5,0.850890,0.0000,0.152500,0
1391,496.12,5,0.929918,0.0000,0.158800,0
1392,495.53,11,0.998912,0.0000,0.237300,0
1393,494.54,11,1.034710,0.0000,0.228700,0
1394,494.54,11,1.012875,0.0000,0.230600,0
1395,494.21,11,1.045700,0.0000,0.228300,0
1396,493.22,11,1.033488,0.0000,0.234700,0
1397,493.22,11,1.042707,0.0000,0.228100,0
1398,493.16,11,1.003045,0.0000,0.232800,0
1399,492.83,11,0.975460,0.0000,0.231900,0
1400,492.43,5,0.933265,0.0000,0.153400,0
1401,491.31,5,0.918781,0.0000,0.153900,0
1402,491.31,5,0.895881,0.0000,0.155100,0
1403,490.58,11,0.960774,0.0000,0.231700,0
1404,490.32,11,0.976451,0.0000,0.230000,0
1405,490.32,11,1.001917,0.0000,0.232100,0
1406,489.59,11,1.008930,0.0000,0.227100,0
1407,489.33,11,0.998093,0.0000,0.229300,0
1408,488.60,11,1.000052,0.0000,0.231200,0
1409,488.47,11,0.980575,0.2000,0.226300,0
1410,488.14,11,0.964877,0.0000,0.228800,0
1411,487.61,11,0.944263,0.0000,0.226000,0
1412,487.35,5,0.923931,0.0000,0.152200,0
1413,487.15,5,0.930855,0.0000,0.158900,0
1414,486.43,5,0.930505,0.2000,0.156200,0
1415,486.36,5,0.911244,0.2000,0.161900,0
1416,485.96,5,0.905564,0.0000,0.152900,0
1417,485.83,5,0.897773,0.0000,0.160000,0
1418,485.37,5,0.876057,0.0000,0.161200,0
1419,484.71,5,0.869127,0.0000,0.161000,0
1420,484.71,5,0.877855,0.0000,0.156200,0
1421,484.25,5,0.885476,0.0000,0.157300,0
1422,484.18,5,0.866381,0.2000,0.159000,0
1423,483.66,5,0.798453,0.0000,0.159900,0
1424,482.80,5,0.755272,0.0000,0.159900,0
1425,482.53,5,0.728126,0.0000,0.153300,0
1426,481.74,5,0.734302,0.0000,0.166900,0
1427,481.74,5,0.730925,0.0000,0.158000,0
1428,480.55,5,0.732483,0.0000,0.160200,0
1429,480.55,5,0.728197,0.0000,0.156700,0
1430,480.42,5,0.704891,0.0000,0.159100,0
1431,479.50,5,0.731715,0.0000,0.160000,0
1432,479.43,5,0.844885,0.0000,0.157800,0
1433,479.43,5,0.749813,0.0000,0.158800,0
1434,478.25,11,1.009106,0.0000,0.231800,0
1435,477.52,11,1.099530,0.0000,0.229600,0
1436,477.32,11,1.161999,0.0000,0.232800,0
1437,476.53,11,1.181312,0.0000,0.228700,0
1438,476.33,11,1.221027,0.0000,0.229200,0
1439,475.54,11,1.244129,0.0000,0.230900,0
1440,474.55,11,1.266748,0.0000,0.228900,0
1441,474.55,11,1.276034,0.0000,0.236400,0
1442,474.35,11,1.289405,0.0000,0.236000,0
1443,473.56,11,1.251327,0.0000,0.226800,0
1444,473.43,11,1.261553,0.2000,0.224400,0
1445,473.43,11,1.226920,0.0000,0.226500,0
1446,472.64,11,1.253220,0.0000,0.225900,0
1447,472.64,11,1.246030,0.0000,0.236700,0
1448,472.38,11,1.233869,0.0000,0.230500,0
1449,471.85,11,1.200428,0.0000,0.228200,0
1450,471.85,11,1.166064,0.0000,0.228500,0
1451,471.58,11,1.139959,0.0000,0.229800,0
1452,470.59,11,1.105315,0.0000,0.225600,0
1453,470.59,11,1.072248,0.0000,0.224300,0
1454,470.20,11,1.037553,0.0000,0.231300,0
1455,469.47,11,1.003989,0.0000,0.225200,0
1456,469.21,11,0.943487,0.0000,0.233600,0
1457,469.21,11,0.972871,0.0000,0.227700,0
1458,468.55,5,0.915976,0.0000,0.162900,0
1459,467.63,5,0.888125,0.0000,0.162900,0
1460,467.43,5,0.859245,0.0000,0.162700,0
1461,466.64,5,0.834209,0.0000,0.163500,0
1462,466.24,5,0.793959,0.0000,0.161200,0
1463,466.24,5,0.814157,0.0000,0.164400,0
1464,465.45,5,0.780723,0.2000,0.154300,0
1465,465.25,5,0.760662,0.2000,0.161000,0
1466,464.59,5,0.747705,0.0000,0.161400,0
1467,464.46,5,0.725024,0.0000,0.157800,0
1468,464.26,5,0.700796,0.0000,0.154400,0
1469,463.60,5,0.677370,0.0000,0.157600,0
1470,462.88,5,0.655589,0.0000,0.153400,0
1471,462.55,5,0.628290,0.0000,0.155000,0
1472,462.28,5,0.610930,0.0000,0.163600,0
1473,461.62,5,0.626814,0.0000,0.160900,0
1474,461.56,5,0.638489,0.0000,0.155100,0
1475,460.70,5,0.573743,0.0000,0.156300,0
1476,459.91,5,0.621337,0.0000,0.153500,0
1477,459.58,5,0.728204,0.0000,0.148800,0
1478,458.66,5,0.916448,0.0000,0.164700,0
1479,458.66,5,0.845787,0.0000,0.155700,0
1480,457.67,11,0.995789,0.0000,0.231700,0
1481,457.07,11,1.080383,0.0000,0.223500,0
1482,456.88,11,1.076734,0.0000,0.224000,0
1483,456.61,11,1.096733,0.0000,0.235000,0
1484,456.08,11,1.105483,0.0000,0.229800,0
1485,455.62,11,1.101091,0.2000,0.237200,0
1486,455.62,11,1.094720,0.0000,0.225000,0
1487,455.10,11,1.041330,0.0000,0.230800,0
1488,454.44,11,0.967673,0.0000,0.227800,0
1489,454.17,5,0.913974,0.0000,0.151100,0
1490,454.17,5,0.860479,0.0000,0.159500,0
1491,453.71,5,0.802028,0.0000,0.156700,0
1492,452.79,5,0.762378,0.0000,0.155200,0
1493,452.46,5,0.728460,0.0000,0.162600,0
1494,451.67,5,0.695572,0.0000,0.159700,0
1495,451.47,5,0.668129,0.2000,0.154000,0
1496,451.20,5,0.642638,0.0000,0.157500,0
1497,450.81,5,0.618083,0.0000,0.153000,0
1498,449.89,5,0.600131,0.2000,0.157300,0
1499,449.49,5,0.630140,0.0000,0.159600,0
1500,449.23,5,0.664274,0.0000,0.156000,0
1501,448.76,5,0.742279,0.0000,0.153400,0
1502,448.50,5,0.798865,0.0000,0.162200,0
1503,447.91,5,0.900564,0.0000,0.156600,0
1504,447.51,11,0.969351,0.0000,0.236700,0
1505,447.51,11,1.051524,0.0000,0.228500,0
1506,446.52,11,1.114572,0.0000,0.223100,0
1507,446.06,11,1.149108,0.0000,0.222900,0
1508,445.86,11,1.166023,0.0000,0.218800,0
1509,445.86,11,1.182951,0.0000,0.228100,0
1510,445.14,11,1.187892,0.0000,0.229900,0
1511,444.87,11,1.191283,0.0000,0.227700,0
1512,444.02,11,1.203747,0.0000,0.230500,0
1513,444.02,11,1.221404,0.0000,0.222600,0
1514,443.09,11,1.211565,0.0000,0.233600,0
1515,442.63,11,1.199359,0.0000,0.227800,0
1516,442.63,11,1.202822,0.0000,0.233600,0
1517,442.04,11,1.182229,0.0000,0.228100,0
1518,441.64,11,1.146267,0.0000,0.231900,0
1519,441.05,11,1.093360,0.0000,0.222700,0
1520,440.92,11,1.031883,0.0000,0.226600,0
1521,440.65,11,0.951394,0.0000,0.226800,0
1522,439.66,5,0.847117,0.0000,0.161900,0
1523,439.66,5,0.736834,0.0000,0.153900,0
1524,439.07,5,0.637568,0.0000,0.158100,0
1525,438.28,5,0.543740,0.0000,0.162900,0
1526,437.69,9,0.456179,0.0000,0.093000,0
1527,437.22,9,0.375225,0.0000,0.100500,0
1528,437.09,9,0.319214,0.0000,0.097000,0
1529,436.43,9,0.291721,0.0000,0.096600,0
1530,436.10,9,0.265128,0.0000,0.102900,0
1531,435.91,9,0.243724,0.0000,0.098800,0
1532,435.44,9,0.217566,0.0000,0.099200,0
1533,435.18,9,0.193091,0.0000,0.094300,0
1534,434.72,17,0.120315,0.0000,0.043900,0
1535,434.72,17,0.162348,0.0000,0.042100,0
1536,434.06,17,0.114141,0.0000,0.046700,0
1537,433.47,17,0.115693,0.0000,0.046100,0
1538,433.20,17,0.107335,0.0000,0.046200,0
1539,433.14,17,0.092230,0.0000,0.041700,0
1540,432.48,17,0.078819,0.0000,0.045700,0
1541,432.08,17,0.071763,0.0000,0.046500,0
1542,432.02,17,0.075408,0.0000,0.043000,0
1543,431.49,17,0.091444,0.0000,0.041600,0
1544,431.09,17,0.097144,0.0000,0.047000,0
1545,430.24,17,0.116368,0.0000,0.043300,0
1546,430.17,17,0.126198,0.0000,0.046900,0
1547,430.04,17,0.130428,0.0000,0.045900,0
1548,429.11,17,0.145617,0.0000,0.043500,0
1549,429.11,17,0.145842,0.0000,0.045000,0
1550,428.52,17,0.157864,0.0000,0.045700,0
1551,428.13,9,0.187387,0.0000,0.100100,0
1552,428.06,9,0.208082,0.0000,0.097200,0
1553,427.40,9,0.264644,0.0000,0.093000,0
1554,427.20,9,0.309880,0.0000,0.096100,0
1555,426.54,9,0.389757,0.0000,0.096400,0
1556,426.41,9,0.425089,0.0000,0.094900,0
1557,426.15,9,0.467265,0.0000,0.090400,0
1558,425.42,5,0.513533,0.0000,0.156400,0
1559,425.29,5,0.544283,0.0000,0.149900,0
1560,425.29,5,0.533461,0.0000,0.155100,0
1561,424.43,5,0.561648,0.0000,0.160800,0
1562,424.24,5,0.571978,0.0000,0.152000,0
1563,424.24,5,0.574321,0.0000,0.162800,0
1564,423.38,5,0.580878,0.0000,0.156500,0
1565,423.25,5,0.591127,0.0000,0.165200,0
1566,422.39,5,0.597320,0.0000,0.163100,0
1567,422.13,5,0.604817,0.0000,0.160500,0
1568,422.13,5,0.599707,0.0000,0.162400,0
1569,421.40,5,0.596628,0.0000,0.160100,0
1570,421.14,5,0.591809,0.0000,0.159900,0
1571,420.68,5,0.576468,0.0000,0.155000,0
1572,420.41,5,0.569949,0.0000,0.154800,0
1573,420.15,5,0.567392,0.0000,0.154700,0
1574,419.56,5,0.555472,0.0000,0.151000,0
1575,419.42,5,0.551416,0.0000,0.159000,0
1576,419.29,5,0.544316,0.0000,0.161000,0
1577,418.50,5,0.532741,0.0000,0.158300,0
1578,418.44,5,0.503800,0.0000,0.162200,0
1579,418.17,9,0.464159,0.0000,0.092500,0
1580,417.45,9,0.392760,0.0000,0.093800,0
1581,417.31,9,0.339594,0.0000,0.092100,0
1582,416.46,9,0.315765,0.0000,0.092300,0
1583,416.33,9,0.297065,0.0000,0.092600,0
1584,416.33,9,0.290401,0.0000,0.100400,0
1585,415.60,9,0.297170,0.0000,0.088500,0
1586,414.48,9,0.258427,0.0000,0.097600,0
1587,414.48,9,0.280618,0.0000,0.094400,0
1588,413.62,9,0.260557,0.0000,0.097300,0
1589,413.36,9,0.258271,0.0000,0.095600,0
1590,412.50,9,0.270776,0.0000,0.093400,0
1591,412.37,9,0.261019,0.0000,0.089400,0
1592,411.51,9,0.265033,0.0000,0.095300,0
1593,411.51,9,0.262524,0.0000,0.092500,0
1594,411.32,9,0.251574,0.0000,0.092300,0
1595,410.59,9,0.253134,0.0000,0.096000,0
1596,410.39,9,0.240026,0.0000,0.095200,0
1597,410.39,9,0.231206,0.0000,0.095900,0
1598,409.47,9,0.232421,0.0000,0.092800,0
1599,409.14,9,0.217006,0.0000,0.095700,0
1600,408.88,9,0.204745,0.0000,0.093600,0
1601,408.55,9,0.187828,0.0000,0.099200,0
1602,408.15,9,0.175409,0.0000,0.096400,0
1603,407.56,17,0.169452,0.0000,0.045200,0
1604,407.49,17,0.153919,0.0000,0.048400,0
1605,407.16,17,0.140233,0.0000,0.044000,0
1606,406.51,17,0.133959,0.0000,0.047300,0
1607,406.18,17,0.114315,0.0000,0.050200,0
1608,406.18,17,0.124800,0.0000,0.047300,0
1609,405.58,17,0.109561,0.0000,0.046000,0
1610,405.39,17,0.103719,0.0000,0.045600,0
1611,404.53,17,0.096007,0.0000,0.046800,0
1612,404.53,17,0.088561,0.0000,0.045300,0
1613,403.61,17,0.084336,0.0000,0.045800,0
1614,403.21,17,0.104334,0.0000,0.047800,0
1615,403.21,17,0.145491,0.0000,0.042100,0
1616,402.62,9,0.211243,0.0000,0.091000,0
1617,402.22,9,0.331181,0.0000,0.094800,0
1618,401.63,5,0.655173,0.0000,0.155500,0
1619,401.63,9,0.490318,0.0000,0.089900,0
1620,401.23,5,0.766862,0.0000,0.161100,0
1621,400.71,5,0.889779,0.0000,0.151900,0
1622,400.25,11,1.000525,0.0000,0.233300,0
1623,400.11,11,1.115034,0.0000,0.230200,0
1624,399.59,11,1.246630,0.0000,0.230700,0
1625,399.26,11,1.370896,0.0000,0.228200,0
1626,398.99,11,1.534504,0.0000,0.227000,0
1627,398.53,2,1.765893,0.0000,0.396900,0
1628,398.27,2,1.928653,0.2000,0.397400,0
1629,397.61,2,2.115112,0.2000,0.395000,0
1630,397.61,2,2.288403,1.0000,0.400600,0
1631,396.88,2,2.405304,0.2000,0.408700,0
1632,396.62,2,2.443748,0.2000,0.404000,0
1633,395.63,2,2.379382,0.4000,0.405100,0
1634,395.63,2,2.316947,0.4000,0.394700,0
1635,394.84,2,2.273728,1.0000,0.399800,0
1636,393.85,2,2.185250,0.0000,0.409600,0
1637,393.66,2,2.064210,0.2000,0.393600,0
1638,392.67,2,1.759921,0.0000,0.397400,0
1639,392.67,2,1.899892,0.0000,0.398900,0
1640,391.42,11,1.514102,0.0000,0.234100,0
1641,391.42,11,1.530535,0.2000,0.232800,0
1642,390.76,11,1.319727,0.0000,0.222400,0
1643,390.16,11,1.143205,0.0000,0.237000,0
1644,390.16,11,1.214356,0.0000,0.220200,0
1645,389.44,5,0.930350,0.0000,0.160100,0
1646,389.44,11,0.999565,0.0000,0.225500,0
1647,388.78,5,0.808578,0.0000,0.156800,0
1648,388.45,5,0.749349,0.0000,0.155400,0
1649,387.86,5,0.718069,0.0000,0.159100,0
1650,387.46,5,0.698856,0.2000,0.155300,0
1651,386.87,5,0.687221,0.0000,0.160800,0
1652,386.47,5,0.691215,0.0000,0.153800,0
1653,385.88,5,0.702478,0.0000,0.157500,0
1654,385.49,5,0.852516,0.0000,0.160100,0
1655,385.49,5,0.916855,0.0000,0.157500,0
1656,384.50,11,0.985466,0.2000,0.224300,0
1657,384.50,11,1.031773,0.0000,0.226700,0
1658,383.90,11,1.039200,0.0000,0.228200,0
1659,383.51,11,1.119428,0.0000,0.233300,0
1660,382.52,11,1.180121,0.0000,0.222100,0
1661,382.52,11,1.194778,0.0000,0.227800,0
1662,381.99,11,1.260872,0.0000,0.229400,0
1663,381.99,11,1.232409,0.0000,0.232700,0
1664,381.07,11,1.291794,0.0000,0.226400,0
1665,380.87,11,1.324392,0.0000,0.225000,0
1666,380.55,11,1.351654,0.0000,0.221800,0
1667,379.56,11,1.373700,0.0000,0.233100,0
1668,379.56,11,1.373474,0.0000,0.223100,0
1669,379.10,11,1.371139,0.0000,0.229900,0
1670,378.90,11,1.367184,0.0000,0.234200,0
1671,378.90,11,1.358749,0.0000,0.227600,0
1672,378.11,11,1.357693,0.2000,0.223200,0
1673,377.91,11,1.351883,0.2000,0.229300,0
1674,377.19,11,1.337588,0.0000,0.227700,0
1675,377.05,11,1.307040,0.0000,0.228100,0
1676,376.92,11,1.274983,0.0000,0.228900,0
1677,376.07,11,1.227436,0.0000,0.226700,0
1678,376.07,11,1.166249,0.0000,0.226500,0
1679,375.08,11,1.139148,0.0000,0.228600,0
1680,375.08,11,1.114170,0.0000,0.228400,0
1681,374.22,11,1.112248,0.0000,0.230300,0
1682,374.16,11,1.095899,0.0000,0.232000,0
1683,373.69,11,1.090297,0.2000,0.231600,0
1684,373.17,11,1.094588,0.0000,0.229100,0
1685,373.10,11,1.107298,0.0000,0.229200,0
1686,372.71,11,1.112952,0.0000,0.230700,0
1687,371.98,11,1.088176,0.0000,0.229900,0
1688,371.72,11,1.002674,0.0000,0.226600,0
1689,371.19,5,0.916558,0.0000,0.163200,0
1690,370.93,5,0.826574,0.0000,0.151300,0
1691,370.93,5,0.733355,0.0000,0.155000,0
1692,370.20,5,0.654778,0.0000,0.155300,0
1693,369.74,5,0.574401,0.0000,0.156600,0
1694,369.74,5,0.513202,0.0000,0.160700,0
1695,369.15,9,0.494193,0.2000,0.094500,0
1696,368.76,9,0.478763,0.0000,0.096600,0
1697,368.76,9,0.455147,0.0000,0.093700,0
1698,368.16,9,0.424549,0.0000,0.091900,0
1699,367.50,9,0.363364,0.0000,0.097500,0
1700,367.50,9,0.391314,0.0000,0.092200,0
1701,367.18,9,0.340794,0.2000,0.097400,0
1702,366.52,9,0.329877,0.0000,0.095000,0
1703,366.19,9,0.329146,0.0000,0.089600,0
1704,366.12,9,0.315124,0.0000,0.096500,0
1705,365.79,9,0.318249,0.0000,0.093200,0
1706,365.13,9,0.305727,0.0000,0.092100,0
1707,365.13,9,0.278073,0.0000,0.093000,0
1708,364.15,9,0.277694,0.0000,0.094900,0
1709,363.82,9,0.309120,0.0000,0.096800,0
1710,363.82,9,0.351927,0.0000,0.093500,0
1711,363.16,9,0.419964,0.0000,0.095200,0
1712,362.57,5,0.503523,0.0000,0.154000,0
1713,362.43,5,0.603703,0.0000,0.153300,0
1714,362.17,5,0.673244,0.0000,0.160200,0
1715,361.58,5,0.811101,0.0000,0.152600,0
1716,361.31,11,0.953606,0.0000,0.234100,0
1717,361.31,11,1.043227,0.0000,0.227200,0
1718,361.05,11,1.113007,0.0000,0.229300,0
1719,360.33,11,1.195720,0.0000,0.228300,0
1720,360.13,11,1.199571,0.0000,0.228200,0
1721,359.60,11,1.172397,0.0000,0.226300,0
1722,359.14,11,1.125166,0.0000,0.228100,0
1723,358.88,11,1.074228,0.0000,0.229600,0
1724,358.62,11,1.033942,0.0000,0.224200,0
1725,358.15,11,1.060283,0.2000,0.228300,0
1726,357.89,11,1.100674,0.0000,0.225900,0
1727,357.43,11,1.125241,0.0000,0.223600,0
1728,357.23,11,1.125067,0.0000,0.231000,0
1729,356.51,11,1.106996,0.0000,0.225900,0
1730,356.44,11,1.087113,0.0000,0.226400,0
1731,356.25,11,1.063304,0.0000,0.231600,0
1732,355.39,11,1.039009,0.0000,0.231200,0
1733,355.26,11,1.007104,0.0000,0.231400,0
1734,355.26,11,1.023683,0.0000,0.230500,0
1735,354.40,11,1.086802,0.0000,0.226100,0
1736,354.20,11,1.063983,0.0000,0.227000,0
1737,354.20,11,1.043995,0.0000,0.234100,0
1738,353.41,11,1.044745,0.0000,0.234300,0
1739,353.35,11,1.040055,0.0000,0.226900,0
1740,352.49,11,1.111658,0.0000,0.225100,0
1741,352.43,11,1.160758,0.0000,0.227700,0
1742,352.23,11,1.206884,0.4000,0.236500,0
1743,351.51,11,1.263797,0.0000,0.233000,0
1744,351.44,11,1.298491,0.0000,0.231900,0
1745,350.52,11,1.357335,0.0000,0.230400,0
1746,350.52,11,1.333301,0.0000,0.219300,0
1747,350.25,11,1.374630,0.0000,0.227800,0
1748,349.47,11,1.387827,0.0000,0.229400,0
1749,349.47,11,1.404071,0.2000,0.232600,0
1750,349.27,11,1.393569,0.0000,0.231400,0
1751,348.48,11,1.386860,0.0000,0.233800,0
1752,348.28,11,1.369431,0.2000,0.225700,0
1753,348.08,11,1.327252,0.0000,0.231000,0
1754,347.49,11,1.299259,0.0000,0.236100,0
1755,347.36,11,1.279089,0.0000,0.226100,0
1756,347.10,11,1.280416,0.0000,0.225700,0
1757,346.50,11,1.286160,0.0000,0.230200,0
1758,346.11,11,1.291334,0.0000,0.231100,0
1759,345.85,11,1.289081,0.0000,0.229300,0
1760,345.52,11,1.311362,0.0000,0.232200,0
1761,345.12,11,1.261895,0.0000,0.227000,0
1762,344.59,11,1.221677,0.0000,0.224300,0
1763,344.53,11,1.177128,0.0000,0.227400,0
1764,344.13,11,1.185093,0.2000,0.231700,0
1765,344.13,11,1.180014,0.0000,0.226000,0
1766,343.54,11,1.186673,0.0000,0.229400,0
1767,343.15,11,1.125258,0.0000,0.228500,0
1768,343.15,11,1.056086,0.0000,0.239100,0
1769,342.16,11,0.966798,0.0000,0.234700,0
1770,341.57,5,0.887041,0.2000,0.158600,0
1771,341.57,5,0.816903,0.0000,0.158300,0
1772,341.37,5,0.771353,0.0000,0.153100,0
1773,340.91,5,0.767817,0.0000,0.155500,0
1774,340.58,5,0.763515,0.0000,0.156000,0
1775,340.38,5,0.739769,0.0000,0.159500,0
1776,339.53,5,0.722127,0.0000,0.152200,0
1777,339.40,5,0.713745,0.0000,0.164700,0
1778,338.61,5,0.705149,0.0000,0.158400,0
1779,338.21,5,0.701939,0.0000,0.160500,0
1780,338.21,5,0.698701,0.2000,0.153600,0
1781,337.55,5,0.701555,0.0000,0.160600,0
1782,337.22,5,0.701419,0.0000,0.163900,0
1783,336.96,5,0.683716,0.0000,0.154300,0
1784,336.63,5,0.671808,0.2000,0.156900,0
1785,336.24,5,0.655294,0.2000,0.154400,0
1786,335.58,5,0.649061,0.0000,0.154000,0
1787,335.45,5,0.656672,0.2000,0.155100,0
1788,335.25,5,0.662928,0.0000,0.159900,0
1789,334.46,5,0.665935,0.0000,0.153600,0
1790,334.46,5,0.690416,0.0000,0.151300,0
1791,333.47,5,0.672613,0.0000,0.163400,0
1792,333.28,5,0.677289,0.0000,0.155900,0
1793,332.62,5,0.715837,0.0000,0.150100,0
1794,332.62,5,0.793380,0.0000,0.149500,0
1795,332.29,11,0.949353,0.0000,0.225300,0
1796,331.83,11,1.142347,0.0000,0.231600,0
1797,331.50,11,1.218072,0.0000,0.223400,0
1798,331.30,11,1.310030,0.0000,0.232100,0
1799,330.78,11,1.361457,0.0000,0.229300,0
1800,330.45,11,1.379863,0.0000,0.228100,0
1801,330.05,11,1.393489,0.2000,0.229800,0
1802,329.79,11,1.391706,0.0000,0.230400,0
1803,329.46,11,1.402387,0.0000,0.226000,0
1804,328.47,11,1.432564,0.0000,0.234300,0
1805,328.47,11,1.419645,0.0000,0.233200,0
1806,328.08,11,1.444574,0.0000,0.225500,0
1807,327.49,11,1.471265,0.0000,0.229000,0
1808,327.49,11,1.458872,0.0000,0.231500,0
1809,326.63,11,1.497691,0.0000,0.230600,0
1810,326.63,11,1.484014,0.0000,0.230100,0
1811,325.65,11,1.523733,0.2000,0.232400,0
1812,324.86,11,1.550346,0.0000,0.232400,0
1813,324.66,11,1.573220,0.0000,0.221800,0
1814,323.67,11,1.600508,0.0000,0.231000,0
1815,323.67,11,1.619519,0.0000,0.228800,0
1816,322.75,2,1.644594,0.2000,0.405200,0
1817,321.90,2,1.664306,0.0000,0.401500,0
1818,321.77,2,1.673852,0.0000,0.399300,0
1819,320.78,2,1.685318,0.2000,0.405500,0
1820,320.78,2,1.690780,0.4000,0.390600,0
1821,320.06,2,1.680575,0.2000,0.397300,0
1822,319.93,2,1.666861,0.0000,0.393500,0
1823,319.53,2,1.648018,0.0000,0.402000,0
1824,318.87,11,1.615155,0.2000,0.218600,0
1825,318.54,11,1.554946,0.0000,0.228800,0
1826,318.08,11,1.457351,0.0000,0.228600,0
1827,317.89,11,1.351241,0.2000,0.232700,0
1828,317.56,11,1.230655,0.0000,0.220900,0
1829,317.10,11,1.126641,0.0000,0.225600,0
1830,316.57,11,1.024844,0.0000,0.225400,0
1831,316.57,5,0.936747,0.0000,0.154900,0
1832,316.11,5,0.862823,0.2000,0.148100,0
1833,315.59,5,0.791639,0.0000,0.160400,0
1834,315.13,5,0.728958,0.0000,0.159100,0
1835,315.06,5,0.682996,0.0000,0.153200,0
1836,314.60,5,0.628310,0.0000,0.161700,0
1837,314.14,5,0.568964,0.0000,0.160400,0
1838,314.01,5,0.514096,0.0000,0.158400,0
1839,313.61,9,0.465735,0.0000,0.096400,0
1840,313.61,9,0.432253,0.0000,0.094800,0
1841,313.15,9,0.408831,0.0000,0.099000,0
1842,312.63,9,0.369962,0.0000,0.092400,0
1843,312.30,9,0.355411,0.0000,0.099800,0
1844,312.04,9,0.339897,0.0000,0.092400,0
1845,311.64,9,0.374855,0.0000,0.093000,0
1846,311.64,9,0.345228,0.0000,0.101700,0
1847,311.05,9,0.385580,0.0000,0.090100,0
1848,310.66,9,0.402833,0.0000,0.093400,0
1849,310.20,9,0.409393,0.0000,0.096300,0
1850,310.07,9,0.433505,0.0000,0.090900,0
1851,309.67,9,0.446276,0.0000,0.092900,0
1852,309.08,9,0.477084,0.0000,0.095100,0
1853,308.95,5,0.510572,0.0000,0.153100,0
1854,308.69,5,0.532093,0.0000,0.167000,0
1855,308.09,5,0.572137,0.0000,0.158100,0
1856,307.70,5,0.581619,0.0000,0.157900,0
1857,307.70,5,0.596373,0.0000,0.157600,0
1858,306.71,5,0.627394,0.0000,0.158300,0
1859,305.99,5,0.669914,0.0000,0.161700,0
1860,305.99,5,0.672891,0.0000,0.156900,0
1861,304.74,5,0.712978,0.0000,0.154800,0
1862,304.74,5,0.712034,0.0000,0.159900,0
1863,303.76,5,0.735701,0.0000,0.163300,0
1864,302.77,5,0.760280,0.0000,0.153500,0
1865,302.51,5,0.762798,0.0000,0.157700,0
1866,302.11,5,0.796147,0.0000,0.156400,0
1867,301.52,5,0.811424,0.0000,0.159300,0
1868,301.13,5,0.842280,0.0000,0.154100,0
1869,300.80,5,0.862613,0.0000,0.152000,0
1870,300.54,5,0.875450,0.0000,0.162700,0
1871,300.34,5,0.878366,0.0000,0.162800,0
1872,299.55,5,0.886623,0.0000,0.155300,0
1873,299.55,5,0.895499,0.0000,0.161700,0
1874,299.16,5,0.916696,0.0000,0.154300,0
1875,298.50,11,0.938000,0.0000,0.235500,0
1876,297.84,11,0.966998,0.0000,0.227700,0
1877,297.58,11,0.981530,0.0000,0.225400,0
1878,297.25,11,0.985317,0.0000,0.228700,0
1879,297.25,11,0.980600,0.2000,0.230200,0
1880,296.40,11,0.985507,0.0000,0.225900,0
1881,296.27,11,0.987208,0.0000,0.228100,0
1882,295.87,11,0.982591,0.0000,0.227100,0
1883,295.61,11,0.974940,0.2000,0.236700,0
1884,295.22,11,0.960352,0.0000,0.226200,0
1885,294.89,11,0.939915,0.0000,0.225100,0
1886,294.63,5,0.912392,0.0000,0.156400,0
1887,294.30,5,0.846254,0.0000,0.159300,0
1888,294.30,5,0.878428,0.0000,0.155900,0
1889,293.31,5,0.817653,0.0000,0.156500,0
1890,292.33,5,0.828982,0.0000,0.155200,0
1891,292.33,5,0.825101,0.2000,0.158900,0
1892,291.34,11,0.964494,0.2000,0.225900,0
1893,291.34,11,1.072763,0.0000,0.226300,0
1894,290.16,11,1.178937,0.0000,0.225600,0
1895,289.57,11,1.236711,0.0000,0.224300,0
1896,289.44,11,1.266811,0.0000,0.232300,0
1897,289.18,11,1.234703,0.0000,0.233000,0
1898,288.52,11,1.201143,0.0000,0.234700,0
1899,288.45,11,1.160536,0.0000,0.229600,0
1900,288.06,11,1.108913,0.0000,0.224000,0
1901,287.47,11,1.039900,0.0000,0.220900,0
1902,287.14,11,0.969404,0.0000,0.227500,0
1903,286.55,5,0.899133,0.0000,0.159200,0
1904,286.42,5,0.883015,0.0000,0.162600,0
1905,286.42,5,0.888424,0.0000,0.144900,0
1906,285.50,5,0.886246,0.0000,0.158500,0
1907,284.45,5,0.892111,0.0000,0.162400,0
1908,284.45,5,0.899568,0.0000,0.156500,0
1909,283.53,5,0.908154,0.0000,0.162000,0
1910,283.07,5,0.907563,0.0000,0.153700,0
1911,282.41,5,0.934981,0.0000,0.156800,0
1912,282.41,11,0.945511,0.0000,0.227600,0
1913,281.50,11,0.991654,0.0000,0.230300,0
1914,281.50,11,1.011719,0.0000,0.227000,0
1915,281.10,11,1.017990,0.0000,0.227800,0
1916,280.84,11,1.002134,0.0000,0.226800,0
1917,280.51,11,0.983284,0.2000,0.229700,0
1918,280.12,11,0.961096,0.0000,0.224200,0
1919,279.66,11,0.943199,0.0000,0.231400,0
1920,279.46,11,0.947529,0.0000,0.227800,0
1921,279.46,11,0.948121,0.0000,0.230800,0
1922,278.54,11,1.021118,0.0000,0.224100,0
1923,278.15,11,1.124794,0.0000,0.228400,0
1924,277.89,11,1.230967,0.0000,0.224700,0
1925,277.56,11,1.324442,0.0000,0.234500,0
1926,277.16,11,1.477085,0.4000,0.230300,0
1927,277.16,11,1.427276,0.0000,0.225000,0
1928,276.57,11,1.505133,0.0000,0.226800,0
1929,276.18,11,1.545891,0.2000,0.225900,0
1930,275.52,11,1.582715,0.6000,0.230200,0
1931,274.54,11,1.598110,0.0000,0.229300,0
1932,274.21,11,1.611866,0.0000,0.228100,0
1933,274.21,11,1.615483,0.2000,0.228000,0
1934,273.62,11,1.613571,0.0000,0.235100,0
1935,273.23,11,1.598227,0.0000,0.231900,0
1936,273.23,11,1.604203,0.2000,0.222200,0
1937,272.57,11,1.580490,0.2000,0.221600,0
1938,272.24,11,1.564811,0.0000,0.228200,0
1939,271.98,11,1.559180,0.2000,0.238700,0
1940,271.65,11,1.522646,0.0000,0.231300,0
1941,271.65,11,1.486075,0.0000,0.228500,0
1942,270.60,11,1.418767,0.0000,0.237600,0
1943,270.60,11,1.446911,0.0000,0.223200,0
1944,269.68,11,1.362003,0.0000,0.232600,0
1945,269.29,11,1.203850,0.0000,0.233900,0
1946,269.29,11,1.291910,0.0000,0.225500,0
1947,268.70,11,1.144310,0.0000,0.229900,0
1948,268.70,11,1.170927,0.0000,0.231900,0
1949,268.31,11,1.086928,0.0000,0.229900,0
1950,267.72,11,1.023594,0.0000,0.223400,0
1951,267.72,11,0.962707,0.0000,0.231400,0
1952,267.32,5,0.897731,0.0000,0.159600,0
1953,266.67,5,0.784312,0.0000,0.161300,0
1954,266.67,5,0.840354,0.0000,0.157200,0
1955,266.34,5,0.734882,0.0000,0.155700,0
1956,266.08,5,0.687651,0.0000,0.156200,0
1957,265.68,5,0.632291,0.0000,0.160300,0
1958,265.36,5,0.548078,0.0000,0.164200,0
1959,264.37,9,0.444898,0.0000,0.091600,0
1960,264.11,9,0.389246,0.0000,0.098200,0
1961,263.78,9,0.374215,0.0000,0.093600,0
1962,263.39,9,0.359821,0.0000,0.094300,0
1963,262.86,9,0.350665,0.0000,0.094300,0
1964,262.67,9,0.338212,0.0000,0.097800,0
1965,261.81,9,0.330941,0.0000,0.094500,0
1966,261.75,9,0.323813,0.0000,0.088000,0
1967,261.42,9,0.316867,0.0000,0.093900,0
1968,260.17,9,0.310328,0.0000,0.092500,0
1969,260.17,9,0.315839,0.0000,0.092900,0
1970,259.45,9,0.303960,0.0000,0.097200,0
1971,258.86,9,0.312895,0.0000,0.096800,0
1972,258.47,9,0.316523,0.0000,0.096600,0
1973,258.14,9,0.330799,0.0000,0.091900,0
1974,257.49,9,0.349558,0.0000,0.097300,0
1975,257.16,9,0.345574,0.0000,0.096800,0
1976,256.76,9,0.346932,0.2000,0.098600,0
1977,256.17,9,0.362940,0.0000,0.097900,0
1978,256.17,9,0.379192,0.0000,0.096900,0
1979,255.52,9,0.420710,0.0000,0.089700,0
1980,254.93,9,0.456377,0.2000,0.093300,0
1981,254.14,5,0.523789,0.0000,0.155300,0
1982,253.55,5,0.645125,0.0000,0.161500,0
1983,253.55,5,0.588055,0.0000,0.159100,0
1984,253.09,5,0.723419,0.0000,0.158800,0
1985,252.57,5,0.744276,0.0000,0.154000,0
1986,252.57,5,0.745897,0.0000,0.159700,0
1987,252.11,5,0.757813,0.0000,0.158100,0
1988,251.98,5,0.775174,0.2000,0.155300,0
1989,251.26,5,0.789284,0.0000,0.157300,0
1990,251.13,5,0.791842,0.0000,0.154400,0
1991,250.60,5,0.791529,0.0000,0.155500,0
1992,250.60,5,0.795550,0.0000,0.160100,0
1993,250.21,5,0.790592,0.0000,0.159800,0
1994,250.01,5,0.789361,0.0000,0.160900,0
1995,246.93,5,0.820175,0.0000,0.160600,0
1996,246.08,5,0.804973,0.0000,0.158000,0
1997,245.95,5,0.786751,0.0000,0.157400,0
1998,245.36,5,0.764762,0.0000,0.162000,0
1999,245.09,5,0.744932,0.0000,0.169000,0
2000,244.96,5,0.725421,0.0000,0.155000,0
2001,244.18,5,0.703621,0.2000,0.156800,0
2002,243.98,5,0.677392,0.0000,0.151700,0
2003,243.19,5,0.661325,0.0000,0.165900,0
2004,243.00,5,0.633026,0.0000,0.160700,0
2005,243.00,5,0.598142,0.0000,0.158700,0
2006,242.14,5,0.559034,0.0000,0.160600,0
2007,242.01,5,0.515889,0.0000,0.157800,0
2008,242.01,9,0.472456,0.0000,0.099300,0
2009,241.16,9,0.442470,0.0000,0.091300,0
2010,240.24,9,0.415609,0.0000,0.090200,0
2011,240.18,9,0.384741,0.0000,0.092500,0
2012,240.05,9,0.350213,0.0000,0.093800,0
2013,239.20,9,0.302898,0.0000,0.095400,0
2014,239.20,9,0.322668,0.0000,0.092800,0
2015,238.67,9,0.286008,0.0000,0.094200,0
2016,238.21,9,0.271949,0.0000,0.091700,0
2017,237.23,9,0.260345,0.0000,0.094800,0
2018,237.23,9,0.245178,0.2000,0.093700,0
2019,236.77,9,0.229665,0.0000,0.092000,0
2020,236.25,9,0.217671,0.0000,0.092300,0
2021,235.52,9,0.200120,0.0000,0.093700,0
2022,235.26,9,0.183536,0.0000,0.096700,0
2023,234.54,9,0.176086,0.2000,0.091100,0
2024,234.15,9,0.175995,0.0000,0.098500,0
2025,233.56,9,0.176086,0.0000,0.096600,0
2026,233.30,17,0.171895,0.0000,0.040100,0
2027,232.84,9,0.173630,0.0000,0.094800,0
2028,232.58,17,0.171765,0.0000,0.047200,0
2029,232.18,17,0.171946,0.0000,0.044900,0
2030,231.53,9,0.182277,0.0000,0.099500,0
2031,231.20,9,0.181630,0.0000,0.095000,0
2032,230.54,9,0.186319,0.0000,0.094100,0
2033,230.35,9,0.178606,0.0000,0.095300,0
2034,230.35,9,0.183397,0.0000,0.095800,0
2035,229.43,9,0.190158,0.0000,0.096500,0
2036,229.23,9,0.189692,0.0000,0.094700,0
2037,228.45,9,0.194144,0.0000,0.093100,0
2038,228.25,9,0.216975,0.0000,0.091600,0
2039,227.66,9,0.251531,0.0000,0.093600,0
2040,227.46,9,0.279058,0.0000,0.093900,0
2041,227.33,9,0.312561,0.0000,0.093000,0
2042,226.48,9,0.336674,0.0000,0.095700,0
2043,226.35,9,0.359309,0.0000,0.095200,0
2044,225.50,9,0.402872,0.0000,0.095600,0
2045,225.37,9,0.455005,0.0000,0.099000,0
2046,224.58,9,0.491971,0.0000,0.099000,0
2047,223.21,5,0.550698,0.0000,0.159200,0
2048,223.01,5,0.585696,0.0000,0.156300,0
2049,222.48,5,0.601395,0.0000,0.155500,0
2050,222.22,5,0.606720,0.0000,0.158800,0
2051,221.50,5,0.597436,0.0000,0.158700,0
2052,221.44,5,0.583844,0.0000,0.158100,0
2053,221.11,5,0.572411,0.0000,0.159300,0
2054,220.45,5,0.566300,0.0000,0.155900,0
2055,220.26,5,0.561503,0.0000,0.157000,0
2056,220.13,5,0.562992,0.0000,0.157200,0
2057,219.47,5,0.573515,0.0000,0.155000,0
2058,219.40,5,0.580392,0.0000,0.154300,0
2059,218.62,5,0.578782,0.0000,0.154300,0
2060,218.49,5,0.585555,0.0000,0.155500,0
2061,218.09,5,0.585620,0.0000,0.158800,0
2062,217.50,5,0.577612,0.0000,0.155400,0
2063,217.37,5,0.566181,0.2000,0.161600,0
2064,217.18,5,0.552673,0.0000,0.154600,0
2065,216.52,5,0.559553,0.0000,0.156300,0
2066,216.13,5,0.562692,0.0000,0.155300,0
2067,215.87,5,0.565914,0.0000,0.156400,0
2068,215.47,5,0.572130,0.0000,0.157800,0
2069,214.82,5,0.576229,0.0000,0.159000,0
2070,214.56,5,0.574759,0.0000,0.155700,0
2071,214.16,5,0.590669,0.0000,0.159400,0
2072,213.84,5,0.584387,0.4000,0.148700,0
2073,213.57,5,0.580024,0.0000,0.157000,0
2074,213.18,5,0.566233,0.2000,0.161600,0
2075,212.59,5,0.540294,0.0000,0.160800,0
2076,212.20,5,0.522440,0.0000,0.157100,0
2077,211.61,5,0.538211,0.0000,0.153500,0
2078,211.22,5,0.545371,0.0000,0.159400,0
2079,210.49,5,0.526191,0.0000,0.152400,0
2080,210.43,5,0.498811,0.0000,0.155500,0
2081,209.91,9,0.455279,0.0000,0.093300,0
2082,209.64,9,0.433667,0.0000,0.091400,0
2083,209.45,9,0.390434,0.0000,0.099500,0
2084,208.53,9,0.354135,0.0000,0.094600,0
2085,208.46,9,0.313788,0.0000,0.097700,0
2086,207.68,9,0.284191,0.0000,0.100100,0
2087,207.48,9,0.257993,0.0000,0.095400,0
2088,206.50,9,0.242852,0.0000,0.093300,0
2089,205.97,9,0.216144,0.0000,0.092000,0
2090,205.52,9,0.194716,0.0000,0.092400,0
2091,204.53,17,0.172798,0.0000,0.044500,0
2092,203.55,17,0.158497,0.0000,0.044100,0
2093,202.90,17,0.143565,0.0000,0.044800,0
2094,202.57,17,0.142542,0.0000,0.041200,0
2095,201.65,9,0.194035,0.0000,0.091800,0
2096,201.59,9,0.238829,0.0000,0.095600,0
2097,200.80,9,0.298827,0.0000,0.090500,0
2098,200.08,9,0.383164,0.0000,0.092900,0
2099,199.88,9,0.432907,0.0000,0.088900,0
2100,199.62,9,0.484221,0.0000,0.096100,0
2101,198.84,5,0.540793,0.0000,0.168400,0
2102,198.84,5,0.584962,0.0000,0.161700,0
2103,198.11,5,0.637042,0.0000,0.160300,0
2104,197.66,5,0.704290,0.0000,0.156500,0
2105,197.66,5,0.676769,0.0000,0.157700,0
2106,196.94,5,0.733893,0.0000,0.154000,0
2107,196.87,5,0.749572,0.0000,0.161400,0
2108,196.87,5,0.768739,0.0000,0.154900,0
2109,196.15,5,0.799895,0.0000,0.158000,0
2110,195.89,5,0.816066,0.0000,0.155300,0
2111,195.89,5,0.827101,0.0000,0.156800,0
2112,194.77,5,0.835303,0.0000,0.160900,0
2113,194.77,5,0.836237,0.0000,0.161900,0
2114,193.79,5,0.808988,0.0000,0.160600,0
2115,193.79,5,0.827868,0.0000,0.155100,0
2116,192.81,5,0.801235,0.0000,0.151900,0
2117,192.81,5,0.785379,0.0000,0.157300,0
2118,192.22,5,0.772691,0.0000,0.160800,0
2119,191.89,5,0.749386,0.0000,0.154000,0
2120,191.24,5,0.734825,0.0000,0.158900,0
2121,190.91,5,0.723054,0.0000,0.162600,0
2122,189.99,5,0.710800,0.0000,0.167600,0
2123,189.86,5,0.680840,0.0000,0.153600,0
2124,188.88,5,0.669511,0.0000,0.164300,0
2125,188.88,5,0.646247,0.0000,0.155200,0
2126,188.55,5,0.625593,0.0000,0.154900,0
2127,187.96,5,0.600843,0.0000,0.162200,0
2128,187.96,5,0.576077,0.0000,0.162500,0
2129,186.85,5,0.604764,0.0000,0.154700,0
2130,186.85,5,0.628532,0.0000,0.156400,0
2131,186.07,5,0.639023,0.0000,0.156900,0
2132,185.61,5,0.639024,0.0000,0.152000,0
2133,185.61,5,0.644033,0.0000,0.155100,0
2134,185.02,5,0.628177,0.0000,0.159100,0
2135,184.17,5,0.598831,0.0000,0.156700,0
2136,184.10,5,0.589028,0.0000,0.164600,0
2137,184.04,5,0.599104,0.0000,0.156200,0
2138,183.12,5,0.655943,0.0000,0.165000,0
2139,182.92,5,0.675953,0.0000,0.151600,0
2140,182.66,5,0.669189,0.0000,0.161800,0
2141,182.66,5,0.679100,0.0000,0.155500,0
2142,182.01,5,0.663804,0.0000,0.151700,0
2143,180.96,5,0.647489,0.0000,0.151500,0
2144,180.96,5,0.603130,0.0000,0.158800,0
2145,179.13,5,0.569397,0.2000,0.160300,0
2146,178.93,5,0.544261,0.0000,0.156300,0
2147,178.47,5,0.531916,0.0000,0.156000,0
2148,178.15,5,0.507939,0.0000,0.158200,0
2149,177.56,9,0.488698,0.0000,0.092200,0
2150,177.16,9,0.484340,0.0000,0.097600,0
2151,176.64,9,0.484017,0.0000,0.095600,0
2152,176.44,9,0.470476,0.0000,0.094700,0
2153,176.18,9,0.461797,0.0000,0.090900,0
2154,175.46,9,0.452819,0.0000,0.094300,0
2155,175.27,9,0.442653,0.0000,0.094200,0
2156,175.13,9,0.425781,0.0000,0.092000,0
2157,174.68,9,0.400836,0.0000,0.098600,0
2158,174.48,9,0.390297,0.0000,0.094600,0
2159,174.15,9,0.401697,0.0000,0.087800,0
2160,173.63,9,0.475625,0.0000,0.093600,0
2161,173.50,5,0.544046,0.0000,0.161500,0
2162,173.17,5,0.632187,0.0000,0.157500,0
2163,172.52,5,0.803194,0.2000,0.159800,0
2164,172.52,5,0.930060,0.0000,0.160300,0
2165,172.19,11,0.994657,0.0000,0.228400,0
2166,171.54,11,1.100920,0.0000,0.230800,0
2167,171.27,11,1.214179,0.2000,0.226100,0
2168,171.27,11,1.304520,0.0000,0.225100,0
2169,170.55,11,1.386200,0.2000,0.233700,0
2170,170.23,11,1.421710,0.0000,0.227100,0
2171,170.23,11,1.454952,0.0000,0.225100,0
2172,169.77,11,1.490163,0.0000,0.227600,0
2173,169.38,11,1.526672,0.2000,0.236400,0
2174,169.24,11,1.575850,0.0000,0.236500,0
2175,168.85,11,1.617065,0.0000,0.224600,0
2176,168.20,2,1.719589,0.0000,0.402000,0
2177,168.20,2,1.674174,0.0000,0.397200,0
2178,167.61,2,1.756533,0.0000,0.401200,0
2179,167.28,2,1.783011,0.2000,0.394900,0
2180,167.28,2,1.798609,0.0000,0.397100,0
2181,166.50,2,1.802971,0.2000,0.398200,0
2182,166.17,2,1.808788,0.2000,0.403900,0
2183,165.19,2,1.830968,0.2000,0.396000,0
2184,164.93,2,1.831465,0.2000,0.396300,0
2185,164.47,2,1.825584,0.2000,0.398400,0
2186,164.34,2,1.824489,0.4000,0.403500,0
2187,163.62,2,1.814095,0.0000,0.398300,0
2188,163.49,2,1.802383,0.2000,0.395400,0
2189,163.42,2,1.785150,0.4000,0.402500,0
2190,162.51,2,1.766669,0.0000,0.400900,0
2191,162.38,2,1.731536,0.0000,0.402600,0
2192,161.66,2,1.730383,0.0000,0.404300,0
2193,161.53,2,1.730166,0.0000,0.398300,0
2194,161.46,2,1.710997,0.2000,0.403100,0
2195,160.41,2,1.717653,0.2000,0.396400,0
2196,160.41,2,1.700357,0.2000,0.400700,0
2197,159.43,2,1.655931,0.0000,0.393100,0
2198,159.43,2,1.691511,0.4000,0.389800,0
2199,158.45,11,1.613829,0.0000,0.223000,0
2200,157.54,11,1.530922,0.2000,0.233400,0
2201,157.34,11,1.434893,0.0000,0.232800,0
2202,156.49,11,1.288188,0.0000,0.231900,0
2203,156.49,11,1.219818,0.0000,0.228500,0
2204,155.51,11,1.233648,0.0000,0.230100,0
2205,155.05,11,1.228546,0.0000,0.230100,0
2206,154.53,11,1.207247,0.0000,0.238400,0
2207,154.40,11,1.184557,0.0000,0.224500,0
2208,153.55,11,1.168100,0.0000,0.235600,0
2209,153.48,11,1.125153,0.0000,0.228600,0
2210,152.50,11,1.080347,0.0000,0.228200,0
2211,152.50,11,1.012546,0.0000,0.215700,0
2212,151.13,11,0.972314,0.0000,0.225200,0
2213,151.13,11,0.997376,0.0000,0.229800,0
2214,150.54,11,0.960223,0.2000,0.223100,0
2215,150.02,11,0.966028,0.2000,0.220000,0
2216,149.56,11,0.992411,0.0000,0.233700,0
2217,148.58,11,0.983441,0.2000,0.236000,0
2218,148.58,11,0.984133,0.0000,0.232100,0
2219,147.60,11,0.945974,0.0000,0.232000,0
2220,147.60,11,0.976436,0.0000,0.223400,0
2221,146.68,11,1.082502,0.0000,0.229300,0
2222,146.68,11,1.005580,0.0000,0.234800,0
2223,146.23,11,1.216327,0.0000,0.234400,0
2224,145.64,11,1.306847,0.0000,0.232500,0
2225,145.64,11,1.379901,0.0000,0.229700,0
2226,145.25,11,1.428723,0.2000,0.224900,0
2227,144.66,11,1.482032,0.2000,0.224900,0
2228,144.66,11,1.532391,0.4000,0.230400,0
2229,143.68,11,1.593069,0.0000,0.232300,0
2230,143.68,11,1.613578,0.0000,0.227600,0
2231,142.83,2,1.637007,0.2000,0.394900,0
2232,142.70,2,1.648793,0.0000,0.397600,0
2233,141.85,2,1.682932,0.2000,0.407100,0
2234,141.72,2,1.706542,0.2000,0.383700,0
2235,141.00,2,1.707839,0.0000,0.402400,0
2236,140.74,2,1.710827,0.2000,0.394300,0
2237,140.74,2,1.723966,0.0000,0.399500,0
2238,140.28,2,1.775347,0.2000,0.397500,0
2239,140.28,2,1.757575,0.2000,0.398400,0
2240,139.63,2,1.829368,0.0000,0.398800,0
2241,139.63,2,1.808343,0.0000,0.398400,0
2242,139.30,2,1.851818,0.0000,0.403300,0
2243,139.04,2,1.861814,0.2000,0.391800,0
2244,138.65,2,1.886025,0.0000,0.395500,0
2245,138.32,2,1.901876,0.2000,0.398600,0
2246,138.32,2,1.918118,0.0000,0.400100,0
2247,137.80,2,1.933288,0.4000,0.404800,0
2248,137.34,2,1.939560,0.2000,0.398100,0
2249,137.08,2,1.943256,0.0000,0.403300,0
2250,136.75,2,1.959710,0.2000,0.394700,0
2251,136.36,2,1.959589,0.2000,0.402100,0
2252,135.84,2,1.971467,0.2000,0.399900,0
2253,135.71,2,1.973427,0.0000,0.387900,0
2254,135.38,2,1.974625,0.0000,0.400600,0
2255,134.86,2,1.979153,0.0000,0.402300,0
2256,134.66,2,1.980598,0.0000,0.386200,0
2257,134.40,2,1.979466,0.0000,0.390800,0
2258,133.81,2,1.996229,0.0000,0.391900,0
2259,133.68,2,1.975615,0.0000,0.393500,0
2260,133.42,2,1.991688,0.2000,0.402100,0
2261,132.84,2,2.008087,0.2000,0.399800,0
2262,132.71,2,2.040288,0.4000,0.403000,0
2263,131.86,2,2.102511,0.2000,0.398800,0
2264,131.73,2,2.238200,0.2000,0.400600,0
2265,130.88,2,2.262658,0.2000,0.393900,0
2266,129.90,2,2.093852,0.4000,0.405500,0
2267,129.90,2,2.154144,0.2000,0.402800,0
2268,128.92,2,2.048846,0.2000,0.394300,0
2269,128.92,2,2.021865,0.4000,0.391300,0
2270,128.20,2,1.986428,0.0000,0.394300,0
2271,127.94,2,1.953112,0.2000,0.394600,0
2272,127.49,2,1.928563,0.2000,0.396700,0
2273,127.22,2,1.881542,0.2000,0.392000,0
2274,126.83,2,1.839461,0.6000,0.398300,0
2275,126.51,2,1.754485,0.0000,0.395200,0
2276,125.92,2,1.648002,0.0000,0.394600,0
2277,125.92,2,1.686801,0.2000,0.404600,0
2278,124.88,11,1.566064,0.0000,0.226600,0
2279,124.88,11,1.603356,0.2000,0.232400,0
2280,124.09,11,1.532272,0.0000,0.224100,0
2281,123.83,11,1.483396,0.2000,0.224700,0
2282,123.83,11,1.421916,0.0000,0.234500,0
2283,123.25,11,1.363435,0.0000,0.225300,0
2284,122.99,11,1.331720,0.0000,0.232400,0
2285,122.60,11,1.280555,0.0000,0.228200,0
2286,122.27,11,1.225164,0.4000,0.234400,0
2287,122.20,11,1.198121,0.0000,0.223400,0
2288,121.62,11,1.151546,0.0000,0.222800,0
2289,121.29,11,1.071149,0.0000,0.228200,0
2290,121.16,11,1.038897,0.0000,0.231800,0
2291,120.97,11,1.040366,0.0000,0.229600,0
2292,120.97,11,1.022699,0.0000,0.233900,0
2293,120.31,11,0.979757,0.0000,0.230700,0
2294,119.92,11,1.032067,0.0000,0.230800,0
2295,118.94,11,0.998147,0.2000,0.229700,0
2296,118.94,11,1.045392,0.0000,0.232000,0
2297,118.36,11,1.013906,0.0000,0.218300,0
2298,118.16,11,0.984963,0.0000,0.227600,0
2299,117.64,11,0.986439,0.0000,0.232300,0
2300,117.12,11,0.971645,0.0000,0.227500,0
2301,116.99,11,0.957595,0.0000,0.226200,0
2302,116.66,5,0.932927,0.0000,0.161000,0
2303,116.66,11,0.942898,0.0000,0.231900,0
2304,116.14,11,0.941807,0.0000,0.226800,0
2305,116.08,5,0.937163,0.0000,0.159100,0
2306,115.69,5,0.910474,0.0000,0.159200,0
2307,115.16,5,0.926762,0.0000,0.162300,0
2308,114.71,11,0.946266,0.0000,0.228400,0
2309,114.12,11,0.987296,0.0000,0.231100,0
2310,114.12,11,0.986803,0.2000,0.228000,0
2311,112.49,11,1.052706,0.0000,0.226700,0
2312,112.49,11,1.038501,0.0000,0.234400,0
2313,111.19,11,1.113834,0.0000,0.235800,0
2314,110.47,11,1.205022,0.0000,0.219000,0
2315,110.47,11,1.231809,0.0000,0.234800,0
2316,110.21,11,1.256390,0.2000,0.228900,0
2317,109.89,11,1.295108,0.0000,0.233500,0
2318,109.50,11,1.345433,0.0000,0.228600,0
2319,109.37,11,1.370028,0.0000,0.230500,0
2320,109.17,11,1.403838,0.0000,0.237700,0
2321,108.91,11,1.435796,0.0000,0.228600,0
2322,108.46,11,1.494472,0.0000,0.226000,0
2323,108.13,11,1.523874,0.2000,0.227000,0
2324,107.93,11,1.567330,0.2000,0.236200,0
2325,107.48,11,1.601233,0.0000,0.236100,0
2326,107.28,11,1.603847,0.4000,0.233500,0
2327,107.22,11,1.598028,0.0000,0.226200,0
2328,106.50,11,1.597258,0.0000,0.231900,0
2329,106.11,11,1.579042,0.6000,0.235900,0
2330,105.27,11,1.590145,0.0000,0.229900,0
2331,105.14,11,1.581524,0.4000,0.219800,0
2332,104.94,11,1.564222,0.0000,0.223400,0
2333,104.55,11,1.558364,0.2000,0.231300,0
2334,104.55,11,1.521855,0.0000,0.224900,0
2335,104.29,11,1.500598,0.0000,0.235500,0
2336,104.09,11,1.470612,0.0000,0.222900,0
2337,103.57,11,1.460898,0.0000,0.231600,0
2338,103.38,11,1.456229,0.4000,0.224900,0
2339,103.18,11,1.435294,0.0000,0.236500,0
2340,103.05,11,1.443657,0.0000,0.226300,0
2341,102.53,11,1.407488,0.2000,0.224600,0
2342,102.34,11,1.378121,0.0000,0.225500,0
2343,102.34,11,1.405295,0.0000,0.231300,0
2344,101.82,11,1.352871,0.0000,0.228600,0
2345,101.56,11,1.336840,0.2000,0.228800,0
2346,101.23,11,1.344022,0.0000,0.228400,0
2347,101.23,11,1.333188,0.0000,0.232600,0
2348,100.45,11,1.314569,0.0000,0.227400,0
2349,100.26,11,1.301171,0.0000,0.219800,0
2350,100.26,11,1.309329,0.0000,0.230500,0
2351,99.54,11,1.340864,0.0000,0.224500,0
2352,99.35,11,1.327771,0.0000,0.229900,0
2353,98.83,11,1.317762,0.0000,0.237800,0
2354,98.50,11,1.320133,0.0000,0.236900,0
2355,98.31,11,1.307039,0.0000,0.232000,0
2356,97.66,11,1.340618,0.0000,0.231800,0
2357,97.46,11,1.354650,0.2000,0.231100,0
2358,97.40,11,1.312007,0.0000,0.232000,0
2359,97.40,11,1.281595,0.0000,0.231500,0
2360,96.62,11,1.288232,0.0000,0.224100,0
2361,95.58,11,1.308512,0.0000,0.224800,0
2362,95.51,11,1.275027,0.0000,0.233100,0
2363,95.51,11,1.322353,0.0000,0.227600,0
2364,94.60,11,1.263164,0.2000,0.232400,0
2365,94.47,11,1.258219,0.0000,0.234600,0
2366,94.02,11,1.284374,0.2000,0.227700,0
2367,93.63,11,1.354466,0.2000,0.236200,0
2368,93.37,11,1.360327,0.0000,0.229100,0
2369,92.98,11,1.374449,0.0000,0.229200,0
2370,92.46,11,1.384339,0.0000,0.226500,0
2371,92.39,11,1.341106,0.0000,0.233500,0
2372,91.61,11,1.353523,0.0000,0.231300,0
2373,91.42,11,1.348399,0.0000,0.230900,0
2374,91.09,11,1.365391,0.0000,0.229600,0
2375,91.09,11,1.396280,0.0000,0.222500,0
2376,90.51,11,1.384537,0.0000,0.225200,0
2377,90.51,11,1.414685,0.0000,0.227800,0
2378,89.53,11,1.404621,0.0000,0.223900,0
2379,89.34,11,1.365039,0.0000,0.231300,0
2380,89.34,11,1.375121,0.2000,0.236800,0
2381,88.56,11,1.368886,0.2000,0.232600,0
2382,88.43,11,1.368501,0.2000,0.230900,0
2383,88.10,11,1.350996,0.0000,0.232300,0
2384,87.58,11,1.334890,0.0000,0.230600,0
2385,87.06,11,1.399402,0.0000,0.219800,0
2386,86.54,11,1.443950,0.0000,0.230300,0
2387,86.54,11,1.422767,0.0000,0.233700,0
2388,85.70,11,1.379697,0.0000,0.235800,0
2389,85.18,11,1.374710,0.2000,0.228300,0
2390,85.18,11,1.363148,0.0000,0.236400,0
2391,84.60,11,1.422269,0.0000,0.231200,0
2392,84.47,11,1.444413,0.0000,0.229600,0
2393,83.95,11,1.426322,0.0000,0.227800,0
2394,83.88,11,1.472171,0.0000,0.233200,0
2395,83.88,11,1.518213,0.0000,0.223600,0
2396,83.62,11,1.605971,0.2000,0.237400,0
2397,82.65,2,1.770418,0.0000,0.396200,0
2398,82.65,2,1.800731,0.0000,0.396500,0
2399,82.00,2,1.871236,0.2000,0.397200,0
2400,81.54,2,1.902079,0.2000,0.391100,0
2401,81.54,2,1.889866,0.0000,0.388800,0
2402,81.22,2,1.946844,0.2000,0.390200,0
2403,80.96,2,1.963217,0.2000,0.388900,0
2404,80.25,2,1.989706,0.4000,0.400700,0
2405,80.25,2,2.013139,0.8000,0.394800,0
2406,79.66,2,2.021191,0.0000,0.401900,0
2407,79.27,2,2.037147,0.4000,0.394000,0
2408,78.95,2,2.048049,0.4000,0.394800,0
2409,78.69,2,2.041244,0.4000,0.400900,0
2410,78.30,2,2.052551,0.6000,0.389800,0
2411,77.59,2,2.085000,0.4000,0.399600,0
2412,77.59,2,2.083565,0.2000,0.400200,0
2413,76.61,2,2.116962,0.2000,0.405400,0
2414,76.09,2,2.145740,0.2000,0.401600,0
2415,75.31,2,2.188870,0.0000,0.394000,0
2416,75.31,2,2.206409,0.4000,0.399200,0
2417,74.67,2,2.257317,0.2000,0.404600,0
2418,74.34,2,2.326193,0.4000,0.390700,0
2419,74.34,2,2.308803,0.4000,0.395900,0
2420,73.69,2,2.358072,0.4000,0.399200,0
2421,72.79,2,2.436390,0.2000,0.397200,0
2422,72.79,2,2.397734,0.4000,0.400800,0
2423,71.88,2,2.491022,0.6000,0.403800,0
2424,71.68,2,2.515053,0.2000,0.404700,0
2425,70.91,2,2.567119,0.4000,0.395300,0
2426,70.65,2,2.615142,0.8000,0.397900,0
2427,70.65,2,2.639146,0.6000,0.396300,0
2428,69.74,2,2.683616,0.4000,0.400300,0
2429,69.41,14,2.733572,1.0000,0.599600,0
2430,68.64,14,2.756461,0.6000,0.590500,0
2431,68.44,14,2.763048,0.6000,0.606200,0
2432,68.18,14,2.768607,0.8000,0.602100,0
2433,67.86,14,2.781207,0.6000,0.602100,0
2434,67.73,14,2.775354,0.2000,0.598700,0
2435,67.73,14,2.771644,0.8000,0.596400,0
2436,66.89,14,2.741558,0.2000,0.605000,0
2437,66.89,14,2.772749,0.8000,0.604300,0
2438,66.89,14,2.764252,0.6000,0.607700,0
2439,65.92,14,2.779804,0.6000,0.606600,0
2440,65.79,14,2.820697,0.8000,0.601400,0
2441,65.20,14,2.798173,0.8000,0.598900,0
2442,64.81,14,2.816269,1.0000,0.601200,0
2443,64.49,14,2.891558,0.4000,0.602400,0
2444,63.97,14,2.994702,0.8000,0.598400,0
2445,63.97,14,2.946021,0.4000,0.603900,0
2446,63.20,14,2.890301,0.4000,0.599500,0
2447,62.87,14,2.883148,0.8000,0.600200,0
2448,62.55,14,2.868719,0.8000,0.604200,0
2449,61.84,14,2.873584,0.8000,0.603500,0
2450,61.84,14,2.822861,0.8000,0.606300,0
2451,60.99,14,2.860222,0.4000,0.593600,0
2452,60.54,14,2.949764,0.4000,0.610100,0
2453,60.54,14,2.941468,0.6000,0.600000,0
2454,60.02,14,2.962340,0.8000,0.614800,0
2455,59.57,14,2.919350,0.6000,0.602900,0
2456,59.57,14,2.966542,0.8000,0.602000,0
2457,58.60,14,2.910594,1.0000,0.606100,0
2458,58.15,14,2.766654,0.6000,0.603600,0
2459,58.02,2,2.650888,0.2000,0.399000,0
2460,57.63,2,2.483751,0.6000,0.401600,0
2461,57.05,2,2.247032,0.4000,0.402000,0
2462,57.05,2,2.121878,0.4000,0.400900,0
2463,57.05,2,1.969188,0.4000,0.403900,0
2464,55.95,2,1.910278,0.2000,0.393800,0
2465,55.95,2,1.919022,0.0000,0.397200,0
2466,54.98,2,1.859577,0.0000,0.395000,0
2467,54.98,2,1.906318,0.2000,0.400300,0
2468,53.94,2,1.834086,0.2000,0.392200,0
2469,53.69,2,1.785996,0.2000,0.390900,0
2470,53.30,2,1.803158,0.2000,0.396900,0
2471,52.91,2,1.859968,0.0000,0.396600,0
2472,52.91,2,1.854072,0.0000,0.398600,0
2473,52.26,2,1.910273,0.0000,0.402300,0
2474,52.00,2,1.901070,0.2000,0.394400,0
2475,52.00,2,1.920033,0.0000,0.396200,0
2476,51.16,2,1.989729,0.0000,0.392100,0
2477,51.16,2,1.993846,0.0000,0.396200,0
2478,50.71,2,2.066834,0.0000,0.398500,0
2479,50.71,2,2.048952,0.0000,0.395800,0
2480,50.26,2,2.089995,0.2000,0.395400,0
2481,50.00,2,2.089005,0.2000,0.399300,0
2482,49.42,2,2.082857,0.2000,0.389800,0
2483,49.16,2,2.044239,0.0000,0.408600,0
2484,49.16,2,2.067456,0.4000,0.393500,0
2485,48.19,2,2.054289,0.6000,0.389900,0
2486,47.48,2,2.135546,0.4000,0.396600,0
2487,47.48,2,2.137727,0.0000,0.400800,0
2488,47.22,2,2.133696,0.4000,0.393200,0
2489,47.22,2,2.110707,0.4000,0.403400,0
2490,46.51,2,2.134240,0.4000,0.392700,0
2491,46.51,2,2.065103,0.0000,0.409700,0
2492,46.38,2,1.993380,0.6000,0.391900,0
2493,46.38,2,1.944849,0.0000,0.403800,0
2494,45.54,2,1.935206,0.2000,0.398800,0
2495,45.42,2,1.908268,0.2000,0.400500,0
2496,45.42,2,1.841027,0.6000,0.393100,0
2497,44.83,2,1.847030,0.2000,0.404400,0
2498,44.83,2,1.787410,0.4000,0.396200,0
2499,44.25,2,1.780867,0.0000,0.392900,0
2500,44.25,2,1.741119,0.0000,0.396400,0
2501,43.54,2,1.737425,0.0000,0.403200,0
2502,43.42,2,1.743864,0.2000,0.402600,0
2503,43.42,2,1.739052,0.2000,0.391200,0
2504,42.83,2,1.824992,0.0000,0.399000,0
2505,42.45,2,1.907355,0.4000,0.390800,0
2506,41.61,2,1.989403,0.0000,0.398700,0
2507,41.61,2,2.012722,0.6000,0.397000,0
2508,41.29,2,2.044670,0.2000,0.399100,0
2509,40.45,2,2.111277,0.2000,0.403400,0
2510,40.19,2,2.161225,0.2000,0.398600,0
2511,40.19,2,2.197851,0.4000,0.391400,0
2512,39.35,2,2.315911,0.4000,0.392600,0
2513,39.35,2,2.284190,0.2000,0.401100,0
2514,38.45,2,2.448069,0.4000,0.398800,0
2515,38.26,2,2.549097,0.6000,0.396600,0
2516,38.26,2,2.589596,0.4000,0.395800,0
2517,37.61,2,2.689674,0.4000,0.393000,0
2518,37.48,14,2.748953,0.6000,0.605700,0
2519,36.65,14,2.908939,0.4000,0.604600,0
2520,36.39,14,3.116703,0.8000,0.606100,0
2521,36.39,14,3.023609,0.6000,0.606100,0
2522,35.42,14,3.328616,0.8000,0.600500,0
2523,35.29,14,3.632557,0.8000,0.606600,0
2524,35.29,14,3.489004,1.0000,0.601000,0
2525,34.97,14,3.728838,0.6000,0.594000,0
2526,34.65,14,3.873455,0.8000,0.598400,0
2527,34.65,14,3.933231,0.8000,0.609300,0
2528,33.49,6,4.196328,0.4000,0.773800,0
2529,33.43,6,4.248187,0.4000,0.778700,0
2530,33.43,6,4.332274,0.6000,0.770800,0
2531,32.72,6,4.459653,0.6000,0.774500,0
2532,32.46,6,4.500618,0.6000,0.786500,0
2533,32.46,6,4.559751,0.6000,0.772900,0
2534,32.01,6,4.611015,0.4000,0.772000,0
2535,31.50,6,4.727001,1.0000,0.788600,0
2536,31.50,6,4.734243,0.8000,0.768800,0
2537,31.37,6,4.722183,1.0000,0.776500,0
2538,30.54,6,4.869465,1.0000,0.775300,0
2539,30.34,6,4.882918,1.0000,0.773600,0
2540,29.51,6,4.963793,0.6000,0.762500,0
2541,29.38,6,5.063317,0.6000,0.775500,0
2542,28.74,6,5.185233,0.8000,0.781700,0
2543,28.55,6,5.277142,1.0000,0.777200,0
2544,27.84,6,5.448243,1.0000,0.767200,0
2545,26.81,6,5.687572,1.0000,0.768900,0
2546,26.56,6,5.482685,1.0000,0.781100,0
2547,26.56,6,5.745463,0.6000,0.767400,0
2548,25.85,6,5.459594,0.8000,0.775600,0
2549,25.53,6,5.435470,1.0000,0.772500,0
2550,25.53,6,5.534460,0.6000,0.773100,0
2551,24.83,6,5.909571,0.8000,0.781000,0
2552,24.64,6,5.819915,1.0000,0.771500,0
2553,24.64,6,5.711367,0.8000,0.770900,0
2554,23.61,6,5.768176,0.8000,0.775900,0
2555,23.61,6,5.596885,0.8000,0.764900,0
2556,23.16,6,5.320244,0.8000,0.764800,0
2557,22.84,6,5.069780,0.8000,0.770200,0
2558,22.59,6,5.090017,0.8000,0.764400,0
2559,22.59,6,5.050458,0.8000,0.773200,0
2560,21.88,6,5.017852,1.0000,0.772000,0
2561,21.63,6,4.780022,1.0000,0.778700,0
2562,21.18,6,4.651714,0.8000,0.775200,0
2563,20.92,6,4.415217,0.8000,0.770500,0
2564,20.92,6,4.527989,1.0000,0.771000,0
2565,20.22,14,4.173707,0.8000,0.599100,0
2566,20.22,6,4.298753,0.6000,0.770700,0
2567,19.71,14,4.067469,0.8000,0.604400,0
2568,18.94,14,4.114915,0.2000,0.605500,0
2569,18.75,6,4.854179,0.6000,0.772000,0
2570,18.75,6,5.003450,0.6000,0.773100,0
2571,17.92,6,5.011795,1.0000,0.773800,0
2572,17.66,6,5.135487,0.8000,0.771900,0
2573,17.66,6,5.203297,0.8000,0.773700,0
2574,16.58,6,5.657738,1.0000,0.767700,0
2575,16.58,6,5.623333,0.8000,0.777500,0
2576,15.62,6,5.754465,0.8000,0.776400,0
2577,15.62,6,5.831782,1.0000,0.776500,0
2578,15.04,6,5.844961,0.6000,0.763200,0
2579,14.85,6,5.770636,0.8000,0.776400,0
2580,14.66,6,5.525026,1.0000,0.777200,0
2581,14.66,6,5.616227,0.8000,0.771000,0
2582,14.02,6,5.491993,1.0000,0.773300,0
2583,13.64,6,5.503566,1.0000,0.779000,0
2584,13.64,6,5.528972,0.6000,0.769800,0
2585,12.81,6,5.692371,0.4000,0.768400,0
2586,12.49,6,5.854623,0.8000,0.778500,0
2587,12.24,15,6.013688,1.0000,0.859700,0
2588,12.11,15,6.124745,0.8000,0.856400,0
2589,11.86,15,6.269752,0.8000,0.852800,0
2590,11.54,15,6.444290,1.0000,0.859100,0
2591,11.16,15,6.599517,0.8000,0.858600,0
2592,10.97,15,6.732701,0.8000,0.859500,0
2593,10.84,15,6.784370,0.8000,0.848900,0
2594,10.59,15,6.968346,0.8000,0.854200,0
2595,10.20,15,7.099515,1.0000,0.855500,0
2596,9.89,15,7.341405,1.0000,0.859500,0
2597,9.25,15,7.735429,0.8000,0.856200,0
2598,9.25,15,7.861791,0.8000,0.856100,0
2599,8.87,15,8.323576,1.0000,0.861600,0
2600,8.87,15,8.090736,1.0000,0.854600,0
2601,7.86,1,9.127228,1.0000,0.904400,0
2602,7.86,1,8.683200,1.0000,0.897000,0
2603,7.03,1,9.854804,1.0000,0.892700,0
2604,7.03,1,9.844259,1.0000,0.901700,0
2605,6.97,1,10.247928,0.8000,0.895600,0
2606,6.78,1,10.350513,1.0000,0.898300,0
2607,6.59,1,10.594836,1.0000,0.899100,0
2608,6.13,10,11.070904,1.0000,0.899600,0
2609,6.07,10,11.339710,0.8000,0.900400,0
2610,5.88,10,11.556486,1.0000,0.902700,0
2611,5.77,10,11.722100,0.8000,0.897500,0
2612,5.56,10,12.043912,1.0000,0.899500,0
2613,5.25,10,12.032403,1.0000,0.896900,0
2614,5.14,10,12.325463,1.0000,0.899300,0
2615,4.93,10,12.443521,1.0000,0.903600,0
2616,4.83,10,12.397448,1.0000,0.899500,0
2617,4.68,10,12.381815,0.8000,0.896200,0
2618,4.19,10,12.755868,1.0000,0.903400,0
2619,3.88,10,12.981833,0.8000,0.897400,0
2620,3.69,10,13.551249,1.0000,0.899300,0
2621,3.17,4,14.601938,1.0000,0.878100,0
2622,2.94,4,14.924246,1.0000,0.877000,0
2623,2.67,4,15.474882,1.0000,0.881700,0
2624,2.17,4,16.757310,1.0000,0.870100,0
2625,1.86,4,17.722670,1.0000,0.876000,0
2626,1.67,7,18.909343,1.0000,0.844500,0
2627,0.86,7,21.413175,1.0000,0.844000,0
2628,0.69,7,23.006443,1.0000,0.842400,0
2629,0.69,7,23.446262,1.0000,0.840800,0
2630,0.57,18,25.766595,1.0000,0.899200,0
2631,0.24,18,27.608590,0.8000,0.901000,0
2632,0.01,18,30.929414,1.0000,0.901100,0
