t,days_to_reentry,M2_cell,H_t,p_t,P_forward,artifact_flag
0,853.75,2,2.385837,0.2000,0.397500,0
1,853.42,2,2.063919,0.0000,0.393700,0
2,853.08,2,1.957799,0.2000,0.396200,0
3,852.42,2,1.905129,0.2000,0.404000,0
4,852.17,2,1.990163,0.0000,0.399400,0
5,852.08,2,2.123230,0.2000,0.395200,0
6,851.75,2,2.149363,0.2000,0.389000,0
7,851.08,2,2.158679,0.0000,0.403900,0
8,850.75,2,2.248058,0.6000,0.394800,0
9,850.42,2,2.317984,0.4000,0.401600,0
10,850.08,2,2.367567,0.4000,0.398800,0
11,849.75,2,2.299801,0.4000,0.397600,0
12,849.08,2,2.314201,0.2000,0.403900,0
13,848.50,2,2.287304,0.2000,0.413300,0
14,848.42,2,2.238545,0.2000,0.397400,0
15,848.08,2,2.156551,0.2000,0.400400,0
16,847.42,2,2.084240,0.0000,0.389500,0
17,847.08,2,2.035712,0.4000,0.399900,0
18,846.75,11,1.619056,0.0000,0.240000,0
19,846.67,11,1.103111,0.0000,0.232600,0
20,846.08,5,0.737494,0.0000,0.160500,0
21,845.50,5,0.584207,0.0000,0.159300,0
22,845.42,5,0.615811,0.0000,0.155700,0
23,845.08,9,0.433287,0.0000,0.099200,0
24,844.75,9,0.316493,0.0000,0.092100,0
25,844.42,9,0.217686,0.0000,0.090600,0
26,844.17,17,0.148871,0.0000,0.045200,0
27,844.08,9,0.209047,0.0000,0.094600,0
28,843.75,17,0.147090,0.0000,0.043700,0
29,843.42,3,0.111292,0.0000,0.027000,0
30,843.08,0,0.501288,0.0000,0.021400,0
31,843.00,0,0.489292,0.0000,0.020800,0
32,841.25,19,1.484228,0.0000,0.017500,0
33,841.00,19,1.191930,0.0000,0.018100,0
34,840.67,12,1.327494,0.0000,0.042000,0
35,839.83,12,1.583893,0.0000,0.043700,0
36,839.33,12,1.558323,0.0000,0.041900,0
37,839.08,12,1.427337,0.0000,0.041700,0
38,838.33,12,1.427709,0.0000,0.044800,0
39,837.08,12,1.732855,0.0000,0.044900,0
40,836.75,12,1.532079,0.0000,0.042500,0
41,836.42,12,1.366015,0.0000,0.041800,0
42,836.08,19,1.169389,0.0000,0.016000,0
43,836.08,19,0.943542,0.0000,0.021200,0
44,836.00,19,0.760107,0.0000,0.017800,0
45,835.58,19,0.702831,0.0000,0.018400,0
46,835.08,0,0.649527,0.0000,0.018000,0
47,834.75,0,0.455367,0.0000,0.017000,0
48,834.50,0,0.403262,0.0000,0.020000,0
49,834.42,0,0.371232,0.0000,0.021300,0
50,834.17,3,0.187840,0.0000,0.027600,0
51,834.08,9,0.305732,0.0000,0.093500,0
52,833.83,9,0.451442,0.0000,0.094000,0
53,833.50,5,0.573328,0.0000,0.158700,0
54,833.42,5,0.955102,0.0000,0.159300,0
55,833.17,11,1.264623,0.0000,0.225600,0
56,833.08,11,1.523758,0.2000,0.234800,0
57,832.50,11,1.521928,0.0000,0.222200,0
58,832.24,2,1.793603,0.0000,0.398100,0
59,832.08,2,1.713286,0.4000,0.393000,0
60,831.83,11,1.345781,0.0000,0.230400,0
61,831.42,11,1.078201,0.0000,0.229000,0
62,831.08,11,1.193228,0.0000,0.234300,0
63,830.83,11,1.255502,0.0000,0.235000,0
64,830.50,11,1.217434,0.0000,0.227600,0
65,830.42,11,1.227852,0.0000,0.229600,0
66,830.25,11,1.112640,0.0000,0.228900,0
67,830.17,5,0.898031,0.0000,0.158000,0
68,830.08,5,0.865579,0.0000,0.153400,0
69,829.83,5,0.870185,0.0000,0.166000,0
70,829.42,5,0.708341,0.0000,0.157700,0
71,829.42,5,0.661820,0.0000,0.154800,0
72,829.25,5,0.836351,0.2000,0.154600,0
73,829.17,5,0.849066,0.0000,0.152100,0
74,829.08,5,0.822837,0.0000,0.157200,0
75,829.00,5,0.752479,0.0000,0.156100,0
76,828.75,5,0.820287,0.0000,0.154800,0
77,828.42,11,0.990039,0.0000,0.230100,0
78,828.25,11,1.096003,0.0000,0.228200,0
79,828.08,11,1.164243,0.0000,0.227900,0
80,827.75,11,1.188660,0.0000,0.237100,0
81,827.50,11,1.183110,0.0000,0.219500,0
82,827.42,11,1.252456,0.0000,0.236200,0
83,827.17,11,1.250023,0.0000,0.235700,0
84,827.08,11,1.220042,0.2000,0.236000,0
85,826.83,11,1.136722,0.0000,0.218900,0
86,826.50,5,0.936626,0.0000,0.163500,0
87,826.42,11,0.958065,0.0000,0.237400,0
88,826.25,11,1.318544,0.0000,0.229400,0
89,826.17,11,1.120021,0.0000,0.228400,0
90,826.08,11,0.964695,0.0000,0.229500,0
91,826.08,11,1.041163,0.0000,0.229700,0
92,825.50,5,0.806234,0.0000,0.158600,0
93,825.25,5,0.841766,0.0000,0.162900,0
94,825.00,11,1.131284,0.0000,0.232800,0
95,825.00,11,0.977696,0.0000,0.228900,0
96,824.42,5,0.933596,0.0000,0.156900,0
97,824.25,11,1.065577,0.0000,0.219500,0
98,824.17,11,1.130992,0.0000,0.226100,0
99,824.08,11,1.265798,0.0000,0.227400,0
100,823.92,11,1.147853,0.0000,0.229300,0
101,823.83,11,1.222697,0.2000,0.231600,0
102,823.67,11,1.434084,0.0000,0.228200,0
103,823.42,11,1.462226,0.0000,0.231300,0
104,823.33,11,1.437251,0.0000,0.232700,0
105,823.08,11,1.383850,0.0000,0.241100,0
106,823.00,11,1.262030,0.0000,0.229600,0
107,822.92,11,1.199953,0.0000,0.232400,0
108,822.75,11,1.283938,0.0000,0.230800,0
109,822.58,11,1.172235,0.0000,0.227900,0
110,822.50,11,1.175607,0.0000,0.224700,0
111,822.42,11,1.232441,0.0000,0.232600,0
112,822.33,11,1.313578,0.0000,0.224200,0
113,822.25,11,1.354070,0.0000,0.234000,0
114,822.08,11,1.363596,0.0000,0.224700,0
115,821.83,11,1.336994,0.2000,0.229600,0
116,821.75,11,1.364006,0.0000,0.225700,0
117,821.67,11,1.371111,0.0000,0.232200,0
118,821.50,11,1.362371,0.0000,0.226300,0
119,821.42,11,1.325370,0.2000,0.222300,0
120,821.33,11,1.353413,0.0000,0.232800,0
121,821.08,11,1.292427,0.0000,0.225800,0
122,821.08,11,1.277698,0.0000,0.227800,0
123,820.83,11,1.254454,0.0000,0.230600,0
124,820.75,11,1.311161,0.0000,0.226300,0
125,820.50,11,1.242538,0.0000,0.223900,0
126,820.42,11,1.234329,0.0000,0.231500,0
127,820.33,11,1.218358,0.0000,0.229100,0
128,820.33,11,1.252533,0.0000,0.232500,0
129,820.08,11,1.170645,0.0000,0.231600,0
130,820.00,11,1.126526,0.0000,0.224900,0
131,819.83,11,1.024077,0.0000,0.233800,0
132,819.58,5,0.908289,0.0000,0.158500,0
133,819.50,5,0.802427,0.0000,0.155700,0
134,819.42,5,0.633830,0.0000,0.161600,0
135,819.33,9,0.398333,0.0000,0.092000,0
136,819.08,17,0.074583,0.0000,0.046200,0
137,818.92,3,0.124954,0.0000,0.030200,1
138,818.92,0,0.439035,0.0000,0.019300,1
139,818.83,0,0.435901,0.0000,0.019800,0
140,818.75,0,0.442400,0.0000,0.023100,0
141,818.67,0,0.386913,0.0000,0.019200,0
142,818.67,0,0.432863,0.0000,0.019000,0
143,818.50,0,0.414576,0.0000,0.020000,0
144,818.33,17,0.108649,0.0000,0.046400,0
145,818.17,17,0.081531,0.0000,0.042200,0
146,818.08,3,0.117729,0.0000,0.028000,0
147,818.00,3,0.094936,0.0000,0.028700,0
148,817.83,3,0.093969,0.0000,0.025700,0
149,817.67,3,0.111829,0.0000,0.029700,0
150,817.42,3,0.090010,0.0000,0.024900,0
151,817.17,3,0.085202,0.0000,0.030100,0
152,817.08,3,0.084457,0.0000,0.027700,0
153,816.83,3,0.077245,0.0000,0.024100,0
154,816.75,3,0.100109,0.0000,0.031500,0
155,816.75,3,0.089611,0.0000,0.026400,0
156,816.33,3,0.092185,0.0000,0.025000,0
157,816.08,3,0.076964,0.0000,0.027200,0
158,816.00,17,0.050239,0.0000,0.045800,0
159,815.83,17,0.052504,0.0000,0.043600,0
160,815.67,3,0.060423,0.0000,0.029600,0
161,815.42,17,0.047236,0.0000,0.046600,0
162,815.08,3,0.173693,0.0000,0.028800,0
163,814.83,17,0.021374,0.0000,0.044000,0
164,814.67,17,0.126464,0.0000,0.042800,0
165,814.50,9,0.178049,0.0000,0.100300,0
166,814.42,9,0.229518,0.0000,0.095900,0
167,814.33,9,0.262618,0.0000,0.097200,0
168,814.25,9,0.284298,0.2000,0.096900,0
169,813.83,9,0.281763,0.0000,0.097600,0
170,813.58,9,0.282758,0.0000,0.093300,0
171,813.42,9,0.294041,0.0000,0.090200,0
172,813.33,9,0.311652,0.0000,0.099000,0
173,813.33,9,0.321352,0.0000,0.096200,0
174,813.17,9,0.324320,0.0000,0.091600,0
175,813.08,9,0.347267,0.2000,0.095600,0
176,812.83,9,0.348862,0.0000,0.091900,0
177,812.42,9,0.340226,0.0000,0.093000,0
178,812.17,9,0.349828,0.0000,0.094600,0
179,812.08,9,0.374285,0.0000,0.094600,0
180,811.42,9,0.341014,0.0000,0.092100,0
181,811.08,9,0.319438,0.0000,0.090900,0
182,810.75,9,0.323011,0.0000,0.097600,0
183,810.08,9,0.303872,0.0000,0.095000,0
184,809.75,9,0.315532,0.0000,0.094700,0
185,809.08,9,0.287969,0.0000,0.092200,0
186,808.42,9,0.249180,0.0000,0.095300,0
187,808.33,9,0.201909,0.2000,0.092200,0
188,808.17,9,0.208573,0.0000,0.095400,0
189,808.08,9,0.195802,0.0000,0.093600,0
190,808.00,9,0.193926,0.0000,0.096300,0
191,807.83,9,0.187582,0.0000,0.096400,0
192,807.58,9,0.173452,0.0000,0.093700,0
193,807.42,17,0.147373,0.0000,0.046300,0
194,807.17,17,0.121136,0.0000,0.045500,0
195,807.17,17,0.123616,0.0000,0.043800,0
196,807.08,17,0.117351,0.2000,0.043900,0
197,807.00,17,0.099888,0.0000,0.045400,0
198,806.83,17,0.071135,0.0000,0.045400,0
199,806.67,17,0.093199,0.0000,0.044600,0
200,806.50,17,0.107964,0.0000,0.046000,0
201,806.42,17,0.120504,0.0000,0.044000,0
202,806.17,17,0.108300,0.0000,0.041400,0
203,806.08,17,0.085148,0.0000,0.042700,0
204,805.83,17,0.055312,0.0000,0.046200,0
205,805.75,17,0.056534,0.0000,0.040700,0
206,805.67,17,0.094261,0.0000,0.044700,0
207,805.50,17,0.093988,0.0000,0.046600,0
208,805.33,17,0.113359,0.0000,0.043000,0
209,805.08,17,0.121215,0.0000,0.046900,0
210,804.83,17,0.093616,0.0000,0.047300,0
211,804.75,17,0.079963,0.0000,0.042700,0
212,804.67,17,0.041895,0.0000,0.044300,0
213,804.50,17,0.037480,0.0000,0.044000,0
214,804.25,17,0.001449,0.0000,0.043200,0
215,804.08,17,0.046146,0.0000,0.044900,0
216,803.83,17,0.045482,0.0000,0.045300,0
217,803.75,17,0.035252,0.0000,0.045900,0
218,803.58,3,0.080234,0.0000,0.029700,0
219,803.50,3,0.074199,0.0000,0.028900,0
220,803.33,3,0.061538,0.0000,0.026600,0
221,802.83,3,0.082658,0.0000,0.030800,0
222,802.50,3,0.063256,0.0000,0.026600,0
223,802.42,17,0.009175,0.0000,0.046200,0
224,802.33,17,0.010718,0.0000,0.047100,0
225,802.17,17,0.038585,0.0000,0.047900,0
226,802.08,17,0.070830,0.0000,0.047400,0
227,801.83,17,0.137928,0.0000,0.042900,0
228,801.58,17,0.138670,0.0000,0.045600,0
229,801.50,9,0.184854,0.0000,0.093700,0
230,801.42,9,0.253108,0.0000,0.094900,0
231,801.25,9,0.297696,0.0000,0.094700,0
232,801.17,9,0.294236,0.0000,0.099900,0
233,801.08,9,0.292525,0.0000,0.096300,0
234,801.00,9,0.269294,0.0000,0.093400,0
235,800.83,9,0.272440,0.2000,0.088100,0
236,800.58,9,0.264462,0.0000,0.098900,0
237,800.50,9,0.250948,0.0000,0.092500,0
238,800.25,9,0.281685,0.0000,0.094600,0
239,800.17,9,0.289552,0.0000,0.094700,0
240,800.08,9,0.296356,0.0000,0.091300,0
241,799.92,9,0.298426,0.0000,0.094700,0
242,799.83,9,0.301079,0.2000,0.093500,0
243,799.75,9,0.317558,0.2000,0.094400,0
244,799.58,9,0.307764,0.0000,0.090800,0
245,799.50,9,0.282050,0.2000,0.093600,0
246,799.33,9,0.294167,0.0000,0.095000,0
247,799.17,9,0.301544,0.0000,0.094200,0
248,799.08,9,0.306488,0.0000,0.097800,0
249,799.00,9,0.304169,0.0000,0.091100,0
250,798.58,9,0.266981,0.0000,0.095100,0
251,798.50,9,0.204316,0.2000,0.091500,0
252,798.42,17,0.157907,0.0000,0.046400,0
253,798.25,17,0.125194,0.0000,0.046400,0
254,798.08,17,0.123000,0.0000,0.046600,0
255,797.92,17,0.114121,0.0000,0.043200,0
256,797.83,17,0.095177,0.0000,0.045600,0
257,797.67,17,0.060051,0.0000,0.045500,0
258,797.50,17,0.029962,0.0000,0.042500,0
259,797.42,17,0.002659,0.0000,0.045200,0
260,797.17,17,0.017243,0.0000,0.046300,0
261,797.08,17,0.002259,0.2000,0.048800,0
262,796.83,17,0.008660,0.0000,0.044600,0
263,796.83,17,0.013828,0.0000,0.042100,0
264,796.75,17,0.033148,0.0000,0.046000,0
265,796.42,17,0.037987,0.0000,0.045400,0
266,796.17,17,0.041970,0.0000,0.043600,0
267,796.08,17,0.038612,0.0000,0.044700,0
268,795.50,17,0.009147,0.0000,0.045500,0
269,795.08,17,0.030780,0.0000,0.046800,0
270,794.42,17,0.038124,0.0000,0.048200,0
271,794.17,17,0.005633,0.0000,0.045800,0
272,794.08,17,0.013918,0.0000,0.046200,0
273,793.50,17,0.001501,0.0000,0.047700,0
274,793.42,17,0.012418,0.0000,0.044100,0
275,793.08,17,0.009869,0.0000,0.045100,0
276,792.83,17,0.011562,0.0000,0.046700,0
277,792.42,17,0.029968,0.0000,0.046400,0
278,792.17,17,0.017198,0.0000,0.044900,0
279,792.08,17,0.027421,0.0000,0.042700,0
280,791.42,17,0.014211,0.0000,0.044600,0
281,791.17,17,0.014496,0.0000,0.046000,0
282,791.08,17,0.041022,0.0000,0.044600,0
283,791.00,17,0.053734,0.0000,0.046600,0
284,791.00,17,0.052864,0.0000,0.042900,0
285,790.83,3,0.066457,0.0000,0.026000,0
286,790.25,3,0.059521,0.0000,0.028000,0
287,789.75,3,0.059192,0.0000,0.027100,0
288,789.42,3,0.081535,0.0000,0.027700,0
289,789.08,3,0.086679,0.0000,0.031200,0
290,788.50,3,0.059525,0.0000,0.027000,0
291,788.42,17,0.020500,0.0000,0.045500,0
292,788.17,17,0.054665,0.0000,0.046200,0
293,788.08,17,0.131272,0.0000,0.049400,0
294,787.50,17,0.169774,0.0000,0.049600,0
295,787.42,9,0.177504,0.0000,0.092100,0
296,787.08,9,0.181727,0.0000,0.094800,0
297,786.42,9,0.243956,0.0000,0.095900,0
298,786.17,9,0.241330,0.0000,0.093500,0
299,786.08,9,0.241130,0.0000,0.096400,0
300,785.50,9,0.252321,0.0000,0.090800,0
301,785.42,9,0.256482,0.2000,0.093900,0
302,785.08,9,0.289071,0.0000,0.095400,0
303,784.83,9,0.289421,0.2000,0.091700,0
304,784.42,9,0.259937,0.0000,0.095300,0
305,784.08,9,0.283398,0.2000,0.091100,0
306,783.83,9,0.286612,0.0000,0.090900,0
307,783.42,9,0.296822,0.0000,0.090900,0
308,783.17,9,0.290959,0.0000,0.092300,0
309,783.08,9,0.276390,0.0000,0.092700,0
310,782.50,9,0.286839,0.0000,0.096500,0
311,782.42,9,0.301685,0.0000,0.094100,0
312,782.33,9,0.309848,0.0000,0.093600,0
313,782.08,9,0.306941,0.0000,0.095200,0
314,781.83,9,0.307690,0.0000,0.098200,0
315,781.59,9,0.220879,0.0000,0.096700,0
316,781.08,9,0.214783,0.0000,0.097000,0
317,780.83,9,0.218538,0.0000,0.093400,0
318,780.42,9,0.219366,0.0000,0.096800,0
319,780.08,9,0.208601,0.0000,0.094600,0
320,779.83,9,0.202101,0.0000,0.097100,0
321,779.42,9,0.208372,0.0000,0.098200,0
322,779.25,9,0.193128,0.0000,0.091600,0
323,779.08,17,0.164433,0.0000,0.044300,0
324,778.42,17,0.168804,0.0000,0.050200,0
325,778.17,17,0.171573,0.0000,0.048600,0
326,778.08,9,0.186731,0.0000,0.097200,0
327,777.75,17,0.164961,0.2000,0.046000,0
328,777.50,17,0.120827,0.0000,0.048200,0
329,777.08,17,0.101077,0.0000,0.045900,0
330,776.83,17,0.073712,0.0000,0.044800,0
331,776.42,17,0.034568,0.0000,0.045600,0
332,776.08,17,0.006756,0.0000,0.043900,0
333,775.50,17,0.020318,0.0000,0.044200,0
334,775.42,17,0.035900,0.0000,0.044000,0
335,775.08,3,0.058651,0.0000,0.028300,0
336,774.83,3,0.070368,0.0000,0.030000,0
337,774.42,3,0.078804,0.0000,0.026100,0
338,774.08,3,0.065549,0.0000,0.028800,0
339,773.75,17,0.051383,0.0000,0.043900,0
340,773.17,3,0.083267,0.0000,0.025300,0
341,773.08,3,0.111972,0.0000,0.026300,0
342,772.42,3,0.141056,0.0000,0.029300,0
343,772.08,3,0.153633,0.0000,0.026200,0
344,771.42,3,0.166472,0.0000,0.029700,0
345,771.17,3,0.130355,0.0000,0.032800,0
346,771.08,3,0.125139,0.0000,0.029000,0
347,770.75,3,0.123408,0.0000,0.026500,0
348,770.50,3,0.107814,0.0000,0.029700,0
349,770.08,3,0.080012,0.0000,0.028800,0
350,769.75,3,0.092608,0.0000,0.024900,0
351,769.08,3,0.072850,0.0000,0.027600,0
352,768.42,3,0.078122,0.0000,0.026900,0
353,768.17,3,0.073717,0.0000,0.024500,0
354,768.08,3,0.129023,0.0000,0.029500,0
355,767.50,3,0.153832,0.0000,0.028900,0
356,767.42,3,0.203132,0.0000,0.027200,0
357,767.08,3,0.229318,0.0000,0.031100,0
358,766.42,3,0.218873,0.0000,0.029400,0
359,766.17,3,0.237865,0.0000,0.026600,0
360,766.08,3,0.244257,0.0000,0.030100,0
361,765.58,3,0.238095,0.0000,0.028600,0
362,765.42,3,0.233243,0.0000,0.028500,0
363,765.17,3,0.231581,0.0000,0.030500,0
364,765.08,3,0.207980,0.0000,0.029400,0
365,764.42,3,0.205857,0.0000,0.026100,0
366,764.08,3,0.179307,0.0000,0.026100,0
367,763.83,3,0.161586,0.0000,0.026500,0
368,763.42,3,0.173041,0.0000,0.027500,0
369,763.17,3,0.160864,0.0000,0.029600,0
370,763.08,3,0.167453,0.0000,0.027900,0
371,762.50,3,0.178062,0.0000,0.026900,0
372,762.42,3,0.175721,0.0000,0.024900,0
373,762.08,3,0.178396,0.0000,0.025900,0
374,761.75,3,0.171524,0.0000,0.030300,0
375,761.42,3,0.169155,0.0000,0.027200,0
376,761.17,3,0.170227,0.0000,0.028900,0
377,761.08,3,0.146694,0.0000,0.027700,0
378,760.75,3,0.131403,0.0000,0.029600,0
379,760.08,3,0.115446,0.0000,0.029300,0
380,759.83,17,0.043783,0.0000,0.044300,0
381,759.42,17,0.038040,0.0000,0.042400,0
382,759.17,17,0.038249,0.0000,0.044700,0
383,759.08,17,0.037840,0.0000,0.045800,0
384,758.75,17,0.027836,0.0000,0.047100,0
385,758.17,17,0.033454,0.0000,0.046700,0
386,758.08,17,0.046747,0.0000,0.046400,0
387,757.42,17,0.025648,0.0000,0.043500,0
388,757.17,17,0.032684,0.0000,0.044000,0
389,756.50,17,0.001211,0.0000,0.047000,0
390,756.42,17,0.053433,0.0000,0.043600,0
391,756.08,17,0.067628,0.0000,0.045800,0
392,755.75,17,0.110434,0.0000,0.043800,0
393,755.42,17,0.157273,0.0000,0.043500,0
394,755.17,17,0.151128,0.0000,0.044800,0
395,755.08,17,0.133806,0.0000,0.045200,0
396,754.50,17,0.097702,0.0000,0.043300,0
397,754.42,17,0.167437,0.0000,0.044100,0
398,754.08,9,0.196813,0.0000,0.095100,0
399,753.83,9,0.226220,0.0000,0.093700,0
400,753.42,9,0.260010,0.0000,0.093300,0
401,753.08,9,0.285494,0.0000,0.096400,0
402,752.50,9,0.284337,0.0000,0.091900,0
403,752.42,9,0.278809,0.0000,0.097100,0
404,752.08,9,0.241292,0.0000,0.092600,0
405,751.92,17,0.141292,0.0000,0.042000,0
406,751.58,17,0.137130,0.0000,0.042300,0
407,751.17,17,0.155234,0.0000,0.044200,0
408,751.08,17,0.167480,0.0000,0.046400,0
409,750.83,17,0.156988,0.0000,0.038400,0
410,750.42,9,0.175519,0.0000,0.097200,0
411,750.42,17,0.164817,0.0000,0.045000,0
412,750.08,9,0.181351,0.0000,0.091100,0
413,749.83,17,0.168206,0.0000,0.047800,0
414,749.42,17,0.159413,0.0000,0.045900,0
415,749.17,17,0.115506,0.0000,0.049600,0
416,749.08,17,0.082441,0.0000,0.042100,0
417,748.83,17,0.071344,0.0000,0.045300,0
418,748.42,17,0.041301,0.0000,0.045500,0
419,748.17,17,0.018057,0.0000,0.047000,0
420,748.08,17,0.030806,0.0000,0.045200,0
421,747.50,17,0.044994,0.0000,0.045700,0
422,747.42,17,0.055991,0.0000,0.045800,0
423,747.08,17,0.043986,0.0000,0.043800,0
424,746.50,17,0.009351,0.0000,0.045400,0
425,746.42,17,0.019682,0.0000,0.044000,0
426,746.08,3,0.062466,0.0000,0.026300,0
427,745.83,3,0.108780,0.0000,0.024100,0
428,745.42,3,0.129241,0.0000,0.031500,0
429,745.08,3,0.157914,0.0000,0.028000,0
430,744.75,3,0.162164,0.0000,0.026800,0
431,744.08,3,0.184051,0.0000,0.030300,0
432,743.42,3,0.185707,0.0000,0.032500,0
433,743.17,3,0.193511,0.0000,0.025900,0
434,743.08,3,0.199543,0.0000,0.027900,0
435,742.42,3,0.197348,0.0000,0.027900,0
436,742.17,3,0.200954,0.0000,0.027800,0
437,742.08,3,0.204325,0.0000,0.027700,0
438,741.42,3,0.199565,0.0000,0.027600,0
439,741.08,3,0.207941,0.0000,0.026700,0
440,740.83,3,0.201137,0.0000,0.025000,0
441,740.42,3,0.198261,0.0000,0.029600,0
442,740.17,3,0.199728,0.0000,0.027400,0
443,740.08,3,0.206197,0.0000,0.029400,0
444,739.42,3,0.193114,0.0000,0.027100,0
445,739.08,3,0.186912,0.0000,0.031000,0
446,738.42,3,0.200022,0.0000,0.027000,0
447,738.08,3,0.202209,0.0000,0.028600,0
448,737.42,3,0.215612,0.0000,0.028600,0
449,737.33,3,0.198832,0.0000,0.028600,0
450,737.08,3,0.197984,0.0000,0.026400,0
451,736.83,3,0.187377,0.0000,0.026500,0
452,736.42,3,0.159730,0.0000,0.028700,0
453,736.17,3,0.155050,0.0000,0.027600,0
454,736.08,3,0.140639,0.0000,0.027600,0
455,735.50,3,0.101860,0.0000,0.027900,0
456,735.42,3,0.069387,0.0000,0.030100,0
457,735.08,3,0.093033,0.0000,0.028900,0
458,734.83,3,0.070907,0.0000,0.030300,0
459,734.75,3,0.066943,0.0000,0.028800,0
460,734.33,3,0.070659,0.0000,0.030900,0
461,734.08,3,0.092364,0.0000,0.032000,0
462,733.83,3,0.070834,0.0000,0.028700,0
463,733.42,3,0.069763,0.0000,0.026100,0
464,733.08,3,0.089217,0.0000,0.027300,0
465,732.50,3,0.061739,0.0000,0.028600,0
466,732.42,3,0.069553,0.0000,0.030700,0
467,732.08,3,0.089937,0.0000,0.027900,0
468,731.83,3,0.072713,0.0000,0.029200,0
469,731.75,3,0.061653,0.0000,0.029300,0
470,731.08,3,0.075491,0.0000,0.027100,0
471,730.75,17,0.042478,0.0000,0.046100,0
472,730.33,3,0.063613,0.0000,0.028600,0
473,730.08,3,0.094277,0.0000,0.026300,0
474,729.42,3,0.114411,0.0000,0.027300,0
475,729.17,3,0.140282,0.0000,0.029600,0
476,729.08,3,0.157307,0.0000,0.026500,0
477,728.42,3,0.136998,0.0000,0.026800,0
478,728.08,3,0.120506,0.0000,0.027700,0
479,727.75,3,0.114203,0.0000,0.026700,0
480,727.08,3,0.067554,0.0000,0.027600,0
481,726.83,3,0.073581,0.0000,0.026400,0
482,726.50,3,0.068238,0.0000,0.030000,0
483,726.42,17,0.048628,0.0000,0.047900,0
484,726.08,3,0.074991,0.0000,0.029300,0
485,725.42,3,0.138562,0.0000,0.027300,0
486,725.08,3,0.208721,0.0000,0.026100,0
487,724.42,3,0.238669,0.0000,0.028300,0
488,724.17,3,0.256715,0.0000,0.026300,0
489,724.08,3,0.245605,0.0000,0.028900,0
490,723.42,3,0.258328,0.0000,0.027000,0
491,723.08,3,0.244449,0.0000,0.029300,0
492,722.75,3,0.216210,0.0000,0.027400,0
493,722.42,3,0.268719,0.0000,0.031100,0
494,722.17,3,0.280329,0.0000,0.027000,0
495,722.08,3,0.263993,0.0000,0.028000,0
496,721.42,3,0.268224,0.0000,0.029500,0
497,721.17,3,0.268104,0.0000,0.028000,0
498,720.42,3,0.280499,0.0000,0.028900,0
499,720.17,3,0.279911,0.0000,0.029200,0
500,719.42,3,0.293231,0.0000,0.030100,0
501,719.17,3,0.288880,0.0000,0.029300,0
502,719.08,3,0.291052,0.0000,0.024800,0
503,718.50,3,0.298571,0.0000,0.027500,0
504,718.42,3,0.303413,0.0000,0.025900,0
505,718.08,3,0.310982,0.0000,0.026200,0
506,717.42,3,0.300202,0.0000,0.028200,0
507,717.08,3,0.291454,0.0000,0.026300,0
508,716.42,3,0.294646,0.0000,0.028900,0
509,716.08,3,0.291376,0.0000,0.027500,0
510,715.83,3,0.293421,0.0000,0.029600,0
511,715.42,3,0.260854,0.0000,0.026200,0
512,715.17,3,0.166671,0.0000,0.024600,0
513,715.15,3,0.136972,0.0000,0.026800,0
514,714.83,3,0.115057,0.0000,0.027700,0
515,714.48,3,0.105013,0.0000,0.029400,0
516,714.08,3,0.112789,0.0000,0.027900,0
517,713.83,3,0.067592,0.0000,0.030300,0
518,713.42,17,0.045587,0.0000,0.044900,0
519,713.29,17,0.049345,0.0000,0.043700,0
520,713.08,17,0.020045,0.0000,0.045500,0
521,712.42,17,0.029029,0.0000,0.044500,0
522,712.17,3,0.057058,0.0000,0.027100,0
523,712.08,3,0.081308,0.0000,0.030600,0
524,711.42,3,0.059468,0.0000,0.031000,0
525,711.08,3,0.060391,0.0000,0.028800,0
526,710.42,17,0.032773,0.0000,0.046200,0
527,710.08,17,0.003170,0.0000,0.042900,0
528,710.00,17,0.045477,0.0000,0.045800,0
529,709.50,17,0.066794,0.0000,0.048500,0
530,709.42,17,0.090186,0.0000,0.042300,0
531,709.08,17,0.094434,0.0000,0.047100,0
532,708.83,17,0.099402,0.0000,0.044300,0
533,708.42,17,0.124600,0.0000,0.044000,0
534,708.17,17,0.124810,0.0000,0.049200,0
535,708.08,17,0.122611,0.0000,0.044400,0
536,707.42,17,0.116837,0.0000,0.042200,0
537,707.33,17,0.101836,0.0000,0.043000,0
538,707.08,17,0.089557,0.0000,0.046000,0
539,706.83,17,0.087115,0.0000,0.045700,0
540,706.42,17,0.095247,0.0000,0.044900,0
541,706.08,17,0.045014,0.0000,0.044700,0
542,705.42,3,0.062559,0.0000,0.031500,0
543,705.08,3,0.056892,0.0000,0.027100,0
544,704.75,3,0.060566,0.0000,0.027900,0
545,704.08,17,0.030184,0.0000,0.049300,0
546,703.75,17,0.043813,0.0000,0.043800,0
547,703.17,17,0.024730,0.0000,0.046600,0
548,703.08,17,0.019771,0.0000,0.041600,0
549,702.75,17,0.032486,0.0000,0.046700,0
550,702.42,17,0.043438,0.0000,0.044700,0
551,702.08,17,0.067594,0.0000,0.041600,0
552,701.75,17,0.064405,0.0000,0.045400,0
553,701.42,17,0.053692,0.0000,0.042300,0
554,701.08,17,0.021568,0.0000,0.044700,0
555,700.75,17,0.009257,0.0000,0.042400,0
556,700.08,17,0.007223,0.0000,0.048200,0
557,699.42,17,0.021656,0.0000,0.044300,0
558,699.08,17,0.050153,0.0000,0.044100,0
559,698.75,3,0.055913,0.0000,0.024300,0
560,698.42,3,0.086935,0.0000,0.026900,0
561,698.17,3,0.121361,0.0000,0.029600,0
562,698.08,3,0.149968,0.0000,0.025900,0
563,697.42,3,0.173980,0.0000,0.026900,0
564,697.08,3,0.205478,0.0000,0.025800,0
565,696.75,3,0.210678,0.0000,0.026500,0
566,696.49,3,0.230145,0.0000,0.025100,0
567,696.08,3,0.247080,0.0000,0.027000,0
568,695.42,3,0.264784,0.0000,0.027800,0
569,695.17,3,0.258611,0.0000,0.028900,0
570,695.08,3,0.250002,0.0000,0.028400,0
571,694.75,3,0.251619,0.0000,0.026700,0
572,694.42,3,0.258536,0.0000,0.028200,0
573,694.17,3,0.256341,0.0000,0.028600,0
574,694.08,3,0.252676,0.0000,0.028200,0
575,693.75,3,0.253838,0.0000,0.025700,0
576,693.42,3,0.286536,0.0000,0.027100,0
577,693.08,3,0.280452,0.0000,0.027400,0
578,692.50,3,0.271076,0.0000,0.030500,0
579,692.42,3,0.252621,0.0000,0.028300,0
580,692.08,3,0.242828,0.0000,0.027700,0
581,691.75,3,0.249448,0.0000,0.029900,0
582,691.42,3,0.235287,0.0000,0.028700,0
583,691.08,3,0.211836,0.2000,0.024900,0
584,690.42,3,0.203308,0.0000,0.027900,0
585,690.08,3,0.186715,0.0000,0.027900,0
586,689.75,3,0.199438,0.0000,0.026100,0
587,689.08,3,0.198652,0.0000,0.028400,0
588,688.42,3,0.196149,0.0000,0.027600,0
589,688.08,3,0.196964,0.0000,0.028900,0
590,687.75,3,0.202821,0.0000,0.029000,0
591,687.42,3,0.194816,0.0000,0.027400,0
592,687.08,3,0.193469,0.0000,0.027900,0
593,686.75,3,0.196147,0.0000,0.029400,0
594,686.08,3,0.193589,0.0000,0.028000,0
595,685.75,3,0.202203,0.0000,0.033800,0
596,685.42,3,0.182063,0.0000,0.028000,0
597,685.08,3,0.171381,0.0000,0.026400,0
598,684.75,3,0.171427,0.0000,0.025800,0
599,684.42,3,0.158975,0.0000,0.026600,0
600,684.08,3,0.195525,0.0000,0.025900,0
601,683.42,3,0.174996,0.0000,0.027800,0
602,683.08,3,0.166150,0.0000,0.029300,0
603,682.42,3,0.148319,0.0000,0.030700,0
604,681.75,3,0.113267,0.0000,0.028800,0
605,681.42,3,0.125443,0.0000,0.026600,0
606,681.08,3,0.084081,0.0000,0.028300,0
607,680.83,17,0.046445,0.0000,0.043900,0
608,680.75,17,0.043016,0.0000,0.048300,0
609,680.08,17,0.048418,0.0000,0.043900,0
610,679.75,3,0.114882,0.0000,0.026800,0
611,679.42,3,0.135844,0.0000,0.026300,0
612,679.08,3,0.158811,0.0000,0.029900,0
613,678.42,3,0.149731,0.0000,0.025400,0
614,678.08,3,0.084408,0.0000,0.027100,0
615,677.83,17,0.183980,0.0000,0.046600,0
616,677.42,17,0.157375,0.0000,0.049500,0
617,677.08,17,0.172295,0.0000,0.052100,0
618,676.75,9,0.183524,0.0000,0.094000,0
619,676.08,9,0.174647,0.0000,0.092100,0
620,675.75,17,0.151950,0.0000,0.047000,0
621,675.42,17,0.158284,0.0000,0.046100,0
622,675.08,17,0.133042,0.0000,0.043300,0
623,674.50,17,0.106842,0.0000,0.044600,0
624,674.42,17,0.094207,0.0000,0.043100,0
625,674.08,17,0.058646,0.0000,0.042600,0
626,673.50,17,0.018222,0.0000,0.045900,0
627,673.42,17,0.005280,0.0000,0.047700,0
628,673.08,17,0.047768,0.0000,0.043900,0
629,672.50,3,0.064629,0.0000,0.031700,0
630,672.42,3,0.067498,0.0000,0.029500,0
631,672.08,3,0.079781,0.0000,0.027200,0
632,669.08,3,0.063572,0.0000,0.028200,0
633,667.62,3,0.055185,0.0000,0.027100,0
634,666.55,3,0.082204,0.0000,0.029100,0
635,666.35,3,0.093108,0.0000,0.028500,0
636,665.56,3,0.109065,0.0000,0.026800,0
637,665.23,3,0.132576,0.0000,0.028600,0
638,664.43,3,0.151376,0.0000,0.027600,0
639,664.10,3,0.164724,0.0000,0.027100,0
640,663.70,3,0.184786,0.0000,0.025800,0
641,663.23,3,0.192104,0.0000,0.027900,0
642,662.70,3,0.199996,0.0000,0.030000,0
643,662.17,3,0.198199,0.0000,0.027700,0
644,661.71,3,0.212210,0.0000,0.029600,0
645,661.18,3,0.227397,0.0000,0.026500,0
646,660.18,3,0.240668,0.0000,0.029700,0
647,659.19,3,0.246991,0.0000,0.030400,0
648,659.12,3,0.262999,0.0000,0.030800,0
649,659.05,3,0.256289,0.0000,0.028300,0
650,658.12,3,0.264495,0.0000,0.028400,0
651,658.06,3,0.273749,0.0000,0.026700,0
652,657.53,3,0.274734,0.0000,0.029400,0
653,657.13,3,0.274351,0.0000,0.029300,0
654,656.53,3,0.284646,0.0000,0.029400,0
655,656.26,3,0.235712,0.0000,0.028600,0
656,656.07,3,0.229751,0.0000,0.028700,0
657,655.14,3,0.235831,0.0000,0.026000,0
658,654.80,3,0.205079,0.0000,0.027600,0
659,654.21,3,0.200939,0.0000,0.025700,0
660,654.14,3,0.203304,0.0000,0.029900,0
661,653.54,3,0.068685,0.0000,0.028600,0
662,653.14,3,0.078046,0.0000,0.029400,0
663,652.88,3,0.093812,0.0000,0.029800,0
664,652.55,3,0.107958,0.0000,0.024000,0
665,652.28,3,0.125549,0.0000,0.028500,0
666,651.88,3,0.141554,0.0000,0.027800,0
667,651.22,3,0.157860,0.0000,0.025300,0
668,650.42,3,0.156438,0.0000,0.030800,0
669,650.29,3,0.151340,0.0000,0.027300,0
670,650.16,3,0.141324,0.0000,0.026300,0
671,649.49,3,0.110652,0.0000,0.024500,0
672,649.23,3,0.111973,0.0000,0.028400,0
673,648.50,3,0.103386,0.0000,0.027800,0
674,648.17,3,0.108143,0.0000,0.027700,0
675,648.17,3,0.123314,0.0000,0.028900,0
676,647.24,3,0.114665,0.0000,0.028000,0
677,646.51,3,0.131299,0.0000,0.027200,0
678,646.37,3,0.147356,0.0000,0.027000,0
679,645.98,3,0.159637,0.0000,0.030400,0
680,645.38,3,0.164744,0.0000,0.030200,0
681,645.25,3,0.172765,0.0000,0.028400,0
682,644.98,3,0.169338,0.0000,0.027500,0
683,644.18,3,0.162440,0.0000,0.029400,0
684,644.18,3,0.151092,0.0000,0.029500,0
685,643.98,3,0.132199,0.0000,0.030500,0
686,643.52,3,0.109200,0.0000,0.027100,0
687,643.19,3,0.095055,0.0000,0.028600,0
688,642.72,3,0.081858,0.0000,0.027900,0
689,642.46,3,0.084466,0.0000,0.027900,0
690,642.26,3,0.090749,0.0000,0.028100,0
691,641.53,3,0.082656,0.0000,0.027700,0
692,641.46,3,0.080114,0.0000,0.029900,0
693,640.66,3,0.080616,0.0000,0.024600,0
694,640.27,3,0.090668,0.0000,0.027300,0
695,640.27,3,0.109532,0.0000,0.028300,0
696,639.74,3,0.128594,0.0000,0.028700,0
697,639.47,3,0.166571,0.0000,0.028100,0
698,639.27,3,0.186201,0.0000,0.026700,0
699,638.54,3,0.203165,0.0000,0.026100,0
700,638.27,3,0.209388,0.0000,0.030100,0
701,638.08,3,0.194007,0.0000,0.031100,0
702,637.41,3,0.148662,0.0000,0.029300,0
703,637.08,3,0.081227,0.0000,0.028200,0
704,636.55,3,0.086739,0.0000,0.028500,0
705,636.08,3,0.086539,0.0000,0.028700,0
706,635.42,3,0.058255,0.0000,0.028500,0
707,635.35,3,0.059595,0.0000,0.030900,0
708,634.49,3,0.084991,0.0000,0.026100,0
709,634.36,3,0.107404,0.0000,0.032700,0
710,634.16,3,0.120131,0.0000,0.026300,0
711,633.56,3,0.119263,0.0000,0.029700,0
712,633.36,3,0.116750,0.0000,0.025700,0
713,632.83,3,0.125387,0.0000,0.030100,0
714,632.50,3,0.131842,0.0000,0.028800,0
715,631.90,3,0.126351,0.0000,0.026700,0
716,631.50,3,0.094793,0.0000,0.025900,0
717,631.17,17,0.049428,0.0000,0.041900,0
718,631.17,17,0.003521,0.0000,0.043300,0
719,630.57,17,0.029839,0.0000,0.044400,0
720,630.18,17,0.035878,0.0000,0.043900,0
721,629.58,17,0.025788,0.0000,0.044300,0
722,629.45,17,0.010877,0.0000,0.043400,0
723,628.58,17,0.005356,0.0000,0.043600,0
724,628.45,17,0.010913,0.0000,0.047300,0
725,628.45,17,0.020096,0.0000,0.043000,0
726,627.52,17,0.000627,0.0000,0.045600,0
727,626.86,17,0.033128,0.0000,0.043800,0
728,626.53,3,0.062224,0.0000,0.026200,0
729,625.53,3,0.114293,0.0000,0.026300,0
730,625.26,3,0.144824,0.0000,0.028900,0
731,624.60,3,0.156655,0.0000,0.028400,0
732,624.53,3,0.160200,0.0000,0.026300,0
733,624.27,3,0.154264,0.0000,0.027300,0
734,623.60,3,0.143163,0.0000,0.029400,0
735,622.87,3,0.132050,0.0000,0.028800,0
736,622.61,3,0.067905,0.0000,0.028200,0
737,622.61,17,0.002884,0.0000,0.045400,0
738,622.34,17,0.001052,0.0000,0.044300,0
739,621.75,17,0.003683,0.0000,0.046800,0
740,621.35,17,0.011904,0.0000,0.045000,0
741,620.88,17,0.027445,0.0000,0.048200,0
742,620.62,17,0.044358,0.0000,0.046500,0
743,619.69,3,0.098456,0.0000,0.026600,0
744,619.69,3,0.073993,0.0000,0.025300,0
745,619.09,3,0.120544,0.0000,0.026700,0
746,618.82,17,0.034211,0.0000,0.046900,0
747,618.82,3,0.077405,0.0000,0.028700,0
748,617.70,17,0.041469,0.0000,0.046000,0
749,617.70,17,0.032934,0.0000,0.043100,0
750,617.10,17,0.039267,0.0000,0.047000,0
751,616.70,17,0.043147,0.0000,0.046300,0
752,616.44,17,0.049263,0.0000,0.046300,0
753,616.10,17,0.041770,0.0000,0.046400,0
754,615.44,17,0.035579,0.0000,0.047300,0
755,615.11,17,0.028986,0.0000,0.044800,0
756,614.84,17,0.026301,0.0000,0.046200,0
757,614.44,17,0.024453,0.0000,0.042200,0
758,613.65,17,0.029365,0.0000,0.047700,0
759,613.65,17,0.033676,0.0000,0.046400,0
760,613.45,17,0.042128,0.0000,0.043800,0
761,612.85,17,0.050117,0.0000,0.046800,0
762,612.72,17,0.044530,0.0000,0.045100,0
763,612.72,17,0.037007,0.0000,0.048800,0
764,612.19,17,0.023770,0.0000,0.044400,0
765,611.85,17,0.016805,0.0000,0.047300,0
766,611.72,17,0.003179,0.0000,0.044800,0
767,611.06,17,0.014954,0.0000,0.043100,0
768,610.93,17,0.030570,0.0000,0.040200,0
769,610.93,17,0.045363,0.0000,0.047500,0
770,609.93,17,0.062439,0.0000,0.047000,0
771,609.27,17,0.087984,0.0000,0.044300,0
772,609.27,17,0.118553,0.0000,0.046500,0
773,608.87,17,0.137898,0.0000,0.046000,0
774,608.54,17,0.163099,0.0000,0.046600,0
775,608.27,9,0.187757,0.0000,0.098400,0
776,607.54,17,0.077117,0.0000,0.046200,0
777,607.08,3,0.138994,0.0000,0.025900,0
778,606.54,3,0.108158,0.0000,0.027800,0
779,606.08,3,0.096033,0.0000,0.026700,0
780,605.48,3,0.055028,0.0000,0.030500,0
781,605.48,3,0.075198,0.0000,0.029800,0
782,604.88,17,0.029549,0.0000,0.045100,0
783,604.49,17,0.001838,0.0000,0.046800,0
784,604.09,17,0.015369,0.0000,0.045700,0
785,603.82,17,0.022708,0.0000,0.045000,0
786,603.82,17,0.030811,0.0000,0.047600,0
787,603.22,17,0.135619,0.0000,0.044000,0
788,603.22,17,0.090005,0.0000,0.044400,0
789,602.83,5,0.798318,0.0000,0.161300,0
790,602.63,5,0.768230,0.0000,0.153600,0
791,602.63,5,0.779489,0.0000,0.159400,0
792,602.16,5,0.763037,0.0000,0.160800,0
793,602.16,5,0.746447,0.0000,0.155100,0
794,601.50,5,0.800213,0.0000,0.157700,0
795,601.50,5,0.824887,0.0000,0.153900,0
796,601.17,5,0.813375,0.0000,0.159000,0
797,601.17,5,0.801539,0.0000,0.150700,0
798,601.10,5,0.879637,0.0000,0.155700,0
799,600.64,11,1.178041,0.0000,0.226200,0
800,600.64,11,1.228139,0.0000,0.226200,0
801,600.11,11,1.203841,0.0000,0.232300,0
802,600.11,11,1.180275,0.0000,0.228000,0
803,599.97,11,1.169357,0.0000,0.238800,0
804,599.97,11,1.152514,0.0000,0.222200,0
805,599.24,11,1.154605,0.0000,0.229100,0
806,599.11,11,1.172951,0.0000,0.228200,0
807,598.98,11,1.151569,0.0000,0.225800,0
808,598.45,11,1.115992,0.0000,0.228400,0
809,598.12,11,1.088269,0.0000,0.228400,0
810,598.12,11,1.059314,0.0000,0.236200,0
811,597.39,11,1.037806,0.0000,0.231300,0
812,597.19,11,0.969869,0.0000,0.225600,0
813,597.12,5,0.883727,0.0000,0.153600,0
814,596.59,5,0.796174,0.0000,0.158600,0
815,596.59,5,0.694245,0.0000,0.157900,0
816,596.13,5,0.585285,0.0000,0.153900,0
817,595.53,9,0.444914,0.0000,0.092300,0
818,595.46,9,0.275541,0.2000,0.097600,0
819,595.20,9,0.187123,0.0000,0.100500,0
820,595.06,17,0.034522,0.0000,0.046600,0
821,595.06,17,0.093663,0.0000,0.047900,0
822,594.47,3,0.147557,0.0000,0.028900,0
823,594.47,3,0.079861,0.0000,0.025600,0
824,594.20,3,0.190977,0.0000,0.028700,0
825,594.07,3,0.189057,0.0000,0.026700,0
826,594.07,3,0.198233,0.0000,0.028500,0
827,593.47,3,0.149285,0.0000,0.025300,0
828,593.47,3,0.165023,0.0000,0.028900,0
829,593.21,3,0.165336,0.0000,0.027400,0
830,593.21,3,0.141656,0.0000,0.027900,0
831,592.87,3,0.139928,0.0000,0.030800,0
832,592.48,3,0.160562,0.0000,0.027600,0
833,592.34,3,0.166473,0.0000,0.027000,0
834,591.48,3,0.166221,0.0000,0.029700,0
835,591.48,3,0.149374,0.0000,0.025900,0
836,591.08,3,0.141755,0.0000,0.031100,0
837,591.08,3,0.175676,0.0000,0.028600,0
838,590.49,3,0.196183,0.0000,0.028200,0
839,590.49,3,0.187019,0.0000,0.027700,0
840,590.09,3,0.194548,0.0000,0.027800,0
841,589.49,3,0.207642,0.0000,0.028000,0
842,589.16,3,0.201093,0.0000,0.028400,0
843,589.16,3,0.204467,0.0000,0.025600,0
844,588.83,3,0.212496,0.0000,0.031000,0
845,588.50,3,0.220592,0.0000,0.028800,0
846,588.43,3,0.227085,0.0000,0.028900,0
847,587.17,3,0.218259,0.0000,0.028900,0
848,587.17,3,0.214380,0.0000,0.027400,0
849,586.57,3,0.221184,0.0000,0.029000,0
850,585.58,3,0.226300,0.0000,0.026800,0
851,585.58,3,0.227204,0.0000,0.028100,0
852,585.31,3,0.210193,0.0000,0.026000,0
853,584.58,3,0.194353,0.0000,0.027900,0
854,584.32,3,0.191298,0.0000,0.030000,0
855,584.32,3,0.174528,0.0000,0.028300,0
856,583.45,3,0.079768,0.0000,0.026500,0
857,583.19,3,0.074822,0.0000,0.027000,0
858,583.19,3,0.073860,0.0000,0.028500,0
859,582.39,3,0.072384,0.0000,0.028400,0
860,582.26,3,0.072413,0.0000,0.027200,0
861,581.93,3,0.104806,0.0000,0.028500,0
862,581.40,3,0.085599,0.0000,0.026600,0
863,581.26,3,0.075676,0.0000,0.029300,0
864,580.47,3,0.072123,0.0000,0.029600,0
865,580.40,3,0.067046,0.0000,0.031000,0
866,580.27,3,0.123463,0.0000,0.030700,0
867,579.54,3,0.214522,0.0000,0.027800,0
868,579.27,3,0.207865,0.0000,0.029100,0
869,579.27,3,0.206027,0.0000,0.024800,0
870,578.68,3,0.196859,0.0000,0.030000,0
871,578.41,3,0.172999,0.0000,0.027100,0
872,578.28,17,0.051237,0.0000,0.048100,0
873,578.28,3,0.130952,0.0000,0.027500,0
874,577.42,17,0.034616,0.0000,0.048400,0
875,577.28,17,0.014726,0.0000,0.040800,0
876,577.02,17,0.013059,0.0000,0.042800,0
877,576.49,17,0.002884,0.2000,0.045000,0
878,576.35,17,0.011856,0.0000,0.046000,0
879,575.69,17,0.048134,0.0000,0.045800,0
880,575.49,3,0.081626,0.0000,0.028100,0
881,575.36,3,0.119600,0.0000,0.025700,0
882,574.50,3,0.179156,0.0000,0.027900,0
883,574.50,3,0.149593,0.0000,0.028400,0
884,574.36,3,0.194704,0.0000,0.028500,0
885,573.50,3,0.199958,0.0000,0.027400,0
886,573.37,3,0.201302,0.0000,0.028800,0
887,573.37,3,0.199521,0.0000,0.031300,0
888,572.51,3,0.188841,0.0000,0.026900,0
889,572.44,3,0.172830,0.0000,0.026800,0
890,572.11,3,0.143107,0.0000,0.031400,0
891,571.44,3,0.113922,0.0000,0.027000,0
892,571.38,3,0.086899,0.0000,0.024300,0
893,570.45,17,0.053288,0.0000,0.046200,0
894,570.12,17,0.040531,0.0000,0.043600,0
895,569.85,17,0.043726,0.0000,0.044600,0
896,569.65,17,0.051767,0.0000,0.045400,0
897,569.45,3,0.082679,0.0000,0.030800,0
898,568.59,3,0.185969,0.0000,0.027300,0
899,568.59,3,0.130918,0.0000,0.027900,0
900,567.60,3,0.196736,0.0000,0.026300,0
901,567.46,3,0.184669,0.0000,0.029700,0
902,567.46,3,0.191445,0.0000,0.027200,0
903,566.47,3,0.147431,0.0000,0.028800,0
904,565.87,3,0.083512,0.0000,0.027100,0
905,565.47,17,0.050689,0.0000,0.046900,0
906,565.47,17,0.012020,0.0000,0.045900,0
907,565.21,17,0.035701,0.0000,0.039500,0
908,564.88,17,0.002121,0.0000,0.041300,0
909,564.61,17,0.084418,0.0000,0.047700,0
910,563.55,3,0.091936,0.0000,0.028300,0
911,563.55,17,0.016643,0.0000,0.043400,0
912,563.22,3,0.136739,0.0000,0.031600,0
913,562.55,3,0.161385,0.0000,0.025800,0
914,561.96,3,0.180238,0.0000,0.028000,0
915,561.69,3,0.190343,0.0000,0.028500,0
916,561.23,3,0.190296,0.0000,0.029200,0
917,560.56,3,0.164111,0.0000,0.030300,0
918,560.56,3,0.177165,0.0000,0.028400,0
919,559.97,3,0.149450,0.0000,0.030700,0
920,559.57,3,0.135241,0.0000,0.028600,0
921,559.57,3,0.142166,0.0000,0.026600,0
922,559.04,3,0.127297,0.0000,0.030900,0
923,558.57,3,0.108556,0.0000,0.026000,0
924,558.31,3,0.091396,0.0000,0.028300,0
925,558.04,3,0.063078,0.0000,0.026800,0
926,557.58,17,0.028866,0.0000,0.048400,0
927,556.98,17,0.003329,0.0000,0.043900,0
928,556.65,17,0.019386,0.0000,0.044300,0
929,556.32,17,0.030936,0.0000,0.044600,0
930,555.92,17,0.034953,0.0000,0.048700,0
931,555.65,17,0.029987,0.0000,0.044600,0
932,555.26,17,0.024841,0.0000,0.047900,0
933,554.66,17,0.011638,0.0000,0.049800,0
934,554.33,17,0.005228,0.0000,0.042800,0
935,554.33,17,0.007852,0.0000,0.043100,0
936,553.66,17,0.015492,0.0000,0.041900,0
937,553.20,17,0.029309,0.0000,0.045500,0
938,553.07,17,0.037232,0.0000,0.044700,0
939,552.67,17,0.045940,0.0000,0.044800,0
940,552.07,17,0.043469,0.0000,0.045100,0
941,551.81,17,0.047966,0.0000,0.041000,0
942,551.67,17,0.053892,0.0000,0.042400,0
943,551.41,3,0.059345,0.0000,0.029700,0
944,550.74,3,0.058828,0.0000,0.030900,0
945,550.41,3,0.057855,0.0000,0.028200,0
946,549.68,3,0.060180,0.0000,0.028100,0
947,549.68,3,0.065448,0.0000,0.029000,0
948,549.42,17,0.051744,0.0000,0.045900,0
949,548.75,17,0.046427,0.0000,0.046700,0
950,548.22,17,0.050843,0.0000,0.044000,0
951,548.22,3,0.059219,0.0000,0.027200,0
952,547.76,3,0.068585,0.0000,0.026000,0
953,547.69,3,0.073989,0.0000,0.028500,0
954,546.90,3,0.081728,0.0000,0.029500,0
955,546.70,3,0.090049,0.0000,0.028800,0
956,546.17,3,0.097200,0.0000,0.028100,0
957,545.83,3,0.108071,0.0000,0.029000,0
958,545.50,3,0.119889,0.0000,0.027300,0
959,544.71,3,0.124244,0.0000,0.026800,0
960,544.51,3,0.126315,0.0000,0.026500,0
961,544.11,3,0.127099,0.0000,0.028400,0
962,543.51,3,0.136710,0.0000,0.029100,0
963,543.51,3,0.132505,0.0000,0.028500,0
964,543.11,3,0.140135,0.0000,0.027600,0
965,542.52,3,0.153618,0.0000,0.028400,0
966,542.12,3,0.150951,0.0000,0.027900,0
967,541.85,3,0.138147,0.0000,0.028100,0
968,541.52,3,0.113817,0.0000,0.028500,0
969,541.12,3,0.103259,0.0000,0.028700,0
970,540.92,3,0.075428,0.0000,0.025600,0
971,540.79,3,0.090903,0.0000,0.028500,0
972,540.20,3,0.100663,0.0000,0.030100,0
973,539.60,3,0.106700,0.0000,0.029200,0
974,539.60,3,0.111842,0.0000,0.026800,0
975,539.07,3,0.129237,0.0000,0.029700,0
976,538.80,3,0.138082,0.0000,0.030800,0
977,538.20,3,0.136491,0.0000,0.025700,0
978,538.07,3,0.126342,0.0000,0.029200,0
979,537.81,3,0.118242,0.0000,0.030400,0
980,537.14,3,0.123955,0.0000,0.029400,0
981,536.88,3,0.138732,0.0000,0.027600,0
982,536.61,3,0.153432,0.0000,0.028100,0
983,536.08,3,0.170679,0.0000,0.027700,0
984,535.88,3,0.173421,0.0000,0.026300,0
985,535.62,3,0.172556,0.0000,0.027300,0
986,535.09,3,0.169295,0.0000,0.032100,0
987,534.89,3,0.167181,0.0000,0.026300,0
988,534.36,3,0.166542,0.0000,0.028900,0
989,534.36,3,0.158722,0.0000,0.027100,0
990,533.96,3,0.145810,0.0000,0.027300,0
991,533.23,3,0.129505,0.0000,0.031600,0
992,533.10,3,0.117303,0.0000,0.028000,0
993,532.70,3,0.094342,0.0000,0.026900,0
994,532.23,17,0.038647,0.0000,0.044400,0
995,532.10,17,0.043321,0.0000,0.045200,0
996,531.44,17,0.104879,0.0000,0.049400,0
997,531.11,17,0.124706,0.0000,0.042100,0
998,530.91,17,0.143661,0.0000,0.047300,0
999,530.91,17,0.136446,0.0000,0.047100,0
1000,530.18,17,0.143336,0.0000,0.042800,0
1001,529.71,17,0.147049,0.0000,0.044400,0
1002,529.45,17,0.159567,0.0000,0.045800,0
1003,529.18,9,0.175567,0.0000,0.097500,0
1004,528.72,9,0.183000,0.0000,0.097400,0
1005,528.12,9,0.188886,0.0000,0.094100,0
1006,527.99,9,0.196877,0.0000,0.095800,0
1007,527.19,9,0.207300,0.0000,0.090700,0
1008,527.06,9,0.208485,0.0000,0.096500,0
1009,526.46,9,0.190660,0.0000,0.096400,0
1010,526.06,17,0.147088,0.0000,0.045300,0
1011,525.53,17,0.101344,0.0000,0.045600,0
1012,525.47,17,0.062429,0.0000,0.048400,0
1013,525.13,17,0.019843,0.0000,0.044000,0
1014,525.07,3,0.066339,0.0000,0.026100,0
1015,524.47,3,0.151498,0.0000,0.027000,0
1016,524.27,3,0.148942,0.0000,0.026600,0
1017,524.07,3,0.147300,0.0000,0.026500,0
1018,523.28,3,0.147088,0.0000,0.026700,0
1019,523.28,3,0.144380,0.0000,0.027400,0
1020,522.81,3,0.150910,0.0000,0.028600,0
1021,522.15,3,0.160576,0.0000,0.028700,0
1022,522.15,3,0.157855,0.0000,0.025500,0
1023,521.15,3,0.156185,0.0000,0.030300,0
1024,520.56,3,0.150523,0.0000,0.028300,0
1025,520.56,3,0.153076,0.0000,0.027100,0
1026,520.16,3,0.145864,0.0000,0.027100,0
1027,519.56,3,0.138327,0.0000,0.025700,0
1028,519.23,3,0.129052,0.0000,0.025300,0
1029,519.23,3,0.125727,0.0000,0.028200,0
1030,518.90,3,0.122884,0.0000,0.028200,0
1031,518.50,3,0.117526,0.0000,0.029400,0
1032,518.23,3,0.105909,0.0000,0.029800,0
1033,517.90,3,0.096701,0.0000,0.027000,0
1034,517.37,3,0.314538,0.0000,0.029900,0
1035,517.31,3,0.304387,0.0000,0.031200,0
1036,517.31,3,0.257510,0.0000,0.027200,0
1037,516.91,3,0.273198,0.0000,0.028100,0
1038,516.91,3,0.262523,0.0000,0.028300,0
1039,515.85,3,0.277460,0.0000,0.029500,0
1040,514.65,3,0.278370,0.0000,0.031800,0
1041,514.45,3,0.279877,0.0000,0.028700,0
1042,513.86,3,0.280884,0.0000,0.027800,0
1043,513.39,3,0.279670,0.0000,0.028200,0
1044,512.53,3,0.273202,0.0000,0.027300,0
1045,512.40,3,0.276100,0.0000,0.025200,0
1046,512.20,3,0.265541,0.0000,0.028000,0
1047,511.47,3,0.255443,0.0000,0.026800,0
1048,511.40,3,0.250534,0.0000,0.029200,0
1049,510.94,3,0.236310,0.0000,0.029700,0
1050,510.47,3,0.224893,0.0000,0.029000,0
1051,510.01,3,0.217868,0.0000,0.027200,0
1052,509.54,3,0.213801,0.0000,0.031300,0
1053,509.48,3,0.209116,0.0000,0.030800,0
1054,508.61,3,0.201119,0.0000,0.025300,0
1055,508.48,3,0.190456,0.0000,0.027800,0
1056,507.55,3,0.234003,0.0000,0.025900,0
1057,507.49,3,0.225186,0.0000,0.027000,0
1058,507.29,3,0.217107,0.0000,0.026800,0
1059,507.15,3,0.204423,0.0000,0.030200,0
1060,506.49,3,0.198044,0.0000,0.029600,0
1061,506.29,3,0.186497,0.0000,0.028400,0
1062,505.30,3,0.157818,0.0000,0.029000,0
1063,505.30,3,0.169714,0.0000,0.029400,0
1064,504.57,3,0.192996,0.0000,0.028700,0
1065,504.50,3,0.246792,0.0000,0.029300,0
1066,504.10,3,0.318323,0.0000,0.030500,0
1067,503.51,3,0.311401,0.0000,0.029800,0
1068,503.37,3,0.309691,0.0000,0.027600,0
1069,503.37,3,0.313354,0.0000,0.027200,0
1070,502.44,3,0.307204,0.0000,0.026400,0
1071,501.85,3,0.304124,0.0000,0.029800,0
1072,501.51,3,0.304283,0.0000,0.028300,0
1073,500.79,3,0.304388,0.0000,0.029400,0
1074,500.79,3,0.307481,0.0000,0.027800,0
1075,500.52,3,0.302501,0.0000,0.028800,0
1076,500.52,3,0.311168,0.0000,0.030600,0
1077,499.52,3,0.301439,0.0000,0.027500,0
1078,499.39,3,0.301951,0.0000,0.026500,0
1079,498.60,3,0.303348,0.0000,0.026500,0
1080,498.53,3,0.297922,0.0000,0.031500,0
1081,498.40,3,0.297643,0.0000,0.024200,0
1082,497.47,3,0.301104,0.0000,0.028000,0
1083,497.20,3,0.300267,0.0000,0.028900,0
1084,497.20,3,0.296384,0.0000,0.029100,0
1085,496.47,3,0.286159,0.0000,0.026700,0
1086,495.94,3,0.165587,0.0000,0.025000,0
1087,495.48,3,0.140423,0.0000,0.028800,0
1088,495.28,3,0.120252,0.0000,0.026500,0
1089,494.61,3,0.097735,0.0000,0.029900,0
1090,494.48,3,0.091013,0.0000,0.027900,0
1091,493.55,3,0.090953,0.0000,0.025000,0
1092,493.55,3,0.100076,0.0000,0.029200,0
1093,493.29,3,0.113915,0.0000,0.027700,0
1094,492.49,3,0.148353,0.0000,0.026000,0
1095,492.49,3,0.130977,0.0000,0.025000,0
1096,491.50,3,0.163836,0.0000,0.030800,0
1097,491.30,3,0.175207,0.0000,0.027400,0
1098,491.30,3,0.189020,0.0000,0.028200,0
1099,490.30,3,0.192895,0.0000,0.027100,0
1100,489.90,3,0.164894,0.0000,0.029400,0
1101,489.77,3,0.130718,0.0000,0.031000,0
1102,489.57,3,0.094631,0.0000,0.025000,0
1103,488.78,17,0.046288,0.0000,0.043000,0
1104,488.64,17,0.003319,0.0000,0.040600,0
1105,488.58,17,0.052862,0.0000,0.045200,0
1106,487.78,17,0.105578,0.0000,0.042000,0
1107,487.71,17,0.149956,0.0000,0.048400,0
1108,487.12,9,0.196987,0.0000,0.096300,0
1109,486.59,9,0.255910,0.0000,0.097100,0
1110,486.59,9,0.307178,0.0000,0.087500,0
1111,486.39,9,0.328731,0.0000,0.090500,0
1112,485.39,9,0.332757,0.0000,0.100300,0
1113,484.86,9,0.381610,0.0000,0.093200,0
1114,484.66,9,0.390111,0.0000,0.095200,0
1115,483.87,9,0.397409,0.0000,0.097600,0
1116,482.67,9,0.345472,0.0000,0.091900,0
1117,481.68,9,0.395157,0.0000,0.095800,0
1118,481.68,9,0.382439,0.0000,0.089900,0
1119,481.08,9,0.334437,0.0000,0.091700,0
1120,480.95,9,0.311745,0.0000,0.095000,0
1121,480.68,9,0.294727,0.0000,0.090000,0
1122,480.08,9,0.280478,0.0000,0.099100,0
1123,479.89,9,0.272858,0.0000,0.091600,0
1124,479.49,9,0.270746,0.0000,0.093600,0
1125,478.82,9,0.264545,0.0000,0.096700,0
1126,478.49,9,0.269069,0.0000,0.095900,0
1127,477.76,9,0.268183,0.0000,0.097900,0
1128,477.50,9,0.254046,0.0000,0.097000,0
1129,477.10,9,0.250191,0.2000,0.099400,0
1130,476.83,9,0.239598,0.0000,0.090300,0
1131,476.77,9,0.223873,0.0000,0.092900,0
1132,476.10,9,0.206618,0.0000,0.093100,0
1133,475.57,9,0.194503,0.0000,0.094800,0
1134,475.57,9,0.175771,0.0000,0.094200,0
1135,475.24,17,0.154699,0.0000,0.043700,0
1136,475.11,17,0.140408,0.0000,0.046300,0
1137,474.91,17,0.121899,0.0000,0.044400,0
1138,474.58,17,0.103863,0.0000,0.043600,0
1139,474.18,17,0.089740,0.0000,0.047100,0
1140,473.58,17,0.046127,0.0000,0.042700,0
1141,473.58,17,0.073294,0.0000,0.042000,0
1142,473.12,3,0.080406,0.0000,0.029300,0
1143,472.59,3,0.097756,0.0000,0.026400,0
1144,472.12,3,0.131972,0.0000,0.027200,0
1145,471.92,3,0.162852,0.0000,0.028600,0
1146,471.59,3,0.156189,0.0000,0.028200,0
1147,471.13,3,0.197157,0.0000,0.026400,0
1148,470.86,3,0.206455,0.0000,0.030100,0
1149,470.86,3,0.211801,0.0000,0.025500,0
1150,470.20,3,0.204287,0.0000,0.028700,0
1151,469.87,3,0.197000,0.0000,0.025800,0
1152,469.20,3,0.191696,0.0000,0.030000,0
1153,469.07,3,0.190552,0.0000,0.025600,0
1154,468.94,3,0.188482,0.0000,0.030700,0
1155,468.67,3,0.182543,0.0000,0.028900,0
1156,468.08,3,0.176037,0.0000,0.027300,0
1157,467.68,3,0.178431,0.0000,0.030900,0
1158,467.68,3,0.175213,0.0000,0.030100,0
1159,467.15,3,0.181102,0.0000,0.031800,0
1160,466.68,3,0.176684,0.0000,0.027400,0
1161,466.15,3,0.169398,0.0000,0.033900,0
1162,466.15,3,0.162048,0.0000,0.024600,0
1163,465.62,3,0.151429,0.0000,0.027900,0
1164,465.02,3,0.135574,0.0000,0.026500,0
1165,464.69,3,0.131103,0.0000,0.027000,0
1166,464.36,3,0.137909,0.0000,0.027300,0
1167,464.36,3,0.149970,0.0000,0.026600,0
1168,463.63,3,0.163043,0.0000,0.028100,0
1169,463.17,3,0.173125,0.0000,0.028900,0
1170,462.97,3,0.188807,0.0000,0.028600,0
1171,462.77,3,0.178214,0.0000,0.029800,0
1172,462.17,3,0.120642,0.0000,0.026600,0
1173,461.77,3,0.138180,0.0000,0.028200,0
1174,461.77,3,0.131567,0.0000,0.032400,0
1175,461.11,3,0.145820,0.0000,0.028800,0
1176,460.78,3,0.150269,0.0000,0.027800,0
1177,460.18,3,0.162355,0.0000,0.026500,0
1178,460.18,3,0.156013,0.0000,0.027700,0
1179,459.52,3,0.171120,0.0000,0.024400,0
1180,459.12,3,0.185325,0.0000,0.028300,0
1181,459.05,3,0.198573,0.0000,0.027400,0
1182,458.39,3,0.207145,0.0000,0.027600,0
1183,458.26,3,0.186332,0.0000,0.029600,0
1184,457.46,3,0.180886,0.0000,0.028500,0
1185,457.26,3,0.177191,0.0000,0.027800,0
1186,457.13,3,0.172696,0.0000,0.028100,0
1187,456.53,3,0.160241,0.0000,0.029600,0
1188,456.13,3,0.147453,0.0000,0.027800,0
1189,455.87,3,0.134883,0.0000,0.026900,0
1190,455.54,3,0.126334,0.0000,0.030600,0
1191,455.27,3,0.123927,0.0000,0.029400,0
1192,454.87,3,0.123739,0.0000,0.026600,0
1193,454.21,3,0.110781,0.0000,0.026900,0
1194,454.21,3,0.120388,0.0000,0.025700,0
1195,453.88,3,0.099807,0.0000,0.028300,0
1196,453.61,3,0.106855,0.0000,0.029100,0
1197,453.35,3,0.109945,0.0000,0.029700,0
1198,452.62,3,0.112665,0.0000,0.029200,0
1199,452.42,3,0.119584,0.0000,0.029900,0
1200,452.15,3,0.137316,0.0000,0.027600,0
1201,451.42,3,0.150082,0.0000,0.027200,0
1202,451.22,3,0.135875,0.0000,0.028000,0
1203,451.22,3,0.118045,0.0000,0.030000,0
1204,450.43,3,0.093114,0.0000,0.028500,0
1205,450.36,3,0.093743,0.0000,0.028200,0
1206,449.96,3,0.106480,0.0000,0.025600,0
1207,449.70,3,0.125098,0.0000,0.029000,0
1208,449.43,3,0.131000,0.0000,0.029400,0
1209,448.50,3,0.128881,0.0000,0.027000,0
1210,448.17,3,0.123131,0.0000,0.029600,0
1211,447.91,3,0.116644,0.0000,0.028900,0
1212,447.91,3,0.116525,0.0000,0.027800,0
1213,446.45,3,0.079538,0.0000,0.029800,0
1214,446.45,3,0.086776,0.0000,0.030200,0
1215,445.45,3,0.075581,0.0000,0.029600,0
1216,445.32,3,0.074658,0.0000,0.027900,0
1217,444.46,3,0.113714,0.0000,0.028200,0
1218,444.26,3,0.116724,0.0000,0.026300,0
1219,444.26,3,0.108817,0.0000,0.027400,0
1220,443.59,3,0.097734,0.0000,0.026500,0
1221,443.46,3,0.094665,0.0000,0.030000,0
1222,443.46,3,0.094638,0.0000,0.028600,0
1223,443.06,3,0.119392,0.0000,0.029800,0
1224,442.47,3,0.139450,0.0000,0.024800,0
1225,442.47,3,0.125885,0.0000,0.029700,0
1226,441.54,3,0.148928,0.0000,0.028700,0
1227,441.47,3,0.152931,0.0000,0.028100,0
1228,441.40,3,0.159896,0.0000,0.026200,0
1229,440.54,3,0.182381,0.0000,0.028000,0
1230,440.48,3,0.178279,0.0000,0.026100,0
1231,439.61,3,0.161619,0.0000,0.024900,0
1232,439.61,3,0.172710,0.0000,0.025500,0
1233,439.08,3,0.148443,0.0000,0.025800,0
1234,438.55,3,0.128980,0.0000,0.024400,0
1235,438.49,3,0.104418,0.0000,0.025700,0
1236,437.56,3,0.072028,0.0000,0.032300,0
1237,436.56,17,0.033016,0.0000,0.046900,0
1238,436.49,17,0.003993,0.0000,0.044400,0
1239,436.16,17,0.040951,0.0000,0.044600,0
1240,435.50,17,0.074118,0.0000,0.046900,0
1241,435.50,17,0.105186,0.0000,0.041300,0
1242,435.17,17,0.140392,0.0000,0.040700,0
1243,434.50,17,0.144659,0.0000,0.044600,0
1244,434.17,17,0.146369,0.0000,0.045000,0
1245,434.17,17,0.145033,0.0000,0.043200,0
1246,433.51,17,0.140655,0.0000,0.045500,0
1247,433.18,17,0.115086,0.0000,0.043900,0
1248,432.91,17,0.080656,0.0000,0.043300,0
1249,432.45,17,0.042270,0.0000,0.043700,0
1250,431.59,17,0.013260,0.0000,0.046000,0
1251,431.52,3,0.057095,0.0000,0.029800,0
1252,430.59,3,0.142777,0.0000,0.025600,0
1253,430.26,3,0.156786,0.0000,0.029200,0
1254,429.86,3,0.185070,0.0000,0.028700,0
1255,429.59,3,0.182227,0.0000,0.027500,0
1256,429.26,3,0.182365,0.0000,0.025900,0
1257,428.60,3,0.189539,0.0000,0.026900,0
1258,428.27,3,0.205127,0.0000,0.030900,0
1259,428.27,3,0.197979,0.0000,0.026500,0
1260,427.60,3,0.191908,0.0000,0.028300,0
1261,427.27,3,0.197008,0.0000,0.026200,0
1262,427.01,17,0.054887,0.0000,0.042100,0
1263,426.54,3,0.069195,0.0000,0.029000,0
1264,426.48,3,0.089101,0.0000,0.028700,0
1265,426.28,3,0.111680,0.0000,0.030700,0
1266,425.55,3,0.136077,0.0000,0.029400,0
1267,424.88,3,0.147083,0.0000,0.028800,0
1268,424.55,3,0.177767,0.0000,0.026200,0
1269,423.62,3,0.162828,0.0000,0.027700,0
1270,423.62,3,0.158807,0.0000,0.028000,0
1271,423.56,3,0.162030,0.0000,0.025200,0
1272,422.69,3,0.159600,0.0000,0.030400,0
1273,422.56,3,0.158826,0.0000,0.029700,0
1274,421.63,3,0.154689,0.0000,0.027800,0
1275,420.90,3,0.156600,0.0000,0.027900,0
1276,420.84,3,0.158095,0.0000,0.027900,0
1277,420.11,3,0.136595,0.0000,0.027100,0
1278,419.91,3,0.140044,0.0000,0.025900,0
1279,419.64,3,0.139811,0.0000,0.029500,0
1280,419.11,3,0.140965,0.0000,0.031500,0
1281,418.65,3,0.141612,0.0000,0.030100,0
1282,418.65,3,0.138916,0.0000,0.026800,0
1283,417.65,3,0.140113,0.0000,0.024900,0
1284,417.12,3,0.150477,0.0000,0.026700,0
1285,416.86,3,0.158911,0.0000,0.027800,0
1286,416.46,3,0.163618,0.0000,0.026000,0
1287,415.66,3,0.145728,0.0000,0.028500,0
1288,415.66,3,0.150650,0.0000,0.027000,0
1289,415.46,3,0.137688,0.0000,0.027600,0
1290,414.93,3,0.140603,0.0000,0.026800,0
1291,414.47,3,0.142032,0.0000,0.025000,0
1292,414.20,17,0.028657,0.0000,0.045300,0
1293,413.74,17,0.026415,0.0000,0.048100,0
1294,413.47,17,0.031113,0.0000,0.046100,0
1295,412.74,17,0.036067,0.0000,0.037900,0
1296,412.15,17,0.039656,0.0000,0.042600,0
1297,411.95,17,0.050667,0.0000,0.051000,0
1298,411.55,3,0.062232,0.0000,0.027900,0
1299,410.89,3,0.070622,0.0000,0.028900,0
1300,410.55,3,0.081270,0.0000,0.028600,0
1301,410.29,3,0.099763,0.0000,0.027400,0
1302,409.76,3,0.112909,0.0000,0.028600,0
1303,409.76,3,0.129510,0.0000,0.028000,0
1304,409.09,3,0.132794,0.0000,0.027400,0
1305,408.76,3,0.129256,0.0000,0.028900,0
1306,408.56,3,0.101363,0.0000,0.026300,0
1307,408.30,3,0.095905,0.0000,0.029000,0
1308,407.97,3,0.093961,0.0000,0.028500,0
1309,407.57,3,0.067559,0.0000,0.027300,0
1310,407.10,3,0.095651,0.0000,0.027900,0
1311,406.90,3,0.114747,0.0000,0.027900,0
1312,406.90,3,0.135705,0.0000,0.027800,0
1313,406.04,3,0.134619,0.0000,0.025800,0
1314,405.91,3,0.129533,0.0000,0.029000,0
1315,405.31,3,0.123563,0.0000,0.028800,0
1316,405.31,3,0.119616,0.0000,0.027900,0
1317,404.91,17,0.053031,0.0000,0.045300,0
1318,404.65,17,0.032628,0.0000,0.045300,0
1319,404.32,17,0.046742,0.0000,0.046400,0
1320,403.92,17,0.040124,0.0000,0.045500,0
1321,403.92,17,0.034961,0.0000,0.044100,0
1322,402.19,3,0.071399,0.0000,0.030600,0
1323,402.19,3,0.094748,0.0000,0.031100,0
1324,401.66,3,0.098790,0.0000,0.025600,0
1325,401.13,3,0.118191,0.0000,0.029500,0
1326,401.13,3,0.113831,0.0000,0.029700,0
1327,400.40,3,0.122565,0.0000,0.027500,0
1328,400.00,3,0.121029,0.0000,0.027500,0
1329,400.00,3,0.118336,0.0000,0.025900,0
1330,399.14,3,0.108747,0.0000,0.026900,0
1331,398.94,3,0.091174,0.0000,0.030500,0
1332,398.74,3,0.079146,0.0000,0.028800,0
1333,398.15,3,0.074263,0.0000,0.029000,0
1334,398.01,3,0.100140,0.0000,0.027300,0
1335,397.75,3,0.140362,0.0000,0.030500,0
1336,397.22,3,0.163055,0.0000,0.030000,0
1337,396.75,3,0.107460,0.0000,0.029000,0
1338,396.75,3,0.132888,0.0000,0.027800,0
1339,396.16,3,0.127617,0.0000,0.027500,0
1340,395.76,3,0.150051,0.0000,0.030500,0
1341,395.16,3,0.169874,0.0000,0.026700,0
1342,394.50,3,0.182472,0.0000,0.026300,0
1343,394.10,3,0.191993,0.0000,0.027600,0
1344,393.50,3,0.197869,0.0000,0.028400,0
1345,393.24,3,0.197423,0.0000,0.028100,0
1346,393.04,3,0.193732,0.0000,0.027800,0
1347,392.44,3,0.207938,0.0000,0.028400,0
1348,392.24,3,0.221793,0.0000,0.026900,0
1349,392.18,3,0.202939,0.0000,0.026300,0
1350,391.51,3,0.199217,0.0000,0.028400,0
1351,391.25,3,0.192266,0.0000,0.025900,0
1352,391.05,3,0.176142,0.0000,0.027800,0
1353,390.85,3,0.154628,0.0000,0.027800,0
1354,390.12,3,0.087827,0.0000,0.026900,0
1355,389.59,3,0.084135,0.0000,0.025500,0
1356,389.59,3,0.082552,0.0000,0.029200,0
1357,389.19,3,0.078812,0.0000,0.025400,0
1358,388.59,3,0.072222,0.0000,0.028800,0
1359,388.26,3,0.062442,0.0000,0.026600,0
1360,388.26,3,0.067733,0.0000,0.030400,0
1361,387.46,17,0.051255,0.0000,0.045200,0
1362,387.27,17,0.044902,0.0000,0.046700,0
1363,387.13,17,0.032974,0.0000,0.043400,0
1364,386.60,17,0.038663,0.0000,0.049500,0
1365,386.20,17,0.048446,0.0000,0.044600,0
1366,385.94,3,0.057457,0.0000,0.025400,0
1367,385.47,3,0.058072,0.0000,0.027200,0
1368,385.14,3,0.057345,0.0000,0.025700,0
1369,384.48,3,0.074213,0.0000,0.028300,0
1370,384.15,3,0.071360,0.0000,0.029500,0
1371,383.42,3,0.074196,0.0000,0.029800,0
1372,383.28,3,0.075155,0.0000,0.028800,0
1373,383.15,3,0.074272,0.0000,0.029100,0
1374,382.42,3,0.071350,0.0000,0.027100,0
1375,382.29,3,0.069924,0.0000,0.029300,0
1376,381.96,3,0.064732,0.0000,0.028700,0
1377,381.43,3,0.058800,0.0000,0.026800,0
1378,381.29,3,0.055742,0.0000,0.028600,0
1379,380.43,17,0.051862,0.0000,0.041800,0
1380,379.44,17,0.047562,0.0000,0.046000,0
1381,379.24,17,0.038936,0.0000,0.045200,0
1382,379.04,17,0.035761,0.0000,0.045500,0
1383,378.31,17,0.037075,0.0000,0.046500,0
1384,378.31,3,0.069161,0.0000,0.029000,0
1385,377.45,3,0.077964,0.0000,0.027400,0
1386,377.25,3,0.100860,0.0000,0.028700,0
1387,377.25,3,0.089716,0.0000,0.030800,0
1388,376.45,3,0.105318,0.0000,0.028100,0
1389,376.32,3,0.107004,0.0000,0.027300,0
1390,376.05,3,0.108314,0.0000,0.029900,0
1391,376.05,3,0.108339,0.0000,0.027300,0
1392,375.46,3,0.100351,0.0000,0.028800,0
1393,375.32,3,0.096610,0.0000,0.026600,0
1394,374.53,3,0.146723,0.0000,0.029400,0
1395,374.53,3,0.179114,0.0000,0.026300,0
1396,374.33,3,0.229493,0.0000,0.028100,0
1397,374.33,3,0.210081,0.0000,0.028400,0
1398,373.53,3,0.233560,0.0000,0.030700,0
1399,373.47,3,0.232430,0.0000,0.032000,0
1400,373.33,3,0.224024,0.0000,0.026600,0
1401,372.60,3,0.205390,0.0000,0.024100,0
1402,372.34,3,0.180241,0.0000,0.023700,0
1403,372.34,3,0.145238,0.0000,0.026600,0
1404,371.47,3,0.105549,0.0000,0.025000,0
1405,371.34,3,0.055636,0.0000,0.031700,0
1406,371.34,17,0.004263,0.0000,0.046600,0
1407,370.48,17,0.065434,0.0000,0.042600,0
1408,370.35,17,0.134223,0.0000,0.045700,0
1409,370.35,9,0.203534,0.0000,0.097300,0
1410,369.48,9,0.280896,0.0000,0.092300,0
1411,369.09,9,0.409106,0.0000,0.093100,0
1412,369.09,9,0.343839,0.0000,0.093200,0
1413,368.49,9,0.433599,0.0000,0.092600,0
1414,368.16,9,0.457897,0.0000,0.090600,0
1415,367.63,9,0.464251,0.0000,0.095800,0
1416,367.49,9,0.446484,0.0000,0.096300,0
1417,366.57,9,0.432117,0.0000,0.095200,0
1418,366.50,9,0.400624,0.0000,0.094200,0
1419,366.43,9,0.363531,0.2000,0.088300,0
1420,365.90,9,0.318235,0.0000,0.096300,0
1421,365.57,9,0.261065,0.0000,0.094900,0
1422,365.57,9,0.178377,0.0000,0.095700,0
1423,364.57,17,0.067919,0.0000,0.043100,0
1424,363.98,17,0.019716,0.0000,0.044000,0
1425,363.58,17,0.057931,0.0000,0.042800,0
1426,362.52,17,0.032770,0.0000,0.047700,0
1427,362.52,17,0.043837,0.0000,0.049400,0
1428,361.59,17,0.046650,0.0000,0.047200,0
1429,360.59,17,0.019658,0.0000,0.048300,0
1430,360.59,17,0.043976,0.0000,0.043900,0
1431,360.33,3,0.134894,0.0000,0.027900,0
1432,359.67,3,0.199914,0.0000,0.025900,0
1433,359.33,3,0.231155,0.0000,0.027300,0
1434,359.33,3,0.232639,0.0000,0.027800,0
1435,358.60,3,0.197289,0.0000,0.030500,0
1436,358.34,3,0.070012,0.0000,0.028800,0
1437,358.34,3,0.152374,0.0000,0.025800,0
1438,357.54,17,0.038983,0.0000,0.047300,0
1439,357.34,17,0.006958,0.0000,0.048500,0
1440,356.81,17,0.017466,0.0000,0.045000,0
1441,356.55,17,0.041379,0.0000,0.046800,0
1442,356.08,17,0.063305,0.0000,0.044200,0
1443,355.68,17,0.079247,0.0000,0.044200,0
1444,355.68,17,0.087789,0.0000,0.047000,0
1445,354.82,17,0.091506,0.0000,0.044200,0
1446,353.96,17,0.098427,0.0000,0.045000,0
1447,353.69,17,0.104992,0.0000,0.045700,0
1448,353.43,17,0.107909,0.0000,0.047100,0
1449,352.96,17,0.101999,0.0000,0.046400,0
1450,352.77,17,0.069680,0.0000,0.045200,0
1451,352.77,17,0.044568,0.0000,0.044400,0
1452,352.43,17,0.015509,0.0000,0.050700,0
1453,351.77,17,0.015547,0.0000,0.048000,0
1454,351.44,17,0.052255,0.0000,0.043900,0
1455,351.44,3,0.069377,0.0000,0.029600,0
1456,350.97,3,0.077157,0.0000,0.026200,0
1457,350.91,3,0.090136,0.0000,0.028000,0
1458,350.44,3,0.100908,0.0000,0.030300,0
1459,349.91,3,0.090800,0.0000,0.027300,0
1460,349.91,3,0.080304,0.0000,0.026700,0
1461,348.85,3,0.074718,0.0000,0.026800,0
1462,348.72,3,0.067369,0.0000,0.024600,0
1463,348.12,17,0.037427,0.0000,0.044500,0
1464,347.92,17,0.038372,0.0000,0.044800,0
1465,347.52,3,0.059824,0.0000,0.029100,0
1466,346.79,3,0.067130,0.0000,0.029200,0
1467,346.79,3,0.079847,0.0000,0.025900,0
1468,345.53,3,0.086059,0.0000,0.029700,0
1469,345.53,3,0.095142,0.0000,0.027500,0
1470,344.87,3,0.111209,0.0000,0.028700,0
1471,344.80,3,0.120970,0.0000,0.032000,0
1472,343.87,3,0.119003,0.0000,0.029100,0
1473,343.87,3,0.122066,0.0000,0.029200,0
1474,343.28,3,0.124008,0.0000,0.029700,0
1475,342.88,3,0.120106,0.0000,0.027900,0
1476,342.88,3,0.128058,0.0000,0.028800,0
1477,342.28,3,0.099697,0.0000,0.029700,0
1478,342.08,3,0.071175,0.0000,0.028100,0
1479,341.88,17,0.052000,0.0000,0.045300,0
1480,341.29,3,0.054096,0.0000,0.029700,0
1481,340.96,17,0.050285,0.0000,0.047600,0
1482,340.62,17,0.044511,0.0000,0.042200,0
1483,340.09,17,0.049771,0.0000,0.047200,0
1484,339.63,3,0.060328,0.0000,0.024100,0
1485,339.63,3,0.073216,0.0000,0.028300,0
1486,339.10,3,0.083385,0.0000,0.026400,0
1487,338.96,3,0.109176,0.0000,0.025000,0
1488,338.96,3,0.125024,0.0000,0.025900,0
1489,338.17,9,0.611917,0.0000,0.091400,0
1490,338.04,5,0.667026,0.0000,0.152200,0
1491,337.64,5,0.653874,0.0000,0.161800,0
1492,337.11,5,0.635140,0.0000,0.152200,0
1493,336.97,5,0.598215,0.0000,0.153100,0
1494,336.97,5,0.624807,0.0000,0.164300,0
1495,336.64,5,0.585817,0.0000,0.156300,0
1496,336.25,5,0.568759,0.0000,0.152500,0
1497,336.25,5,0.582010,0.0000,0.155900,0
1498,335.98,5,0.511469,0.0000,0.153700,0
1499,335.98,5,0.535919,0.0000,0.160700,0
1500,335.25,9,0.488966,0.0000,0.093700,0
1501,335.12,9,0.471461,0.0000,0.091800,0
1502,334.72,9,0.459866,0.0000,0.090300,0
1503,334.45,9,0.448550,0.0000,0.097200,0
1504,334.12,9,0.438808,0.0000,0.101100,0
1505,333.72,9,0.435319,0.0000,0.099300,0
1506,333.72,9,0.430268,0.0000,0.091400,0
1507,332.99,9,0.423277,0.0000,0.093200,0
1508,332.73,9,0.419210,0.0000,0.098000,0
1509,332.07,9,0.397108,0.0000,0.097400,0
1510,332.07,9,0.371057,0.0000,0.097000,0
1511,331.47,9,0.362542,0.0000,0.089600,0
1512,331.20,9,0.354812,0.0000,0.091900,0
1513,331.20,9,0.348863,0.0000,0.092600,0
1514,330.74,9,0.342722,0.0000,0.099500,0
1515,330.74,9,0.345386,0.2000,0.091000,0
1516,330.21,9,0.474823,0.0000,0.088900,0
1517,330.21,5,0.575013,0.0000,0.154600,0
1518,330.08,5,0.696516,0.0000,0.152600,0
1519,330.08,5,0.792571,0.0000,0.161400,0
1520,329.74,5,0.809805,0.0000,0.153800,0
1521,329.74,5,0.779631,0.0000,0.154100,0
1522,329.48,5,0.934514,0.0000,0.149800,0
1523,329.48,11,1.026705,0.0000,0.225800,0
1524,329.08,11,1.186877,0.0000,0.232800,0
1525,328.35,11,1.357825,0.0000,0.228600,0
1526,328.35,11,1.420631,0.0000,0.225300,0
1527,327.95,11,1.516487,0.0000,0.227400,0
1528,327.82,11,1.560466,0.2000,0.226800,0
1529,327.49,11,1.595013,0.2000,0.227700,0
1530,327.36,2,1.646882,0.0000,0.396100,0
1531,327.09,2,1.690389,0.2000,0.395800,0
1532,327.09,2,1.724012,0.0000,0.397600,0
1533,326.50,2,1.723933,0.0000,0.400200,0
1534,326.30,2,1.733601,0.2000,0.398800,0
1535,326.23,2,1.788799,0.2000,0.399300,0
1536,326.23,2,1.762717,0.0000,0.396600,0
1537,325.57,2,1.796489,0.2000,0.391400,0
1538,325.57,2,1.798072,0.0000,0.390400,0
1539,325.24,2,1.768068,0.0000,0.405700,0
1540,325.24,2,1.720433,0.0000,0.403800,0
1541,324.57,2,1.663753,0.2000,0.400600,0
1542,324.44,11,1.601390,0.0000,0.228900,0
1543,324.31,11,1.548852,0.0000,0.232100,0
1544,324.18,11,1.490286,0.0000,0.226200,0
1545,324.18,11,1.433076,0.2000,0.230200,0
1546,323.58,11,1.384065,0.2000,0.226300,0
1547,323.58,11,1.328555,0.0000,0.228400,0
1548,323.32,11,1.280666,0.0000,0.234400,0
1549,323.32,11,1.227892,0.0000,0.229400,0
1550,322.85,11,1.105091,0.0000,0.221700,0
1551,322.59,5,0.900372,0.0000,0.158500,0
1552,322.26,5,0.800743,0.0000,0.151800,0
1553,322.26,5,0.830699,0.0000,0.155100,0
1554,321.59,5,0.789519,0.0000,0.156500,0
1555,321.46,5,0.760309,0.0000,0.145800,0
1556,321.13,5,0.795919,0.0000,0.157000,0
1557,320.60,5,0.827615,0.0000,0.154400,0
1558,320.40,5,0.888592,0.0000,0.154500,0
1559,320.14,11,0.938872,0.0000,0.231000,0
1560,319.61,11,1.084395,0.2000,0.224700,0
1561,319.61,11,1.181624,0.0000,0.227400,0
1562,319.14,11,1.409633,0.0000,0.226700,0
1563,318.94,11,1.431899,0.2000,0.227300,0
1564,318.94,11,1.462150,0.0000,0.229500,0
1565,318.41,11,1.519608,0.0000,0.229400,0
1566,318.08,11,1.547959,0.0000,0.223300,0
1567,317.62,2,1.658412,0.2000,0.393800,0
1568,317.62,11,1.606119,0.0000,0.229600,0
1569,317.16,2,1.673903,0.0000,0.398200,0
1570,316.89,2,1.702523,0.2000,0.401700,0
1571,316.69,2,1.790920,0.2000,0.398200,0
1572,316.43,2,1.845551,0.4000,0.405100,0
1573,316.30,2,1.860947,0.0000,0.393400,0
1574,316.10,2,1.939425,0.0000,0.399700,0
1575,316.10,2,2.006127,0.0000,0.400600,0
1576,315.44,2,2.023269,0.6000,0.400900,0
1577,315.17,2,2.067818,0.2000,0.392200,0
1578,314.44,2,2.088695,0.4000,0.392300,0
1579,314.18,2,2.142043,0.2000,0.396500,0
1580,314.11,2,2.124624,0.4000,0.392300,0
1581,314.11,2,2.120099,0.2000,0.404900,0
1582,313.45,2,2.182462,0.0000,0.391200,0
1583,313.25,2,2.196642,0.4000,0.391900,0
1584,313.12,2,2.188716,0.0000,0.397000,0
1585,313.12,2,2.134071,0.4000,0.396500,0
1586,312.73,2,2.083431,0.0000,0.397500,0
1587,312.73,2,2.030512,0.2000,0.389900,0
1588,312.46,2,2.015588,0.4000,0.405200,0
1589,312.13,2,1.987825,0.0000,0.406700,0
1590,312.13,2,1.938092,0.0000,0.396500,0
1591,311.60,2,1.973771,0.0000,0.382900,0
1592,311.47,2,1.977262,0.0000,0.389200,0
1593,311.47,2,2.006757,0.2000,0.397100,0
1594,310.48,2,2.047931,0.4000,0.399400,0
1595,310.28,2,2.073521,0.0000,0.389500,0
1596,310.28,2,2.065770,0.2000,0.402500,0
1597,309.62,2,2.096693,0.0000,0.398200,0
1598,309.49,2,2.102572,0.4000,0.400400,0
1599,309.36,2,2.055330,0.6000,0.392200,0
1600,309.09,2,2.022208,0.4000,0.406000,0
1601,309.09,2,1.967317,0.2000,0.400900,0
1602,308.69,2,1.931979,0.4000,0.393400,0
1603,308.50,2,1.877808,0.0000,0.395300,0
1604,308.36,2,1.868947,0.2000,0.393900,0
1605,308.10,2,1.901576,0.2000,0.401600,0
1606,307.57,2,1.917465,0.2000,0.394500,0
1607,307.51,2,1.929377,0.2000,0.400400,0
1608,307.11,2,1.963347,0.2000,0.404400,0
1609,306.85,2,1.974956,0.0000,0.380000,0
1610,306.58,2,1.965838,0.2000,0.404200,0
1611,306.45,2,1.969164,0.0000,0.397200,0
1612,306.12,2,2.017710,0.4000,0.399500,0
1613,305.86,2,2.029388,0.4000,0.407700,0
1614,305.59,2,2.034544,0.4000,0.394300,0
1615,305.59,2,2.021652,0.4000,0.395300,0
1616,304.60,2,2.094532,0.0000,0.394000,0
1617,304.47,2,2.130426,0.2000,0.401400,0
1618,303.88,2,2.190872,0.0000,0.403000,0
1619,303.61,2,2.160155,0.2000,0.396800,0
1620,303.48,2,2.182304,0.4000,0.402600,0
1621,303.41,2,2.161766,0.4000,0.393600,0
1622,303.41,2,2.115857,0.2000,0.396500,0
1623,302.49,2,2.223892,0.0000,0.399200,0
1624,302.49,2,2.348435,0.2000,0.392000,0
1625,301.90,2,2.440256,0.6000,0.399100,0
1626,301.57,2,2.585042,0.0000,0.391600,0
1627,301.44,2,2.615655,0.6000,0.396600,0
1628,300.45,2,2.655374,0.8000,0.398300,0
1629,300.45,2,2.678773,0.2000,0.397800,0
1630,299.53,2,2.683881,0.6000,0.403700,0
1631,299.46,2,2.591027,0.4000,0.399200,0
1632,299.46,2,2.611899,0.8000,0.398100,0
1633,298.87,2,2.534940,0.0000,0.390900,0
1634,298.54,2,2.477925,0.6000,0.397000,0
1635,298.47,2,2.448902,0.2000,0.393600,0
1636,298.27,2,2.364528,0.0000,0.397100,0
1637,298.27,2,2.257385,0.0000,0.399300,0
1638,297.88,2,2.176618,0.2000,0.403800,0
1639,297.62,2,2.103464,0.2000,0.403200,0
1640,297.62,2,2.013747,0.2000,0.396100,0
1641,297.29,2,2.102961,0.2000,0.388700,0
1642,297.29,2,2.142791,0.2000,0.396000,0
1643,296.89,2,2.175740,0.6000,0.399400,0
1644,296.63,2,2.141652,0.2000,0.397400,0
1645,296.30,2,2.160976,0.2000,0.401200,0
1646,295.64,2,2.202083,0.2000,0.402200,0
1647,295.64,2,2.248683,0.2000,0.400900,0
1648,295.31,2,2.252452,0.0000,0.398900,0
1649,294.92,2,2.201461,0.4000,0.399700,0
1650,294.65,2,2.174103,0.2000,0.401900,0
1651,294.32,2,2.139959,0.0000,0.393300,0
1652,293.93,2,2.149939,0.2000,0.400400,0
1653,293.67,2,2.109998,0.2000,0.402400,0
1654,293.67,2,2.110751,0.4000,0.393100,0
1655,293.34,2,2.149992,0.2000,0.403500,0
1656,293.34,2,2.175362,0.6000,0.392200,0
1657,292.88,2,2.214964,0.2000,0.402700,0
1658,292.68,2,2.193244,0.6000,0.394400,0
1659,292.35,2,2.221106,0.0000,0.395000,0
1660,292.09,2,2.205048,0.4000,0.397600,0
1661,291.96,2,2.147443,0.4000,0.406100,0
1662,291.69,2,2.187554,0.0000,0.400800,0
1663,291.69,2,2.171617,0.4000,0.400100,0
1664,291.36,2,2.232097,0.2000,0.398900,0
1665,291.10,2,2.181958,0.0000,0.396500,0
1666,290.90,2,2.134135,0.4000,0.391400,0
1667,290.64,2,2.050056,0.6000,0.399000,0
1668,290.64,2,1.957515,0.2000,0.403000,0
1669,289.98,2,1.845539,0.4000,0.396900,0
1670,289.66,2,1.767443,0.0000,0.404300,0
1671,289.66,2,1.769884,0.2000,0.385300,0
1672,289.39,2,1.856307,0.0000,0.402500,0
1673,289.39,2,1.846892,0.2000,0.401900,0
1674,288.74,2,1.910754,0.0000,0.397900,0
1675,288.41,2,1.882682,0.0000,0.396000,0
1676,288.41,2,1.812140,0.2000,0.398800,0
1677,287.42,2,1.786504,0.4000,0.397600,0
1678,287.16,2,1.888614,0.0000,0.395500,0
1679,287.09,2,1.978183,0.0000,0.398400,0
1680,286.76,2,2.092648,0.6000,0.405800,0
1681,286.44,2,2.186664,0.4000,0.397300,0
1682,286.44,2,2.237274,0.2000,0.399200,0
1683,286.11,2,2.235752,0.2000,0.398300,0
1684,285.98,2,2.341943,0.2000,0.396000,0
1685,285.71,2,2.316468,0.2000,0.396600,0
1686,284.80,2,2.367847,0.4000,0.392000,0
1687,284.47,2,2.451075,0.4000,0.398000,0
1688,284.27,2,2.453534,0.6000,0.393800,0
1689,284.27,2,2.434703,0.6000,0.403400,0
1690,283.94,2,2.426374,0.8000,0.393400,0
1691,283.81,2,2.521596,0.2000,0.396000,0
1692,283.48,2,2.598182,0.6000,0.401500,0
1693,283.48,2,2.569111,0.4000,0.408200,0
1694,282.83,2,2.561840,0.2000,0.394200,0
1695,282.50,2,2.562605,0.4000,0.402500,0
1696,282.50,2,2.542040,0.4000,0.398300,0
1697,281.91,2,2.519420,0.4000,0.392400,0
1698,281.52,2,2.548863,0.4000,0.401800,0
1699,281.52,2,2.547253,0.6000,0.396400,0
1700,280.92,2,2.557649,0.4000,0.397400,0
1701,280.86,2,2.520954,0.2000,0.390800,0
1702,280.86,2,2.454213,0.4000,0.387200,0
1703,280.40,2,2.495946,0.4000,0.399800,0
1704,280.07,2,2.342454,0.2000,0.393500,0
1705,279.94,2,2.152794,0.4000,0.398000,0
1706,279.94,2,2.054728,0.0000,0.393300,0
1707,279.09,2,1.980053,0.0000,0.406500,0
1708,278.96,2,1.970042,0.2000,0.399700,0
1709,278.56,2,1.990739,0.6000,0.400300,0
1710,278.56,2,1.993297,0.0000,0.399900,0
1711,277.84,2,1.895669,0.0000,0.398600,0
1712,277.58,2,1.802271,0.0000,0.400800,0
1713,276.86,2,1.687165,0.0000,0.396200,0
1714,276.34,11,1.600276,0.2000,0.234500,0
1715,276.07,11,1.537128,0.4000,0.227600,0
1716,275.62,11,1.458971,0.4000,0.227500,0
1717,274.96,11,1.385305,0.2000,0.219800,0
1718,274.04,11,1.262919,0.0000,0.238700,0
1719,273.91,11,1.157117,0.2000,0.225500,0
1720,273.65,11,1.072569,0.0000,0.223200,0
1721,273.06,11,1.042602,0.0000,0.230000,0
1722,272.67,11,0.962745,0.2000,0.230700,0
1723,272.67,5,0.936501,0.0000,0.157000,0
1724,272.08,5,0.834380,0.0000,0.157700,0
1725,271.68,5,0.741508,0.0000,0.152500,0
1726,271.16,5,0.685789,0.0000,0.158700,0
1727,271.09,5,0.655336,0.2000,0.159000,0
1728,270.70,5,0.604417,0.0000,0.154200,0
1729,270.11,5,0.562644,0.0000,0.158200,0
1730,270.04,5,0.525509,0.0000,0.156500,0
1731,269.39,9,0.450060,0.0000,0.093500,0
1732,269.13,9,0.346165,0.0000,0.093700,0
1733,269.06,9,0.363456,0.0000,0.101700,0
1734,268.73,9,0.378136,0.0000,0.096700,0
1735,268.14,9,0.367283,0.0000,0.095100,0
1736,268.01,9,0.356070,0.2000,0.091700,0
1737,267.16,9,0.464051,0.0000,0.100000,0
1738,266.96,5,0.515253,0.0000,0.159800,0
1739,266.96,5,0.524622,0.0000,0.154800,0
1740,266.18,5,0.583984,0.0000,0.153300,0
1741,266.18,5,0.565883,0.0000,0.158600,0
1742,265.46,5,0.608000,0.0000,0.155000,0
1743,265.19,5,0.615085,0.0000,0.157900,0
1744,265.00,5,0.609558,0.0000,0.155000,0
1745,265.00,5,0.603097,0.0000,0.154600,0
1746,264.08,5,0.622271,0.0000,0.159600,0
1747,263.49,5,0.632918,0.0000,0.160100,0
1748,263.42,5,0.630329,0.0000,0.158100,0
1749,263.29,5,0.629411,0.0000,0.166300,0
1750,262.24,5,0.638253,0.0000,0.152200,0
1751,262.11,5,0.638008,0.0000,0.159800,0
1752,261.46,5,0.717951,0.0000,0.160700,0
1753,261.26,5,0.693663,0.0000,0.150000,0
1754,261.13,5,0.696718,0.0000,0.154300,0
1755,261.06,5,0.717028,0.0000,0.159800,0
1756,260.41,5,0.898691,0.0000,0.158700,0
1757,260.28,11,0.991165,0.0000,0.227700,0
1758,260.15,11,1.052549,0.0000,0.238700,0
1759,259.43,11,1.179801,0.0000,0.225800,0
1760,259.16,11,1.316656,0.0000,0.236900,0
1761,259.10,11,1.412335,0.0000,0.230100,0
1762,259.10,11,1.487509,0.0000,0.234900,0
1763,258.38,11,1.615441,0.0000,0.221900,0
1764,258.18,2,1.724679,0.0000,0.398700,0
1765,258.18,2,1.817559,0.2000,0.401900,0
1766,257.46,2,1.940099,0.4000,0.402400,0
1767,257.33,2,1.971738,0.2000,0.399900,0
1768,257.13,2,2.059392,0.2000,0.403600,0
1769,257.13,2,2.139046,0.2000,0.399800,0
1770,256.61,2,2.213517,0.4000,0.397400,0
1771,256.41,2,2.232531,0.0000,0.397200,0
1772,256.22,2,2.253224,0.0000,0.394400,0
1773,256.22,2,2.247790,0.2000,0.401600,0
1774,255.63,2,2.247439,0.2000,0.391400,0
1775,255.43,2,2.269853,0.2000,0.399200,0
1776,255.24,2,2.286881,0.2000,0.399500,0
1777,255.24,2,2.291662,0.2000,0.402500,0
1778,254.45,2,2.300699,0.8000,0.398400,0
1779,254.25,2,2.291324,0.2000,0.402300,0
1780,253.40,2,2.295343,0.0000,0.400300,0
1781,253.14,2,2.277678,0.0000,0.400400,0
1782,253.14,2,2.270259,0.2000,0.403600,0
1783,252.49,2,1.877381,0.2000,0.394000,0
1784,252.42,2,1.697374,0.2000,0.396800,0
1785,252.22,11,1.581806,0.0000,0.226700,0
1786,252.22,11,1.613453,0.0000,0.223700,0
1787,251.37,11,1.557643,0.0000,0.235300,0
1788,251.24,11,1.538009,0.0000,0.228100,0
1789,251.24,11,1.556216,0.0000,0.237900,0
1790,250.52,11,1.510187,0.0000,0.223000,0
1791,250.52,11,1.530347,0.0000,0.228900,0
1792,250.00,11,1.508016,0.2000,0.220400,0
1793,249.54,11,1.505809,0.2000,0.227600,0
1794,249.41,11,1.485125,0.0000,0.229300,0
1795,248.43,11,1.498064,0.2000,0.229800,0
1796,248.37,11,1.466171,0.0000,0.232800,0
1797,248.37,11,1.495799,0.0000,0.222300,0
1798,247.52,11,1.325160,0.0000,0.230600,0
1799,247.45,11,1.313089,0.0000,0.226500,0
1800,247.38,11,1.305757,0.0000,0.226800,0
1801,247.38,11,1.280754,0.0000,0.233500,0
1802,246.53,11,1.279605,0.0000,0.226600,0
1803,246.47,11,1.274842,0.2000,0.229700,0
1804,246.40,11,1.251881,0.0000,0.224900,0
1805,245.55,11,1.214725,0.0000,0.228500,0
1806,245.55,11,1.250364,0.0000,0.239100,0
1807,245.42,11,1.208467,0.0000,0.228800,0
1808,245.10,11,1.177761,0.0000,0.238000,0
1809,244.51,11,1.216512,0.0000,0.232700,0
1810,244.44,11,1.131451,0.0000,0.227200,0
1811,244.44,11,1.182317,0.0000,0.235400,0
1812,244.12,11,1.116841,0.0000,0.222600,0
1813,243.53,2,2.169115,0.2000,0.395800,0
1814,243.46,2,1.852275,0.0000,0.396400,0
1815,243.46,2,1.787370,0.4000,0.406100,0
1816,242.55,2,1.793024,0.6000,0.394900,0
1817,242.55,2,1.783889,0.4000,0.391200,0
1818,242.42,2,1.694518,0.4000,0.402700,0
1819,241.83,2,1.664707,0.0000,0.394900,0
1820,241.57,2,1.705868,0.2000,0.395700,0
1821,241.44,2,1.712453,0.4000,0.400600,0
1822,241.44,2,1.673894,0.0000,0.404500,0
1823,240.59,2,1.678424,0.0000,0.406400,0
1824,240.59,2,1.714146,0.2000,0.396300,0
1825,240.39,2,1.725520,0.0000,0.388900,0
1826,239.61,2,1.760764,0.0000,0.396400,0
1827,239.41,2,1.832472,0.0000,0.390700,0
1828,238.63,2,1.822972,0.0000,0.404100,0
1829,238.63,2,1.807046,0.0000,0.396300,0
1830,238.43,2,1.777634,0.2000,0.402200,0
1831,237.59,2,1.703443,0.2000,0.399300,0
1832,237.52,2,1.658470,0.0000,0.393100,0
1833,237.19,11,1.614955,0.0000,0.229500,0
1834,236.93,11,1.620028,0.0000,0.228000,0
1835,236.54,11,1.574008,0.0000,0.232200,0
1836,236.08,11,1.535166,0.2000,0.227700,0
1837,235.95,11,1.511695,0.0000,0.227300,0
1838,235.56,11,1.518979,0.2000,0.224700,0
1839,235.24,11,1.515545,0.4000,0.231100,0
1840,234.65,11,1.455881,0.0000,0.231000,0
1841,234.65,11,1.388055,0.2000,0.224300,0
1842,234.26,11,1.345443,0.0000,0.225200,0
1843,234.26,11,1.297925,0.0000,0.233800,0
1844,233.54,11,1.218906,0.0000,0.227900,0
1845,233.54,11,1.179810,0.0000,0.233300,0
1846,233.28,11,1.113119,0.0000,0.235600,0
1847,232.56,11,1.048521,0.0000,0.227100,0
1848,232.30,11,0.985829,0.0000,0.226700,0
1849,232.30,11,1.013824,0.0000,0.233500,0
1850,231.97,11,1.059517,0.0000,0.227400,0
1851,231.91,11,1.017046,0.0000,0.229600,0
1852,231.91,11,1.013227,0.0000,0.230900,0
1853,231.84,11,0.985302,0.0000,0.222400,0
1854,231.65,11,0.968951,0.2000,0.233700,0
1855,230.86,11,0.983049,0.0000,0.232100,0
1856,230.54,11,0.995758,0.0000,0.232100,0
1857,229.62,11,1.043087,0.0000,0.223900,0
1858,229.56,11,1.067671,0.0000,0.224800,0
1859,228.58,11,1.132381,0.0000,0.225300,0
1860,228.58,11,1.208910,0.2000,0.229000,0
1861,227.86,11,1.193501,0.0000,0.230200,0
1862,227.60,11,1.173864,0.0000,0.228800,0
1863,227.60,11,1.148665,0.0000,0.234000,0
1864,227.08,11,1.132808,0.0000,0.234500,0
1865,226.88,11,1.085877,0.0000,0.228300,0
1866,226.69,11,1.042794,0.0000,0.234200,0
1867,226.36,11,1.000902,0.0000,0.226100,0
1868,226.10,11,1.002384,0.0000,0.230400,0
1869,225.84,11,0.986864,0.2000,0.223300,0
1870,225.71,11,0.972036,0.0000,0.230100,0
1871,225.71,11,0.952205,0.0000,0.226900,0
1872,225.38,5,0.896894,0.0000,0.162300,0
1873,224.86,5,0.916266,0.0000,0.156600,0
1874,224.73,5,0.897163,0.0000,0.158400,0
1875,224.73,5,0.873204,0.0000,0.153600,0
1876,224.40,5,0.831768,0.0000,0.156900,0
1877,224.14,5,0.819331,0.0000,0.167400,0
1878,223.88,5,0.830264,0.0000,0.159400,0
1879,223.82,5,0.838104,0.0000,0.160100,0
1880,223.42,5,0.822890,0.0000,0.154300,0
1881,223.42,5,0.834257,0.0000,0.157400,0
1882,222.84,5,0.883021,0.0000,0.154600,0
1883,222.71,5,0.907835,0.0000,0.155500,0
1884,222.19,11,0.974155,0.0000,0.228800,0
1885,222.19,11,1.007645,0.0000,0.233500,0
1886,221.92,11,1.046533,0.0000,0.234200,0
1887,221.79,11,1.068981,0.0000,0.223100,0
1888,221.79,11,1.061583,0.0000,0.231400,0
1889,221.14,11,1.063455,0.0000,0.229800,0
1890,220.88,11,1.059567,0.0000,0.230100,0
1891,220.82,11,1.049415,0.0000,0.228000,0
1892,220.82,11,1.054989,0.2000,0.236000,0
1893,219.90,11,1.038941,0.0000,0.227600,0
1894,219.77,11,0.970262,0.0000,0.231400,0
1895,218.99,11,0.965604,0.0000,0.229400,0
1896,218.79,11,0.951133,0.0000,0.230000,0
1897,218.08,11,0.961126,0.0000,0.227900,0
1898,217.95,11,1.030722,0.0000,0.227600,0
1899,217.49,11,1.039802,0.0000,0.226100,0
1900,216.84,11,1.082571,0.2000,0.232300,0
1901,216.51,11,1.146079,0.0000,0.232200,0
1902,215.86,11,1.188831,0.0000,0.233500,0
1903,215.54,11,1.223118,0.0000,0.228100,0
1904,215.08,11,1.242746,0.0000,0.228200,0
1905,214.56,11,1.288334,0.0000,0.230900,0
1906,214.56,11,1.270890,0.0000,0.229800,0
1907,213.58,11,1.245064,0.0000,0.226500,0
1908,212.86,11,1.293545,0.0000,0.235300,0
1909,212.60,11,1.355746,0.0000,0.230600,0
1910,212.21,11,1.338045,0.0000,0.224300,0
1911,212.08,11,1.361955,0.0000,0.233700,0
1912,211.95,11,1.400215,0.0000,0.226200,0
1913,211.62,11,1.471627,0.0000,0.236800,0
1914,211.10,11,1.512107,0.0000,0.225400,0
1915,210.97,11,1.583136,0.2000,0.228800,0
1916,210.97,2,1.676745,0.0000,0.391200,0
1917,210.06,2,1.672079,0.0000,0.405700,0
1918,209.93,11,1.628513,0.4000,0.222000,0
1919,209.93,2,1.688992,0.2000,0.399000,0
1920,208.89,11,1.550531,0.2000,0.235300,0
1921,208.63,11,1.446867,0.0000,0.227000,0
1922,208.17,11,1.341525,0.2000,0.227000,0
1923,207.91,11,1.201182,0.0000,0.230300,0
1924,207.65,11,1.083891,0.0000,0.232100,0
1925,207.13,11,1.005562,0.0000,0.234200,0
1926,206.67,11,0.953381,0.0000,0.224700,0
1927,206.67,5,0.910028,0.0000,0.157400,0
1928,206.09,5,0.913548,0.0000,0.155600,0
1929,205.89,5,0.890240,0.0000,0.156700,0
1930,205.70,5,0.860502,0.2000,0.162400,0
1931,205.11,5,0.839839,0.0000,0.158700,0
1932,204.91,5,0.792552,0.0000,0.154200,0
1933,204.72,5,0.741730,0.0000,0.157900,0
1934,204.20,5,0.695827,0.0000,0.154500,0
1935,204.00,5,0.639156,0.0000,0.163800,0
1936,203.42,5,0.608344,0.0000,0.162600,0
1937,203.16,5,0.577335,0.0000,0.155900,0
1938,202.96,5,0.533829,0.0000,0.157900,0
1939,202.77,5,0.516527,0.0000,0.154800,0
1940,202.77,9,0.489638,0.0000,0.100200,0
1941,202.18,9,0.486644,0.0000,0.089800,0
1942,202.18,9,0.488953,0.0000,0.092100,0
1943,201.20,5,0.528386,0.0000,0.164600,0
1944,201.01,5,0.531272,0.2000,0.163400,0
1945,201.01,5,0.540222,0.0000,0.160300,0
1946,200.23,5,0.616306,0.0000,0.153600,0
1947,199.51,5,0.637172,0.0000,0.159200,0
1948,199.51,5,0.628114,0.0000,0.159100,0
1949,199.25,5,0.698436,0.0000,0.157600,0
1950,198.53,5,0.810885,0.0000,0.155000,0
1951,198.21,5,0.900681,0.0000,0.157800,0
1952,198.14,5,0.913271,0.0000,0.155900,0
1953,197.49,11,1.030297,0.0000,0.234300,0
1954,197.17,11,1.154932,0.0000,0.224800,0
1955,197.17,11,1.250145,0.0000,0.223300,0
1956,196.51,11,1.346407,0.0000,0.228500,0
1957,196.51,11,1.296535,0.0000,0.230100,0
1958,196.19,11,1.419090,0.0000,0.232300,0
1959,195.54,11,1.517272,0.0000,0.225700,0
1960,195.28,2,1.710746,0.0000,0.399200,0
1961,195.28,2,1.809761,0.0000,0.403000,0
1962,194.89,2,1.910893,0.2000,0.399100,0
1963,194.43,2,2.017601,0.6000,0.401800,0
1964,194.24,2,2.114134,0.2000,0.389700,0
1965,194.24,2,2.136279,0.2000,0.398100,0
1966,193.46,2,2.182028,0.0000,0.394900,0
1967,193.19,2,2.143288,0.2000,0.398900,0
1968,193.19,2,2.189159,0.0000,0.389200,0
1969,192.41,2,2.114455,0.4000,0.397100,0
1970,192.35,2,2.095058,0.0000,0.397100,0
1971,192.22,2,2.035409,0.2000,0.402800,0
1972,191.63,2,2.036026,0.4000,0.397400,0
1973,191.44,2,1.983424,0.0000,0.394900,0
1974,191.18,2,1.937866,0.0000,0.393900,0
1975,190.46,2,1.924337,0.2000,0.397500,0
1976,190.27,2,1.932062,0.2000,0.394800,0
1977,190.27,2,1.879379,0.2000,0.399700,0
1978,189.94,2,1.829755,0.0000,0.396000,0
1979,189.94,2,1.864192,0.2000,0.405200,0
1980,189.49,2,1.864916,0.2000,0.400100,0
1981,189.42,2,1.855599,0.0000,0.398700,0
1982,189.29,2,1.836120,0.0000,0.411900,0
1983,188.97,2,1.839605,0.4000,0.399300,0
1984,188.44,2,1.854142,0.0000,0.398400,0
1985,188.31,2,1.867967,0.2000,0.396300,0
1986,187.99,2,1.864490,0.2000,0.399100,0
1987,187.53,2,1.846416,0.2000,0.398300,0
1988,187.21,2,1.835035,0.0000,0.398800,0
1989,187.01,2,1.698021,0.2000,0.393500,0
1990,186.49,2,1.690550,0.4000,0.395000,0
1991,186.43,2,1.665455,0.0000,0.398300,0
1992,186.36,2,1.641958,0.0000,0.398500,0
1993,186.36,11,1.604996,0.2000,0.234500,0
1994,185.52,11,1.609067,0.2000,0.227800,0
1995,185.45,11,1.572944,0.0000,0.233200,0
1996,185.26,11,1.525293,0.2000,0.234100,0
1997,185.26,11,1.557757,0.0000,0.227000,0
1998,184.48,11,1.498673,0.0000,0.223300,0
1999,184.28,11,1.485942,0.2000,0.225100,0
2000,184.02,11,1.465827,0.0000,0.223100,0
2001,183.50,11,1.439594,0.0000,0.226500,0
2002,183.24,11,1.423364,0.0000,0.227500,0
2003,183.24,11,1.396138,0.0000,0.226000,0
2004,182.53,11,1.406029,0.2000,0.228300,0
2005,182.46,11,1.378228,0.0000,0.229600,0
2006,182.40,11,1.338871,0.0000,0.224900,0
2007,182.40,11,1.287345,0.0000,0.233300,0
2008,181.49,11,1.260909,0.0000,0.227600,0
2009,181.42,11,1.227774,0.0000,0.224900,0
2010,181.10,11,1.301446,0.0000,0.228600,0
2011,180.45,11,1.300831,0.0000,0.227400,0
2012,180.32,11,1.306771,0.0000,0.223400,0
2013,180.32,11,1.378509,0.0000,0.223100,0
2014,180.12,11,1.413574,0.2000,0.236200,0
2015,179.34,11,1.425897,0.0000,0.222700,0
2016,179.34,11,1.424753,0.0000,0.230000,0
2017,178.56,11,1.423864,0.0000,0.232500,0
2018,178.43,11,1.407164,0.0000,0.229200,0
2019,177.46,11,1.303437,0.0000,0.218600,0
2020,177.46,11,1.264211,0.0000,0.233600,0
2021,176.61,11,1.211736,0.0000,0.239200,0
2022,176.35,11,1.159427,0.0000,0.230500,0
2023,176.35,11,1.127138,0.0000,0.231700,0
2024,175.51,11,1.100149,0.0000,0.229400,0
2025,175.51,11,1.052921,0.0000,0.232500,0
2026,174.53,11,1.004702,0.0000,0.225000,0
2027,174.21,11,0.963811,0.0000,0.227600,0
2028,173.56,5,0.927100,0.0000,0.155700,0
2029,173.23,5,0.832730,0.0000,0.154600,0
2030,172.91,5,0.812070,0.0000,0.158400,0
2031,172.45,5,0.801100,0.0000,0.158300,0
2032,171.80,5,0.789513,0.0000,0.160100,0
2033,171.48,5,0.784866,0.0000,0.157400,0
2034,171.48,5,0.775161,0.0000,0.159800,0
2035,170.50,5,0.772856,0.0000,0.152300,0
2036,169.98,5,0.768893,0.0000,0.154900,0
2037,169.46,5,0.780444,0.2000,0.154800,0
2038,169.27,5,0.778704,0.0000,0.155700,0
2039,168.81,5,0.784991,0.0000,0.154500,0
2040,168.62,5,0.788463,0.0000,0.159800,0
2041,168.49,5,0.798058,0.0000,0.161500,0
2042,167.58,5,0.827992,0.0000,0.164100,0
2043,166.80,11,0.958722,0.0000,0.231100,0
2044,166.60,11,1.154253,0.0000,0.231200,0
2045,165.63,11,1.260451,0.0000,0.229000,0
2046,165.63,11,1.351200,0.0000,0.227800,0
2047,164.91,11,1.442388,0.2000,0.230100,0
2048,164.65,11,1.470469,0.0000,0.233600,0
2049,164.33,11,1.468708,0.0000,0.233100,0
2050,163.81,11,1.431560,0.2000,0.235500,0
2051,163.68,11,1.388196,0.0000,0.230800,0
2052,163.35,11,1.345000,0.0000,0.222200,0
2053,162.58,11,1.309460,0.0000,0.229700,0
2054,162.58,11,1.285778,0.0000,0.228000,0
2055,161.80,11,1.285982,0.0000,0.223900,0
2056,161.41,11,1.284404,0.0000,0.223000,0
2057,161.41,11,1.280190,0.0000,0.226300,0
2058,160.11,11,1.306155,0.0000,0.229500,0
2059,159.85,11,1.317627,0.0000,0.227400,0
2060,159.85,11,1.312023,0.2000,0.231500,0
2061,159.13,11,1.336673,0.2000,0.233200,0
2062,158.87,11,1.357897,0.2000,0.231300,0
2063,158.74,11,1.360147,0.0000,0.228400,0
2064,158.16,11,1.387173,0.0000,0.232600,0
2065,157.77,11,1.410857,0.0000,0.230100,0
2066,157.45,11,1.436332,0.2000,0.224700,0
2067,157.19,11,1.458644,0.2000,0.229000,0
2068,156.80,11,1.475250,0.2000,0.228200,0
2069,156.47,11,1.497188,0.0000,0.227200,0
2070,156.47,11,1.498976,0.0000,0.224300,0
2071,155.82,11,1.524257,0.2000,0.226700,0
2072,155.50,11,1.553422,0.0000,0.227500,0
2073,154.52,11,1.596691,0.2000,0.227600,0
2074,154.07,2,1.640334,0.2000,0.400300,0
2075,153.81,2,1.660192,0.0000,0.403600,0
2076,152.84,2,1.724922,0.0000,0.396400,0
2077,151.87,2,1.784041,0.2000,0.397200,0
2078,151.54,2,1.826043,0.2000,0.397400,0
2079,151.09,2,1.863636,0.2000,0.399800,0
2080,150.57,2,1.900934,0.0000,0.402400,0
2081,150.57,2,1.921252,0.2000,0.405100,0
2082,150.11,2,1.944330,0.0000,0.395700,0
2083,149.85,2,1.939697,0.2000,0.393800,0
2084,149.60,2,1.954261,0.2000,0.402800,0
2085,148.95,2,1.998588,0.0000,0.398800,0
2086,148.95,2,1.994691,0.0000,0.401500,0
2087,148.17,2,2.034153,0.2000,0.392800,0
2088,148.10,2,2.013617,0.6000,0.391000,0
2089,147.91,2,1.983349,0.0000,0.390400,0
2090,147.33,2,1.975985,0.0000,0.392900,0
2091,147.07,2,1.936673,0.0000,0.408500,0
2092,146.94,2,1.878824,0.2000,0.398900,0
2093,146.61,2,1.836529,0.0000,0.398700,0
2094,146.10,2,1.788372,0.2000,0.392300,0
2095,145.64,2,1.657201,0.2000,0.399900,0
2096,145.64,2,1.730126,0.2000,0.394700,0
2097,145.12,11,1.588749,0.2000,0.231600,0
2098,144.86,11,1.505748,0.0000,0.229900,0
2099,144.67,11,1.436527,0.0000,0.223200,0
2100,143.70,11,1.410776,0.0000,0.224800,0
2101,143.70,11,1.371496,0.0000,0.219700,0
2102,143.11,11,1.356503,0.0000,0.223800,0
2103,142.99,11,1.347523,0.0000,0.231800,0
2104,142.27,11,1.378952,0.0000,0.231800,0
2105,142.01,11,1.422950,0.0000,0.224300,0
2106,141.17,11,1.505961,0.0000,0.232400,0
2107,140.72,11,1.565553,0.0000,0.232900,0
2108,140.72,11,1.627932,0.2000,0.232200,0
2109,139.75,2,1.781690,0.2000,0.406000,0
2110,139.16,2,1.828414,0.0000,0.394800,0
2111,138.45,2,1.905559,0.2000,0.388800,0
2112,138.19,2,1.963830,0.4000,0.403700,0
2113,138.00,2,2.010525,0.2000,0.393900,0
2114,138.00,2,2.077622,0.2000,0.400300,0
2115,137.22,2,2.133651,0.4000,0.393700,0
2116,137.22,2,2.210357,0.6000,0.399300,0
2117,136.51,2,2.284420,0.4000,0.410200,0
2118,136.51,2,2.341307,0.2000,0.400600,0
2119,136.12,2,2.435177,0.6000,0.402300,0
2120,135.80,2,2.529915,0.4000,0.398900,0
2121,135.80,2,2.582291,0.4000,0.402600,0
2122,135.22,2,2.686125,0.4000,0.397100,0
2123,134.51,14,2.884419,0.6000,0.607400,0
2124,134.51,14,2.819236,0.8000,0.608700,0
2125,134.25,14,2.888725,0.8000,0.599600,0
2126,133.41,14,2.941817,0.8000,0.597900,0
2127,133.28,14,2.948097,0.2000,0.605000,0
2128,133.15,14,2.926372,0.2000,0.611900,0
2129,133.08,14,2.930542,0.6000,0.608600,0
2130,133.08,14,2.871451,0.8000,0.603600,0
2131,132.31,14,2.864553,0.6000,0.602700,0
2132,131.85,14,2.796212,0.6000,0.596000,0
2133,131.85,2,2.725579,0.6000,0.404300,0
2134,131.21,2,2.612915,0.4000,0.402100,0
2135,131.08,2,2.516990,0.6000,0.401000,0
2136,131.08,2,2.409277,0.4000,0.405200,0
2137,130.17,2,2.334518,0.2000,0.406400,0
2138,130.17,2,2.281967,0.2000,0.401900,0
2139,129.33,2,2.280607,0.2000,0.404700,0
2140,129.14,2,2.254546,0.2000,0.387900,0
2141,128.49,2,2.401929,0.4000,0.401700,0
2142,128.49,2,2.375035,0.4000,0.406500,0
2143,128.17,2,2.390096,0.6000,0.398500,0
2144,127.91,2,2.406569,0.0000,0.389500,0
2145,127.91,2,2.423611,0.2000,0.396000,0
2146,127.40,2,2.431353,0.6000,0.403100,0
2147,126.94,2,2.427499,0.8000,0.396400,0
2148,126.43,2,2.435074,0.4000,0.403400,0
2149,126.17,2,2.438943,0.2000,0.395700,0
2150,125.98,2,2.417734,0.8000,0.402800,0
2151,125.46,2,2.441499,0.0000,0.393200,0
2152,125.46,2,2.435572,0.6000,0.388000,0
2153,125.33,2,2.424489,0.6000,0.398300,0
2154,125.33,2,2.387860,0.4000,0.392500,0
2155,124.49,2,2.391573,0.4000,0.394900,0
2156,124.43,2,2.348028,0.0000,0.401300,0
2157,124.30,2,2.312678,0.2000,0.393600,0
2158,123.46,2,2.281928,0.2000,0.398200,0
2159,122.55,2,2.207212,0.2000,0.400700,0
2160,122.55,2,2.253404,0.0000,0.398300,0
2161,121.46,2,2.199515,0.6000,0.401100,0
2162,121.46,2,2.219318,0.0000,0.396600,0
2163,120.49,2,2.198659,0.4000,0.400700,0
2164,120.36,2,2.114955,0.4000,0.395100,0
2165,120.36,2,2.167583,0.2000,0.388900,0
2166,119.59,2,2.117994,0.2000,0.404600,0
2167,119.52,2,2.084762,0.4000,0.399100,0
2168,119.39,2,2.054171,0.6000,0.399700,0
2169,119.07,2,2.068084,0.4000,0.402600,0
2170,118.55,2,2.092213,0.0000,0.397800,0
2171,118.42,2,2.180521,0.4000,0.403200,0
2172,118.10,2,2.283010,0.2000,0.400800,0
2173,117.59,2,2.360224,0.4000,0.391300,0
2174,117.46,2,2.476345,0.4000,0.392300,0
2175,117.46,2,2.593589,0.4000,0.398900,0
2176,116.56,2,2.731313,0.6000,0.391600,0
2177,116.56,14,3.003097,0.8000,0.609900,0
2178,115.52,14,3.105070,0.8000,0.593500,0
2179,115.46,14,3.124701,0.8000,0.594300,0
2180,115.14,14,3.166547,0.8000,0.599500,0
2181,114.49,14,3.187360,0.6000,0.590700,0
2182,114.17,14,3.209930,0.6000,0.600000,0
2183,113.46,14,3.235899,0.2000,0.599000,0
2184,113.40,14,3.230817,0.2000,0.602700,0
2185,112.88,14,3.276615,0.6000,0.601400,0
2186,112.88,14,3.293451,0.4000,0.599500,0
2187,112.63,14,3.315054,0.4000,0.603400,0
2188,112.17,14,3.365629,0.6000,0.603200,0
2189,111.92,14,3.400464,0.4000,0.606500,0
2190,111.60,14,3.505959,0.8000,0.598500,0
2191,111.21,14,3.554798,0.6000,0.600600,0
2192,110.95,14,3.618203,0.4000,0.614900,0
2193,110.63,14,3.650968,1.0000,0.597100,0
2194,110.63,14,3.662433,0.8000,0.609800,0
2195,110.44,14,3.726526,0.6000,0.599000,0
2196,110.44,14,3.734711,1.0000,0.602600,0
2197,109.79,14,3.854639,0.6000,0.592500,0
2198,109.67,14,3.633147,0.8000,0.610000,0
2199,109.47,14,3.388251,0.8000,0.599600,0
2200,109.21,14,3.021690,0.6000,0.602800,0
2201,109.21,14,3.142542,0.8000,0.598000,0
2202,108.57,2,2.715056,0.2000,0.396700,0
2203,108.57,14,2.769309,0.6000,0.605200,0
2204,108.44,2,2.429683,0.4000,0.397300,0
2205,107.93,2,2.183483,0.0000,0.401600,0
2206,107.67,2,1.979964,0.2000,0.406700,0
2207,107.48,11,1.657891,0.0000,0.232000,0
2208,107.48,2,1.794876,0.2000,0.398300,0
2209,106.51,11,1.482182,0.0000,0.231900,0
2210,106.51,11,1.287209,0.0000,0.225400,0
2211,105.55,11,1.155741,0.0000,0.230800,0
2212,105.55,11,1.049849,0.0000,0.230900,0
2213,104.58,11,0.948362,0.0000,0.233000,0
2214,104.58,5,0.876055,0.0000,0.157400,0
2215,104.33,5,0.785601,0.0000,0.160900,0
2216,103.62,5,0.684959,0.0000,0.162900,0
2217,103.62,5,0.726801,0.0000,0.152100,0
2218,102.78,5,0.644216,0.0000,0.161000,0
2219,102.33,5,0.613463,0.0000,0.156700,0
2220,102.07,5,0.607573,0.0000,0.154100,0
2221,101.69,5,0.605633,0.0000,0.164400,0
2222,101.37,5,0.627025,0.0000,0.159900,0
2223,100.66,5,0.637497,0.0000,0.152900,0
2224,100.66,5,0.653032,0.0000,0.159700,0
2225,99.82,5,0.672944,0.0000,0.163600,0
2226,99.63,5,0.724756,0.0000,0.155700,0
2227,98.86,5,0.782917,0.0000,0.155800,0
2228,98.86,5,0.757788,0.0000,0.157200,0
2229,97.96,5,0.855822,0.0000,0.158200,0
2230,97.70,5,0.906631,0.0000,0.150700,0
2231,96.93,11,1.033668,0.0000,0.230500,0
2232,96.42,11,1.125368,0.0000,0.227800,0
2233,96.42,11,1.187056,0.0000,0.230100,0
2234,95.84,11,1.283117,0.0000,0.238100,0
2235,95.45,11,1.320610,0.0000,0.226000,0
2236,95.45,11,1.335838,0.2000,0.225900,0
2237,94.94,11,1.388665,0.0000,0.224200,0
2238,94.49,11,1.432770,0.0000,0.228400,0
2239,94.17,11,1.467472,0.4000,0.227400,0
2240,93.85,11,1.504574,0.0000,0.230400,0
2241,93.78,11,1.522489,0.0000,0.231500,0
2242,92.50,11,1.626619,0.4000,0.234700,0
2243,92.50,2,1.649636,0.0000,0.400600,0
2244,91.98,2,1.716498,0.0000,0.404700,0
2245,91.08,2,1.808435,0.0000,0.398700,0
2246,90.95,2,1.862199,0.0000,0.407300,0
2247,90.95,2,1.832522,0.4000,0.399300,0
2248,90.25,2,1.934526,0.2000,0.398100,0
2249,89.86,2,1.989312,0.0000,0.400600,0
2250,89.54,2,2.036264,0.4000,0.401000,0
2251,89.09,2,2.111318,0.2000,0.405000,0
2252,88.90,2,2.151465,0.2000,0.403400,0
2253,88.90,2,2.158970,0.2000,0.392700,0
2254,88.13,2,2.249476,0.4000,0.395300,0
2255,87.94,2,2.273757,1.0000,0.401900,0
2256,87.94,2,2.300379,0.8000,0.386100,0
2257,87.17,2,2.320998,0.2000,0.395700,0
2258,87.04,2,2.358101,0.4000,0.398700,0
2259,83.64,2,2.716329,0.6000,0.399900,0
2260,83.12,14,2.795518,0.6000,0.603100,0
2261,82.93,14,2.887148,0.8000,0.599600,0
2262,82.68,14,2.965498,0.8000,0.601500,0
2263,82.68,14,3.015298,0.6000,0.599300,0
2264,82.10,14,3.159931,0.8000,0.601800,0
2265,82.10,14,3.126390,0.8000,0.603100,0
2266,81.39,14,3.246880,0.6000,0.610900,0
2267,81.39,14,3.264186,0.6000,0.603400,0
2268,81.14,14,3.303538,1.0000,0.600400,0
2269,80.69,14,3.341665,0.8000,0.597700,0
2270,80.24,14,3.349318,0.2000,0.599900,0
2271,80.24,14,3.375515,0.4000,0.601500,0
2272,79.98,14,3.344468,0.4000,0.611600,0
2273,78.83,14,3.241753,0.4000,0.606300,0
2274,78.83,14,3.076242,0.6000,0.604100,0
2275,78.19,14,2.900778,1.0000,0.602200,0
2276,77.93,2,2.717326,0.6000,0.386900,0
2277,77.49,2,2.562776,0.4000,0.394000,0
2278,77.49,2,2.421511,0.4000,0.404300,0
2279,77.16,2,2.279919,0.2000,0.404200,0
2280,76.97,2,2.146551,0.0000,0.391900,0
2281,76.20,2,1.994063,0.0000,0.396100,0
2282,76.20,2,1.814677,0.0000,0.388600,0
2283,75.76,2,1.665767,0.0000,0.402000,0
2284,75.24,11,1.501574,0.2000,0.224100,0
2285,74.79,11,1.183533,0.0000,0.227700,0
2286,74.79,11,1.298390,0.2000,0.232900,0
2287,74.22,5,0.986240,0.0000,0.151400,0
2288,73.51,5,0.904013,0.0000,0.161700,0
2289,73.51,5,0.857470,0.0000,0.156100,0
2290,73.26,5,0.805145,0.0000,0.159500,0
2291,72.55,5,0.750059,0.0000,0.155800,0
2292,72.17,5,0.686652,0.0000,0.155000,0
2293,71.53,5,0.651114,0.0000,0.154800,0
2294,71.27,5,0.601093,0.0000,0.159500,0
2295,70.57,5,0.590748,0.0000,0.156500,0
2296,70.31,5,0.557077,0.0000,0.166400,0
2297,69.41,5,0.534802,0.0000,0.158900,0
2298,69.16,5,0.520965,0.0000,0.155200,0
2299,68.45,5,0.531318,0.2000,0.157500,0
2300,68.20,5,0.530473,0.0000,0.158800,0
2301,68.20,5,0.540349,0.0000,0.159900,0
2302,67.43,5,0.550983,0.0000,0.158300,0
2303,67.24,5,0.555882,0.0000,0.155200,0
2304,66.47,5,0.567856,0.0000,0.160300,0
2305,66.21,5,0.594601,0.0000,0.158300,0
2306,65.44,5,0.642328,0.0000,0.157300,0
2307,65.31,5,0.669878,0.0000,0.162900,0
2308,65.31,5,0.693481,0.0000,0.159500,0
2309,64.48,5,0.778204,0.2000,0.161700,0
2310,64.42,5,0.844316,0.0000,0.154300,0
2311,63.97,5,0.885700,0.0000,0.151800,0
2312,63.46,5,0.925797,0.2000,0.158000,0
2313,63.26,11,0.959870,0.2000,0.227000,0
2314,62.50,11,0.988655,0.0000,0.227000,0
2315,62.30,11,0.991042,0.0000,0.227100,0
2316,61.60,11,1.005572,0.0000,0.228100,0
2317,61.34,11,1.018242,0.0000,0.232000,0
2318,60.64,11,1.030177,0.0000,0.224600,0
2319,60.45,11,1.030005,0.0000,0.231100,0
2320,60.38,11,1.033887,0.0000,0.233500,0
2321,59.49,11,1.052738,0.0000,0.223000,0
2322,59.49,11,1.054824,0.2000,0.226400,0
2323,59.29,11,1.055970,0.2000,0.230000,0
2324,58.78,11,1.061140,0.0000,0.235000,0
2325,58.78,11,1.061562,0.0000,0.229400,0
2326,58.33,11,1.062542,0.0000,0.231700,0
2327,57.69,11,1.067167,0.0000,0.235400,0
2328,57.50,11,1.075061,0.2000,0.229500,0
2329,56.54,11,1.092844,0.0000,0.226200,0
2330,56.54,11,1.086553,0.0000,0.231900,0
2331,56.41,11,1.083577,0.0000,0.225300,0
2332,55.52,11,1.081840,0.2000,0.229000,0
2333,55.52,11,1.063625,0.0000,0.229700,0
2334,55.45,11,1.043513,0.0000,0.223500,0
2335,54.81,11,1.048934,0.2000,0.231600,0
2336,54.62,11,1.048200,0.0000,0.232200,0
2337,54.43,11,1.045621,0.0000,0.230500,0
2338,54.43,11,1.049011,0.2000,0.228500,0
2339,53.72,11,1.058629,0.0000,0.230100,0
2340,53.72,11,1.055973,0.2000,0.230900,0
2341,53.15,11,1.066545,0.0000,0.228800,0
2342,52.57,11,1.057920,0.0000,0.223300,0
2343,52.51,11,1.034592,0.0000,0.220600,0
2344,52.51,11,1.003550,0.0000,0.229000,0
2345,51.48,11,0.959078,0.0000,0.226200,0
2346,51.48,5,0.904858,0.0000,0.157700,0
2347,51.16,5,0.868323,0.0000,0.158400,0
2348,50.91,5,0.855634,0.0000,0.147600,0
2349,50.20,5,0.833540,0.0000,0.160200,0
2350,49.88,5,0.839309,0.0000,0.154300,0
2351,49.76,5,0.843330,0.0000,0.158100,0
2352,49.50,11,0.959373,0.0000,0.223300,0
2353,48.54,11,1.124872,0.0000,0.238500,0
2354,48.22,11,1.211513,0.0000,0.221000,0
2355,47.64,11,1.317727,0.0000,0.225600,0
2356,47.45,11,1.373502,0.0000,0.237400,0
2357,47.45,11,1.406011,0.2000,0.228100,0
2358,46.69,11,1.510160,0.2000,0.229200,0
2359,46.56,11,1.604908,0.0000,0.223100,0
2360,46.56,11,1.560669,0.0000,0.225800,0
2361,45.60,2,1.694908,0.4000,0.408400,0
2362,45.28,2,1.756553,0.0000,0.397200,0
2363,45.28,2,1.803599,0.2000,0.389700,0
2364,44.64,2,1.945130,0.0000,0.400000,0
2365,44.64,2,1.883432,0.0000,0.398500,0
2366,43.62,2,2.094553,0.2000,0.403200,0
2367,43.62,2,2.026465,0.4000,0.406400,0
2368,43.30,2,2.107111,0.2000,0.392800,0
2369,42.66,2,2.149866,0.2000,0.392300,0
2370,42.66,2,2.164306,0.4000,0.400100,0
2371,41.89,2,2.221362,0.0000,0.405600,0
2372,41.70,2,2.268846,0.2000,0.399000,0
2373,41.32,2,2.282807,0.4000,0.402000,0
2374,41.32,2,2.298099,0.4000,0.402200,0
2375,40.55,2,2.380154,0.4000,0.390900,0
2376,40.55,2,2.403880,0.4000,0.401900,0
2377,40.36,2,2.417198,0.8000,0.405900,0
2378,39.85,2,2.441369,0.0000,0.399400,0
2379,39.59,2,2.335051,0.2000,0.399500,0
2380,39.59,2,2.417368,0.2000,0.389400,0
2381,39.08,2,2.194439,0.4000,0.398400,0
2382,38.63,2,2.478600,0.0000,0.396100,0
2383,38.63,2,2.371666,0.6000,0.392000,0
2384,38.38,2,2.497935,0.4000,0.397300,0
2385,37.61,2,2.602613,0.4000,0.395700,0
2386,37.61,2,2.573278,0.0000,0.393900,0
2387,37.10,2,2.672938,0.6000,0.390800,0
2388,36.84,14,3.112762,0.6000,0.594300,0
2389,36.72,14,2.997237,0.4000,0.603400,0
2390,36.72,14,2.971933,0.8000,0.593600,0
2391,35.76,14,2.998859,0.2000,0.603000,0
2392,35.44,14,2.985496,0.6000,0.603800,0
2393,35.12,14,2.983529,0.4000,0.603500,0
2394,34.93,14,2.943266,0.4000,0.599900,0
2395,34.74,14,2.973100,0.8000,0.598000,0
2396,34.16,14,2.970678,0.8000,0.604300,0
2397,33.97,14,2.989675,0.8000,0.604000,0
2398,33.91,14,3.022105,0.6000,0.598700,0
2399,33.91,14,3.030800,0.4000,0.603000,0
2400,33.14,14,3.145504,0.4000,0.602400,0
2401,32.89,14,3.217744,0.6000,0.601000,0
2402,32.76,14,3.295418,0.6000,0.612200,0
2403,32.76,14,3.275565,0.6000,0.596700,0
2404,31.80,14,3.436168,0.6000,0.598900,0
2405,31.80,14,3.483419,0.8000,0.600400,0
2406,30.85,14,3.605408,0.8000,0.598500,0
2407,30.21,14,3.727221,0.8000,0.598000,0
2408,29.96,14,3.840507,0.8000,0.603100,0
2409,29.96,14,3.899096,0.8000,0.602600,0
2410,29.00,14,4.096632,1.0000,0.601500,0
2411,28.87,6,4.205824,0.8000,0.769000,0
2412,28.11,6,4.361330,0.8000,0.770900,0
2413,27.86,6,4.490194,0.8000,0.772800,0
2414,27.86,6,4.619589,0.4000,0.764500,0
2415,27.28,6,4.747216,1.0000,0.762400,0
2416,27.16,6,4.867036,1.0000,0.772400,0
2417,26.90,6,4.971025,0.6000,0.769100,0
2418,26.90,6,5.028983,0.8000,0.775500,0
2419,25.88,6,5.304228,0.8000,0.775100,0
2420,25.88,6,5.158665,0.8000,0.773900,0
2421,25.31,6,5.449096,0.8000,0.770200,0
2422,25.31,6,5.522337,1.0000,0.766700,0
2423,23.85,6,5.606321,1.0000,0.780300,0
2424,23.85,6,5.589994,0.8000,0.770600,0
2425,23.21,6,5.760738,0.8000,0.766900,0
2426,23.21,6,5.705402,0.8000,0.771200,0
2427,22.64,6,5.696638,0.8000,0.772800,0
2428,22.64,6,5.575320,0.6000,0.784600,0
2429,22.26,6,5.571835,0.8000,0.773100,0
2430,22.26,6,5.536873,0.6000,0.775800,0
2431,21.18,6,5.652149,1.0000,0.778700,0
2432,21.18,6,5.612759,0.8000,0.775500,0
2433,20.67,6,5.684007,0.6000,0.770500,0
2434,20.67,6,5.675021,0.4000,0.772300,0
2435,20.23,6,5.766393,0.8000,0.774200,0
2436,20.10,6,5.817133,0.8000,0.775900,0
2437,19.98,6,5.785362,1.0000,0.774700,0
2438,19.98,6,5.908839,0.6000,0.766900,0
2439,19.22,6,5.779437,0.8000,0.778000,0
2440,19.03,6,5.584887,0.8000,0.778700,0
2441,19.03,6,5.666495,1.0000,0.775200,0
2442,18.33,6,5.480231,1.0000,0.768000,0
2443,18.14,6,5.308376,0.8000,0.764300,0
2444,18.01,6,5.154619,0.8000,0.774300,0
2445,17.31,6,5.015567,1.0000,0.772600,0
2446,17.31,6,4.794357,0.4000,0.774400,0
2447,16.74,6,4.559030,0.4000,0.773300,0
2448,16.17,6,4.379588,0.4000,0.778000,0
2449,16.05,14,4.149723,0.4000,0.598300,0
2450,15.67,14,3.926755,1.0000,0.592200,0
2451,15.41,14,3.689867,0.8000,0.599700,0
2452,15.10,14,3.556590,0.4000,0.586900,0
2453,14.40,14,3.744862,0.6000,0.602000,0
2454,14.21,14,4.175086,0.6000,0.592300,0
2455,14.21,6,4.380741,0.8000,0.773100,0
2456,13.70,6,4.868630,1.0000,0.776000,0
2457,13.70,6,4.968324,0.8000,0.773300,0
2458,13.26,6,5.117616,1.0000,0.770300,0
2459,13.26,6,5.133049,1.0000,0.778600,0
2460,12.69,6,5.213917,1.0000,0.769300,0
2461,12.25,6,5.282966,0.8000,0.775400,0
2462,12.25,6,5.322737,1.0000,0.774900,0
2463,11.55,6,5.327915,1.0000,0.773000,0
2464,11.49,6,5.300310,0.6000,0.769300,0
2465,11.24,6,5.268756,1.0000,0.772900,0
2466,11.18,6,5.202773,0.8000,0.765700,0
2467,11.05,6,5.122570,0.8000,0.767700,0
2468,10.48,6,5.166524,1.0000,0.767400,0
2469,10.48,6,5.203429,0.8000,0.768800,0
2470,10.16,6,5.251246,1.0000,0.769200,0
2471,10.16,6,5.274795,0.8000,0.770600,0
2472,9.47,6,5.404042,0.8000,0.773100,0
2473,9.16,6,5.500888,1.0000,0.768700,0
2474,9.16,6,5.602025,0.8000,0.777700,0
2475,8.52,6,5.752201,0.8000,0.774500,0
2476,8.52,15,8.755846,0.8000,0.857400,0
2477,8.08,6,7.052918,1.0000,0.783200,0
2478,8.08,6,5.822499,1.0000,0.774900,0
2479,8.07,6,5.866186,1.0000,0.773900,0
2480,7.57,15,6.108212,0.8000,0.859400,0
2481,7.56,15,6.256037,1.0000,0.857000,0
2482,7.56,15,6.479136,1.0000,0.864300,0
2483,7.39,15,6.203061,1.0000,0.860300,0
2484,7.17,15,6.085946,0.6000,0.856600,0
2485,7.14,15,6.040557,1.0000,0.856300,0
2486,7.11,6,5.949043,1.0000,0.775800,0
2487,6.63,6,5.961387,1.0000,0.776500,0
2488,6.30,15,5.978701,0.6000,0.858600,0
2489,6.17,15,6.077705,0.8000,0.855900,0
2490,6.07,15,6.133093,1.0000,0.854300,0
2491,5.82,15,6.256007,1.0000,0.864000,0
2492,5.74,15,6.384800,1.0000,0.864600,0
2493,5.57,15,6.509207,0.6000,0.861100,0
2494,5.42,15,6.696771,0.8000,0.860500,0
2495,5.19,15,6.850334,1.0000,0.855500,0
2496,5.11,15,6.986710,0.6000,0.857300,0
2497,4.81,15,7.367816,1.0000,0.859600,0
2498,4.56,15,7.613257,0.8000,0.857500,0
2499,4.44,15,7.906928,1.0000,0.858300,0
2500,4.25,15,8.128402,1.0000,0.861100,0
2501,4.25,1,8.505339,1.0000,0.899700,0
2502,4.22,1,8.662980,1.0000,0.897700,0
2503,3.81,1,8.894250,1.0000,0.903700,0
2504,3.50,1,9.380750,0.8000,0.901600,0
2505,3.50,1,9.503358,1.0000,0.903700,0
2506,3.25,1,9.809431,1.0000,0.898100,0
2507,3.18,1,9.920286,1.0000,0.889800,0
2508,3.16,1,10.110089,0.8000,0.901000,0
2509,2.87,1,10.831050,1.0000,0.898200,0
2510,2.68,10,11.096846,1.0000,0.897500,0
2511,2.67,10,11.513824,1.0000,0.903200,0
2512,2.43,10,11.974008,1.0000,0.899900,0
2513,2.31,10,12.047564,1.0000,0.900000,0
2514,2.10,10,12.228870,1.0000,0.900100,0
2515,1.97,10,12.273219,1.0000,0.897900,0
2516,1.87,10,12.496345,1.0000,0.898600,0
2517,1.54,10,13.230749,1.0000,0.896900,0
2518,1.40,10,13.337821,1.0000,0.903100,0
2519,1.25,10,13.300726,1.0000,0.902900,0
2520,1.11,10,13.569491,1.0000,0.901700,0
2521,0.61,4,14.306706,1.0000,0.868400,0
2522,0.55,4,14.130876,1.0000,0.877100,0
2523,0.24,4,14.983769,1.0000,0.873800,0
2524,0.18,4,15.390808,0.8000,0.880400,0
