t,days_to_reentry,M2_cell,H_t,p_t,P_forward,artifact_flag
0,1122.00,14,4.076212,0.8000,0.604000,0
1,1121.83,14,3.605266,0.6000,0.597600,0
2,1121.50,14,3.181100,0.8000,0.600600,0
3,1121.25,14,3.112069,0.6000,0.600100,0
4,1121.17,14,3.063883,0.6000,0.608100,0
5,1121.08,14,3.060092,0.6000,0.608700,0
6,1120.83,14,2.930553,0.2000,0.607200,0
7,1120.75,14,2.792850,0.4000,0.598400,0
8,1120.50,2,2.651803,0.4000,0.399300,0
9,1120.17,2,2.600293,0.2000,0.391500,0
10,1120.08,2,2.441112,0.8000,0.386100,0
11,1119.83,2,2.320822,0.2000,0.393200,0
12,1119.50,2,2.056340,0.2000,0.404400,0
13,1119.42,2,2.017969,0.4000,0.395600,0
14,1119.17,2,1.771237,0.0000,0.404800,0
15,1119.08,11,1.627271,0.4000,0.231400,0
16,1118.83,11,1.392650,0.2000,0.227000,0
17,1118.50,11,1.236775,0.0000,0.230000,0
18,1118.42,11,1.176887,0.0000,0.232300,0
19,1118.17,11,1.206121,0.2000,0.232000,0
20,1118.08,11,1.180357,0.0000,0.228100,0
21,1117.83,11,1.063385,0.0000,0.231900,0
22,1117.50,11,0.954901,0.0000,0.221300,0
23,1117.42,5,0.900985,0.2000,0.161000,0
24,1117.08,11,1.018730,0.0000,0.230300,0
25,1116.83,11,1.113992,0.0000,0.229500,0
26,1116.75,11,1.146828,0.0000,0.232600,0
27,1116.50,11,1.169218,0.0000,0.232400,0
28,1116.08,11,1.200518,0.0000,0.220400,0
29,1115.83,11,1.244316,0.0000,0.227800,0
30,1115.50,11,1.327122,0.0000,0.229100,0
31,1115.42,11,1.431563,0.0000,0.224900,0
32,1115.17,11,1.566075,0.0000,0.224800,0
33,1115.08,2,1.725080,0.2000,0.400300,0
34,1114.75,2,1.867391,0.0000,0.397600,0
35,1114.58,2,1.878828,0.4000,0.396000,0
36,1114.08,2,1.985910,0.0000,0.401900,0
37,1113.50,2,2.003707,0.0000,0.400700,0
38,1113.42,2,1.986622,0.0000,0.397500,0
39,1113.08,2,2.018669,0.4000,0.397600,0
40,1112.50,2,2.018382,0.4000,0.402600,0
41,1112.42,2,2.000449,0.2000,0.398200,0
42,1112.08,2,1.979224,0.0000,0.395900,0
43,1111.83,2,1.915195,0.2000,0.401200,0
44,1111.75,11,1.581635,0.0000,0.233900,0
45,1111.33,11,1.229520,0.0000,0.231800,0
46,1110.75,5,0.897199,0.0000,0.152400,0
47,1110.42,5,0.674333,0.0000,0.162900,0
48,1110.17,9,0.454701,0.0000,0.097500,0
49,1110.08,9,0.386345,0.0000,0.094500,0
50,1109.42,9,0.258794,0.0000,0.096900,0
51,1109.17,9,0.225776,0.0000,0.094500,0
52,1109.08,9,0.234484,0.0000,0.099800,0
53,1108.50,9,0.224087,0.0000,0.094100,0
54,1108.42,9,0.215556,0.0000,0.093800,0
55,1108.17,17,0.167753,0.0000,0.047000,0
56,1107.75,17,0.104111,0.0000,0.042800,0
57,1106.75,17,0.117888,0.0000,0.043500,0
58,1106.50,17,0.036786,0.0000,0.046300,0
59,1106.08,17,0.021573,0.0000,0.041600,0
60,1105.83,17,0.010724,0.0000,0.045200,0
61,1105.42,17,0.013090,0.0000,0.044400,0
62,1105.33,17,0.007862,0.0000,0.045300,0
63,1103.42,17,0.024193,0.0000,0.045600,0
64,1102.92,17,0.060381,0.0000,0.043600,0
65,1102.17,17,0.073087,0.0000,0.046600,0
66,1102.08,17,0.076142,0.0000,0.044000,0
67,1101.92,17,0.074351,0.0000,0.046400,0
68,1101.42,17,0.107111,0.0000,0.042000,0
69,1101.17,17,0.118356,0.0000,0.044500,0
70,1100.83,17,0.101429,0.0000,0.046600,0
71,1100.50,17,0.105210,0.0000,0.045500,0
72,1100.50,17,0.111313,0.0000,0.047100,0
73,1100.08,17,0.099745,0.0000,0.045900,0
74,1099.83,17,0.096803,0.0000,0.044500,0
75,1099.50,17,0.105729,0.0000,0.047100,0
76,1099.42,17,0.088289,0.0000,0.045600,0
77,1099.08,17,0.096889,0.0000,0.044900,0
78,1098.83,17,0.096846,0.0000,0.042200,0
79,1098.44,17,0.103849,0.0000,0.046100,0
80,1098.17,17,0.094692,0.0000,0.043500,0
81,1097.93,17,0.083533,0.0000,0.046300,0
82,1097.61,17,0.071536,0.0000,0.045700,0
83,1097.50,17,0.083600,0.0000,0.045600,0
84,1097.03,17,0.099455,0.0000,0.048100,0
85,1096.71,17,0.104811,0.0000,0.042100,0
86,1096.08,17,0.114074,0.0000,0.045000,0
87,1095.83,17,0.087879,0.0000,0.046200,0
88,1095.50,17,0.150661,0.0000,0.045200,0
89,1095.42,9,0.193528,0.0000,0.092200,0
90,1095.25,9,0.193153,0.0000,0.097200,0
91,1095.08,9,0.217116,0.0000,0.095800,0
92,1094.83,9,0.205476,0.0000,0.101800,0
93,1094.42,9,0.208194,0.0000,0.097800,0
94,1094.33,9,0.190572,0.0000,0.095400,0
95,1094.08,9,0.185996,0.0000,0.095900,0
96,1093.67,17,0.149684,0.0000,0.043900,0
97,1093.25,17,0.129691,0.0000,0.046700,0
98,1093.08,17,0.122929,0.0000,0.043700,0
99,1092.83,17,0.121042,0.0000,0.045700,0
100,1092.42,17,0.149956,0.0000,0.044900,0
101,1092.08,17,0.167639,0.0000,0.043300,0
102,1091.83,9,0.182471,0.0000,0.092400,0
103,1091.50,9,0.214508,0.0000,0.099200,0
104,1091.25,9,0.271239,0.0000,0.090200,0
105,1091.08,9,0.310318,0.0000,0.094100,0
106,1091.08,9,0.358308,0.0000,0.094200,0
107,1090.83,9,0.339636,0.2000,0.094800,0
108,1090.58,9,0.343076,0.0000,0.094900,0
109,1090.50,9,0.350007,0.0000,0.096700,0
110,1090.33,9,0.349723,0.0000,0.096500,0
111,1090.17,9,0.322260,0.0000,0.093200,0
112,1089.50,9,0.323301,0.0000,0.093400,0
113,1089.42,9,0.323795,0.0000,0.092500,0
114,1089.42,9,0.322371,0.0000,0.097500,0
115,1089.08,9,0.353741,0.0000,0.089600,0
116,1088.92,9,0.432920,0.0000,0.097300,0
117,1088.83,5,0.515573,0.0000,0.163100,0
118,1088.67,9,0.486582,0.0000,0.093500,0
119,1088.42,9,0.441808,0.0000,0.094400,0
120,1088.33,9,0.355219,0.0000,0.094400,0
121,1088.17,9,0.235471,0.0000,0.091600,0
122,1088.00,17,0.166211,0.0000,0.045900,0
123,1087.83,17,0.119364,0.0000,0.047500,0
124,1087.58,17,0.143456,0.0000,0.044400,0
125,1087.50,17,0.142206,0.0000,0.043900,0
126,1087.42,17,0.152216,0.0000,0.045300,0
127,1087.08,17,0.142140,0.0000,0.044700,0
128,1086.92,17,0.130811,0.0000,0.048400,0
129,1086.50,17,0.123833,0.0000,0.045400,0
130,1086.33,17,0.134194,0.0000,0.044300,0
131,1086.08,17,0.127033,0.0000,0.046700,0
132,1086.08,17,0.134994,0.0000,0.042500,0
133,1085.83,17,0.143202,0.0000,0.044300,0
134,1085.83,17,0.159126,0.0000,0.048000,0
135,1085.75,17,0.157512,0.0000,0.044900,0
136,1085.50,9,0.180500,0.0000,0.091600,0
137,1085.42,9,0.206124,0.0000,0.091400,0
138,1085.33,9,0.249301,0.0000,0.093500,0
139,1085.33,9,0.280830,0.0000,0.096700,0
140,1085.08,9,0.292987,0.0000,0.096100,0
141,1085.00,9,0.306996,0.0000,0.097900,0
142,1084.83,9,0.347562,0.2000,0.093400,0
143,1084.58,9,0.364477,0.0000,0.095700,0
144,1084.50,9,0.398568,0.0000,0.091200,0
145,1084.42,9,0.420650,0.0000,0.090800,0
146,1084.33,9,0.441097,0.0000,0.088100,0
147,1084.08,9,0.487358,0.0000,0.093800,0
148,1083.92,9,0.437789,0.0000,0.094900,0
149,1083.92,9,0.363144,0.0000,0.098600,0
150,1083.83,9,0.266906,0.0000,0.093400,0
151,1083.75,9,0.181704,0.0000,0.100600,0
152,1083.67,17,0.146872,0.0000,0.044900,0
153,1083.67,17,0.137620,0.0000,0.045900,0
154,1083.50,17,0.099847,0.0000,0.048500,0
155,1083.33,17,0.087661,0.0000,0.048500,0
156,1083.17,17,0.092536,0.0000,0.038300,0
157,1083.08,17,0.110295,0.0000,0.045300,0
158,1083.00,17,0.103058,0.0000,0.045800,0
159,1082.83,17,0.098611,0.0000,0.046000,0
160,1082.67,17,0.107647,0.0000,0.044700,0
161,1082.42,17,0.136700,0.0000,0.044800,0
162,1082.08,9,0.195691,0.0000,0.091500,0
163,1081.83,17,0.163500,0.0000,0.042500,0
164,1081.75,17,0.152254,0.0000,0.042900,0
165,1081.75,17,0.146211,0.0000,0.044700,0
166,1081.33,17,0.147129,0.0000,0.045800,0
167,1081.08,17,0.141868,0.0000,0.046400,0
168,1081.00,17,0.138047,0.0000,0.044100,0
169,1080.83,17,0.141965,0.0000,0.046700,0
170,1080.67,9,0.173262,0.0000,0.096600,0
171,1080.42,9,0.190288,0.0000,0.093400,0
172,1080.08,9,0.183287,0.0000,0.093000,0
173,1079.83,9,0.198564,0.0000,0.097500,0
174,1079.67,9,0.193396,0.0000,0.092400,0
175,1079.50,9,0.187797,0.0000,0.098800,0
176,1079.42,9,0.208990,0.0000,0.098200,0
177,1079.33,9,0.207135,0.0000,0.101500,0
178,1079.25,9,0.174118,0.0000,0.094700,0
179,1078.58,17,0.134306,0.0000,0.042500,0
180,1078.42,17,0.077783,0.0000,0.047500,0
181,1078.33,17,0.028332,0.0000,0.045100,0
182,1078.33,17,0.036925,0.0000,0.045300,0
183,1078.08,17,0.022064,0.0000,0.045000,0
184,1077.83,17,0.024056,0.0000,0.043100,0
185,1077.42,17,0.013873,0.0000,0.043900,0
186,1077.08,17,0.001836,0.0000,0.046700,0
187,1076.83,17,0.003267,0.0000,0.040200,0
188,1076.42,17,0.001340,0.0000,0.047000,0
189,1076.17,17,0.022762,0.0000,0.046100,0
190,1076.08,17,0.080667,0.0000,0.049300,0
191,1075.83,17,0.053342,0.0000,0.045300,0
192,1075.75,17,0.047005,0.0000,0.048700,0
193,1075.17,17,0.053488,0.0000,0.044600,0
194,1075.08,17,0.056507,0.0000,0.046600,0
195,1074.75,17,0.050160,0.0000,0.046000,0
196,1074.50,17,0.036465,0.0000,0.045300,0
197,1074.25,17,0.038680,0.0000,0.045800,0
198,1074.08,17,0.036236,0.0000,0.044900,0
199,1073.83,17,0.022774,0.0000,0.043000,0
200,1073.42,17,0.028233,0.0000,0.046300,0
201,1073.33,17,0.035808,0.0000,0.044400,0
202,1073.17,17,0.036414,0.0000,0.045600,0
203,1073.08,17,0.042698,0.0000,0.046200,0
204,1073.00,17,0.042784,0.0000,0.048400,0
205,1072.83,17,0.040724,0.0000,0.042100,0
206,1072.58,17,0.035535,0.0000,0.043700,0
207,1072.42,17,0.033210,0.0000,0.046000,0
208,1072.17,17,0.032525,0.0000,0.044300,0
209,1072.17,17,0.030720,0.0000,0.046900,0
210,1072.08,17,0.035655,0.0000,0.045700,0
211,1072.00,17,0.044100,0.0000,0.039800,0
212,1071.83,17,0.058876,0.0000,0.046300,0
213,1071.67,17,0.077872,0.0000,0.046900,0
214,1071.50,17,0.081876,0.0000,0.045400,0
215,1071.42,17,0.120762,0.0000,0.043200,0
216,1071.17,17,0.167511,0.0000,0.047300,0
217,1071.08,9,0.186670,0.0000,0.096800,0
218,1070.83,9,0.257928,0.0000,0.097600,0
219,1070.75,9,0.283820,0.0000,0.098300,0
220,1070.67,9,0.290707,0.0000,0.093300,0
221,1070.50,9,0.255330,0.0000,0.095700,0
222,1070.33,9,0.202738,0.0000,0.092500,0
223,1070.08,9,0.211794,0.0000,0.094800,0
224,1069.83,9,0.208273,0.0000,0.098900,0
225,1069.75,9,0.251972,0.0000,0.100800,0
226,1069.67,9,0.285289,0.0000,0.095000,0
227,1069.50,9,0.295480,0.0000,0.098600,0
228,1069.25,9,0.346345,0.0000,0.091000,0
229,1069.17,9,0.411194,0.0000,0.092500,0
230,1069.08,9,0.391185,0.0000,0.089800,0
231,1068.83,9,0.394118,0.0000,0.094800,0
232,1068.75,9,0.395125,0.0000,0.092900,0
233,1068.58,9,0.353147,0.0000,0.094900,0
234,1068.50,9,0.292078,0.0000,0.087600,0
235,1068.33,9,0.234664,0.0000,0.094800,0
236,1067.83,9,0.274483,0.2000,0.093000,0
237,1067.50,9,0.253949,0.0000,0.094300,0
238,1067.42,9,0.229465,0.0000,0.100300,0
239,1067.33,9,0.190919,0.0000,0.095000,0
240,1067.08,9,0.184423,0.0000,0.094100,0
241,1066.83,9,0.180951,0.0000,0.089000,0
242,1066.58,9,0.211142,0.2000,0.097300,0
243,1066.50,9,0.200454,0.0000,0.095800,0
244,1066.42,9,0.187893,0.0000,0.094200,0
245,1066.25,9,0.198787,0.0000,0.092100,0
246,1066.17,9,0.209518,0.0000,0.091800,0
247,1066.08,9,0.258880,0.0000,0.087300,0
248,1066.00,9,0.229736,0.0000,0.090400,0
249,1065.83,9,0.226981,0.0000,0.093000,0
250,1065.58,9,0.244576,0.0000,0.092800,0
251,1065.50,9,0.228765,0.0000,0.099500,0
252,1065.25,9,0.219020,0.0000,0.096500,0
253,1065.17,9,0.234132,0.0000,0.096400,0
254,1065.08,9,0.326409,0.0000,0.098800,0
255,1064.92,9,0.341076,0.0000,0.093200,0
256,1064.83,9,0.325514,0.0000,0.089800,0
257,1064.75,9,0.315640,0.0000,0.098800,0
258,1064.58,9,0.298684,0.0000,0.092400,0
259,1064.50,9,0.303315,0.0000,0.094300,0
260,1064.33,9,0.304993,0.0000,0.093300,0
261,1064.17,9,0.310866,0.0000,0.097300,0
262,1064.08,9,0.319142,0.0000,0.096500,0
263,1064.00,9,0.314554,0.0000,0.087500,0
264,1063.58,9,0.324696,0.0000,0.099500,0
265,1063.50,9,0.326083,0.0000,0.095500,0
266,1063.42,9,0.306216,0.0000,0.092900,0
267,1063.33,9,0.286623,0.0000,0.095900,0
268,1063.08,9,0.276217,0.0000,0.089700,0
269,1062.92,9,0.277900,0.0000,0.097900,0
270,1062.83,9,0.268887,0.0000,0.091500,0
271,1062.67,9,0.275389,0.0000,0.093100,0
272,1062.50,9,0.277878,0.0000,0.091000,0
273,1062.42,9,0.279233,0.0000,0.089300,0
274,1062.17,9,0.270128,0.0000,0.096500,0
275,1062.08,9,0.228079,0.0000,0.094800,0
276,1061.83,9,0.200121,0.0000,0.093800,0
277,1061.83,17,0.148714,0.0000,0.044700,0
278,1061.75,17,0.163240,0.0000,0.049200,0
279,1061.42,9,0.201992,0.0000,0.097200,0
280,1061.17,9,0.257054,0.0000,0.098000,0
281,1061.08,9,0.299101,0.0000,0.092700,0
282,1060.83,9,0.317123,0.0000,0.095000,0
283,1060.50,9,0.252528,0.2000,0.091600,0
284,1060.17,9,0.244133,0.0000,0.091000,0
285,1060.08,9,0.244092,0.0000,0.097900,0
286,1059.50,9,0.252176,0.0000,0.089400,0
287,1059.42,9,0.255684,0.0000,0.100400,0
288,1059.17,9,0.248742,0.0000,0.094500,0
289,1059.08,9,0.229695,0.0000,0.094200,0
290,1058.58,9,0.233319,0.0000,0.094900,0
291,1058.50,9,0.226909,0.0000,0.095100,0
292,1058.42,9,0.220610,0.0000,0.091700,0
293,1058.25,9,0.227577,0.0000,0.096000,0
294,1058.08,9,0.216048,0.0000,0.089100,0
295,1057.83,9,0.220630,0.0000,0.093500,0
296,1057.42,9,0.246595,0.0000,0.095100,0
297,1057.17,9,0.250404,0.0000,0.095500,0
298,1057.08,9,0.193732,0.0000,0.093600,0
299,1056.42,9,0.180948,0.0000,0.097200,0
300,1056.08,17,0.153507,0.0000,0.044300,0
301,1056.00,17,0.143195,0.0000,0.043800,0
302,1055.92,17,0.155893,0.0000,0.049100,0
303,1055.42,9,0.186873,0.0000,0.096600,0
304,1054.83,9,0.186562,0.0000,0.097600,0
305,1054.42,9,0.181746,0.0000,0.093600,0
306,1054.17,17,0.152827,0.0000,0.046500,0
307,1054.08,17,0.127049,0.0000,0.045500,0
308,1053.50,17,0.072368,0.0000,0.044600,0
309,1053.42,17,0.036444,0.0000,0.050700,0
310,1053.17,17,0.004114,0.0000,0.045500,0
311,1053.08,17,0.003466,0.0000,0.044900,0
312,1052.83,17,0.017381,0.0000,0.041200,0
313,1052.50,17,0.021093,0.0000,0.043300,0
314,1052.42,17,0.014306,0.0000,0.044400,0
315,1052.17,17,0.007068,0.0000,0.042500,0
316,1052.08,17,0.007876,0.0000,0.046000,0
317,1051.58,17,0.007886,0.0000,0.044300,0
318,1051.42,17,0.012806,0.0000,0.045300,0
319,1051.17,17,0.028883,0.0000,0.048200,0
320,1051.08,17,0.051330,0.0000,0.047800,0
321,1050.50,17,0.047880,0.0000,0.045900,0
322,1050.42,17,0.030944,0.0000,0.050000,0
323,1050.17,17,0.019045,0.0000,0.045100,0
324,1050.08,17,0.018756,0.0000,0.042000,0
325,1049.50,17,0.020798,0.0000,0.044200,0
326,1049.42,17,0.022779,0.0000,0.046500,0
327,1049.08,17,0.026319,0.0000,0.045200,0
328,1048.83,17,0.041490,0.0000,0.046000,0
329,1048.42,17,0.035086,0.0000,0.046900,0
330,1048.17,17,0.049321,0.0000,0.042300,0
331,1048.08,17,0.046096,0.0000,0.044200,0
332,1047.50,17,0.039083,0.0000,0.046200,0
333,1047.42,17,0.045346,0.0000,0.048500,0
334,1047.33,17,0.069241,0.0000,0.046100,0
335,1047.08,17,0.088474,0.0000,0.045900,0
336,1046.83,9,0.297648,0.0000,0.096000,0
337,1046.64,9,0.298820,0.0000,0.094300,0
338,1046.58,9,0.421953,0.0000,0.094000,0
339,1046.08,11,1.389632,0.0000,0.232200,0
340,1046.00,11,1.237469,0.0000,0.223100,0
341,1045.50,11,1.098902,0.0000,0.224700,0
342,1045.42,5,0.925182,0.0000,0.150700,0
343,1045.17,5,0.906166,0.0000,0.148600,0
344,1045.08,11,1.041855,0.0000,0.230800,0
345,1044.83,11,0.956831,0.0000,0.233300,0
346,1044.42,5,0.817538,0.0000,0.155100,0
347,1044.25,5,0.777171,0.0000,0.155200,0
348,1044.08,5,0.733488,0.0000,0.152800,0
349,1043.83,5,0.662231,0.0000,0.162400,0
350,1043.42,9,0.472995,0.0000,0.093400,0
351,1043.17,9,0.312017,0.0000,0.093700,0
352,1043.08,9,0.188810,0.0000,0.095200,0
353,1042.75,3,0.140183,0.0000,0.030000,0
354,1042.17,0,0.398795,0.0000,0.020900,0
355,1042.08,0,0.381222,0.0000,0.018400,0
356,1041.50,0,0.633839,0.0000,0.018500,0
357,1041.42,0,0.586937,0.0000,0.019400,0
358,1041.08,19,0.697427,0.0000,0.015700,0
359,1040.83,19,0.775364,0.0000,0.018700,0
360,1040.42,19,0.950484,0.0000,0.018900,0
361,1040.17,19,0.968952,0.0000,0.021400,0
362,1040.08,19,0.937147,0.0000,0.019600,0
363,1039.50,19,1.218058,0.0000,0.022400,0
364,1039.42,19,1.170879,0.0000,0.020100,0
365,1039.17,12,1.253832,0.0000,0.044600,0
366,1039.08,19,1.211967,0.0000,0.018600,0
367,1038.75,19,1.148972,0.0000,0.020000,0
368,1038.58,19,1.186685,0.0000,0.021900,0
369,1038.17,12,2.104147,0.0000,0.042400,0
370,1038.08,12,2.216442,0.0000,0.042000,0
371,1037.83,12,1.835509,0.0000,0.042200,0
372,1037.42,12,1.434688,0.0000,0.039500,0
373,1037.08,19,1.102080,0.0000,0.017500,0
374,1036.50,19,0.837579,0.0000,0.018200,0
375,1036.42,0,0.611659,0.0000,0.018800,0
376,1036.08,0,0.386464,0.0000,0.019300,0
377,1035.75,3,0.205786,0.0000,0.029900,0
378,1035.17,17,0.030346,0.0000,0.043000,0
379,1035.08,17,0.162120,0.0000,0.042200,0
380,1034.75,9,0.314576,0.0000,0.089500,0
381,1034.08,9,0.473038,0.0000,0.092200,0
382,1033.50,5,0.606056,0.0000,0.160400,0
383,1033.42,5,0.559988,0.0000,0.157900,0
384,1033.08,5,0.721786,0.0000,0.160300,0
385,1032.83,5,0.812293,0.0000,0.153000,0
386,1032.42,11,0.979941,0.0000,0.225100,0
387,1032.17,11,1.036788,0.0000,0.226000,0
388,1032.08,11,1.090759,0.2000,0.231800,0
389,1031.42,11,1.080893,0.2000,0.225200,0
390,1031.08,11,1.100212,0.0000,0.225100,0
391,1030.83,11,1.114277,0.0000,0.234500,0
392,1030.42,11,1.037312,0.0000,0.232700,0
393,1030.08,11,1.032345,0.0000,0.227400,0
394,1029.83,11,0.956188,0.0000,0.228500,0
395,1029.42,5,0.915761,0.0000,0.158400,0
396,1029.17,5,0.795857,0.0000,0.156100,0
397,1029.08,5,0.700013,0.0000,0.163200,0
398,1028.50,5,0.621258,0.0000,0.153300,0
399,1028.42,5,0.721493,0.0000,0.155100,0
400,1028.17,5,0.953628,0.0000,0.158400,0
401,1028.08,5,0.935914,0.0000,0.158800,0
402,1027.50,5,0.762578,0.0000,0.162300,0
403,1027.42,5,0.741607,0.0000,0.159700,0
404,1027.08,5,0.678180,0.0000,0.159400,0
405,1026.83,5,0.631798,0.0000,0.157400,0
406,1026.42,5,0.548382,0.0000,0.157200,0
407,1026.17,5,0.560673,0.0000,0.154400,0
408,1026.08,5,0.606848,0.0000,0.162200,0
409,1025.75,5,0.531560,0.0000,0.156500,0
410,1025.50,5,0.532064,0.0000,0.158900,0
411,1025.08,9,0.351277,0.0000,0.095100,0
412,1024.83,9,0.247862,0.0000,0.093000,0
413,1024.42,17,0.085403,0.0000,0.047100,0
414,1024.17,17,0.029600,0.0000,0.044200,0
415,1024.08,17,0.048949,0.0000,0.045000,0
416,1023.75,3,0.225436,0.0000,0.026900,0
417,1023.33,3,0.332328,0.0000,0.028400,0
418,1023.08,0,0.386802,0.0000,0.019100,0
419,1022.50,0,0.592336,0.0000,0.021600,0
420,1022.42,0,0.503284,0.0000,0.019500,0
421,1021.83,0,0.657428,0.0000,0.019400,0
422,1021.42,19,0.758306,0.0000,0.021300,0
423,1021.17,19,0.729835,0.0000,0.020200,0
424,1021.08,19,0.673478,0.0000,0.019300,0
425,1020.42,19,0.967254,0.0000,0.021000,0
426,1020.08,19,1.044885,0.0000,0.018000,0
427,1019.83,19,1.038353,0.0000,0.017300,0
428,1019.42,19,1.145579,0.0000,0.016200,0
429,1019.17,19,1.113457,0.0000,0.017400,0
430,1019.08,19,1.022142,0.0000,0.019600,0
431,1018.50,19,1.237372,0.0000,0.020400,0
432,1018.42,19,1.078554,0.0000,0.021200,0
433,1018.08,19,1.168163,0.0000,0.015300,0
434,1017.83,19,0.991075,0.0000,0.018600,0
435,1017.42,19,0.895905,0.0000,0.019300,0
436,1017.17,19,0.877821,0.0000,0.018600,0
437,1017.11,19,0.753721,0.0000,0.019700,0
438,1016.92,0,0.619252,0.0000,0.020700,0
439,1016.58,19,0.778280,0.0000,0.017600,0
440,1016.17,19,0.749394,0.0000,0.018600,0
441,1016.08,0,0.562509,0.0000,0.020600,0
442,1015.42,0,0.660580,0.0000,0.020900,0
443,1015.42,0,0.424056,0.0000,0.020900,0
444,1015.08,3,0.288903,0.0000,0.028300,0
445,1014.50,0,0.391967,0.0000,0.022200,0
446,1014.42,3,0.223397,0.0000,0.026100,0
447,1014.08,3,0.196632,0.0000,0.028400,0
448,1013.83,3,0.131942,0.0000,0.028300,0
449,1013.42,3,0.109849,0.0000,0.025800,0
450,1013.17,17,0.036107,0.0000,0.045900,0
451,1013.08,17,0.095723,0.0000,0.042600,0
452,1012.50,3,0.388964,0.0000,0.029500,0
453,1012.42,3,0.251939,0.0000,0.029300,0
454,1012.17,3,0.139172,0.0000,0.026700,0
455,1012.08,17,0.044763,0.0000,0.040600,0
456,1011.83,17,0.169202,0.0000,0.046500,0
457,1011.42,9,0.314572,0.0000,0.094100,0
458,1011.17,9,0.438042,0.0000,0.097200,0
459,1011.08,5,0.574379,0.0000,0.162800,0
460,1010.42,5,0.662354,0.0000,0.157700,0
461,1010.17,5,0.810057,0.0000,0.157600,0
462,1010.08,5,0.916702,0.0000,0.153300,0
463,1009.75,11,1.036204,0.0000,0.241000,0
464,1009.17,11,1.201699,0.0000,0.234300,0
465,1009.08,11,1.369843,0.0000,0.227100,0
466,1008.50,11,1.526190,0.0000,0.236200,0
467,1008.42,11,1.461833,0.0000,0.226900,0
468,1008.17,11,1.252468,0.0000,0.224500,0
469,1008.08,11,1.256669,0.0000,0.231400,0
470,1007.83,11,1.273507,0.0000,0.226000,0
471,1007.42,11,1.173371,0.0000,0.226200,0
472,1007.17,11,1.190664,0.0000,0.234700,0
473,1007.08,11,1.114615,0.0000,0.228100,0
474,1006.50,11,0.970618,0.0000,0.236300,0
475,1006.42,5,0.893026,0.0000,0.154800,0
476,1006.17,5,0.771229,0.0000,0.156300,0
477,1006.08,5,0.665854,0.0000,0.162200,0
478,1005.42,9,0.466006,0.0000,0.100100,0
479,1005.17,9,0.359772,0.2000,0.093100,0
480,1005.08,9,0.287084,0.0000,0.092000,0
481,1004.83,9,0.390854,0.0000,0.095000,0
482,1003.92,9,0.387176,0.0000,0.097100,0
483,1003.52,9,0.330028,0.2000,0.095200,0
484,1003.19,9,0.338299,0.0000,0.097500,0
485,1002.99,9,0.322697,0.0000,0.092600,0
486,1002.46,9,0.270007,0.0000,0.095400,0
487,1002.33,9,0.190655,0.0000,0.090200,0
488,1002.13,17,0.131026,0.0000,0.043700,0
489,1001.60,17,0.123506,0.0000,0.046000,0
490,1001.20,17,0.157421,0.0000,0.043900,0
491,1001.13,9,0.233456,0.0000,0.099000,0
492,1001.07,9,0.263794,0.0000,0.094700,0
493,1000.60,9,0.265570,0.0000,0.097100,0
494,1000.47,9,0.202940,0.0000,0.093200,0
495,1000.21,9,0.214181,0.0000,0.093200,0
496,1000.14,17,0.126835,0.0000,0.046900,0
497,1000.14,17,0.164817,0.0000,0.047600,0
498,999.54,17,0.141752,0.0000,0.046300,0
499,999.41,17,0.122687,0.0000,0.045800,0
500,999.14,17,0.118076,0.0000,0.041600,0
501,998.55,17,0.117434,0.0000,0.046800,0
502,998.41,17,0.109571,0.0000,0.047200,0
503,998.15,17,0.036971,0.0000,0.046000,0
504,997.42,17,0.053784,0.0000,0.043400,0
505,997.22,17,0.037607,0.0000,0.045400,0
506,997.15,17,0.011560,0.0000,0.046500,0
507,997.02,17,0.017837,0.0000,0.046900,0
508,996.29,17,0.041112,0.0000,0.046500,0
509,996.16,17,0.041721,0.0000,0.043900,0
510,996.09,17,0.058182,0.0000,0.046800,0
511,995.69,9,0.231225,0.0000,0.091300,0
512,995.43,9,0.219065,0.0000,0.097400,0
513,995.16,17,0.138069,0.0000,0.049300,0
514,995.16,17,0.160072,0.0000,0.046000,0
515,994.50,17,0.082474,0.0000,0.047100,0
516,994.36,17,0.056283,0.0000,0.042800,0
517,994.23,17,0.028691,0.0000,0.044600,0
518,993.63,17,0.017286,0.0000,0.049400,0
519,993.50,17,0.016347,0.0000,0.047200,0
520,993.30,17,0.014629,0.0000,0.046500,0
521,993.24,17,0.035459,0.0000,0.046200,0
522,993.24,17,0.095274,0.0000,0.044300,0
523,992.51,17,0.036773,0.0000,0.046600,0
524,992.11,17,0.036574,0.0000,0.043900,0
525,992.11,17,0.074401,0.0000,0.045500,0
526,991.51,17,0.062363,0.0000,0.047500,0
527,991.24,17,0.049121,0.0000,0.044500,0
528,990.58,17,0.062766,0.0000,0.041300,0
529,990.25,17,0.038013,0.0000,0.045400,0
530,990.12,17,0.042756,0.0000,0.043200,0
531,989.58,17,0.039311,0.0000,0.042900,0
532,989.25,17,0.029274,0.0000,0.043800,0
533,988.79,17,0.044780,0.0000,0.043600,0
534,988.52,17,0.084558,0.0000,0.046900,0
535,988.32,17,0.084525,0.0000,0.047200,0
536,987.59,17,0.127271,0.0000,0.043000,0
537,987.46,17,0.135110,0.0000,0.047300,0
538,987.33,17,0.094807,0.0000,0.046500,0
539,986.46,17,0.046042,0.0000,0.045700,0
540,986.46,17,0.047605,0.0000,0.044200,0
541,985.47,17,0.020913,0.0000,0.041600,0
542,985.34,17,0.024247,0.0000,0.042100,0
543,984.47,17,0.032992,0.0000,0.045800,0
544,984.34,17,0.109117,0.0000,0.045100,0
545,983.88,17,0.071115,0.0000,0.044200,0
546,983.54,17,0.024312,0.0000,0.046500,0
547,983.34,17,0.038640,0.0000,0.045400,0
548,982.42,17,0.010962,0.0000,0.047400,0
549,981.62,17,0.023711,0.0000,0.044000,0
550,981.42,17,0.027361,0.0000,0.045800,0
551,980.42,17,0.008151,0.0000,0.047400,0
552,979.89,17,0.031959,0.0000,0.045200,0
553,979.49,17,0.106145,0.0000,0.044400,0
554,979.43,17,0.103205,0.0000,0.043700,0
555,978.57,17,0.129570,0.0000,0.044700,0
556,978.43,17,0.097872,0.0000,0.046200,0
557,977.50,17,0.042439,0.0000,0.043900,0
558,977.50,17,0.037297,0.0000,0.043500,0
559,976.51,17,0.042085,0.0000,0.046400,0
560,975.51,17,0.043826,0.0000,0.043900,0
561,975.05,17,0.043195,0.0000,0.045700,0
562,974.52,17,0.042237,0.0000,0.045000,0
563,973.92,17,0.040693,0.0000,0.045900,0
564,973.52,17,0.038971,0.0000,0.045200,0
565,972.86,17,0.037913,0.0000,0.043700,0
566,972.53,17,0.036148,0.0000,0.047100,0
567,971.60,17,0.039272,0.0000,0.046800,0
568,971.46,17,0.037775,0.0000,0.046400,0
569,970.53,17,0.042044,0.0000,0.045300,0
570,969.87,17,0.046776,0.0000,0.041800,0
571,969.14,17,0.049116,0.0000,0.044100,0
572,968.87,17,0.053679,0.0000,0.045300,0
573,968.81,17,0.057957,0.0000,0.043500,0
574,968.61,17,0.060394,0.0000,0.044000,0
575,967.61,17,0.065393,0.0000,0.041300,0
576,966.68,17,0.072049,0.0000,0.044800,0
577,965.89,17,0.083030,0.0000,0.048900,0
578,965.82,17,0.094166,0.0000,0.045900,0
579,965.16,17,0.106397,0.0000,0.044500,0
580,964.56,17,0.124741,0.0000,0.045300,0
581,964.16,17,0.138575,0.0000,0.045900,0
582,963.70,17,0.167422,0.0000,0.047000,0
583,963.23,9,0.174437,0.0000,0.089400,0
584,962.57,9,0.178301,0.0000,0.091400,0
585,961.57,9,0.176595,0.0000,0.092400,0
586,961.57,9,0.179455,0.0000,0.095400,0
587,960.58,9,0.213339,0.0000,0.095000,0
588,959.85,9,0.267822,0.0000,0.094800,0
589,959.65,9,0.368341,0.0000,0.090400,0
590,959.32,9,0.459474,0.0000,0.092000,0
591,958.79,5,0.503228,0.2000,0.152900,0
592,958.65,9,0.471282,0.0000,0.092600,0
593,958.06,5,0.530258,0.0000,0.163900,0
594,957.66,5,0.593610,0.0000,0.162100,0
595,957.06,5,0.636302,0.0000,0.155000,0
596,956.86,5,0.666014,0.0000,0.159700,0
597,956.79,5,0.649519,0.0000,0.153400,0
598,956.33,5,0.620659,0.0000,0.160000,0
599,955.67,5,0.549439,0.0000,0.153900,0
600,955.27,9,0.475117,0.0000,0.094800,0
601,954.87,9,0.395761,0.0000,0.092200,0
602,953.67,9,0.282222,0.0000,0.090800,0
603,953.21,9,0.182635,0.0000,0.096900,0
604,952.41,17,0.114359,0.0000,0.044200,0
605,952.08,17,0.082417,0.0000,0.041500,0
606,951.82,17,0.062056,0.0000,0.043900,0
607,951.15,17,0.065412,0.0000,0.043800,0
608,950.75,17,0.067914,0.0000,0.048200,0
609,950.09,17,0.072767,0.0000,0.048600,0
610,949.89,17,0.076973,0.0000,0.043900,0
611,949.76,17,0.079048,0.0000,0.044800,0
612,949.09,17,0.082543,0.0000,0.047500,0
613,948.50,17,0.082925,0.0000,0.044300,0
614,948.17,17,0.083202,0.0000,0.043900,0
615,947.50,17,0.084260,0.0000,0.043200,0
616,946.97,17,0.087678,0.0000,0.045000,0
617,946.84,17,0.089185,0.0000,0.043100,0
618,946.17,17,0.089854,0.0000,0.041800,0
619,945.84,17,0.092006,0.0000,0.043800,0
620,945.25,17,0.094328,0.0000,0.046700,0
621,944.85,17,0.100906,0.0000,0.046100,0
622,944.18,17,0.155215,0.0000,0.046600,0
623,943.85,17,0.156726,0.0000,0.042100,0
624,943.12,17,0.162209,0.0000,0.045600,0
625,942.46,17,0.169881,0.0000,0.049600,0
626,942.06,9,0.180323,0.0000,0.098500,0
627,941.86,9,0.192294,0.0000,0.099800,0
628,941.06,9,0.219728,0.0000,0.093300,0
629,940.53,9,0.234507,0.0000,0.093400,0
630,940.47,9,0.251221,0.0000,0.094500,0
631,940.07,9,0.269901,0.0000,0.093800,0
632,939.54,9,0.274938,0.0000,0.094200,0
633,939.34,9,0.276052,0.0000,0.097100,0
634,938.61,9,0.278938,0.0000,0.093500,0
635,938.21,9,0.278550,0.0000,0.097900,0
636,937.61,9,0.321398,0.0000,0.095200,0
637,937.21,9,0.317210,0.0000,0.085400,0
638,934.03,9,0.321356,0.0000,0.094400,0
639,933.23,9,0.319850,0.0000,0.096200,0
640,932.70,9,0.324449,0.0000,0.096400,0
641,931.17,9,0.356093,0.0000,0.095300,0
642,930.58,9,0.393943,0.0000,0.097100,0
643,930.18,9,0.436644,0.0000,0.096500,0
644,929.45,9,0.479876,0.0000,0.093500,0
645,929.18,5,0.517603,0.0000,0.155000,0
646,928.52,5,0.507304,0.0000,0.158100,0
647,928.25,5,0.510883,0.2000,0.158200,0
648,927.52,5,0.512567,0.0000,0.156400,0
649,927.19,5,0.521520,0.0000,0.158900,0
650,926.53,5,0.530546,0.0000,0.160000,0
651,926.26,5,0.545981,0.0000,0.156600,0
652,925.60,5,0.603384,0.0000,0.152800,0
653,925.27,5,0.677534,0.0000,0.164200,0
654,924.74,5,0.789072,0.0000,0.154500,0
655,924.27,5,0.875389,0.0000,0.159400,0
656,924.14,5,0.938492,0.0000,0.161200,0
657,923.28,11,1.002442,0.0000,0.224600,0
658,922.55,11,0.953019,0.0000,0.230000,0
659,922.28,5,0.884920,0.0000,0.160000,0
660,921.49,5,0.814512,0.0000,0.159900,0
661,921.22,5,0.746078,0.0000,0.154900,0
662,920.22,5,0.677356,0.0000,0.153100,0
663,919.89,5,0.613515,0.0000,0.157500,0
664,919.43,5,0.556153,0.0000,0.158400,0
665,919.36,5,0.503807,0.0000,0.160000,0
666,918.63,9,0.459392,0.2000,0.093300,0
667,918.50,9,0.445443,0.0000,0.096600,0
668,918.23,9,0.439166,0.0000,0.095200,0
669,917.57,9,0.436719,0.0000,0.100300,0
670,917.24,9,0.444669,0.2000,0.091300,0
671,916.51,9,0.459317,0.0000,0.096300,0
672,915.45,9,0.478906,0.0000,0.098200,0
673,915.31,9,0.485677,0.0000,0.094700,0
674,914.45,9,0.485122,0.0000,0.091100,0
675,914.32,9,0.484174,0.0000,0.093500,0
676,913.92,9,0.482184,0.0000,0.096400,0
677,913.46,9,0.480728,0.0000,0.092500,0
678,912.86,9,0.480421,0.0000,0.096000,0
679,912.46,9,0.473194,0.0000,0.099600,0
680,911.86,9,0.467637,0.0000,0.100600,0
681,911.53,9,0.453985,0.0000,0.093800,0
682,911.46,9,0.442349,0.0000,0.093500,0
683,911.07,9,0.429596,0.0000,0.095100,0
684,910.47,9,0.405725,0.0000,0.095600,0
685,910.47,9,0.377256,0.0000,0.090300,0
686,909.87,9,0.358089,0.0000,0.093200,0
687,909.08,9,0.326933,0.0000,0.099800,0
688,908.81,9,0.280734,0.0000,0.093700,0
689,908.81,9,0.297365,0.0000,0.095600,0
690,908.54,9,0.251141,0.0000,0.097800,0
691,908.48,9,0.228422,0.0000,0.090600,0
692,908.48,9,0.208839,0.0000,0.098800,0
693,907.81,9,0.197406,0.0000,0.090200,0
694,907.55,9,0.187642,0.0000,0.098200,0
695,906.82,9,0.177889,0.0000,0.096900,0
696,906.82,9,0.175648,0.0000,0.094300,0
697,906.42,17,0.171321,0.0000,0.046700,0
698,905.69,17,0.168920,0.0000,0.045800,0
699,905.62,17,0.168513,0.0000,0.044600,0
700,904.76,9,0.180443,0.0000,0.095800,0
701,904.63,9,0.175017,0.0000,0.094900,0
702,904.16,17,0.167557,0.0000,0.045700,0
703,903.83,17,0.163672,0.0000,0.047900,0
704,903.50,17,0.154410,0.0000,0.045400,0
705,903.10,17,0.159493,0.0000,0.044200,0
706,902.77,17,0.158955,0.0000,0.043600,0
707,902.17,17,0.155177,0.0000,0.047900,0
708,902.11,17,0.138947,0.0000,0.041900,0
709,901.84,17,0.125121,0.0000,0.044900,0
710,901.11,17,0.111136,0.0000,0.048200,0
711,900.85,17,0.095378,0.0000,0.045000,0
712,900.65,17,0.076815,0.0000,0.046300,0
713,899.65,17,0.058517,0.0000,0.047100,0
714,898.52,17,0.037782,0.0000,0.045900,0
715,898.52,17,0.018785,0.0000,0.046400,0
716,897.53,17,0.024139,0.0000,0.043700,0
717,897.26,17,0.101478,0.0000,0.047400,0
718,896.93,17,0.093552,0.0000,0.045200,0
719,896.20,17,0.093466,0.0000,0.042300,0
720,896.20,17,0.096841,0.0000,0.045900,0
721,895.60,17,0.116460,0.0000,0.046300,0
722,895.14,17,0.143991,0.0000,0.046200,0
723,894.94,9,0.177653,0.0000,0.094400,0
724,894.61,9,0.236272,0.0000,0.101000,0
725,894.21,9,0.305806,0.0000,0.089600,0
726,893.88,9,0.380511,0.0000,0.097700,0
727,893.61,9,0.475428,0.0000,0.089500,0
728,892.62,5,0.715513,0.0000,0.158900,0
729,892.62,5,0.597481,0.0000,0.153500,0
730,891.62,5,0.773513,0.0000,0.151900,0
731,891.36,5,0.816508,0.0000,0.154000,0
732,890.30,5,0.843555,0.0000,0.160700,0
733,890.16,5,0.874463,0.0000,0.159500,0
734,889.57,5,0.874914,0.0000,0.160400,0
735,889.37,5,0.865088,0.0000,0.159400,0
736,888.84,5,0.851391,0.0000,0.160800,0
737,888.57,5,0.820858,0.0000,0.155500,0
738,888.11,5,0.797528,0.0000,0.161300,0
739,887.64,5,0.698012,0.0000,0.158700,0
740,887.64,5,0.749356,0.0000,0.154400,0
741,886.71,5,0.631201,0.0000,0.161200,0
742,886.65,5,0.530300,0.0000,0.158300,0
743,885.85,9,0.447829,0.0000,0.089500,0
744,885.65,9,0.404976,0.0000,0.100500,0
745,885.12,9,0.360498,0.0000,0.096000,0
746,884.66,9,0.322591,0.0000,0.096900,0
747,884.66,9,0.302982,0.0000,0.093100,0
748,884.13,9,0.292602,0.0000,0.096300,0
749,883.86,3,0.120735,0.0000,0.027000,0
750,883.66,3,0.058384,0.0000,0.025500,0
751,883.66,3,0.058315,0.0000,0.028700,0
752,883.13,3,0.058760,0.0000,0.026600,0
753,883.06,3,0.062791,0.0000,0.027700,0
754,882.47,3,0.064284,0.0000,0.028100,0
755,882.47,3,0.066333,0.0000,0.029200,0
756,881.74,3,0.069617,0.0000,0.030000,0
757,881.21,3,0.073493,0.0000,0.028900,0
758,881.07,3,0.072551,0.0000,0.029200,0
759,880.74,3,0.077054,0.0000,0.026500,0
760,880.08,3,0.075445,0.0000,0.032700,0
761,879.81,3,0.077244,0.0000,0.029500,0
762,879.55,3,0.075793,0.0000,0.028000,0
763,878.82,3,0.073947,0.0000,0.028600,0
764,878.09,3,0.093632,0.0000,0.027800,0
765,877.96,3,0.090274,0.0000,0.027900,0
766,877.56,3,0.084798,0.0000,0.027700,0
767,877.09,3,0.079274,0.0000,0.029700,0
768,876.89,3,0.074406,0.0000,0.025100,0
769,876.56,3,0.068472,0.0000,0.027900,0
770,876.10,3,0.064201,0.0000,0.027500,0
771,875.77,17,0.053708,0.0000,0.046500,0
772,875.77,3,0.057611,0.0000,0.027700,0
773,874.84,17,0.046704,0.0000,0.049200,0
774,874.17,17,0.034825,0.0000,0.047400,0
775,874.17,17,0.040599,0.0000,0.045900,0
776,873.84,17,0.025842,0.0000,0.047700,0
777,873.24,17,0.016345,0.0000,0.048300,0
778,872.65,17,0.006624,0.0000,0.044900,0
779,872.18,9,0.334735,0.0000,0.093400,0
780,872.05,9,0.286994,0.0000,0.092300,0
781,871.65,9,0.283187,0.2000,0.093600,0
782,871.12,9,0.283472,0.0000,0.095400,0
783,870.86,9,0.274917,0.0000,0.093800,0
784,870.86,9,0.278389,0.0000,0.093900,0
785,870.19,9,0.267571,0.0000,0.091500,0
786,869.66,9,0.260919,0.0000,0.091500,0
787,869.46,9,0.258226,0.0000,0.093300,0
788,869.13,9,0.252213,0.0000,0.089000,0
789,868.53,9,0.252707,0.0000,0.095900,0
790,868.40,9,0.252593,0.0000,0.096000,0
791,868.14,9,0.254051,0.0000,0.093200,0
792,867.94,9,0.253199,0.0000,0.093700,0
793,867.14,9,0.250553,0.0000,0.098500,0
794,867.14,9,0.248873,0.0000,0.098100,0
795,866.41,9,0.246878,0.0000,0.093000,0
796,866.14,9,0.241357,0.0000,0.096600,0
797,866.01,9,0.245815,0.0000,0.094900,0
798,865.75,9,0.232281,0.0000,0.096200,0
799,865.15,9,0.223337,0.0000,0.091600,0
800,864.75,9,0.209238,0.0000,0.093300,0
801,864.75,9,0.200523,0.0000,0.094600,0
802,863.76,9,0.196623,0.0000,0.093900,0
803,863.23,9,0.238101,0.0000,0.092100,0
804,863.16,9,0.258802,0.0000,0.093900,0
805,862.50,9,0.326492,0.0000,0.092100,0
806,862.23,9,0.432287,0.0000,0.094800,0
807,862.10,5,0.522330,0.0000,0.152100,0
808,861.50,5,0.622432,0.0000,0.160200,0
809,861.10,5,0.678993,0.0000,0.158800,0
810,860.51,5,0.807980,0.0000,0.158000,0
811,860.51,5,0.905421,0.0000,0.160400,0
812,860.11,5,0.922679,0.0000,0.161400,0
813,859.51,5,0.918038,0.0000,0.155300,0
814,859.18,5,0.869847,0.0000,0.160200,0
815,859.11,5,0.811377,0.0000,0.159000,0
816,858.45,5,0.716718,0.0000,0.155300,0
817,858.12,5,0.651568,0.0000,0.163500,0
818,858.12,5,0.605369,0.0000,0.152300,0
819,857.45,5,0.553302,0.0000,0.158900,0
820,857.32,5,0.513942,0.0000,0.159500,0
821,856.86,9,0.490902,0.0000,0.097200,0
822,856.59,9,0.477471,0.0000,0.094000,0
823,856.13,9,0.463693,0.0000,0.097300,0
824,855.46,9,0.454557,0.2000,0.095100,0
825,855.46,9,0.446194,0.0000,0.093500,0
826,855.13,9,0.435052,0.0000,0.090800,0
827,854.47,9,0.422035,0.0000,0.091700,0
828,854.20,9,0.405552,0.0000,0.095000,0
829,854.14,9,0.387045,0.0000,0.092000,0
830,853.41,9,0.362763,0.2000,0.094200,0
831,852.21,9,0.314827,0.0000,0.092200,0
832,851.95,9,0.277396,0.0000,0.092400,0
833,851.61,9,0.250968,0.0000,0.093300,0
834,850.55,9,0.229435,0.2000,0.092300,0
835,850.42,9,0.214692,0.0000,0.096400,0
836,850.29,9,0.200172,0.0000,0.094200,0
837,849.49,9,0.190958,0.0000,0.091600,0
838,849.43,9,0.179959,0.0000,0.098600,0
839,848.43,17,0.166760,0.0000,0.049300,0
840,848.43,9,0.174334,0.0000,0.092600,0
841,847.44,17,0.168298,0.0000,0.045300,0
842,847.30,17,0.164394,0.0000,0.046600,0
843,847.30,17,0.161432,0.0000,0.043100,0
844,846.44,17,0.164317,0.0000,0.045600,0
845,846.31,17,0.161875,0.0000,0.046100,0
846,845.91,17,0.161160,0.0000,0.041600,0
847,845.44,17,0.158646,0.0000,0.042200,0
848,845.31,17,0.157176,0.0000,0.045100,0
849,844.52,17,0.159084,0.0000,0.043700,0
850,844.52,17,0.159722,0.0000,0.047500,0
851,844.38,17,0.159880,0.0000,0.046600,0
852,843.45,17,0.159900,0.0000,0.043200,0
853,843.39,17,0.155818,0.0000,0.048700,0
854,843.39,17,0.148525,0.0000,0.042900,0
855,842.53,17,0.147632,0.0000,0.048100,0
856,842.39,17,0.143482,0.0000,0.045000,0
857,841.80,17,0.140713,0.0000,0.043700,0
858,841.40,17,0.139768,0.0000,0.047500,0
859,840.54,17,0.141387,0.0000,0.046700,0
860,840.47,17,0.145046,0.0000,0.047500,0
861,840.40,17,0.152763,0.0000,0.046200,0
862,839.67,17,0.165090,0.0000,0.042700,0
863,839.14,17,0.171418,0.0000,0.043100,0
864,838.48,9,0.174720,0.0000,0.099900,0
865,837.88,17,0.172587,0.0000,0.044800,0
866,837.48,17,0.168515,0.0000,0.048000,0
867,837.15,17,0.167340,0.0000,0.044100,0
868,836.49,17,0.160684,0.0000,0.043600,0
869,836.49,17,0.150285,0.0000,0.045200,0
870,835.49,17,0.136522,0.0000,0.049300,0
871,834.50,17,0.128992,0.0000,0.047300,0
872,834.50,17,0.120720,0.0000,0.045900,0
873,833.57,17,0.114494,0.0000,0.042900,0
874,833.24,17,0.113746,0.0000,0.043100,0
875,832.64,17,0.112439,0.0000,0.046100,0
876,831.84,17,0.112641,0.0000,0.042300,0
877,831.65,17,0.111535,0.0000,0.045500,0
878,831.25,17,0.122416,0.0000,0.043800,0
879,830.65,17,0.166527,0.0000,0.043100,0
880,830.65,9,0.216136,0.0000,0.093800,0
881,830.25,9,0.279511,0.0000,0.095000,0
882,829.66,9,0.351887,0.0000,0.094500,0
883,828.86,9,0.436538,0.0000,0.099000,0
884,828.66,5,0.518787,0.0000,0.152500,0
885,827.60,5,0.679819,0.0000,0.161700,0
886,827.60,5,0.593445,0.0000,0.154400,0
887,827.33,5,0.743948,0.2000,0.162200,0
888,826.67,5,0.798241,0.0000,0.148600,0
889,826.34,5,0.843472,0.0000,0.151100,0
890,826.34,5,0.890596,0.0000,0.154500,0
891,825.68,5,0.932378,0.0000,0.159600,0
892,825.08,5,0.935721,0.0000,0.157000,0
893,824.81,5,0.924768,0.0000,0.160800,0
894,824.68,5,0.901623,0.0000,0.155700,0
895,824.08,5,0.870481,0.0000,0.161400,0
896,823.69,5,0.841258,0.0000,0.153600,0
897,823.69,5,0.809139,0.0000,0.153300,0
898,823.15,5,0.794194,0.0000,0.152400,0
899,823.02,5,0.780367,0.2000,0.156600,0
900,822.16,5,0.758949,0.0000,0.158000,0
901,821.83,5,0.722050,0.0000,0.160400,0
902,821.69,5,0.673632,0.0000,0.156700,0
903,821.43,5,0.602929,0.0000,0.154300,0
904,820.70,9,0.412838,0.0000,0.094900,0
905,820.70,5,0.502447,0.0000,0.150000,0
906,820.43,9,0.331668,0.0000,0.098000,0
907,819.44,9,0.249440,0.0000,0.092000,0
908,819.17,9,0.200672,0.0000,0.094800,0
909,819.17,9,0.207036,0.0000,0.090400,0
910,818.78,9,0.196593,0.0000,0.091400,0
911,818.11,9,0.207328,0.0000,0.093800,0
912,817.91,9,0.223684,0.0000,0.092800,0
913,817.78,9,0.228935,0.0000,0.093200,0
914,817.18,9,0.234429,0.0000,0.097900,0
915,816.85,9,0.221267,0.0000,0.095900,0
916,816.79,9,0.205490,0.0000,0.095400,0
917,816.19,9,0.192631,0.0000,0.097700,0
918,815.79,9,0.193360,0.0000,0.097500,0
919,815.79,9,0.196027,0.0000,0.099300,0
920,815.19,9,0.200489,0.0000,0.094800,0
921,814.53,9,0.248664,0.0000,0.093100,0
922,814.53,9,0.223744,0.0000,0.100900,0
923,814.07,9,0.286613,0.0000,0.097100,0
924,813.54,9,0.309726,0.0000,0.094700,0
925,813.20,9,0.322913,0.0000,0.097600,0
926,813.20,9,0.325702,0.0000,0.093100,0
927,812.81,9,0.325066,0.0000,0.092400,0
928,812.14,9,0.323414,0.2000,0.090400,0
929,811.88,9,0.316584,0.0000,0.094800,0
930,811.55,9,0.313353,0.0000,0.095800,0
931,811.21,9,0.309358,0.0000,0.090800,0
932,810.55,9,0.315113,0.0000,0.095000,0
933,810.55,9,0.314993,0.0000,0.099500,0
934,809.89,9,0.313482,0.0000,0.092100,0
935,809.16,9,0.319410,0.2000,0.092800,0
936,809.09,9,0.318574,0.2000,0.092300,0
937,808.63,9,0.326811,0.0000,0.093500,0
938,808.10,9,0.335135,0.0000,0.100100,0
939,807.90,9,0.343792,0.0000,0.093200,0
940,807.63,9,0.344742,0.0000,0.096600,0
941,807.10,9,0.345044,0.0000,0.091600,0
942,806.64,9,0.349031,0.0000,0.094000,0
943,806.24,9,0.352801,0.0000,0.092000,0
944,806.24,9,0.348908,0.0000,0.098100,0
945,805.64,9,0.361001,0.0000,0.095200,0
946,805.18,9,0.366816,0.0000,0.093800,0
947,805.11,9,0.380026,0.0000,0.095400,0
948,804.65,9,0.422993,0.0000,0.088100,0
949,804.12,5,0.529327,0.0000,0.156300,0
950,803.98,5,0.662628,0.0000,0.157000,0
951,803.98,5,0.750145,0.0000,0.158100,0
952,803.12,5,0.882615,0.0000,0.157700,0
953,802.39,5,0.895609,0.0000,0.152300,0
954,802.19,5,0.913894,0.0000,0.154200,0
955,802.13,5,0.929558,0.0000,0.164100,0
956,801.40,5,0.914116,0.0000,0.157500,0
957,801.06,5,0.895366,0.0000,0.157900,0
958,801.00,5,0.889774,0.0000,0.161800,0
959,800.73,5,0.862820,0.0000,0.161100,0
960,800.14,5,0.836754,0.0000,0.154000,0
961,799.74,5,0.847906,0.0000,0.160700,0
962,799.47,5,0.876641,0.0000,0.152000,0
963,798.48,5,0.933742,0.0000,0.159700,0
964,798.21,11,1.028380,0.0000,0.230400,0
965,798.08,11,1.072929,0.0000,0.229200,0
966,797.48,11,1.099487,0.0000,0.228800,0
967,797.15,11,1.107641,0.0000,0.230900,0
968,797.15,11,1.114164,0.0000,0.229900,0
969,796.49,11,1.081721,0.0000,0.229300,0
970,796.16,11,1.022437,0.0000,0.228100,0
971,795.82,11,0.951937,0.0000,0.234500,0
972,795.82,5,0.886806,0.0000,0.157800,0
973,795.16,5,0.815386,0.0000,0.157500,0
974,794.56,5,0.733313,0.0000,0.157500,0
975,794.50,5,0.657904,0.2000,0.152000,0
976,794.17,5,0.575247,0.0000,0.152000,0
977,793.83,9,0.478993,0.0000,0.098700,0
978,793.24,9,0.376092,0.0000,0.095500,0
979,792.84,9,0.330134,0.0000,0.091800,0
980,792.18,9,0.285601,0.0000,0.100800,0
981,792.18,9,0.231509,0.0000,0.098800,0
982,791.45,9,0.251628,0.0000,0.098900,0
983,791.18,9,0.257838,0.0000,0.098500,0
984,790.58,9,0.274361,0.0000,0.093800,0
985,790.58,9,0.292520,0.0000,0.095800,0
986,790.19,9,0.279297,0.0000,0.091500,0
987,789.46,9,0.264151,0.0000,0.094900,0
988,789.26,9,0.239725,0.0000,0.098600,0
989,789.19,9,0.199288,0.0000,0.098900,0
990,789.13,17,0.144889,0.0000,0.049400,0
991,788.20,17,0.136599,0.0000,0.045900,0
992,788.20,17,0.119829,0.0000,0.044700,0
993,787.93,17,0.131438,0.0000,0.048500,0
994,787.20,17,0.152069,0.0000,0.046500,0
995,787.14,9,0.173831,0.0000,0.093500,0
996,787.14,17,0.166735,0.0000,0.042100,0
997,786.14,9,0.178992,0.0000,0.091600,0
998,785.54,9,0.180343,0.0000,0.092800,0
999,785.54,9,0.177272,0.0000,0.096900,0
1000,785.21,9,0.175589,0.0000,0.095900,0
1001,784.48,17,0.171803,0.0000,0.045200,0
1002,784.22,17,0.161114,0.0000,0.046500,0
1003,784.22,17,0.168162,0.0000,0.047400,0
1004,783.42,17,0.163729,0.0000,0.044300,0
1005,783.22,17,0.161807,0.0000,0.047200,0
1006,782.56,17,0.163714,0.0000,0.046400,0
1007,782.43,17,0.164396,0.0000,0.044600,0
1008,782.23,17,0.164371,0.0000,0.045200,0
1009,782.03,17,0.164239,0.0000,0.043500,0
1010,781.03,17,0.167774,0.0000,0.044300,0
1011,779.64,17,0.170870,0.0000,0.044700,0
1012,779.44,17,0.169289,0.0000,0.043300,0
1013,778.58,17,0.164070,0.0000,0.042600,0
1014,778.45,17,0.157383,0.0000,0.048100,0
1015,778.31,17,0.150119,0.0000,0.044400,0
1016,777.45,17,0.145717,0.0000,0.044200,0
1017,777.32,17,0.139105,0.0000,0.045800,0
1018,777.32,17,0.132296,0.0000,0.044700,0
1019,776.52,17,0.123280,0.0000,0.041300,0
1020,776.32,17,0.106909,0.0000,0.047400,0
1021,775.86,17,0.097842,0.0000,0.047700,0
1022,775.46,17,0.087098,0.0000,0.044500,0
1023,775.13,17,0.081650,0.0000,0.045100,0
1024,774.53,17,0.080472,0.0000,0.047500,0
1025,774.47,17,0.079273,0.0000,0.048000,0
1026,774.14,17,0.082388,0.0000,0.048500,0
1027,773.47,17,0.082013,0.0000,0.046800,0
1028,773.34,17,0.076668,0.0000,0.049500,0
1029,773.34,17,0.070351,0.0000,0.042400,0
1030,772.48,17,0.068093,0.0000,0.049000,0
1031,772.35,17,0.062937,0.0000,0.044600,0
1032,771.88,17,0.059614,0.0000,0.044600,0
1033,771.48,17,0.051749,0.0000,0.042200,0
1034,771.42,17,0.052429,0.0000,0.046900,0
1035,770.42,17,0.053090,0.0000,0.046000,0
1036,770.42,17,0.056460,0.0000,0.046600,0
1037,769.49,17,0.066091,0.0000,0.041700,0
1038,769.23,17,0.076638,0.0000,0.047300,0
1039,769.23,17,0.102481,0.0000,0.042700,0
1040,768.50,17,0.161476,0.0000,0.046300,0
1041,768.43,9,0.206789,0.2000,0.098600,0
1042,767.90,9,0.251111,0.0000,0.093400,0
1043,767.50,9,0.278389,0.0000,0.095000,0
1044,767.24,9,0.289246,0.0000,0.093700,0
1045,766.58,9,0.278399,0.0000,0.094400,0
1046,766.51,9,0.257944,0.0000,0.096900,0
1047,765.71,9,0.233243,0.0000,0.093000,0
1048,765.45,9,0.182489,0.0000,0.095100,0
1049,765.45,17,0.157606,0.0000,0.046500,0
1050,764.52,9,0.188896,0.0000,0.097900,0
1051,763.59,9,0.256239,0.0000,0.097000,0
1052,763.52,9,0.311903,0.0000,0.091400,0
1053,762.53,9,0.377189,0.0000,0.096700,0
1054,762.33,9,0.428320,0.0000,0.097600,0
1055,762.33,9,0.469051,0.0000,0.092200,0
1056,761.53,5,0.524957,0.0000,0.155200,0
1057,761.34,5,0.521757,0.0000,0.163100,0
1058,760.87,5,0.508955,0.0000,0.155800,0
1059,760.54,9,0.493405,0.0000,0.091200,0
1060,760.34,9,0.466282,0.0000,0.089500,0
1061,759.61,9,0.447387,0.0000,0.093200,0
1062,759.55,9,0.451516,0.0000,0.091600,0
1063,759.08,9,0.426445,0.0000,0.098100,0
1064,758.68,9,0.405359,0.0000,0.098000,0
1065,758.35,9,0.375062,0.0000,0.101400,0
1066,758.35,9,0.349364,0.0000,0.097500,0
1067,757.62,9,0.323588,0.0000,0.087400,0
1068,756.83,9,0.303390,0.0000,0.095700,0
1069,756.63,9,0.287925,0.0000,0.092900,0
1070,755.63,9,0.303727,0.0000,0.095200,0
1071,755.10,9,0.320981,0.0000,0.098200,0
1072,754.77,9,0.325329,0.0000,0.096200,0
1073,754.44,9,0.336255,0.0000,0.092600,0
1074,754.44,9,0.341159,0.0000,0.096000,0
1075,753.64,9,0.343083,0.0000,0.095700,0
1076,753.44,9,0.343626,0.0000,0.091400,0
1077,752.91,9,0.343103,0.0000,0.093300,0
1078,752.85,9,0.343708,0.0000,0.092500,0
1079,752.18,9,0.344756,0.0000,0.094600,0
1080,751.65,9,0.343599,0.0000,0.093500,0
1081,751.65,9,0.344013,0.0000,0.092800,0
1082,751.45,9,0.328080,0.0000,0.092800,0
1083,749.93,9,0.306571,0.0000,0.089800,0
1084,749.73,9,0.284636,0.0000,0.093600,0
1085,749.07,9,0.273930,0.0000,0.097200,0
1086,748.87,9,0.263493,0.0000,0.099100,0
1087,748.07,9,0.260993,0.0000,0.089800,0
1088,747.74,9,0.256034,0.0000,0.093400,0
1089,747.08,9,0.254109,0.0000,0.091800,0
1090,746.08,9,0.248844,0.0000,0.095100,0
1091,745.95,9,0.241671,0.0000,0.096100,0
1092,745.75,9,0.232839,0.0000,0.095800,0
1093,745.09,9,0.224594,0.0000,0.095600,0
1094,744.89,9,0.213379,0.0000,0.096200,0
1095,744.56,9,0.206656,0.0000,0.092100,0
1096,744.16,9,0.193331,0.0000,0.092100,0
1097,743.83,9,0.190363,0.0000,0.092800,0
1098,743.83,9,0.189518,0.0000,0.091700,0
1099,743.16,9,0.199159,0.0000,0.091000,0
1100,742.83,9,0.204153,0.0000,0.095000,0
1101,742.24,9,0.204653,0.0000,0.094400,0
1102,742.04,9,0.205864,0.0000,0.092900,0
1103,741.64,9,0.211559,0.0000,0.099100,0
1104,741.04,9,0.220254,0.0000,0.090600,0
1105,740.91,9,0.235416,0.0000,0.094000,0
1106,740.38,9,0.249547,0.0000,0.096500,0
1107,740.11,9,0.268926,0.0000,0.095500,0
1108,739.65,9,0.291473,0.0000,0.096300,0
1109,739.65,9,0.318505,0.0000,0.091800,0
1110,739.12,9,0.347304,0.0000,0.098000,0
1111,738.66,9,0.399101,0.0000,0.091900,0
1112,738.12,9,0.471048,0.0000,0.095600,0
1113,737.93,5,0.524874,0.0000,0.161700,0
1114,737.66,5,0.562650,0.0000,0.161200,0
1115,737.13,5,0.570892,0.0000,0.150800,0
1116,737.06,5,0.566243,0.2000,0.159000,0
1117,736.07,5,0.610301,0.0000,0.156600,0
1118,735.74,5,0.654558,0.0000,0.162700,0
1119,735.41,5,0.636630,0.0000,0.155400,0
1120,735.21,5,0.623495,0.0000,0.155800,0
1121,734.74,5,0.604104,0.0000,0.162300,0
1122,734.15,5,0.592185,0.0000,0.160200,0
1123,734.15,5,0.589669,0.0000,0.162100,0
1124,733.42,5,0.576188,0.2000,0.158700,0
1125,733.15,5,0.576723,0.0000,0.159100,0
1126,732.95,5,0.579714,0.0000,0.156800,0
1127,732.75,5,0.597700,0.0000,0.160100,0
1128,732.16,5,0.625094,0.0000,0.154100,0
1129,731.63,5,0.687064,0.0000,0.161500,0
1130,731.43,5,0.790530,0.0000,0.160700,0
1131,731.23,5,0.800031,0.0000,0.162600,0
1132,730.50,5,0.815043,0.0000,0.157100,0
1133,730.50,5,0.814548,0.0000,0.157400,0
1134,729.50,5,0.774267,0.0000,0.155200,0
1135,729.24,5,0.732054,0.0000,0.162500,0
1136,729.17,5,0.678956,0.0000,0.157400,0
1137,728.84,5,0.629375,0.0000,0.150100,0
1138,728.24,5,0.583027,0.0000,0.151900,0
1139,728.05,5,0.523187,0.0000,0.155200,0
1140,727.45,9,0.457763,0.0000,0.096400,0
1141,727.12,9,0.392094,0.0000,0.097800,0
1142,726.85,9,0.330714,0.0000,0.098400,0
1143,726.85,9,0.301988,0.0000,0.097000,0
1144,726.19,9,0.271305,0.2000,0.095400,0
1145,725.59,9,0.205966,0.2000,0.097000,0
1146,725.59,17,0.131923,0.0000,0.043800,0
1147,725.19,17,0.121389,0.0000,0.045100,0
1148,724.86,17,0.125086,0.0000,0.043900,0
1149,724.27,17,0.132279,0.0000,0.044700,0
1150,724.13,17,0.153555,0.0000,0.044900,0
1151,723.40,17,0.146138,0.0000,0.045800,0
1152,723.34,17,0.146982,0.0000,0.048700,0
1153,722.47,17,0.143707,0.0000,0.048700,0
1154,722.28,17,0.133803,0.0000,0.046600,0
1155,722.21,17,0.124939,0.0000,0.046600,0
1156,721.48,17,0.122465,0.0000,0.045300,0
1157,721.15,17,0.119757,0.0000,0.047500,0
1158,720.95,17,0.122094,0.0000,0.045200,0
1159,720.49,17,0.124559,0.0000,0.047500,0
1160,720.29,17,0.128136,0.0000,0.046700,0
1161,719.69,17,0.138679,0.0000,0.047200,0
1162,719.69,17,0.135623,0.0000,0.046500,0
1163,719.29,17,0.141749,0.0000,0.045700,0
1164,718.63,17,0.139259,0.0000,0.044500,0
1165,718.63,17,0.132774,0.0000,0.047200,0
1166,718.43,17,0.125988,0.0000,0.049200,0
1167,717.57,17,0.120388,0.0000,0.045000,0
1168,717.44,17,0.112390,0.0000,0.044400,0
1169,717.24,17,0.100227,0.0000,0.043900,0
1170,716.44,17,0.084099,0.0000,0.044000,0
1171,716.44,17,0.094202,0.0000,0.041000,0
1172,715.45,17,0.084063,0.0000,0.044800,0
1173,714.92,17,0.091858,0.0000,0.046900,0
1174,714.58,17,0.101117,0.0000,0.046800,0
1175,714.39,17,0.104469,0.0000,0.043600,0
1176,713.46,17,0.122872,0.0000,0.046300,0
1177,713.46,17,0.134732,0.0000,0.048400,0
1178,712.73,17,0.147401,0.0000,0.044600,0
1179,711.53,17,0.149404,0.0000,0.046300,0
1180,711.53,17,0.143895,0.0000,0.046000,0
1181,710.54,17,0.143523,0.0000,0.047100,0
1182,709.41,17,0.140248,0.0000,0.044600,0
1183,708.48,17,0.137920,0.0000,0.046400,0
1184,708.48,17,0.131618,0.0000,0.045800,0
1185,707.49,17,0.136720,0.0000,0.048200,0
1186,706.89,17,0.133304,0.0000,0.045800,0
1187,706.49,17,0.130209,0.0000,0.047900,0
1188,706.16,17,0.128496,0.0000,0.046000,0
1189,705.57,17,0.127936,0.0000,0.045600,0
1190,705.57,17,0.127790,0.0000,0.047200,0
1191,705.17,17,0.130052,0.0000,0.046000,0
1192,704.64,17,0.133644,0.0000,0.047500,0
1193,704.17,17,0.133700,0.0000,0.042500,0
1194,703.91,17,0.123683,0.0000,0.045700,0
1195,703.91,17,0.128823,0.0000,0.044700,0
1196,703.44,17,0.118208,0.0000,0.043500,0
1197,702.58,17,0.114895,0.0000,0.049300,0
1198,702.58,17,0.110145,0.0000,0.042000,0
1199,701.52,17,0.093407,0.0000,0.043400,0
1200,701.26,17,0.075970,0.0000,0.045100,0
1201,701.26,17,0.056345,0.0000,0.041000,0
1202,700.46,17,0.041318,0.0000,0.048400,0
1203,700.26,17,0.036828,0.0000,0.044200,0
1204,699.93,17,0.035838,0.0000,0.044000,0
1205,699.47,17,0.034280,0.0000,0.046200,0
1206,699.27,17,0.042411,0.0000,0.041700,0
1207,698.60,17,0.060171,0.0000,0.046100,0
1208,698.47,17,0.094322,0.0000,0.042700,0
1209,698.27,17,0.135065,0.0000,0.044500,0
1210,697.54,9,0.220635,0.0000,0.096300,0
1211,697.28,9,0.327311,0.0000,0.094600,0
1212,697.28,9,0.419498,0.0000,0.090700,0
1213,696.55,9,0.498254,0.0000,0.102600,0
1214,696.02,5,0.581215,0.0000,0.157900,0
1215,695.55,5,0.657830,0.0000,0.154200,0
1216,694.96,5,0.714592,0.0000,0.161000,0
1217,694.63,5,0.791891,0.0000,0.157800,0
1218,694.36,5,0.843433,0.0000,0.154100,0
1219,693.90,5,0.894303,0.2000,0.155300,0
1220,693.63,5,0.916388,0.0000,0.156100,0
1221,693.37,5,0.902030,0.0000,0.158600,0
1222,692.64,5,0.844960,0.0000,0.161700,0
1223,692.64,5,0.780446,0.0000,0.162700,0
1224,692.37,5,0.720691,0.0000,0.157400,0
1225,691.58,5,0.648319,0.0000,0.157000,0
1226,691.58,5,0.585227,0.0000,0.152500,0
1227,691.38,5,0.518640,0.0000,0.153800,0
1228,690.65,9,0.451037,0.0000,0.098900,0
1229,689.92,9,0.444320,0.0000,0.095200,0
1230,689.65,9,0.421512,0.2000,0.090200,0
1231,688.66,9,0.390532,0.0000,0.093500,0
1232,688.66,9,0.368992,0.0000,0.094200,0
1233,687.73,9,0.297639,0.0000,0.097100,0
1234,687.00,9,0.261420,0.0000,0.091500,0
1235,686.67,9,0.247178,0.0000,0.097100,0
1236,685.87,9,0.242763,0.0000,0.099000,0
1237,685.81,9,0.245136,0.0000,0.094100,0
1238,685.14,9,0.255472,0.0000,0.100000,0
1239,684.81,9,0.276589,0.0000,0.095100,0
1240,684.81,9,0.264750,0.2000,0.095600,0
1241,684.15,9,0.287429,0.0000,0.097900,0
1242,683.29,9,0.294752,0.0000,0.093600,0
1243,683.09,9,0.296684,0.0000,0.097600,0
1244,682.76,9,0.290407,0.0000,0.094200,0
1245,681.96,9,0.284545,0.0000,0.092700,0
1246,681.56,9,0.273651,0.0000,0.093100,0
1247,681.10,9,0.262651,0.0000,0.098000,0
1248,680.90,9,0.250519,0.0000,0.096400,0
1249,680.77,9,0.235800,0.0000,0.088500,0
1250,680.11,9,0.233041,0.0000,0.095000,0
1251,679.77,9,0.225585,0.0000,0.097700,0
1252,679.11,9,0.230728,0.0000,0.097200,0
1253,678.58,9,0.233612,0.0000,0.091200,0
1254,677.92,9,0.241127,0.0000,0.092600,0
1255,677.59,9,0.255039,0.0000,0.093000,0
1256,676.59,9,0.277008,0.0000,0.094600,0
1257,676.59,9,0.302943,0.0000,0.090100,0
1258,675.53,9,0.344757,0.0000,0.093100,0
1259,675.20,9,0.406611,0.0000,0.093200,0
1260,675.13,9,0.497394,0.0000,0.093600,0
1261,674.93,5,0.622430,0.0000,0.157200,0
1262,674.07,5,0.856354,0.0000,0.161300,0
1263,673.94,5,0.924101,0.0000,0.153300,0
1264,673.67,11,0.976558,0.0000,0.228200,0
1265,673.14,11,0.995232,0.0000,0.230400,0
1266,672.41,11,0.964925,0.2000,0.235200,0
1267,672.28,5,0.937131,0.0000,0.158600,0
1268,672.28,5,0.880292,0.0000,0.160400,0
1269,671.42,5,0.803929,0.0000,0.158600,0
1270,671.15,5,0.616915,0.0000,0.158400,0
1271,671.15,5,0.706082,0.0000,0.155300,0
1272,670.69,5,0.538889,0.0000,0.157800,0
1273,670.43,9,0.457875,0.0000,0.095600,0
1274,670.03,9,0.406659,0.0000,0.093300,0
1275,670.03,9,0.429044,0.0000,0.092600,0
1276,669.30,9,0.390235,0.0000,0.096300,0
1277,668.57,9,0.412583,0.0000,0.096000,0
1278,668.50,9,0.404788,0.0000,0.097300,0
1279,668.30,9,0.380877,0.0000,0.099100,0
1280,667.64,9,0.404066,0.0000,0.091500,0
1281,667.24,9,0.380992,0.0000,0.097300,0
1282,667.24,9,0.402481,0.0000,0.093200,0
1283,666.45,9,0.403300,0.0000,0.099200,0
1284,666.18,9,0.413448,0.0000,0.094000,0
1285,666.05,9,0.422509,0.0000,0.093600,0
1286,665.65,9,0.425025,0.0000,0.089300,0
1287,665.45,9,0.435533,0.2000,0.093100,0
1288,664.66,9,0.441075,0.0000,0.095700,0
1289,663.80,5,0.527482,0.0000,0.158600,0
1290,663.80,5,0.581020,0.0000,0.154400,0
1291,663.13,5,0.621815,0.0000,0.157200,0
1292,662.80,5,0.630685,0.0000,0.155700,0
1293,662.27,5,0.627419,0.0000,0.159700,0
1294,662.27,5,0.611598,0.0000,0.154200,0
1295,661.48,5,0.566034,0.0000,0.158100,0
1296,661.14,5,0.508822,0.0000,0.158800,0
1297,661.08,9,0.471234,0.0000,0.090000,0
1298,660.55,9,0.436528,0.0000,0.097500,0
1299,660.15,9,0.394882,0.0000,0.096600,0
1300,659.88,9,0.352638,0.0000,0.092100,0
1301,659.49,9,0.310514,0.0000,0.091100,0
1302,658.56,9,0.276064,0.0000,0.089200,0
1303,658.23,9,0.243693,0.0000,0.094800,0
1304,658.16,9,0.217777,0.0000,0.091500,0
1305,657.43,9,0.192737,0.0000,0.097500,0
1306,657.10,17,0.160986,0.0000,0.041800,0
1307,657.10,9,0.178078,0.0000,0.096800,0
1308,656.44,9,0.178366,0.0000,0.091500,0
1309,656.37,9,0.177489,0.0000,0.096800,0
1310,655.91,17,0.158202,0.0000,0.044100,0
1311,655.91,17,0.140342,0.0000,0.042300,0
1312,655.18,17,0.127204,0.0000,0.045200,0
1313,654.51,17,0.118616,0.0000,0.045000,0
1314,654.45,17,0.111796,0.0000,0.042200,0
1315,654.18,17,0.107347,0.0000,0.046800,0
1316,653.45,17,0.104240,0.0000,0.047000,0
1317,653.32,17,0.101034,0.0000,0.045500,0
1318,653.32,17,0.099272,0.0000,0.045100,0
1319,652.39,17,0.105055,0.0000,0.043800,0
1320,652.26,17,0.109220,0.0000,0.045700,0
1321,652.26,17,0.109889,0.0000,0.044200,0
1322,651.60,17,0.118126,0.0000,0.045500,0
1323,651.20,17,0.112505,0.0000,0.048700,0
1324,651.20,17,0.103849,0.0000,0.048100,0
1325,650.47,17,0.098079,0.0000,0.044100,0
1326,650.21,17,0.090148,0.0000,0.044400,0
1327,650.01,17,0.081653,0.0000,0.046800,0
1328,649.48,17,0.074607,0.0000,0.045300,0
1329,649.28,17,0.071268,0.0000,0.047200,0
1330,648.61,17,0.072658,0.0000,0.044500,0
1331,648.48,17,0.076366,0.0000,0.048100,0
1332,648.28,17,0.075804,0.0000,0.042600,0
1333,647.55,17,0.077778,0.2000,0.047100,0
1334,647.49,17,0.079022,0.0000,0.044000,0
1335,647.29,17,0.082012,0.0000,0.046400,0
1336,646.49,17,0.084036,0.0000,0.045000,0
1337,646.29,17,0.087638,0.0000,0.040400,0
1338,646.10,17,0.089229,0.0000,0.045400,0
1339,645.50,17,0.100259,0.0000,0.044700,0
1340,644.57,17,0.096735,0.0000,0.045700,0
1341,644.50,17,0.091427,0.0000,0.042400,0
1342,644.31,17,0.082681,0.0000,0.045000,0
1343,643.58,9,0.187133,0.0000,0.094900,0
1344,643.31,9,0.247571,0.0000,0.096900,0
1345,643.31,9,0.298456,0.0000,0.093900,0
1346,642.52,9,0.378002,0.0000,0.098000,0
1347,642.12,9,0.438661,0.0000,0.092700,0
1348,642.05,9,0.483932,0.0000,0.091000,0
1349,641.52,5,0.524907,0.0000,0.161300,0
1350,641.39,5,0.554267,0.0000,0.157600,0
1351,640.86,5,0.563352,0.0000,0.152000,0
1352,640.59,5,0.567583,0.0000,0.155900,0
1353,639.86,5,0.561661,0.0000,0.159400,0
1354,639.53,5,0.552500,0.0000,0.153300,0
1355,638.60,5,0.540875,0.0000,0.159000,0
1356,638.60,5,0.532607,0.0000,0.157300,0
1357,637.68,5,0.532054,0.0000,0.160300,0
1358,637.54,5,0.541792,0.0000,0.157300,0
1359,637.54,5,0.554539,0.0000,0.155100,0
1360,636.68,5,0.576465,0.0000,0.155700,0
1361,636.02,5,0.617213,0.0000,0.158600,0
1362,635.55,5,0.677195,0.0000,0.157200,0
1363,635.22,5,0.717549,0.0000,0.156800,0
1364,634.63,5,0.746177,0.0000,0.155600,0
1365,634.49,5,0.748843,0.0000,0.155000,0
1366,633.57,5,0.728577,0.0000,0.157200,0
1367,633.50,5,0.692735,0.0000,0.154600,0
1368,632.51,5,0.637978,0.0000,0.153800,0
1369,632.31,5,0.573971,0.0000,0.158800,0
1370,632.04,5,0.512270,0.0000,0.156200,0
1371,631.51,9,0.446801,0.2000,0.093200,0
1372,630.58,9,0.371701,0.4000,0.096200,0
1373,630.52,9,0.363941,0.0000,0.094400,0
1374,630.52,9,0.382933,0.0000,0.095200,0
1375,629.59,9,0.463039,0.0000,0.094900,0
1376,629.52,5,0.517946,0.0000,0.158100,0
1377,628.93,5,0.606264,0.0000,0.160300,0
1378,628.59,5,0.699858,0.0000,0.157500,0
1379,628.06,5,0.787851,0.0000,0.152600,0
1380,627.60,5,0.897385,0.0000,0.158900,0
1381,627.60,5,0.928738,0.0000,0.153800,0
1382,627.07,5,0.913859,0.0000,0.155900,0
1383,626.61,5,0.858957,0.2000,0.159300,0
1384,625.81,5,0.771823,0.0000,0.162000,0
1385,625.61,5,0.694013,0.0000,0.162200,0
1386,625.41,5,0.632634,0.0000,0.158800,0
1387,624.62,5,0.557372,0.0000,0.158700,0
1388,624.62,5,0.595575,0.0000,0.164500,0
1389,624.42,5,0.516737,0.0000,0.160300,0
1390,623.62,9,0.495107,0.0000,0.096500,0
1391,623.42,9,0.484565,0.0000,0.099200,0
1392,623.42,9,0.470999,0.0000,0.097000,0
1393,622.43,9,0.462821,0.0000,0.096300,0
1394,621.90,9,0.447202,0.0000,0.097700,0
1395,621.44,9,0.426723,0.0000,0.096700,0
1396,620.71,9,0.392312,0.0000,0.099200,0
1397,620.71,9,0.360364,0.0000,0.091300,0
1398,620.11,9,0.339208,0.0000,0.096700,0
1399,619.71,9,0.324922,0.0000,0.098400,0
1400,619.12,9,0.316252,0.0000,0.091000,0
1401,618.92,9,0.309347,0.0000,0.094600,0
1402,618.52,9,0.308123,0.2000,0.091200,0
1403,617.72,9,0.308909,0.0000,0.089600,0
1404,617.52,9,0.310192,0.0000,0.092700,0
1405,616.53,9,0.310561,0.0000,0.094200,0
1406,616.53,9,0.311986,0.0000,0.091400,0
1407,616.07,9,0.323847,0.0000,0.089600,0
1408,615.93,9,0.327505,0.0000,0.092700,0
1409,615.54,9,0.347604,0.0000,0.096000,0
1410,615.01,9,0.388513,0.0000,0.097000,0
1411,614.54,9,0.417741,0.0000,0.094000,0
1412,613.88,9,0.481414,0.0000,0.090300,0
1413,613.55,5,0.551179,0.0000,0.156700,0
1414,613.15,5,0.620897,0.0000,0.155100,0
1415,612.69,5,0.689666,0.0000,0.158700,0
1416,612.69,5,0.759104,0.0000,0.157200,0
1417,611.63,5,0.822675,0.0000,0.156500,0
1418,611.63,5,0.884294,0.0000,0.161100,0
1419,610.63,5,0.890092,0.0000,0.156500,0
1420,610.23,5,0.868687,0.0000,0.155100,0
1421,609.64,5,0.843242,0.0000,0.156100,0
1422,609.11,5,0.822725,0.0000,0.155400,0
1423,608.97,5,0.798300,0.0000,0.155000,0
1424,608.97,5,0.768684,0.0000,0.156900,0
1425,608.38,5,0.727347,0.0000,0.152600,0
1426,607.65,5,0.711308,0.0000,0.157500,0
1427,607.65,5,0.688628,0.0000,0.159200,0
1428,607.12,5,0.683651,0.0000,0.153100,0
1429,606.65,5,0.687090,0.0000,0.155300,0
1430,606.26,5,0.690966,0.0000,0.158900,0
1431,606.12,5,0.686173,0.0000,0.155500,0
1432,605.93,5,0.691320,0.0000,0.159000,0
1433,605.13,5,0.688674,0.0000,0.157400,0
1434,605.00,5,0.694270,0.0000,0.158300,0
1435,604.73,5,0.695227,0.0000,0.168400,0
1436,604.14,5,0.712071,0.0000,0.157100,0
1437,603.94,5,0.730585,0.0000,0.154300,0
1438,603.74,5,0.730241,0.0000,0.158000,0
1439,603.14,5,0.763189,0.0000,0.158700,0
1440,602.94,5,0.791157,0.0000,0.159000,0
1441,602.21,5,0.822643,0.0000,0.158900,0
1442,602.15,5,0.858844,0.0000,0.155400,0
1443,601.95,5,0.904727,0.0000,0.154900,0
1444,601.22,11,0.960064,0.0000,0.233000,0
1445,600.96,11,1.006342,0.0000,0.231300,0
1446,600.49,11,1.059390,0.0000,0.227000,0
1447,600.16,11,1.035141,0.0000,0.226900,0
1448,599.76,11,0.977797,0.0000,0.227000,0
1449,599.50,5,0.908741,0.0000,0.155800,0
1450,599.23,5,0.848868,0.0000,0.158100,0
1451,599.23,5,0.757575,0.0000,0.159100,0
1452,598.50,5,0.679496,0.0000,0.156900,0
1453,598.04,5,0.621472,0.0000,0.161000,0
1454,597.51,5,0.564274,0.0000,0.157500,0
1455,597.24,5,0.527884,0.0000,0.163200,0
1456,596.38,5,0.497276,0.0000,0.155700,0
1457,596.25,9,0.426104,0.0000,0.092900,0
1458,596.25,9,0.460149,0.0000,0.092900,0
1459,595.85,9,0.411454,0.0000,0.094300,0
1460,595.32,9,0.402009,0.0000,0.089900,0
1461,595.19,9,0.374754,0.0000,0.088000,0
1462,595.19,9,0.386134,0.0000,0.092500,0
1463,594.86,9,0.364205,0.0000,0.097300,0
1464,593.86,9,0.357654,0.0000,0.093200,0
1465,593.33,9,0.351813,0.0000,0.098400,0
1466,592.60,9,0.365901,0.0000,0.092200,0
1467,592.41,9,0.366822,0.0000,0.095600,0
1468,592.34,9,0.363242,0.0000,0.094400,0
1469,591.54,9,0.353003,0.0000,0.095800,0
1470,591.35,9,0.328480,0.0000,0.091200,0
1471,591.21,9,0.308112,0.0000,0.090300,0
1472,590.48,9,0.275833,0.0000,0.094600,0
1473,590.29,9,0.233160,0.0000,0.094700,0
1474,590.15,9,0.193650,0.0000,0.093400,0
1475,589.56,17,0.154535,0.0000,0.043700,0
1476,589.29,17,0.126487,0.0000,0.041100,0
1477,588.63,17,0.112554,0.0000,0.047300,0
1478,588.43,17,0.129841,0.0000,0.044400,0
1479,588.30,17,0.125706,0.0000,0.046200,0
1480,587.97,17,0.132645,0.0000,0.045100,0
1481,587.24,17,0.140881,0.0000,0.044200,0
1482,587.24,17,0.164999,0.2000,0.044000,0
1483,586.44,9,0.206217,0.0000,0.097100,0
1484,586.24,9,0.232887,0.0000,0.099000,0
1485,586.18,9,0.255646,0.0000,0.095900,0
1486,586.18,9,0.246477,0.0000,0.093900,0
1487,584.59,9,0.268032,0.0000,0.091700,0
1488,584.59,9,0.276995,0.0000,0.095200,0
1489,583.72,9,0.299039,0.0000,0.093900,0
1490,583.33,9,0.324272,0.0000,0.098300,0
1491,582.60,9,0.337621,0.2000,0.089700,0
1492,582.47,9,0.346085,0.0000,0.099500,0
1493,581.60,9,0.358019,0.0000,0.094800,0
1494,581.47,9,0.365937,0.0000,0.087900,0
1495,581.27,9,0.386760,0.0000,0.096600,0
1496,580.61,9,0.424240,0.0000,0.096600,0
1497,580.28,9,0.452598,0.0000,0.092100,0
1498,579.55,9,0.483220,0.0000,0.093000,0
1499,579.28,9,0.494597,0.0000,0.090200,0
1500,579.09,5,0.513663,0.0000,0.156400,0
1501,578.56,5,0.533177,0.0000,0.157500,0
1502,578.36,5,0.545399,0.0000,0.156200,0
1503,577.56,5,0.598363,0.0000,0.154800,0
1504,577.56,5,0.574371,0.0000,0.154200,0
1505,576.57,5,0.611248,0.0000,0.162000,0
1506,576.37,5,0.627369,0.0000,0.161900,0
1507,576.37,5,0.621414,0.0000,0.157700,0
1508,575.51,5,0.623702,0.0000,0.157600,0
1509,575.51,5,0.672447,0.0000,0.154300,0
1510,574.85,5,0.669763,0.0000,0.158800,0
1511,574.58,5,0.666482,0.0000,0.163200,0
1512,574.18,5,0.659221,0.0000,0.153900,0
1513,573.59,5,0.651005,0.2000,0.158900,0
1514,573.59,5,0.642334,0.0000,0.160900,0
1515,572.53,5,0.639387,0.0000,0.160900,0
1516,572.53,5,0.639452,0.0000,0.161500,0
1517,572.19,5,0.640592,0.0000,0.155300,0
1518,571.53,5,0.645976,0.0000,0.156600,0
1519,571.20,5,0.658897,0.0000,0.162500,0
1520,571.20,5,0.682586,0.0000,0.157600,0
1521,570.47,5,0.706077,0.0000,0.151600,0
1522,569.94,5,0.744506,0.0000,0.159600,0
1523,569.94,5,0.745293,0.0000,0.155200,0
1524,569.48,5,0.750217,0.0000,0.154600,0
1525,568.88,5,0.750425,0.0000,0.164200,0
1526,568.48,5,0.737718,0.0000,0.157000,0
1527,568.29,5,0.723764,0.0000,0.158900,0
1528,567.82,5,0.712824,0.0000,0.156500,0
1529,567.49,5,0.699633,0.0000,0.161700,0
1530,567.29,5,0.697315,0.0000,0.160800,0
1531,566.56,5,0.688519,0.0000,0.159600,0
1532,566.50,5,0.675380,0.0000,0.152600,0
1533,566.30,5,0.657778,0.0000,0.159100,0
1534,565.50,5,0.635385,0.0000,0.159400,0
1535,565.50,5,0.621364,0.0000,0.151500,0
1536,564.51,5,0.609709,0.0000,0.158000,0
1537,564.31,5,0.610802,0.0000,0.154900,0
1538,564.31,5,0.598659,0.0000,0.158500,0
1539,563.58,9,0.461167,0.0000,0.095400,0
1540,563.05,9,0.471826,0.0000,0.096600,0
1541,562.99,5,0.526400,0.0000,0.156500,0
1542,562.65,5,0.638257,0.0000,0.158700,0
1543,562.06,5,0.700113,0.0000,0.156300,0
1544,561.93,5,0.778602,0.0000,0.157700,0
1545,561.59,5,0.790693,0.0000,0.154500,0
1546,561.13,5,0.785737,0.0000,0.161200,0
1547,560.60,5,0.775627,0.0000,0.157300,0
1548,560.60,5,0.778599,0.0000,0.159400,0
1549,560.40,5,0.777099,0.0000,0.155000,0
1550,559.61,5,0.774889,0.2000,0.164900,0
1551,559.41,5,0.774240,0.0000,0.155200,0
1552,559.41,5,0.774629,0.0000,0.156100,0
1553,558.61,5,0.792259,0.0000,0.158700,0
1554,558.15,5,0.849184,0.0000,0.161600,0
1555,557.88,5,0.891836,0.0000,0.148100,0
1556,557.62,5,0.921935,0.0000,0.151400,0
1557,557.16,5,0.931333,0.0000,0.159800,0
1558,556.63,5,0.924127,0.0000,0.152200,0
1559,556.43,5,0.916142,0.0000,0.160800,0
1560,556.16,5,0.890411,0.0000,0.152700,0
1561,555.70,5,0.855107,0.0000,0.161200,0
1562,554.90,5,0.797571,0.0000,0.159700,0
1563,554.70,5,0.734308,0.0000,0.163500,0
1564,554.17,5,0.664594,0.0000,0.153100,0
1565,553.71,5,0.577027,0.0000,0.156400,0
1566,553.51,5,0.523585,0.0000,0.161500,0
1567,553.11,9,0.475923,0.0000,0.094300,0
1568,552.52,9,0.450062,0.0000,0.091200,0
1569,552.19,9,0.492222,0.0000,0.100400,0
1570,552.19,5,0.518602,0.0000,0.155700,0
1571,551.52,5,0.563801,0.0000,0.154600,0
1572,551.19,5,0.646897,0.0000,0.160600,0
1573,550.86,5,0.683254,0.0000,0.155900,0
1574,550.53,5,0.879993,0.0000,0.160400,0
1575,550.27,11,0.948202,0.0000,0.230200,0
1576,549.87,11,0.992896,0.0000,0.222400,0
1577,549.54,11,1.020419,0.0000,0.229300,0
1578,549.54,11,1.040031,0.0000,0.232400,0
1579,548.54,11,1.069181,0.0000,0.223700,0
1580,548.08,11,1.088660,0.0000,0.229100,0
1581,547.88,11,1.103388,0.0000,0.224800,0
1582,547.81,11,1.115180,0.0000,0.233200,0
1583,547.09,11,1.118163,0.0000,0.233000,0
1584,546.62,11,1.110371,0.0000,0.230900,0
1585,546.42,11,1.109297,0.0000,0.229300,0
1586,545.89,11,1.095234,0.0000,0.235200,0
1587,545.16,11,1.036325,0.0000,0.233400,0
1588,545.10,11,0.954109,0.0000,0.230800,0
1589,544.83,5,0.905513,0.0000,0.152800,0
1590,544.10,5,0.861122,0.2000,0.154800,0
1591,543.91,5,0.818770,0.0000,0.160600,0
1592,543.64,5,0.769141,0.0000,0.158600,0
1593,543.11,5,0.725469,0.0000,0.160700,0
1594,542.65,5,0.678745,0.0000,0.156900,0
1595,542.65,5,0.635072,0.0000,0.159100,0
1596,542.12,5,0.589734,0.0000,0.156700,0
1597,541.65,5,0.533643,0.0000,0.161800,0
1598,541.19,5,0.497562,0.0000,0.154900,0
1599,541.12,9,0.464723,0.0000,0.098000,0
1600,540.26,9,0.432098,0.0000,0.092300,0
1601,539.93,9,0.405738,0.0000,0.094800,0
1602,539.14,9,0.378083,0.0000,0.093400,0
1603,538.47,9,0.346456,0.0000,0.092600,0
1604,538.47,9,0.344088,0.0000,0.095300,0
1605,538.14,9,0.336143,0.0000,0.098500,0
1606,537.48,9,0.332752,0.0000,0.092700,0
1607,537.15,9,0.328169,0.0000,0.094100,0
1608,537.15,9,0.314560,0.0000,0.087800,0
1609,536.75,9,0.317301,0.0000,0.096500,0
1610,536.16,9,0.328582,0.0000,0.100700,0
1611,535.96,9,0.334180,0.0000,0.095200,0
1612,535.76,9,0.348695,0.0000,0.093800,0
1613,535.10,9,0.371635,0.0000,0.096600,0
1614,534.50,9,0.460852,0.0000,0.092300,0
1615,534.50,9,0.416670,0.0000,0.091000,0
1616,534.10,5,0.576983,0.0000,0.155900,0
1617,533.77,5,0.593125,0.0000,0.156300,0
1618,533.24,5,0.565901,0.0000,0.158000,0
1619,533.11,5,0.553866,0.0000,0.156200,0
1620,532.18,5,0.529232,0.2000,0.162300,0
1621,532.05,5,0.506908,0.2000,0.161500,0
1622,531.52,5,0.500902,0.0000,0.152100,0
1623,531.19,5,0.508330,0.0000,0.156400,0
1624,530.86,5,0.513019,0.0000,0.154500,0
1625,530.46,5,0.514891,0.0000,0.153900,0
1626,530.19,5,0.518560,0.0000,0.161600,0
1627,529.60,5,0.524416,0.0000,0.156400,0
1628,529.40,5,0.527663,0.0000,0.164300,0
1629,529.20,5,0.530036,0.0000,0.156100,0
1630,528.41,5,0.534543,0.0000,0.158600,0
1631,528.27,5,0.533676,0.0000,0.154900,0
1632,528.14,5,0.535885,0.0000,0.158200,0
1633,527.41,5,0.541681,0.0000,0.154800,0
1634,527.21,5,0.542993,0.0000,0.156100,0
1635,527.21,5,0.543170,0.0000,0.158900,0
1636,526.42,5,0.546219,0.0000,0.152800,0
1637,526.22,5,0.546727,0.0000,0.153800,0
1638,525.49,5,0.554899,0.0000,0.158800,0
1639,525.42,5,0.556581,0.0000,0.153400,0
1640,525.23,5,0.558659,0.0000,0.166100,0
1641,524.43,5,0.559639,0.0000,0.160200,0
1642,524.17,5,0.556267,0.0000,0.154500,0
1643,524.17,5,0.552119,0.0000,0.159300,0
1644,523.44,5,0.535598,0.0000,0.158100,0
1645,523.24,5,0.518233,0.0000,0.149400,0
1646,522.44,5,0.500436,0.2000,0.159600,0
1647,522.25,9,0.483189,0.0000,0.094000,0
1648,521.45,9,0.475583,0.0000,0.093300,0
1649,521.32,9,0.460273,0.0000,0.094000,0
1650,521.32,9,0.442062,0.2000,0.091800,0
1651,520.39,9,0.413116,0.0000,0.092900,0
1652,520.33,9,0.378323,0.0000,0.095500,0
1653,519.46,9,0.324901,0.2000,0.094300,0
1654,519.33,9,0.266144,0.0000,0.092300,0
1655,518.47,9,0.193311,0.0000,0.096600,0
1656,518.27,17,0.150276,0.0000,0.044400,0
1657,518.27,17,0.137603,0.0000,0.044400,0
1658,517.54,17,0.122914,0.0000,0.046500,0
1659,517.35,17,0.113583,0.0000,0.041900,0
1660,516.48,17,0.092905,0.0000,0.047800,0
1661,516.48,17,0.074826,0.0000,0.044700,0
1662,516.35,17,0.063036,0.0000,0.043100,0
1663,515.42,17,0.055452,0.0000,0.045900,0
1664,515.42,17,0.061173,0.0000,0.046500,0
1665,514.50,17,0.057323,0.0000,0.045800,0
1666,514.37,17,0.058079,0.0000,0.049000,0
1667,514.37,17,0.055917,0.0000,0.041600,0
1668,513.44,17,0.055247,0.0000,0.043800,0
1669,513.31,17,0.052258,0.0000,0.045500,0
1670,513.31,17,0.052675,0.0000,0.046000,0
1671,512.44,17,0.051819,0.0000,0.047100,0
1672,512.31,17,0.049599,0.0000,0.045000,0
1673,511.58,17,0.053742,0.0000,0.047300,0
1674,511.52,17,0.050609,0.0000,0.047500,0
1675,511.12,17,0.047796,0.0000,0.041800,0
1676,510.46,17,0.053213,0.0000,0.045600,0
1677,510.39,17,0.064802,0.0000,0.045700,0
1678,510.13,17,0.077512,0.0000,0.044900,0
1679,509.46,17,0.104120,0.0000,0.046000,0
1680,509.40,17,0.143971,0.0000,0.041600,0
1681,508.87,9,0.182701,0.0000,0.090600,0
1682,508.47,9,0.244597,0.0000,0.097500,0
1683,508.21,9,0.313049,0.0000,0.096800,0
1684,507.54,9,0.406584,0.0000,0.093000,0
1685,507.48,9,0.485543,0.0000,0.097600,0
1686,507.21,5,0.570876,0.0000,0.158100,0
1687,506.55,5,0.649636,0.0000,0.152200,0
1688,506.22,5,0.720548,0.0000,0.155500,0
1689,505.49,5,0.834297,0.0000,0.161000,0
1690,505.23,5,0.909649,0.2000,0.165000,0
1691,504.56,11,1.027508,0.0000,0.228500,0
1692,504.56,11,1.095933,0.0000,0.230000,0
1693,504.23,11,1.152705,0.0000,0.234100,0
1694,503.57,11,1.176833,0.0000,0.227100,0
1695,503.57,11,1.188319,0.0000,0.234800,0
1696,503.24,11,1.202798,0.0000,0.228900,0
1697,502.51,11,1.238017,0.4000,0.227400,0
1698,502.51,11,1.225690,0.0000,0.225200,0
1699,501.52,11,1.238019,0.0000,0.234500,0
1700,500.86,11,1.242941,0.2000,0.228400,0
1701,500.53,11,1.241691,0.0000,0.226100,0
1702,500.33,11,1.241549,0.0000,0.218700,0
1703,499.66,11,1.259803,0.0000,0.224200,0
1704,499.66,11,1.271923,0.0000,0.229600,0
1705,498.60,11,1.253419,0.0000,0.239200,0
1706,498.60,11,1.238098,0.0000,0.227700,0
1707,498.34,11,1.209804,0.0000,0.225800,0
1708,497.55,11,1.174030,0.0000,0.229800,0
1709,497.35,11,1.109473,0.0000,0.232500,0
1710,497.35,11,1.138968,0.0000,0.227900,0
1711,496.55,11,1.086610,0.0000,0.231600,0
1712,496.09,11,1.056732,0.0000,0.228700,0
1713,495.89,11,1.027087,0.0000,0.237100,0
1714,495.56,11,0.998351,0.0000,0.234500,0
1715,495.36,11,0.959804,0.0000,0.229100,0
1716,494.83,5,0.914590,0.0000,0.160200,0
1717,494.83,5,0.855254,0.0000,0.154400,0
1718,494.10,5,0.788858,0.0000,0.159200,0
1719,493.84,5,0.718765,0.0000,0.151300,0
1720,492.84,5,0.668765,0.0000,0.161900,0
1721,492.45,5,0.627674,0.0000,0.164300,0
1722,492.18,5,0.573710,0.0000,0.160800,0
1723,491.45,5,0.513347,0.0000,0.158600,0
1724,491.19,5,0.509836,0.0000,0.153700,0
1725,491.19,5,0.509929,0.0000,0.157700,0
1726,490.73,5,0.517463,0.0000,0.158900,0
1727,490.46,5,0.530168,0.0000,0.156800,0
1728,489.87,5,0.555389,0.0000,0.153500,0
1729,489.47,5,0.695631,0.0000,0.155900,0
1730,489.47,5,0.622646,0.0000,0.158100,0
1731,488.48,5,0.770878,0.0000,0.154100,0
1732,487.95,5,0.819267,0.0000,0.156300,0
1733,487.48,11,1.208549,0.0000,0.222100,0
1734,487.48,11,1.020424,0.0000,0.227400,0
1735,486.82,11,1.217244,0.0000,0.230100,0
1736,486.49,11,1.235204,0.0000,0.240100,0
1737,486.09,11,1.234208,0.0000,0.225100,0
1738,485.96,11,1.228013,0.0000,0.225800,0
1739,485.83,11,1.234539,0.0000,0.219500,0
1740,484.57,11,1.213923,0.0000,0.230400,0
1741,484.57,11,1.199975,0.0000,0.227600,0
1742,483.58,11,1.207135,0.0000,0.228700,0
1743,483.58,11,1.211728,0.0000,0.229300,0
1744,483.11,11,1.227763,0.0000,0.229600,0
1745,482.58,11,1.241466,0.0000,0.235500,0
1746,482.58,11,1.238906,0.2000,0.229300,0
1747,481.59,11,1.221947,0.0000,0.224500,0
1748,481.59,11,1.199926,0.0000,0.232400,0
1749,481.13,11,1.168257,0.0000,0.233900,0
1750,480.60,11,1.138941,0.0000,0.224700,0
1751,480.07,11,1.103742,0.0000,0.229900,0
1752,479.94,11,1.024086,0.0000,0.229300,0
1753,479.94,11,1.068049,0.0000,0.224300,0
1754,479.07,11,0.966654,0.0000,0.221600,0
1755,478.61,5,0.817180,0.0000,0.159200,0
1756,478.61,5,0.886675,0.0000,0.154700,0
1757,477.95,5,0.703314,0.0000,0.156900,0
1758,477.22,5,0.577698,0.0000,0.163300,0
1759,477.09,5,0.503588,0.0000,0.159100,0
1760,476.16,9,0.440447,0.0000,0.087900,0
1761,476.16,9,0.390828,0.0000,0.094600,0
1762,475.70,9,0.350085,0.0000,0.094300,0
1763,475.10,9,0.355302,0.0000,0.092200,0
1764,474.97,9,0.364800,0.0000,0.095100,0
1765,474.71,9,0.382917,0.0000,0.099500,0
1766,473.71,9,0.367733,0.0000,0.098900,0
1767,473.71,9,0.392856,0.0000,0.100500,0
1768,473.18,9,0.335157,0.0000,0.093400,0
1769,472.99,9,0.328219,0.0000,0.097300,0
1770,472.19,9,0.292953,0.0000,0.093000,0
1771,472.19,9,0.254209,0.0000,0.094700,0
1772,471.46,9,0.253460,0.0000,0.091700,0
1773,471.20,9,0.253802,0.0000,0.092700,0
1774,471.00,9,0.277170,0.0000,0.097100,0
1775,470.74,9,0.311388,0.0000,0.091600,0
1776,470.21,9,0.349671,0.0000,0.098300,0
1777,469.21,9,0.341673,0.0000,0.096700,0
1778,469.21,9,0.349652,0.0000,0.091700,0
1779,468.48,9,0.338099,0.0000,0.097400,0
1780,468.22,9,0.324174,0.0000,0.091300,0
1781,468.09,9,0.300159,0.0000,0.098900,0
1782,467.82,9,0.291743,0.0000,0.090900,0
1783,467.16,9,0.268383,0.0000,0.093700,0
1784,467.03,9,0.243283,0.0000,0.090500,0
1785,466.23,9,0.225422,0.0000,0.094700,0
1786,465.57,9,0.210174,0.0000,0.093700,0
1787,465.57,9,0.176243,0.0000,0.094400,0
1788,465.24,9,0.187372,0.0000,0.091700,0
1789,464.58,9,0.197255,0.0000,0.094900,0
1790,464.25,9,0.213122,0.0000,0.095100,0
1791,464.25,9,0.236391,0.2000,0.092700,0
1792,463.59,9,0.300445,0.0000,0.095800,0
1793,463.32,9,0.312607,0.0000,0.093600,0
1794,463.06,9,0.308204,0.2000,0.098400,0
1795,462.60,9,0.331513,0.0000,0.089500,0
1796,462.33,9,0.349911,0.0000,0.093300,0
1797,461.60,9,0.353180,0.0000,0.095700,0
1798,461.47,9,0.331797,0.0000,0.098800,0
1799,461.14,9,0.301940,0.0000,0.092300,0
1800,460.48,9,0.324293,0.0000,0.094400,0
1801,460.21,9,0.332354,0.0000,0.092300,0
1802,460.21,9,0.350095,0.0000,0.094200,0
1803,459.42,9,0.358122,0.0000,0.093700,0
1804,459.42,9,0.372671,0.0000,0.099500,0
1805,459.15,9,0.392468,0.0000,0.095900,0
1806,458.43,9,0.381216,0.0000,0.094700,0
1807,458.23,9,0.345630,0.0000,0.094000,0
1808,458.23,9,0.363966,0.0000,0.094500,0
1809,457.43,9,0.312729,0.0000,0.092800,0
1810,457.17,9,0.286451,0.0000,0.092100,0
1811,456.97,9,0.267256,0.0000,0.093600,0
1812,456.44,9,0.272999,0.2000,0.095900,0
1813,456.18,9,0.251124,0.0000,0.095600,0
1814,455.51,9,0.245151,0.0000,0.092700,0
1815,455.45,9,0.234551,0.0000,0.098200,0
1816,455.38,9,0.231789,0.0000,0.094800,0
1817,454.99,9,0.257880,0.0000,0.091700,0
1818,454.46,9,0.340685,0.0000,0.094100,0
1819,454.19,9,0.397986,0.2000,0.097200,0
1820,453.46,9,0.493989,0.0000,0.091300,0
1821,453.33,5,0.553032,0.0000,0.162900,0
1822,453.00,5,0.614459,0.2000,0.159600,0
1823,452.54,5,0.682902,0.0000,0.159100,0
1824,452.27,5,0.736330,0.0000,0.156300,0
1825,451.48,5,0.797726,0.0000,0.164300,0
1826,451.48,5,0.861647,0.0000,0.157200,0
1827,451.08,5,0.901195,0.0000,0.160200,0
1828,450.49,11,0.945752,0.0000,0.224500,0
1829,450.29,11,0.969201,0.0000,0.224600,0
1830,450.09,11,0.978626,0.0000,0.233900,0
1831,449.49,11,0.997451,0.0000,0.231700,0
1832,449.36,11,1.023730,0.2000,0.226200,0
1833,448.83,11,1.034198,0.0000,0.228500,0
1834,448.50,11,1.047987,0.0000,0.234600,0
1835,448.10,11,1.065168,0.0000,0.228700,0
1836,447.51,11,1.112829,0.0000,0.222100,0
1837,447.44,11,1.126700,0.0000,0.232200,0
1838,447.11,11,1.119142,0.2000,0.221800,0
1839,446.58,11,1.095406,0.0000,0.230300,0
1840,446.45,11,1.069113,0.0000,0.234700,0
1841,446.12,11,1.084525,0.0000,0.231500,0
1842,445.59,11,1.113127,0.0000,0.228900,0
1843,445.59,11,1.126909,0.0000,0.226300,0
1844,445.13,11,1.108971,0.0000,0.225600,0
1845,445.13,11,1.084098,0.0000,0.237500,0
1846,444.40,11,1.039234,0.0000,0.229200,0
1847,443.87,11,1.005653,0.0000,0.227200,0
1848,443.61,11,0.989634,0.0000,0.234400,0
1849,443.41,11,0.986832,0.2000,0.230900,0
1850,442.61,11,1.028725,0.0000,0.227800,0
1851,442.61,11,1.057598,0.0000,0.231100,0
1852,442.42,11,1.074729,0.0000,0.231500,0
1853,441.56,11,1.060847,0.0000,0.230600,0
1854,441.42,11,1.034215,0.0000,0.229500,0
1855,440.56,11,0.996174,0.0000,0.229600,0
1856,440.23,11,0.965941,0.2000,0.224300,0
1857,440.23,5,0.916256,0.0000,0.158100,0
1858,439.50,5,0.873671,0.0000,0.158800,0
1859,439.44,5,0.817337,0.0000,0.155500,0
1860,438.98,5,0.752631,0.0000,0.160100,0
1861,438.64,5,0.694113,0.0000,0.161100,0
1862,438.25,5,0.634683,0.0000,0.155500,0
1863,437.59,5,0.597696,0.0000,0.158700,0
1864,437.45,5,0.572249,0.0000,0.155300,0
1865,437.26,5,0.568270,0.0000,0.149300,0
1866,436.53,5,0.613772,0.0000,0.159100,0
1867,436.26,5,0.663699,0.0000,0.161500,0
1868,435.54,5,0.770689,0.0000,0.155600,0
1869,435.54,5,0.720683,0.0000,0.160900,0
1870,434.54,5,0.833706,0.0000,0.163600,0
1871,433.82,5,0.913912,0.0000,0.160700,0
1872,433.55,11,1.017613,0.0000,0.227900,0
1873,433.35,11,1.167330,0.0000,0.234100,0
1874,432.56,11,1.236682,0.0000,0.229200,0
1875,432.36,11,1.301952,0.0000,0.230500,0
1876,431.63,11,1.338975,0.0000,0.223500,0
1877,431.37,11,1.364465,0.0000,0.233800,0
1878,431.37,11,1.379094,0.0000,0.221700,0
1879,430.58,11,1.390438,0.0000,0.229300,0
1880,430.11,11,1.405978,0.2000,0.233400,0
1881,429.91,11,1.416862,0.0000,0.234500,0
1882,429.58,11,1.428558,0.0000,0.224800,0
1883,429.25,11,1.433111,0.0000,0.221500,0
1884,428.86,11,1.425994,0.0000,0.229800,0
1885,428.59,11,1.423725,0.0000,0.233500,0
1886,428.39,11,1.419361,0.0000,0.228500,0
1887,427.40,11,1.429040,0.0000,0.228300,0
1888,427.40,11,1.430840,0.2000,0.236700,0
1889,426.41,11,1.436926,0.0000,0.231500,0
1890,425.88,11,1.434583,0.0000,0.225700,0
1891,425.75,11,1.429478,0.0000,0.225500,0
1892,424.89,11,1.398552,0.0000,0.223400,0
1893,424.69,11,1.367710,0.0000,0.231700,0
1894,423.90,11,1.314662,0.0000,0.230700,0
1895,423.50,11,1.257743,0.2000,0.233600,0
1896,423.24,11,1.200553,0.0000,0.228000,0
1897,422.51,11,1.160281,0.0000,0.227200,0
1898,422.24,11,1.120428,0.0000,0.229700,0
1899,421.52,11,1.091683,0.0000,0.231600,0
1900,420.92,11,1.055980,0.0000,0.227900,0
1901,420.52,11,1.006226,0.0000,0.225900,0
1902,419.86,5,0.938716,0.0000,0.164700,0
1903,419.53,5,0.875869,0.0000,0.161000,0
1904,419.07,5,0.812955,0.0000,0.152200,0
1905,418.54,5,0.769258,0.0000,0.158000,0
1906,418.54,5,0.742155,0.0000,0.163000,0
1907,417.55,5,0.682879,0.0000,0.154000,0
1908,416.89,5,0.630108,0.0000,0.158700,0
1909,416.10,5,0.588954,0.0000,0.150300,0
1910,415.90,5,0.541697,0.0000,0.155600,0
1911,415.17,9,0.493362,0.0000,0.097300,0
1912,414.91,9,0.408767,0.0000,0.091300,0
1913,414.91,9,0.446310,0.2000,0.096300,0
1914,414.05,9,0.400944,0.0000,0.095000,0
1915,413.65,9,0.393409,0.0000,0.091700,0
1916,413.65,9,0.403360,0.0000,0.090100,0
1917,413.06,9,0.414754,0.0000,0.094500,0
1918,412.66,9,0.428340,0.0000,0.094700,0
1919,412.20,9,0.431544,0.0000,0.092800,0
1920,412.06,9,0.423170,0.2000,0.093500,0
1921,412.00,9,0.428693,0.2000,0.092400,0
1922,411.07,9,0.405510,0.0000,0.094000,0
1923,411.01,9,0.384232,0.0000,0.096000,0
1924,410.68,9,0.342069,0.0000,0.095400,0
1925,410.15,9,0.305398,0.0000,0.093000,0
1926,409.68,9,0.278740,0.0000,0.095700,0
1927,409.42,9,0.267538,0.0000,0.093700,0
1928,408.69,9,0.262177,0.0000,0.098000,0
1929,408.16,9,0.273361,0.0000,0.095900,0
1930,408.03,9,0.282393,0.0000,0.092600,0
1931,406.71,9,0.314473,0.0000,0.094000,0
1932,406.71,9,0.320060,0.0000,0.091200,0
1933,406.05,9,0.374919,0.0000,0.092500,0
1934,406.05,9,0.398366,0.0000,0.095700,0
1935,404.46,9,0.464756,0.0000,0.094600,0
1936,403.47,5,0.519425,0.0000,0.160300,0
1937,403.21,5,0.536942,0.0000,0.160700,0
1938,403.14,5,0.555864,0.0000,0.160700,0
1939,402.48,5,0.592820,0.0000,0.160400,0
1940,402.15,5,0.632640,0.0000,0.159400,0
1941,402.15,5,0.625297,0.0000,0.159200,0
1942,401.49,5,0.619894,0.0000,0.154500,0
1943,401.16,5,0.624812,0.0000,0.151200,0
1944,401.16,5,0.622145,0.0000,0.165300,0
1945,400.23,5,0.632337,0.0000,0.159600,0
1946,399.57,5,0.642974,0.0000,0.159000,0
1947,399.18,5,0.631547,0.0000,0.156200,0
1948,399.18,5,0.641832,0.0000,0.160700,0
1949,398.85,5,0.618989,0.0000,0.157500,0
1950,398.19,5,0.611509,0.0000,0.157300,0
1951,397.86,5,0.609744,0.0000,0.156200,0
1952,397.46,5,0.608072,0.0000,0.158300,0
1953,397.20,5,0.608289,0.0000,0.162000,0
1954,396.86,5,0.612312,0.0000,0.158600,0
1955,396.20,5,0.624235,0.0000,0.157500,0
1956,395.54,5,0.636409,0.0000,0.157800,0
1957,395.15,5,0.659422,0.0000,0.158200,0
1958,395.15,5,0.680821,0.0000,0.155200,0
1959,394.16,5,0.728830,0.0000,0.157700,0
1960,393.50,5,0.862428,0.0000,0.160600,0
1961,393.17,11,0.997305,0.0000,0.228200,0
1962,392.97,11,1.157336,0.0000,0.229700,0
1963,392.64,11,1.300439,0.0000,0.227400,0
1964,392.50,11,1.469586,0.4000,0.231800,0
1965,392.24,11,1.616646,0.0000,0.228400,0
1966,391.45,2,1.713903,0.0000,0.408600,0
1967,391.25,2,1.768110,0.0000,0.397400,0
1968,391.25,2,1.801200,0.0000,0.387800,0
1969,390.99,2,1.769513,0.0000,0.400600,0
1970,390.46,2,1.687508,0.0000,0.396400,0
1971,390.33,11,1.591898,0.0000,0.227700,0
1972,390.19,11,1.462908,0.0000,0.220000,0
1973,389.47,11,1.379097,0.0000,0.229000,0
1974,389.33,11,1.302662,0.0000,0.228300,0
1975,388.48,11,1.207209,0.0000,0.227300,0
1976,388.41,11,1.108721,0.0000,0.230000,0
1977,388.41,11,1.020932,0.0000,0.225200,0
1978,387.48,11,0.965962,0.0000,0.230800,0
1979,387.48,5,0.906209,0.0000,0.158500,0
1980,387.22,5,0.861789,0.0000,0.157300,0
1981,386.49,5,0.838006,0.0000,0.155800,0
1982,386.43,5,0.779265,0.0000,0.162700,0
1983,386.43,5,0.809630,0.0000,0.150800,0
1984,385.50,5,0.757128,0.0000,0.159100,0
1985,385.37,5,0.724817,0.0000,0.157100,0
1986,385.37,5,0.683178,0.0000,0.158500,0
1987,384.51,5,0.660782,0.0000,0.153400,0
1988,384.31,5,0.606896,0.0000,0.165400,0
1989,384.31,5,0.560808,0.0000,0.156300,0
1990,383.52,5,0.638837,0.0000,0.156800,0
1991,383.32,5,0.760268,0.0000,0.158000,0
1992,382.53,5,0.932685,0.0000,0.151600,0
1993,382.53,5,0.853357,0.0000,0.160200,0
1994,382.14,11,0.998768,0.0000,0.229700,0
1995,381.81,11,1.122121,0.0000,0.222000,0
1996,381.54,11,1.214701,0.0000,0.229200,0
1997,381.54,11,1.269998,0.0000,0.234300,0
1998,380.55,11,1.329999,0.0000,0.236600,0
1999,380.42,11,1.350006,0.2000,0.235100,0
2000,380.15,11,1.367272,0.0000,0.222100,0
2001,379.56,11,1.395421,0.0000,0.232600,0
2002,379.36,11,1.413236,0.2000,0.237100,0
2003,379.16,11,1.421110,0.0000,0.229800,0
2004,378.50,11,1.429065,0.0000,0.228500,0
2005,378.37,11,1.436877,0.0000,0.232700,0
2006,378.37,11,1.443601,0.0000,0.226800,0
2007,378.17,11,1.440101,0.0000,0.234900,0
2008,377.58,11,1.453042,0.0000,0.227400,0
2009,377.18,11,1.456392,0.4000,0.224900,0
2010,376.52,11,1.465230,0.0000,0.230700,0
2011,376.19,11,1.464636,0.0000,0.223900,0
2012,375.93,11,1.461941,0.0000,0.229000,0
2013,375.66,11,1.437021,0.0000,0.230900,0
2014,375.20,11,1.402690,0.0000,0.226800,0
2015,374.67,11,1.350134,0.2000,0.233000,0
2016,374.48,11,1.281120,0.0000,0.237100,0
2017,374.21,11,1.231576,0.0000,0.231200,0
2018,373.55,11,1.206346,0.2000,0.233300,0
2019,373.49,11,1.167769,0.0000,0.233100,0
2020,372.69,11,1.116472,0.0000,0.223300,0
2021,372.50,11,1.066772,0.0000,0.232200,0
2022,372.50,11,0.970206,0.0000,0.230200,0
2023,371.51,5,0.852696,0.0000,0.155900,0
2024,370.71,5,0.794932,0.0000,0.165200,0
2025,370.52,5,0.733708,0.0000,0.162200,0
2026,370.32,5,0.703429,0.2000,0.157400,0
2027,369.86,5,0.673891,0.0000,0.154900,0
2028,369.53,5,0.650806,0.0000,0.163700,0
2029,369.33,5,0.621949,0.0000,0.160700,0
2030,368.60,5,0.595641,0.0000,0.156600,0
2031,368.60,5,0.599825,0.0000,0.161700,0
2032,368.34,5,0.597304,0.0000,0.156400,0
2033,367.35,5,0.595451,0.0000,0.159300,0
2034,367.35,5,0.593520,0.0000,0.158900,0
2035,366.36,5,0.591979,0.0000,0.151600,0
2036,365.89,5,0.591770,0.0000,0.160200,0
2037,365.56,5,0.588407,0.0000,0.154200,0
2038,365.37,5,0.589562,0.0000,0.155800,0
2039,364.84,5,0.554937,0.0000,0.156100,0
2040,364.57,5,0.545999,0.0000,0.155600,0
2041,363.58,5,0.539796,0.0000,0.163800,0
2042,363.12,5,0.524685,0.0000,0.163800,0
2043,362.40,5,0.521988,0.0000,0.158200,0
2044,362.13,5,0.526606,0.0000,0.155600,0
2045,361.74,5,0.543697,0.0000,0.153500,0
2046,361.41,5,0.572925,0.0000,0.162800,0
2047,360.88,5,0.613083,0.0000,0.156000,0
2048,360.75,5,0.647337,0.0000,0.155100,0
2049,360.15,5,0.709679,0.0000,0.156600,0
2050,359.89,5,0.779570,0.0000,0.161900,0
2051,359.89,5,0.748254,0.0000,0.156900,0
2052,359.16,5,0.822544,0.0000,0.158000,0
2053,358.77,5,0.931060,0.0000,0.154700,0
2054,358.77,5,0.854707,0.0000,0.153300,0
2055,357.51,11,1.061632,0.0000,0.226600,0
2056,356.26,11,1.202845,0.0000,0.226900,0
2057,356.26,11,1.254193,0.2000,0.235400,0
2058,355.53,11,1.291222,0.0000,0.236300,0
2059,355.20,11,1.318774,0.0000,0.221900,0
2060,355.20,11,1.324194,0.2000,0.230300,0
2061,354.54,11,1.318390,0.0000,0.225500,0
2062,354.54,11,1.305332,0.0000,0.232600,0
2063,353.55,11,1.259327,0.0000,0.227900,0
2064,353.55,11,1.284775,0.0000,0.232400,0
2065,352.56,11,1.210806,0.2000,0.234200,0
2066,352.04,11,1.142484,0.2000,0.229800,0
2067,348.60,11,1.066832,0.0000,0.230100,0
2068,348.08,11,0.972547,0.0000,0.229700,0
2069,347.94,5,0.894953,0.0000,0.159700,0
2070,347.94,5,0.839313,0.0000,0.154900,0
2071,347.09,5,0.813925,0.0000,0.155700,0
2072,346.96,5,0.800406,0.0000,0.165100,0
2073,346.16,5,0.783201,0.0000,0.157700,0
2074,345.97,5,0.776069,0.0000,0.154300,0
2075,345.11,5,0.779649,0.0000,0.159400,0
2076,344.98,5,0.793189,0.0000,0.159900,0
2077,344.12,5,0.779100,0.0000,0.163800,0
2078,343.99,5,0.749006,0.0000,0.158700,0
2079,343.72,5,0.725662,0.0000,0.161000,0
2080,343.13,5,0.685684,0.0000,0.155900,0
2081,342.93,5,0.652650,0.0000,0.156300,0
2082,342.73,5,0.613919,0.0000,0.160000,0
2083,342.21,5,0.570777,0.0000,0.157600,0
2084,341.74,5,0.518444,0.0000,0.154400,0
2085,341.74,5,0.547505,0.0000,0.156400,0
2086,341.15,9,0.491655,0.0000,0.095100,0
2087,340.75,9,0.460513,0.0000,0.099000,0
2088,340.75,9,0.418355,0.0000,0.094500,0
2089,340.16,9,0.373807,0.0000,0.096500,0
2090,339.50,9,0.332309,0.0000,0.095600,0
2091,339.17,9,0.306847,0.0000,0.096800,0
2092,339.04,9,0.280002,0.0000,0.097800,0
2093,338.12,9,0.243124,0.0000,0.096500,0
2094,337.52,9,0.194216,0.0000,0.096700,0
2095,337.26,17,0.155379,0.0000,0.046100,0
2096,336.53,17,0.160267,0.0000,0.046900,0
2097,336.27,17,0.162988,0.0000,0.048300,0
2098,335.54,17,0.162789,0.0000,0.042400,0
2099,335.54,17,0.170199,0.0000,0.044800,0
2100,335.28,17,0.171782,0.0000,0.042500,0
2101,334.55,9,0.185378,0.0000,0.092400,0
2102,334.42,9,0.198579,0.0000,0.092500,0
2103,334.29,9,0.201604,0.0000,0.092400,0
2104,333.43,9,0.232518,0.0000,0.093200,0
2105,333.30,9,0.248080,0.0000,0.092600,0
2106,333.30,9,0.273594,0.0000,0.093700,0
2107,332.44,9,0.269105,0.0000,0.092700,0
2108,332.31,9,0.262754,0.0000,0.092200,0
2109,331.59,9,0.266419,0.0000,0.098300,0
2110,331.45,9,0.250692,0.0000,0.095100,0
2111,331.32,9,0.231172,0.0000,0.090500,0
2112,330.46,9,0.231193,0.0000,0.096000,0
2113,330.33,9,0.217883,0.0000,0.094900,0
2114,330.33,9,0.238929,0.0000,0.094200,0
2115,329.61,9,0.333832,0.0000,0.098200,0
2116,329.48,9,0.401148,0.0000,0.099400,0
2117,329.34,9,0.453013,0.0000,0.094400,0
2118,328.49,9,0.478812,0.0000,0.098300,0
2119,328.35,9,0.433255,0.0000,0.091200,0
2120,328.35,9,0.456154,0.0000,0.101500,0
2121,327.50,9,0.426014,0.0000,0.097800,0
2122,327.23,9,0.430224,0.0000,0.096200,0
2123,326.64,9,0.427634,0.0000,0.101200,0
2124,326.31,9,0.429886,0.0000,0.096800,0
2125,325.65,9,0.466486,0.2000,0.094700,0
2126,325.19,5,0.498045,0.0000,0.155800,0
2127,325.19,5,0.506584,0.2000,0.160200,0
2128,324.20,5,0.526558,0.0000,0.153900,0
2129,323.94,5,0.530420,0.0000,0.162200,0
2130,323.47,5,0.536137,0.0000,0.154400,0
2131,323.21,5,0.539818,0.0000,0.152200,0
2132,322.88,5,0.532564,0.0000,0.158900,0
2133,322.49,5,0.532363,0.0000,0.159600,0
2134,322.16,5,0.541584,0.0000,0.158300,0
2135,321.56,5,0.546874,0.0000,0.156000,0
2136,321.50,5,0.544821,0.0000,0.155400,0
2137,321.17,5,0.531854,0.0000,0.163400,0
2138,320.57,5,0.508918,0.0000,0.157600,0
2139,320.51,9,0.480418,0.0000,0.096400,0
2140,320.18,9,0.455254,0.0000,0.093000,0
2141,319.45,9,0.443325,0.0000,0.096800,0
2142,319.32,9,0.397492,0.0000,0.097500,0
2143,319.32,9,0.422115,0.0000,0.091600,0
2144,318.53,9,0.408192,0.0000,0.092900,0
2145,318.20,9,0.424704,0.2000,0.096700,0
2146,317.47,9,0.438522,0.0000,0.098000,0
2147,317.21,9,0.450652,0.0000,0.095000,0
2148,316.82,9,0.441099,0.0000,0.097800,0
2149,316.55,9,0.436092,0.0000,0.086200,0
2150,315.83,9,0.461612,0.0000,0.093900,0
2151,315.56,9,0.485979,0.0000,0.092200,0
2152,315.17,5,0.507807,0.0000,0.153500,0
2153,314.57,5,0.520642,0.0000,0.160000,0
2154,314.18,5,0.533036,0.0000,0.154600,0
2155,313.58,5,0.582082,0.0000,0.159200,0
2156,313.19,5,0.639197,0.0000,0.153400,0
2157,313.06,5,0.718506,0.0000,0.159800,0
2158,312.60,5,0.785771,0.2000,0.156200,0
2159,312.20,5,0.840541,0.0000,0.158800,0
2160,311.87,5,0.885629,0.0000,0.158500,0
2161,311.48,5,0.913870,0.0000,0.157800,0
2162,310.49,11,0.945461,0.0000,0.231700,0
2163,310.22,11,0.970597,0.0000,0.229200,0
2164,309.56,11,0.981754,0.0000,0.224300,0
2165,309.43,11,0.985151,0.0000,0.223600,0
2166,308.57,11,0.981662,0.0000,0.230200,0
2167,308.25,11,0.953521,0.0000,0.218500,0
2168,307.72,5,0.904666,0.0000,0.160800,0
2169,307.26,5,0.855201,0.0000,0.157200,0
2170,306.99,5,0.798242,0.0000,0.151700,0
2171,306.73,5,0.751969,0.2000,0.157800,0
2172,306.27,5,0.710992,0.0000,0.146900,0
2173,305.54,5,0.665103,0.0000,0.151800,0
2174,305.28,5,0.639373,0.0000,0.158600,0
2175,304.55,5,0.619223,0.0000,0.157000,0
2176,304.03,5,0.604023,0.0000,0.161000,0
2177,303.63,5,0.584449,0.4000,0.161100,0
2178,302.91,5,0.555486,0.0000,0.162500,0
2179,302.58,5,0.524553,0.0000,0.157000,0
2180,301.85,5,0.536688,0.0000,0.161700,0
2181,301.59,5,0.565247,0.0000,0.157000,0
2182,300.80,5,0.655551,0.0000,0.160700,0
2183,300.80,5,0.746535,0.0000,0.155000,0
2184,299.81,5,0.874821,0.2000,0.164700,0
2185,299.08,11,1.117482,0.0000,0.223000,0
2186,298.95,11,1.186939,0.0000,0.232700,0
2187,298.82,11,1.240344,0.2000,0.231000,0
2188,298.09,11,1.278158,0.0000,0.224100,0
2189,298.03,11,1.298927,0.0000,0.225000,0
2190,297.83,11,1.317904,0.0000,0.236200,0
2191,297.11,11,1.322291,0.0000,0.231800,0
2192,296.71,11,1.325538,0.0000,0.229800,0
2193,296.71,11,1.327638,0.0000,0.230300,0
2194,295.72,11,1.323614,0.0000,0.225100,0
2195,295.19,11,1.312539,0.0000,0.227600,0
2196,294.73,11,1.327811,0.0000,0.229500,0
2197,294.73,11,1.334947,0.0000,0.229500,0
2198,294.47,11,1.332370,0.0000,0.229500,0
2199,293.88,11,1.318903,0.0000,0.227100,0
2200,293.22,11,1.303768,0.0000,0.228900,0
2201,292.82,11,1.262934,0.0000,0.233200,0
2202,291.97,11,1.200619,0.0000,0.234600,0
2203,291.83,11,1.118722,0.0000,0.232300,0
2204,290.91,5,0.929527,0.0000,0.153800,0
2205,290.91,11,1.013836,0.0000,0.230100,0
2206,290.25,5,0.844970,0.0000,0.162400,0
2207,289.86,5,0.758759,0.0000,0.157200,0
2208,289.00,5,0.760049,0.0000,0.156400,0
2209,288.28,5,0.798900,0.0000,0.157900,0
2210,288.28,5,0.847565,0.0000,0.156800,0
2211,288.01,5,0.906643,0.0000,0.160900,0
2212,287.42,11,0.943535,0.0000,0.232700,0
2213,287.02,11,0.985999,0.0000,0.230600,0
2214,286.56,11,1.034399,0.0000,0.227000,0
2215,286.10,11,1.030569,0.0000,0.234300,0
2216,286.03,11,1.043518,0.0000,0.232800,0
2217,286.03,11,1.024600,0.0000,0.221100,0
2218,285.11,11,1.062006,0.0000,0.233200,0
2219,284.91,11,1.077050,0.0000,0.232100,0
2220,284.91,11,1.103042,0.0000,0.226100,0
2221,283.93,11,1.066657,0.0000,0.232400,0
2222,283.93,11,1.007676,0.0000,0.233900,0
2223,283.14,11,0.943328,0.0000,0.233100,0
2224,283.07,5,0.876478,0.0000,0.158800,0
2225,282.21,5,0.814134,0.0000,0.161500,0
2226,281.95,5,0.787242,0.0000,0.154300,0
2227,281.23,5,0.767592,0.0000,0.158300,0
2228,280.96,5,0.741970,0.0000,0.159300,0
2229,280.70,5,0.702541,0.0000,0.153100,0
2230,280.30,5,0.676763,0.0000,0.155900,0
2231,279.97,5,0.646658,0.0000,0.163600,0
2232,278.19,5,0.624522,0.0000,0.152900,0
2233,277.47,5,0.587471,0.0000,0.158400,0
2234,277.40,5,0.554876,0.0000,0.160800,0
2235,277.14,5,0.508732,0.0000,0.154800,0
2236,276.48,9,0.460580,0.0000,0.092000,0
2237,276.28,9,0.399066,0.0000,0.092800,0
2238,276.15,9,0.365900,0.0000,0.096700,0
2239,276.02,9,0.337530,0.0000,0.094600,0
2240,275.36,9,0.308401,0.0000,0.095100,0
2241,274.77,9,0.287033,0.0000,0.095900,0
2242,274.77,9,0.272967,0.0000,0.095400,0
2243,274.18,9,0.266059,0.0000,0.094800,0
2244,273.52,9,0.297590,0.0000,0.094100,0
2245,273.39,9,0.332813,0.0000,0.095100,0
2246,273.19,9,0.338383,0.0000,0.095000,0
2247,272.53,9,0.400544,0.0000,0.095000,0
2248,272.27,9,0.471441,0.0000,0.089700,0
2249,272.13,5,0.531405,0.0000,0.158300,0
2250,271.80,5,0.593137,0.0000,0.161400,0
2251,271.21,5,0.614758,0.0000,0.156700,0
2252,271.15,5,0.642751,0.0000,0.159100,0
2253,270.55,5,0.671695,0.0000,0.160300,0
2254,270.16,5,0.739931,0.0000,0.155700,0
2255,270.16,5,0.786407,0.0000,0.158600,0
2256,269.83,5,0.837899,0.0000,0.158300,0
2257,269.30,5,0.900131,0.0000,0.160000,0
2258,268.58,11,1.130191,0.0000,0.228700,0
2259,268.58,11,1.017697,0.0000,0.229100,0
2260,268.31,11,1.221197,0.0000,0.234200,0
2261,267.33,11,1.314182,0.0000,0.232300,0
2262,267.19,11,1.358257,0.0000,0.232800,0
2263,266.47,11,1.386199,0.2000,0.235500,0
2264,266.21,11,1.411370,0.0000,0.223500,0
2265,266.21,11,1.427106,0.2000,0.231500,0
2266,265.48,11,1.434970,0.0000,0.232000,0
2267,265.35,11,1.440997,0.0000,0.228900,0
2268,264.49,11,1.443704,0.0000,0.231500,0
2269,264.23,11,1.441809,0.0000,0.229800,0
2270,264.23,11,1.443466,0.0000,0.230200,0
2271,263.51,11,1.459316,0.0000,0.234400,0
2272,263.51,11,1.470975,0.0000,0.229100,0
2273,262.65,11,1.482439,0.2000,0.228500,0
2274,262.45,11,1.491168,0.0000,0.229400,0
2275,261.46,11,1.494250,0.0000,0.235300,0
2276,260.48,11,1.487063,0.2000,0.230300,0
2277,260.41,11,1.428584,0.0000,0.230100,0
2278,260.41,11,1.462688,0.0000,0.232800,0
2279,259.42,11,1.345718,0.0000,0.232000,0
2280,259.36,11,1.245815,0.2000,0.221400,0
2281,259.36,11,1.173364,0.0000,0.220100,0
2282,258.50,11,1.077695,0.0000,0.221900,0
2283,258.37,11,0.955911,0.0000,0.220000,0
2284,258.37,11,1.001035,0.0000,0.226200,0
2285,257.51,5,0.913843,0.0000,0.161100,0
2286,256.59,5,0.851788,0.0000,0.161800,0
2287,256.53,5,0.797263,0.0000,0.155900,0
2288,256.39,5,0.765064,0.0000,0.158400,0
2289,255.41,5,0.734327,0.2000,0.158400,0
2290,255.41,5,0.704742,0.0000,0.152600,0
2291,253.89,5,0.684235,0.0000,0.162100,0
2292,253.50,5,0.664504,0.0000,0.152600,0
2293,253.10,5,0.639180,0.0000,0.155100,0
2294,252.58,5,0.620398,0.0000,0.158500,0
2295,252.51,5,0.602364,0.0000,0.157900,0
2296,252.31,5,0.578798,0.0000,0.157300,0
2297,251.52,5,0.573447,0.0000,0.156800,0
2298,251.52,5,0.556601,0.0000,0.154200,0
2299,251.32,5,0.543124,0.0000,0.153100,0
2300,250.53,5,0.537601,0.0000,0.156800,0
2301,250.34,5,0.540978,0.0000,0.157000,0
2302,250.34,5,0.544611,0.0000,0.156100,0
2303,249.48,5,0.551392,0.0000,0.157000,0
2304,249.15,5,0.572233,0.0000,0.157200,0
2305,248.95,5,0.590932,0.0000,0.163200,0
2306,248.49,5,0.635756,0.0000,0.157600,0
2307,248.16,5,0.715556,0.0000,0.146000,0
2308,248.10,5,0.823814,0.2000,0.161000,0
2309,247.51,5,0.869206,0.0000,0.164700,0
2310,247.51,5,0.934825,0.0000,0.159600,0
2311,246.45,11,1.048518,0.0000,0.217400,0
2312,246.45,11,1.057365,0.0000,0.227100,0
2313,245.53,11,1.127689,0.0000,0.232300,0
2314,245.20,11,1.249554,0.0000,0.227600,0
2315,245.20,11,1.185701,0.0000,0.228500,0
2316,244.54,11,1.281593,0.0000,0.223700,0
2317,244.21,11,1.311258,0.0000,0.231200,0
2318,243.82,11,1.338779,0.0000,0.235500,0
2319,243.56,11,1.356186,0.0000,0.228300,0
2320,243.49,11,1.378051,0.0000,0.229800,0
2321,242.83,11,1.383365,0.2000,0.226500,0
2322,242.50,11,1.389621,0.0000,0.226400,0
2323,241.71,11,1.400278,0.0000,0.227700,0
2324,241.52,11,1.408394,0.0000,0.233700,0
2325,240.53,11,1.418264,0.0000,0.231700,0
2326,239.54,11,1.430183,0.0000,0.230300,0
2327,239.02,11,1.449293,0.0000,0.229100,0
2328,238.55,11,1.467994,0.0000,0.226400,0
2329,237.83,11,1.488129,0.0000,0.233600,0
2330,237.57,11,1.509293,0.0000,0.227300,0
2331,236.78,11,1.523705,0.2000,0.217500,0
2332,236.58,11,1.544469,0.2000,0.229900,0
2333,236.38,11,1.566416,0.0000,0.233300,0
2334,235.86,11,1.593518,0.0000,0.233400,0
2335,235.59,11,1.619795,0.0000,0.220100,0
2336,235.40,2,1.641366,0.2000,0.408100,0
2337,234.80,2,1.665683,0.0000,0.399100,0
2338,233.82,2,1.691484,0.2000,0.404300,0
2339,233.42,2,1.716855,0.0000,0.395300,0
2340,233.09,2,1.722018,0.0000,0.395800,0
2341,232.83,2,1.734767,0.0000,0.407700,0
2342,232.44,2,1.732761,0.2000,0.398800,0
2343,231.84,2,1.729491,0.0000,0.407400,0
2344,231.45,2,1.734077,0.0000,0.411300,0
2345,231.12,2,1.736416,0.2000,0.407900,0
2346,230.86,2,1.728702,0.0000,0.395800,0
2347,230.73,2,1.716065,0.0000,0.399900,0
2348,230.20,2,1.686526,0.2000,0.395400,0
2349,229.87,2,1.644634,0.2000,0.402000,0
2350,229.61,11,1.586121,0.0000,0.228000,0
2351,228.82,11,1.528610,0.2000,0.229000,0
2352,228.49,11,1.447966,0.0000,0.220200,0
2353,227.70,11,1.355485,0.0000,0.233500,0
2354,227.50,11,1.264586,0.0000,0.228900,0
2355,226.52,11,1.175309,0.0000,0.230400,0
2356,226.52,11,1.086085,0.0000,0.225100,0
2357,225.53,11,1.002290,0.0000,0.229300,0
2358,224.87,5,0.928483,0.0000,0.159000,0
2359,224.54,5,0.851152,0.0000,0.157900,0
2360,223.89,5,0.806543,0.0000,0.159100,0
2361,222.97,5,0.814881,0.0000,0.158600,0
2362,222.57,5,0.813179,0.0000,0.157300,0
2363,221.58,5,0.828170,0.0000,0.160300,0
2364,221.58,5,0.820588,0.0000,0.161300,0
2365,220.60,5,0.812427,0.0000,0.160200,0
2366,220.14,5,0.811784,0.0000,0.156300,0
2367,219.61,5,0.808783,0.0000,0.160100,0
2368,218.89,5,0.794041,0.0000,0.156700,0
2369,218.63,5,0.772018,0.0000,0.157000,0
2370,218.17,5,0.744332,0.0000,0.158900,0
2371,217.64,5,0.712103,0.2000,0.159200,0
2372,217.64,5,0.733739,0.0000,0.153500,0
2373,217.18,5,0.698617,0.0000,0.157100,0
2374,216.98,5,0.691910,0.0000,0.160100,0
2375,216.65,5,0.698671,0.2000,0.153500,0
2376,216.13,5,0.788972,0.0000,0.153700,0
2377,216.13,5,0.738107,0.0000,0.152000,0
2378,216.06,5,0.803355,0.0000,0.150900,0
2379,215.41,5,0.806421,0.0000,0.155700,0
2380,214.68,5,0.817249,0.0000,0.154600,0
2381,214.68,5,0.817842,0.0000,0.156900,0
2382,213.70,5,0.828766,0.0000,0.157700,0
2383,213.70,5,0.802139,0.0000,0.154700,0
2384,213.17,5,0.806368,0.0000,0.157600,0
2385,213.10,5,0.784267,0.0000,0.156700,0
2386,212.71,5,0.777520,0.0000,0.154200,0
2387,212.18,5,0.784425,0.0000,0.161500,0
2388,211.72,5,0.789178,0.0000,0.156600,0
2389,211.46,5,0.787953,0.0000,0.162300,0
2390,211.46,5,0.790801,0.0000,0.157300,0
2391,211.26,5,0.828509,0.0000,0.157700,0
2392,211.26,5,0.836880,0.0000,0.151700,0
2393,210.48,5,0.866689,0.0000,0.165900,0
2394,210.21,5,0.876227,0.0000,0.160000,0
2395,210.21,5,0.869248,0.0000,0.157700,0
2396,209.49,5,0.894554,0.0000,0.162400,0
2397,209.23,5,0.887802,0.0000,0.155100,0
2398,208.51,5,0.888251,0.0000,0.158100,0
2399,208.24,5,0.870763,0.0000,0.156300,0
2400,207.26,5,0.873729,0.0000,0.157500,0
2401,207.26,5,0.857802,0.0000,0.162400,0
2402,206.73,5,0.866407,0.0000,0.153700,0
2403,206.73,5,0.850401,0.0000,0.155700,0
2404,206.14,5,0.840363,0.2000,0.160400,0
2405,206.14,5,0.820995,0.0000,0.164100,0
2406,205.55,5,0.841414,0.0000,0.153000,0
2407,205.55,5,0.832966,0.0000,0.165300,0
2408,205.15,5,0.838236,0.0000,0.165000,0
2409,204.56,5,0.828346,0.0000,0.153200,0
2410,204.30,5,0.795259,0.0000,0.154600,0
2411,203.58,5,0.782819,0.0000,0.155000,0
2412,203.32,5,0.772462,0.2000,0.159600,0
2413,203.32,5,0.755731,0.0000,0.156800,0
2414,202.40,5,0.737588,0.0000,0.159800,0
2415,202.33,5,0.709160,0.2000,0.154200,0
2416,201.61,5,0.623255,0.0000,0.149900,0
2417,201.61,5,0.657989,0.0000,0.157200,0
2418,201.21,5,0.612449,0.0000,0.163700,0
2419,200.62,5,0.600235,0.2000,0.158700,0
2420,200.36,5,0.606020,0.0000,0.153700,0
2421,200.36,5,0.596018,0.0000,0.154100,0
2422,199.44,5,0.634021,0.0000,0.157100,0
2423,199.18,5,0.631235,0.0000,0.154900,0
2424,199.18,5,0.625583,0.0000,0.159600,0
2425,198.39,5,0.640708,0.0000,0.160600,0
2426,197.93,5,0.660836,0.0000,0.161000,0
2427,197.41,5,0.713228,0.0000,0.160000,0
2428,197.41,5,0.712869,0.0000,0.164000,0
2429,196.42,5,0.769500,0.0000,0.156800,0
2430,195.96,5,0.827162,0.0000,0.154700,0
2431,195.70,5,0.884308,0.0000,0.152800,0
2432,195.44,5,0.900268,0.0000,0.160200,0
2433,194.52,5,0.931437,0.0000,0.162000,0
2434,194.45,5,0.910731,0.0000,0.156400,0
2435,193.60,5,0.935936,0.0000,0.158300,0
2436,193.47,11,0.943790,0.0000,0.238300,0
2437,192.61,11,0.948735,0.0000,0.234700,0
2438,192.48,11,0.953921,0.0000,0.232000,0
2439,192.29,5,0.935177,0.0000,0.149500,0
2440,191.56,5,0.925031,0.2000,0.157600,0
2441,191.30,5,0.888587,0.0000,0.153500,0
2442,191.30,5,0.907039,0.2000,0.165400,0
2443,190.51,5,0.902377,0.2000,0.154400,0
2444,190.38,5,0.889879,0.0000,0.157700,0
2445,190.05,5,0.887685,0.0000,0.157100,0
2446,189.53,5,0.872057,0.0000,0.160000,0
2447,189.33,5,0.897053,0.0000,0.157200,0
2448,188.54,11,0.945156,0.0000,0.231700,0
2449,188.41,11,0.950940,0.0000,0.225100,0
2450,187.56,11,0.977278,0.0000,0.235300,0
2451,187.56,11,1.015660,0.0000,0.229700,0
2452,186.57,11,1.087252,0.0000,0.220900,0
2453,186.12,11,1.063460,0.0000,0.228200,0
2454,185.59,11,1.094689,0.0000,0.227900,0
2455,185.59,11,1.108749,0.0000,0.232100,0
2456,184.61,11,1.099098,0.0000,0.235700,0
2457,184.02,11,1.133706,0.0000,0.226900,0
2458,183.49,11,1.219365,0.0000,0.224000,0
2459,183.03,11,1.265107,0.0000,0.218500,0
2460,182.51,11,1.338756,0.2000,0.238000,0
2461,182.18,11,1.379554,0.0000,0.242000,0
2462,181.92,11,1.370516,0.0000,0.227300,0
2463,181.46,11,1.369852,0.0000,0.224000,0
2464,181.19,11,1.350368,0.2000,0.231800,0
2465,180.67,11,1.407515,0.2000,0.229900,0
2466,180.47,11,1.451378,0.0000,0.225100,0
2467,180.21,11,1.495799,0.0000,0.224400,0
2468,180.21,11,1.477387,0.2000,0.221300,0
2469,179.68,11,1.505557,0.2000,0.229600,0
2470,179.23,11,1.510568,0.0000,0.227200,0
2471,179.23,11,1.509223,0.0000,0.224500,0
2472,178.50,11,1.514068,0.0000,0.229700,0
2473,178.24,11,1.509834,0.0000,0.230900,0
2474,177.72,11,1.504714,0.2000,0.232600,0
2475,177.26,11,1.503469,0.0000,0.234100,0
2476,177.26,11,1.495142,0.0000,0.217800,0
2477,176.54,11,1.526096,0.2000,0.239300,0
2478,174.63,11,1.573276,0.0000,0.221200,0
2479,174.63,11,1.565275,0.0000,0.224400,0
2480,173.65,11,1.591772,0.0000,0.228100,0
2481,172.60,11,1.630728,0.2000,0.229000,0
2482,172.60,2,1.656191,0.0000,0.400300,0
2483,171.68,2,1.685157,0.0000,0.402500,0
2484,171.35,2,1.703089,0.2000,0.390400,0
2485,170.70,2,1.719550,0.0000,0.392800,0
2486,169.85,2,1.749477,0.0000,0.395300,0
2487,169.85,2,1.761234,0.0000,0.399100,0
2488,169.39,2,1.784737,0.2000,0.397800,0
2489,169.13,2,1.787926,0.2000,0.413300,0
2490,168.73,2,1.811402,0.2000,0.400200,0
2491,167.88,2,1.827947,0.0000,0.399300,0
2492,167.75,2,1.839852,0.4000,0.403200,0
2493,167.42,2,1.849310,0.2000,0.396000,0
2494,167.42,2,1.852486,0.0000,0.392300,0
2495,166.77,2,1.869023,0.2000,0.399000,0
2496,166.44,2,1.888197,0.0000,0.395500,0
2497,165.98,2,1.885666,0.0000,0.398800,0
2498,165.78,2,1.827848,0.0000,0.393700,0
2499,165.78,2,1.854272,0.0000,0.394700,0
2500,164.47,2,1.831697,0.2000,0.389300,0
2501,164.47,2,1.814066,0.0000,0.393500,0
2502,163.82,2,1.805599,0.0000,0.397800,0
2503,163.49,2,1.795675,0.4000,0.403500,0
2504,163.03,2,1.791501,0.2000,0.402200,0
2505,162.50,2,1.765341,0.0000,0.389800,0
2506,161.98,2,1.754349,0.0000,0.399300,0
2507,161.85,2,1.757889,0.0000,0.395000,0
2508,161.26,2,1.712872,0.4000,0.393800,0
2509,161.19,2,1.683859,0.0000,0.395400,0
2510,160.54,2,1.664598,0.0000,0.390600,0
2511,159.88,11,1.623974,0.4000,0.227900,0
2512,159.56,11,1.564230,0.2000,0.230500,0
2513,158.57,11,1.543072,0.2000,0.234900,0
2514,158.57,11,1.491809,0.0000,0.224400,0
2515,157.85,11,1.491468,0.0000,0.223000,0
2516,157.85,11,1.485369,0.0000,0.231000,0
2517,156.93,11,1.547270,0.2000,0.230700,0
2518,156.87,11,1.512063,0.0000,0.225900,0
2519,156.87,11,1.430140,0.0000,0.231600,0
2520,155.62,11,1.289174,0.0000,0.225200,0
2521,155.62,11,1.367417,0.0000,0.233300,0
2522,154.90,11,1.294439,0.0000,0.229700,0
2523,154.64,11,1.344380,0.0000,0.232200,0
2524,154.64,11,1.364597,0.0000,0.227700,0
2525,153.66,11,1.342573,0.0000,0.229500,0
2526,152.94,11,1.299324,0.2000,0.230500,0
2527,152.68,11,1.247520,0.0000,0.234700,0
2528,152.09,11,1.194562,0.2000,0.228000,0
2529,151.69,11,1.181653,0.0000,0.231800,0
2530,151.37,11,1.145204,0.0000,0.229600,0
2531,151.37,11,1.160387,0.0000,0.229900,0
2532,151.10,11,1.127859,0.0000,0.227200,0
2533,150.71,11,1.128263,0.0000,0.234000,0
2534,150.38,11,1.110482,0.0000,0.228300,0
2535,150.38,11,1.078581,0.0000,0.225700,0
2536,149.99,11,1.064166,0.0000,0.224300,0
2537,149.99,11,1.048774,0.0000,0.225600,0
2538,149.14,11,1.045401,0.0000,0.219300,0
2539,149.01,11,1.037906,0.0000,0.235900,0
2540,148.42,11,1.057856,0.0000,0.232300,0
2541,148.16,11,1.017490,0.0000,0.226100,0
2542,148.16,11,1.036702,0.0000,0.226600,0
2543,147.44,11,1.019818,0.0000,0.234500,0
2544,147.44,11,0.999546,0.0000,0.225600,0
2545,146.46,11,1.023879,0.0000,0.226500,0
2546,146.46,11,1.036903,0.0000,0.226900,0
2547,145.21,11,1.105059,0.0000,0.238100,0
2548,145.08,11,1.103951,0.0000,0.229300,0
2549,145.08,11,1.097667,0.0000,0.229500,0
2550,144.23,11,1.143154,0.0000,0.225500,0
2551,143.25,11,1.204413,0.0000,0.225600,0
2552,143.12,11,1.216020,0.0000,0.230800,0
2553,143.12,11,1.215596,0.0000,0.231700,0
2554,142.79,11,1.263695,0.0000,0.228300,0
2555,142.27,11,1.311922,0.0000,0.228500,0
2556,142.27,11,1.313320,0.0000,0.231000,0
2557,141.29,11,1.394626,0.0000,0.230800,0
2558,140.83,11,1.442548,0.0000,0.231700,0
2559,140.83,11,1.431332,0.2000,0.225300,0
2560,140.30,11,1.470899,0.0000,0.224600,0
2561,139.85,11,1.510044,0.0000,0.228400,0
2562,139.59,11,1.521579,0.0000,0.228500,0
2563,139.19,11,1.531910,0.0000,0.224000,0
2564,138.87,11,1.559536,0.2000,0.228300,0
2565,138.41,11,1.585573,0.0000,0.232100,0
2566,138.28,11,1.573369,0.0000,0.233000,0
2567,138.28,11,1.563812,0.0000,0.225900,0
2568,137.88,11,1.594441,0.2000,0.229000,0
2569,137.43,11,1.616944,0.0000,0.234800,0
2570,137.30,11,1.579517,0.6000,0.225300,0
2571,137.30,11,1.606565,0.0000,0.233900,0
2572,136.90,11,1.570448,0.0000,0.227100,0
2573,136.58,11,1.543388,0.2000,0.224300,0
2574,136.58,11,1.517962,0.0000,0.221300,0
2575,135.34,11,1.562683,0.2000,0.235500,0
2576,134.62,11,1.585042,0.0000,0.224200,0
2577,134.62,11,1.551432,0.2000,0.220500,0
2578,134.42,11,1.530747,0.4000,0.228500,0
2579,133.51,11,1.520261,0.2000,0.233000,0
2580,133.51,11,1.531072,0.4000,0.222800,0
2581,132.39,11,1.579158,0.4000,0.224300,0
2582,131.68,2,1.643416,0.0000,0.391500,0
2583,131.41,2,1.678882,0.0000,0.398400,0
2584,129.52,2,1.846737,0.0000,0.399200,0
2585,128.48,2,1.946837,0.4000,0.401700,0
2586,128.48,2,2.036666,0.2000,0.400700,0
2587,127.56,2,2.141614,0.2000,0.399300,0
2588,127.50,2,2.223408,0.0000,0.404800,0
2589,126.52,2,2.281403,0.2000,0.397900,0
2590,126.52,2,2.265103,0.4000,0.400000,0
2591,125.54,2,2.350067,0.0000,0.399800,0
2592,125.08,2,2.426930,0.4000,0.394900,0
2593,125.08,2,2.478083,0.8000,0.401100,0
2594,124.49,2,2.607762,0.0000,0.396100,0
2595,124.10,2,2.720206,0.4000,0.387500,0
2596,123.58,14,2.804071,0.8000,0.605100,0
2597,123.52,14,2.886480,0.8000,0.607300,0
2598,123.12,14,2.983792,0.8000,0.604800,0
2599,122.54,14,2.917500,0.6000,0.593500,0
2600,122.54,14,2.786220,0.2000,0.605900,0
2601,122.14,2,2.673350,0.8000,0.396400,0
2602,121.88,2,2.515793,0.2000,0.404200,0
2603,121.62,2,2.319141,0.4000,0.396900,0
2604,120.84,2,2.159953,0.2000,0.399400,0
2605,120.64,2,2.057922,0.6000,0.403100,0
2606,120.64,2,1.896619,0.0000,0.402400,0
2607,119.86,2,1.728570,0.0000,0.398100,0
2608,119.67,2,1.642171,0.2000,0.394500,0
2609,119.60,11,1.530120,0.2000,0.230300,0
2610,118.62,11,1.480876,0.2000,0.233100,0
2611,118.62,11,1.485876,0.2000,0.229500,0
2612,117.64,11,1.565837,0.2000,0.231800,0
2613,117.64,11,1.519653,0.0000,0.234200,0
2614,116.93,2,1.707624,0.2000,0.399200,0
2615,116.67,2,1.829408,0.0000,0.396600,0
2616,116.67,2,1.915913,0.4000,0.395300,0
2617,116.21,2,2.000126,0.0000,0.396400,0
2618,115.95,2,2.074856,0.0000,0.399500,0
2619,115.69,2,2.078050,0.6000,0.398300,0
2620,115.69,2,2.076879,0.4000,0.404800,0
2621,114.58,2,2.139275,0.0000,0.388300,0
2622,114.58,2,2.156080,0.0000,0.402400,0
2623,113.93,2,2.210786,0.6000,0.388000,0
2624,113.67,2,2.247284,0.4000,0.400500,0
2625,113.28,2,2.311618,0.4000,0.405300,0
2626,113.28,2,2.289595,0.2000,0.412900,0
2627,112.95,2,2.325605,0.2000,0.405200,0
2628,112.69,2,2.357769,0.4000,0.394400,0
2629,112.69,2,2.362854,0.2000,0.400000,0
2630,111.84,2,2.409204,0.4000,0.396100,0
2631,111.78,2,2.433303,0.2000,0.388500,0
2632,111.00,2,2.497179,0.4000,0.397700,0
2633,110.74,2,2.543891,0.6000,0.394700,0
2634,109.76,2,2.684654,0.4000,0.393600,0
2635,109.76,2,2.632685,0.8000,0.387000,0
2636,109.04,14,2.758291,0.6000,0.602700,0
2637,109.04,14,2.794111,0.4000,0.611400,0
2638,107.81,14,2.884384,0.8000,0.599500,0
2639,107.81,14,2.945557,0.6000,0.601400,0
2640,107.35,14,2.995137,0.4000,0.597200,0
2641,107.09,14,3.067714,0.8000,0.604300,0
2642,106.83,14,3.115894,0.8000,0.598500,0
2643,106.37,14,3.180896,0.0000,0.595500,0
2644,106.37,14,3.225600,0.8000,0.594700,0
2645,105.92,14,3.265993,0.8000,0.601900,0
2646,105.72,14,3.328062,0.8000,0.600400,0
2647,105.72,14,3.308664,0.4000,0.604100,0
2648,105.40,14,3.321610,0.8000,0.603300,0
2649,105.40,14,3.357640,0.8000,0.607900,0
2650,104.75,14,3.332258,1.0000,0.597900,0
2651,104.42,14,3.275135,0.6000,0.592800,0
2652,103.71,14,3.221162,1.0000,0.607600,0
2653,103.45,14,3.087221,0.2000,0.595900,0
2654,102.86,14,2.974112,0.8000,0.600700,0
2655,101.89,14,2.887498,1.0000,0.602200,0
2656,101.76,14,2.801899,0.8000,0.601100,0
2657,101.76,2,2.694843,0.8000,0.393100,0
2658,100.91,2,2.582972,0.0000,0.395700,0
2659,100.91,2,2.625073,0.6000,0.386400,0
2660,100.20,2,2.494688,0.2000,0.391600,0
2661,99.94,2,2.430939,0.8000,0.396400,0
2662,98.96,2,2.407768,0.4000,0.394700,0
2663,98.83,2,2.414358,0.2000,0.403200,0
2664,98.83,2,2.389880,0.6000,0.402800,0
2665,98.12,2,2.359067,0.6000,0.401800,0
2666,97.99,2,2.303574,0.8000,0.397000,0
2667,97.80,2,2.317733,0.6000,0.399400,0
2668,97.80,2,2.267572,0.4000,0.400700,0
2669,97.15,2,2.276860,0.0000,0.401200,0
2670,96.82,2,2.467387,0.4000,0.399800,0
2671,96.82,2,2.364080,0.2000,0.402000,0
2672,96.17,2,2.599534,0.0000,0.393900,0
2673,95.98,2,2.713507,0.8000,0.393900,0
2674,95.98,14,3.038538,0.4000,0.602300,0
2675,95.26,14,2.804180,0.6000,0.598800,0
2676,95.13,14,2.776203,0.2000,0.600600,0
2677,94.87,14,2.766200,0.4000,0.601500,0
2678,94.81,14,2.729757,0.6000,0.595800,0
2679,94.10,2,2.721780,0.6000,0.394300,0
2680,93.90,2,2.683463,0.4000,0.387200,0
2681,93.71,2,2.671134,0.6000,0.396800,0
2682,93.12,2,2.652728,0.8000,0.402000,0
2683,92.93,2,2.637253,0.8000,0.404800,0
2684,92.21,2,2.672284,0.6000,0.396700,0
2685,92.21,2,2.653525,0.8000,0.397900,0
2686,91.96,2,2.645750,0.2000,0.399200,0
2687,91.96,2,2.667445,0.8000,0.401000,0
2688,91.37,2,2.689409,0.8000,0.396900,0
2689,91.11,14,2.740818,0.2000,0.603400,0
2690,91.05,2,2.717134,0.4000,0.409200,0
2691,91.05,14,2.735674,0.8000,0.600900,0
2692,90.34,14,2.770028,0.8000,0.609000,0
2693,90.08,14,2.761503,0.4000,0.598800,0
2694,89.95,14,2.731124,1.0000,0.600400,0
2695,89.95,14,2.775963,0.2000,0.604900,0
2696,89.17,14,2.731071,0.8000,0.599700,0
2697,89.10,2,2.691239,0.6000,0.403200,0
2698,89.10,2,2.661661,0.4000,0.396400,0
2699,88.13,2,2.673930,0.4000,0.392200,0
2700,88.00,2,2.647781,0.4000,0.390800,0
2701,87.36,2,2.692131,0.4000,0.397400,0
2702,86.97,2,2.689644,0.8000,0.407200,0
2703,86.45,2,2.704158,0.6000,0.394800,0
2704,86.13,14,2.807437,0.8000,0.603700,0
2705,86.00,14,3.414738,0.4000,0.606200,0
2706,85.15,14,3.469335,0.6000,0.604100,0
2707,85.03,14,3.472691,0.4000,0.602400,0
2708,84.18,14,3.564415,0.8000,0.586900,0
2709,84.18,14,3.676512,0.2000,0.595200,0
2710,83.47,14,3.846125,0.8000,0.594000,0
2711,83.47,14,3.932720,0.8000,0.603800,0
2712,83.08,14,4.101945,0.8000,0.598700,0
2713,82.96,6,4.283525,0.6000,0.776500,0
2714,82.50,6,4.387033,0.8000,0.766600,0
2715,82.44,6,4.494089,0.8000,0.772300,0
2716,82.11,6,4.394586,0.8000,0.771700,0
2717,81.99,6,4.247593,0.6000,0.779000,0
2718,81.40,6,4.197616,0.6000,0.774200,0
2719,81.08,14,4.049635,0.8000,0.599400,0
2720,81.02,14,3.858677,0.6000,0.598900,0
2721,80.43,14,3.822309,0.8000,0.604500,0
2722,80.18,14,3.890621,0.2000,0.600800,0
2723,80.11,14,3.772951,0.4000,0.600500,0
2724,79.53,14,3.679706,0.2000,0.598500,0
2725,79.47,14,3.604621,0.8000,0.600400,0
2726,79.14,14,3.450282,0.6000,0.598700,0
2727,78.76,14,3.381383,0.6000,0.593000,0
2728,78.17,14,3.244188,0.2000,0.606900,0
2729,78.17,14,3.024817,0.4000,0.598500,0
2730,77.46,14,2.896408,0.2000,0.600600,0
2731,77.27,2,2.663654,0.6000,0.396000,0
2732,77.27,14,2.799634,0.6000,0.602400,0
2733,76.30,2,2.635292,0.6000,0.392200,0
2734,75.79,2,2.567952,0.4000,0.399100,0
2735,75.53,2,2.648045,0.2000,0.403100,0
2736,75.33,2,2.637160,0.8000,0.406400,0
2737,75.33,2,2.699687,0.2000,0.392900,0
2738,74.62,2,2.685937,0.4000,0.410100,0
2739,74.43,2,2.685619,0.4000,0.399500,0
2740,74.30,2,2.710994,0.8000,0.401100,0
2741,73.53,14,2.753508,0.6000,0.605900,0
2742,73.46,2,2.700758,0.6000,0.396700,0
2743,72.50,14,2.761109,0.6000,0.603300,0
2744,72.37,14,2.860973,0.4000,0.601700,0
2745,71.40,14,2.982210,0.6000,0.610000,0
2746,71.33,14,2.987237,0.8000,0.600600,0
2747,70.95,14,3.250839,1.0000,0.595000,0
2748,70.50,14,3.434782,0.2000,0.604100,0
2749,70.43,14,3.441610,0.4000,0.602600,0
2750,70.37,14,3.471263,0.2000,0.601700,0
2751,69.98,14,3.477775,0.6000,0.593900,0
2752,69.40,14,3.494273,0.8000,0.604000,0
2753,68.50,14,3.533783,0.8000,0.599600,0
2754,68.44,14,3.506011,0.4000,0.604100,0
2755,68.44,14,3.486827,1.0000,0.605900,0
2756,67.40,14,3.489018,1.0000,0.605300,0
2757,67.40,14,3.495599,0.8000,0.607900,0
2758,66.57,14,3.469277,0.6000,0.592400,0
2759,66.50,14,3.443955,0.6000,0.603500,0
2760,65.60,14,3.443997,0.6000,0.605100,0
2761,65.47,14,3.398858,0.4000,0.599600,0
2762,64.51,14,3.440859,0.4000,0.602900,0
2763,63.61,14,3.514732,0.8000,0.595800,0
2764,63.41,14,3.524019,0.4000,0.599500,0
2765,63.09,14,3.505433,0.4000,0.610900,0
2766,62.51,14,3.452982,0.8000,0.600500,0
2767,62.38,14,3.417060,0.0000,0.609800,0
2768,61.61,14,3.422886,0.6000,0.595800,0
2769,61.55,14,3.366199,0.6000,0.600000,0
2770,61.10,14,3.322256,0.8000,0.601000,0
2771,61.03,14,3.211562,0.6000,0.599300,0
2772,60.46,14,3.085033,0.2000,0.605200,0
2773,60.46,14,3.160138,0.6000,0.607800,0
2774,60.13,14,3.103028,0.8000,0.605700,0
2775,60.13,14,3.038470,0.4000,0.605800,0
2776,59.56,14,3.035248,0.4000,0.602800,0
2777,59.56,14,3.100249,0.8000,0.597200,0
2778,59.04,14,3.134699,0.4000,0.605400,0
2779,58.59,14,3.834173,0.8000,0.606400,0
2780,58.59,14,3.355717,0.6000,0.595000,0
2781,58.14,14,3.813946,1.0000,0.594600,0
2782,57.88,14,3.806246,1.0000,0.600600,0
2783,57.56,14,3.588725,0.8000,0.611000,0
2784,57.56,14,3.714410,0.8000,0.607400,0
2785,56.54,14,3.500101,0.4000,0.599000,0
2786,55.57,14,3.386723,0.6000,0.600300,0
2787,54.61,14,3.322137,0.8000,0.595800,0
2788,53.90,14,3.264136,0.4000,0.604200,0
2789,53.71,14,3.373581,0.6000,0.598600,0
2790,53.52,14,3.478400,0.4000,0.597600,0
2791,52.62,14,3.514741,0.8000,0.603700,0
2792,52.23,14,3.610729,1.0000,0.596900,0
2793,51.66,14,3.631790,0.6000,0.599800,0
2794,51.66,14,3.698267,0.6000,0.598800,0
2795,51.27,14,3.608427,0.8000,0.600300,0
2796,50.76,14,3.575351,0.4000,0.601400,0
2797,49.73,14,3.575253,0.4000,0.600800,0
2798,49.28,14,3.576701,0.4000,0.598400,0
2799,48.64,14,3.666798,0.8000,0.598500,0
2800,48.64,14,3.712288,0.8000,0.600500,0
2801,48.32,14,3.798911,0.4000,0.599000,0
2802,47.75,14,3.864742,0.8000,0.601800,0
2803,46.85,14,4.009161,1.0000,0.603200,0
2804,46.66,14,4.034025,0.8000,0.606300,0
2805,46.34,14,4.123402,0.4000,0.605200,0
2806,46.08,14,4.131942,0.4000,0.606600,0
2807,45.89,14,4.156811,0.6000,0.608800,0
2808,45.70,6,4.178139,0.6000,0.782700,0
2809,45.70,14,4.145230,0.6000,0.602800,0
2810,45.06,6,4.185472,0.6000,0.770500,0
2811,44.67,6,4.198542,0.8000,0.774100,0
2812,44.67,14,4.134030,0.4000,0.609000,0
2813,43.71,14,4.150281,0.8000,0.601500,0
2814,43.39,14,4.161838,0.2000,0.605200,0
2815,42.75,6,4.253963,0.8000,0.774400,0
2816,42.69,6,4.309742,0.6000,0.772000,0
2817,42.69,6,4.297737,0.6000,0.774500,0
2818,41.54,6,4.417243,1.0000,0.772900,0
2819,40.77,6,4.473657,0.8000,0.778700,0
2820,40.77,6,4.499570,0.6000,0.767500,0
2821,40.07,6,4.536510,0.4000,0.766700,0
2822,39.81,6,4.410561,0.6000,0.773800,0
2823,39.81,6,4.362298,0.6000,0.779600,0
2824,38.85,6,4.578050,0.6000,0.771700,0
2825,38.79,6,4.639579,0.8000,0.773700,0
2826,37.77,6,4.882242,1.0000,0.769800,0
2827,36.81,6,5.314363,1.0000,0.777000,0
2828,36.81,6,5.109569,0.8000,0.772500,0
2829,35.98,6,5.482064,1.0000,0.775100,0
2830,35.86,6,5.550771,0.8000,0.764900,0
2831,35.54,6,5.717884,0.6000,0.779300,0
2832,35.22,6,5.969612,1.0000,0.777000,0
2833,34.97,15,6.051386,1.0000,0.860000,0
2834,34.97,15,6.098313,0.6000,0.867200,0
2835,33.88,15,6.278881,0.6000,0.856100,0
2836,33.76,15,6.309832,0.6000,0.859600,0
2837,33.25,15,6.350868,1.0000,0.858300,0
2838,33.06,15,6.346486,1.0000,0.854300,0
2839,33.06,15,6.290408,0.8000,0.858000,0
2840,32.29,15,6.316538,0.8000,0.857900,0
2841,32.10,15,6.211412,0.8000,0.860100,0
2842,31.91,15,6.166584,1.0000,0.856100,0
2843,31.91,15,6.045971,1.0000,0.850300,0
2844,31.27,6,5.940039,1.0000,0.773600,0
2845,31.15,6,5.747889,1.0000,0.783400,0
2846,30.96,6,5.489889,0.8000,0.771200,0
2847,30.96,6,5.296244,0.8000,0.775200,0
2848,30.19,6,5.164592,0.8000,0.767100,0
2849,30.07,6,4.956844,0.6000,0.771100,0
2850,29.94,6,4.736531,1.0000,0.776000,0
2851,29.62,6,4.468778,0.6000,0.771100,0
2852,29.62,6,4.578460,0.6000,0.775700,0
2853,29.11,6,5.188759,0.8000,0.769000,0
2854,28.99,6,5.029049,0.8000,0.783200,0
2855,28.16,6,5.004967,1.0000,0.771200,0
2856,28.10,6,4.831751,0.8000,0.771500,0
2857,27.97,6,4.604705,1.0000,0.765100,0
2858,27.97,6,4.482322,0.6000,0.775300,0
2859,26.96,6,5.065272,0.8000,0.774700,0
2860,26.96,6,5.269799,0.8000,0.772600,0
2861,26.19,6,5.573513,0.6000,0.778500,0
2862,26.13,6,5.805202,0.8000,0.773000,0
2863,26.00,6,5.974560,1.0000,0.769700,0
2864,25.69,15,6.672127,0.8000,0.861600,0
2865,25.18,15,6.728572,0.6000,0.859100,0
2866,25.12,15,6.866518,0.6000,0.856200,0
2867,24.93,15,6.913858,1.0000,0.856100,0
2868,23.98,15,6.875561,1.0000,0.858400,0
2869,23.15,15,7.187305,1.0000,0.857500,0
2870,22.33,15,7.056836,0.8000,0.857600,0
2871,22.27,15,7.072841,0.8000,0.860900,0
2872,22.20,15,7.074056,0.8000,0.859400,0
2873,22.20,15,7.181706,1.0000,0.858400,0
2874,21.25,15,7.323589,1.0000,0.857000,0
2875,21.19,15,7.446502,0.6000,0.860800,0
2876,21.00,15,7.324481,1.0000,0.855300,0
2877,20.24,15,7.138353,1.0000,0.856000,0
2878,20.24,15,6.899814,0.8000,0.856000,0
2879,19.80,15,6.925191,1.0000,0.854100,0
2880,19.80,15,6.963554,0.6000,0.861900,0
2881,19.23,15,6.875756,1.0000,0.856300,0
2882,19.17,15,6.897978,1.0000,0.863300,0
2883,18.79,15,6.627630,1.0000,0.862700,0
2884,18.79,15,6.753943,0.6000,0.865500,0
2885,18.28,6,6.240702,0.8000,0.769800,0
2886,18.28,15,6.247126,1.0000,0.852000,0
2887,18.09,6,5.680953,1.0000,0.781700,0
2888,17.27,6,5.187577,1.0000,0.776400,0
2889,17.27,6,5.060142,0.6000,0.769700,0
2890,16.51,6,5.154233,0.8000,0.771200,0
2891,16.14,6,5.032239,1.0000,0.773700,0
2892,16.07,6,4.863537,0.6000,0.771900,0
2893,15.51,6,4.722208,1.0000,0.770900,0
2894,15.51,6,4.644172,0.6000,0.778400,0
2895,15.19,6,4.550122,1.0000,0.775800,0
2896,14.56,6,4.543535,0.8000,0.773900,0
2897,14.31,6,4.732559,1.0000,0.772000,0
2898,14.31,6,4.786390,1.0000,0.770800,0
2899,13.42,15,6.856092,1.0000,0.856400,0
2900,13.42,15,6.178063,1.0000,0.867100,0
2901,12.61,15,6.429773,0.8000,0.860400,0
2902,12.54,15,6.468039,1.0000,0.856300,0
2903,12.35,15,6.594742,0.8000,0.856200,0
2904,11.91,15,6.389468,1.0000,0.853900,0
2905,11.91,15,6.541785,0.6000,0.861900,0
2906,11.22,15,6.467299,1.0000,0.858100,0
2907,11.22,15,6.485055,1.0000,0.857300,0
2908,10.40,15,6.721970,0.8000,0.860100,0
2909,10.40,15,6.730357,0.8000,0.853500,0
2910,9.96,15,6.937409,1.0000,0.856900,0
2911,9.40,15,7.191955,1.0000,0.858900,0
2912,9.40,15,7.347556,1.0000,0.861000,0
2913,8.39,15,7.748699,0.8000,0.856100,0
2914,8.39,15,7.899696,0.8000,0.860300,0
2915,7.83,15,8.264248,1.0000,0.862200,0
2916,7.58,1,8.443297,0.6000,0.904600,0
2917,7.45,1,8.740260,1.0000,0.901700,0
2918,7.20,1,8.974190,0.8000,0.901200,0
2919,7.14,1,9.182355,1.0000,0.901100,0
2920,6.26,1,9.704688,1.0000,0.896800,0
2921,5.69,1,10.229852,0.8000,0.899500,0
2922,3.51,10,12.037443,1.0000,0.900300,0
2923,2.56,10,12.724299,1.0000,0.896300,0
2924,2.49,10,13.494545,1.0000,0.897300,0
2925,1.50,4,15.546275,0.8000,0.874700,0
2926,0.83,4,17.531337,0.8000,0.876300,0
2927,0.10,7,21.955008,1.0000,0.844000,0
