t,days_to_reentry,M2_cell,H_t,p_t,P_forward,artifact_flag
0,874.17,19,0.921248,0.0000,0.019700,0
1,874.17,19,0.916735,0.0000,0.019300,0
2,873.83,19,0.983870,0.0000,0.019700,0
3,873.75,19,0.985523,0.0000,0.018400,0
4,873.58,19,0.911417,0.0000,0.017900,0
5,873.42,19,0.903590,0.0000,0.019100,0
6,873.08,19,0.811855,0.0000,0.019500,0
7,872.83,19,0.818550,0.0000,0.017800,0
8,872.75,19,0.694308,0.0000,0.019400,0
9,872.50,19,0.733437,0.0000,0.018100,0
10,872.42,0,0.653301,0.0000,0.018700,0
11,872.08,0,0.506888,0.0000,0.021200,0
12,871.75,0,0.352477,0.0000,0.020700,0
13,871.50,3,0.104618,0.0000,0.027700,0
14,871.08,17,0.180756,0.0000,0.049400,0
15,870.83,5,0.557997,0.0000,0.160900,0
16,870.75,5,0.761233,0.2000,0.153600,0
17,870.50,5,0.934218,0.0000,0.161500,0
18,870.08,11,1.003556,0.0000,0.224000,0
19,869.42,11,1.095829,0.0000,0.227000,0
20,869.17,11,1.172631,0.0000,0.230200,0
21,868.83,11,1.167273,0.0000,0.227300,0
22,868.42,11,1.150243,0.0000,0.224200,0
23,868.17,11,1.124600,0.0000,0.224600,0
24,868.08,11,1.039578,0.0000,0.233200,0
25,867.83,11,0.974446,0.0000,0.221300,0
26,867.42,5,0.872443,0.2000,0.155900,0
27,867.17,5,0.780426,0.2000,0.155500,0
28,867.08,9,0.502785,0.0000,0.091900,0
29,866.83,9,0.266032,0.0000,0.093500,0
30,866.50,9,0.257984,0.0000,0.094000,0
31,866.42,9,0.272602,0.2000,0.097200,0
32,866.25,9,0.237925,0.0000,0.095700,0
33,866.08,9,0.361951,0.0000,0.091900,0
34,865.83,9,0.372748,0.0000,0.092600,0
35,865.75,5,0.572039,0.0000,0.158200,0
36,865.50,5,0.815125,0.0000,0.155400,0
37,865.08,11,1.061261,0.0000,0.229600,0
38,864.83,11,1.107073,0.0000,0.219600,0
39,864.50,11,1.033403,0.0000,0.224400,0
40,864.17,11,0.952710,0.0000,0.234200,0
41,864.08,11,0.999729,0.0000,0.232900,0
42,863.50,5,0.847047,0.0000,0.156300,0
43,863.42,5,0.881261,0.2000,0.156900,0
44,863.08,5,0.768826,0.0000,0.153500,0
45,862.83,5,0.700297,0.0000,0.157100,0
46,862.50,5,0.563278,0.0000,0.154500,0
47,862.17,9,0.418224,0.0000,0.090400,0
48,862.08,9,0.376804,0.2000,0.100700,0
49,861.58,17,0.140113,0.0000,0.043800,0
50,861.50,17,0.017105,0.0000,0.046400,0
51,860.83,0,0.499001,0.0000,0.023000,0
52,860.50,0,0.579116,0.0000,0.018900,0
53,860.17,19,0.715011,0.0000,0.019500,0
54,859.89,19,0.964248,0.0000,0.021200,0
55,859.50,19,1.119218,0.0000,0.019900,0
56,859.31,19,1.107603,0.0000,0.018900,0
57,859.18,19,1.019479,0.0000,0.019400,0
58,858.75,12,1.363593,0.0000,0.044600,0
59,858.41,19,1.244299,0.0000,0.020200,0
60,858.17,12,1.442932,0.0000,0.045600,0
61,858.08,12,1.370272,0.0000,0.041100,0
62,857.95,12,1.311685,0.0000,0.044000,0
63,857.50,12,1.610624,0.0000,0.045100,0
64,857.42,12,1.622653,0.0000,0.043700,0
65,857.05,12,1.526948,0.0000,0.048200,0
66,856.83,12,1.607995,0.0000,0.047500,0
67,856.42,12,1.613125,0.0000,0.043300,0
68,856.20,12,1.413156,0.0000,0.040700,0
69,855.94,19,1.246935,0.0000,0.018700,0
70,855.75,19,1.002278,0.0000,0.019100,0
71,855.49,19,1.037342,0.0000,0.021400,0
72,855.17,12,1.483389,0.2000,0.041600,0
73,855.08,19,1.211447,0.0000,0.021600,0
74,854.50,12,1.310457,0.0000,0.045500,0
75,854.42,19,1.076917,0.0000,0.020600,0
76,854.08,19,0.984872,0.0000,0.020600,0
77,853.83,19,0.886650,0.0000,0.019500,0
78,853.42,19,0.888175,0.0000,0.015900,0
79,853.17,19,0.726638,0.0000,0.023300,0
80,853.08,19,0.688066,0.0000,0.018700,0
81,852.50,19,0.708800,0.0000,0.020600,0
82,852.42,0,0.503082,0.0000,0.016200,0
83,852.08,0,0.460656,0.0000,0.019300,0
84,851.83,0,0.384131,0.0000,0.018500,0
85,851.42,0,0.427143,0.0000,0.019800,0
86,851.17,0,0.558435,0.0000,0.018000,0
87,851.08,0,0.500707,0.0000,0.022200,0
88,850.67,0,0.442598,0.0000,0.017400,0
89,850.58,0,0.404566,0.0000,0.017200,0
90,850.08,0,0.427548,0.0000,0.017900,0
91,849.75,3,0.310365,0.0000,0.028400,0
92,849.42,0,0.494793,0.0000,0.020600,0
93,849.17,3,0.275996,0.0000,0.028200,0
94,849.08,17,0.042785,0.0000,0.046000,0
95,848.42,0,0.487664,0.0000,0.019000,0
96,848.17,3,0.198150,0.0000,0.027400,0
97,847.50,3,0.229687,0.0000,0.026700,0
98,847.42,3,0.226212,0.0000,0.029900,0
99,847.08,0,0.510245,0.0000,0.018500,0
100,846.83,0,0.615597,0.0000,0.022100,0
101,846.42,12,1.746687,0.0000,0.044800,0
102,846.08,19,1.241775,0.0000,0.020900,0
103,845.17,12,1.432032,0.2000,0.048800,0
104,845.08,19,1.152513,0.0000,0.017800,0
105,844.50,19,1.034791,0.0000,0.018700,0
106,844.42,19,1.035158,0.0000,0.017900,0
107,844.08,19,0.919530,0.0000,0.018500,0
108,843.83,19,0.824362,0.0000,0.020500,0
109,843.50,19,1.113838,0.0000,0.021300,0
110,843.42,19,1.163289,0.0000,0.020000,0
111,843.08,19,1.094600,0.0000,0.018000,0
112,842.50,19,1.127945,0.0000,0.017800,0
113,842.37,19,0.792712,0.0000,0.018100,0
114,842.08,19,0.701798,0.0000,0.023100,0
115,841.84,0,0.546140,0.0000,0.020100,0
116,841.50,0,0.645110,0.0000,0.019700,0
117,841.45,0,0.497274,0.0000,0.020200,0
118,841.17,3,0.326461,0.0000,0.029000,0
119,841.08,3,0.105628,0.0000,0.025600,0
120,840.52,17,0.156920,0.0000,0.045500,0
121,840.42,9,0.361475,0.0000,0.092600,0
122,840.17,5,0.560355,0.0000,0.153600,0
123,840.08,5,0.741067,0.0000,0.147800,0
124,839.59,5,0.700711,0.0000,0.163300,0
125,839.46,5,0.808744,0.0000,0.158900,0
126,839.17,5,0.848523,0.0000,0.158800,0
127,839.17,11,1.016173,0.0000,0.228900,0
128,838.59,11,0.941171,0.0000,0.235900,0
129,838.42,11,1.034599,0.0000,0.229500,0
130,838.17,11,0.965700,0.0000,0.218900,0
131,838.08,11,1.049832,0.0000,0.224200,0
132,837.42,5,0.916457,0.2000,0.157400,0
133,837.17,11,1.054382,0.0000,0.237100,0
134,837.08,11,1.088841,0.0000,0.229900,0
135,836.50,11,1.111553,0.0000,0.226900,0
136,836.50,11,1.183881,0.0000,0.228700,0
137,836.08,11,1.260499,0.0000,0.220000,0
138,835.83,11,1.325862,0.0000,0.234200,0
139,835.42,11,1.129251,0.0000,0.221000,0
140,835.17,11,1.076845,0.0000,0.229900,0
141,835.08,11,1.095812,0.0000,0.232800,0
142,834.58,11,1.140054,0.0000,0.230200,0
143,834.25,5,0.933041,0.0000,0.159400,0
144,834.08,11,0.941441,0.0000,0.228200,0
145,833.83,5,0.810322,0.0000,0.158600,0
146,833.42,5,0.744819,0.0000,0.153300,0
147,833.17,5,0.579208,0.0000,0.152400,0
148,833.08,5,0.564897,0.0000,0.155800,0
149,832.83,5,0.557922,0.0000,0.157900,0
150,832.42,5,0.568846,0.2000,0.159300,0
151,832.17,5,0.570009,0.0000,0.166500,0
152,832.08,5,0.573739,0.0000,0.163600,0
153,831.83,5,0.578893,0.0000,0.160700,0
154,831.42,5,0.541315,0.0000,0.153300,0
155,831.17,3,0.435419,0.0000,0.030200,0
156,831.08,3,0.175407,0.0000,0.028400,0
157,830.83,3,0.178200,0.0000,0.029200,0
158,830.42,3,0.166942,0.0000,0.027400,0
159,830.17,3,0.182909,0.0000,0.028400,0
160,830.08,3,0.172564,0.0000,0.031000,0
161,829.50,3,0.171473,0.0000,0.024500,0
162,829.42,3,0.152814,0.0000,0.028500,0
163,829.08,3,0.152361,0.0000,0.028100,0
164,828.42,3,0.144947,0.0000,0.031400,0
165,828.08,3,0.147965,0.0000,0.028700,0
166,827.83,3,0.166758,0.0000,0.029200,0
167,827.42,3,0.169081,0.0000,0.027400,0
168,827.08,3,0.149536,0.0000,0.024400,0
169,826.83,3,0.170779,0.0000,0.027100,0
170,826.42,3,0.210325,0.0000,0.026100,0
171,826.08,3,0.202747,0.0000,0.030200,0
172,825.83,3,0.220497,0.0000,0.028700,0
173,825.42,3,0.203671,0.0000,0.025800,0
174,825.08,3,0.204189,0.0000,0.029200,0
175,824.83,3,0.235720,0.0000,0.027300,0
176,824.42,3,0.226376,0.0000,0.027900,0
177,824.08,3,0.206958,0.0000,0.025300,0
178,824.00,3,0.202478,0.0000,0.026500,0
179,823.42,3,0.204436,0.0000,0.029000,0
180,823.42,3,0.179783,0.0000,0.028500,0
181,823.08,3,0.172969,0.0000,0.028400,0
182,822.50,3,0.197556,0.0000,0.029600,0
183,821.08,3,0.215224,0.0000,0.030700,0
184,820.75,3,0.211646,0.0000,0.028600,0
185,820.67,3,0.199010,0.0000,0.027500,0
186,820.42,3,0.193196,0.0000,0.026700,0
187,819.42,3,0.183151,0.0000,0.029300,0
188,819.08,3,0.184007,0.0000,0.028800,0
189,818.83,3,0.165528,0.0000,0.027100,0
190,818.42,3,0.159368,0.0000,0.027100,0
191,818.08,3,0.162274,0.0000,0.025600,0
192,818.08,3,0.160598,0.0000,0.029300,0
193,817.50,3,0.162505,0.0000,0.029200,0
194,817.42,3,0.159630,0.0000,0.027800,0
195,817.08,3,0.176606,0.0000,0.030900,0
196,816.58,3,0.163994,0.0000,0.027300,0
197,816.42,3,0.159159,0.0000,0.026400,0
198,816.08,3,0.176503,0.0000,0.026400,0
199,815.50,3,0.147882,0.0000,0.027100,0
200,815.42,3,0.119026,0.0000,0.029500,0
201,815.08,3,0.136081,0.0000,0.030000,0
202,814.50,3,0.125359,0.0000,0.027400,0
203,814.42,3,0.124271,0.0000,0.026100,0
204,814.08,3,0.148963,0.0000,0.028800,0
205,813.83,3,0.130270,0.0000,0.026100,0
206,813.42,3,0.123015,0.0000,0.027200,0
207,813.17,3,0.155476,0.0000,0.027900,0
208,813.08,3,0.168171,0.0000,0.029400,0
209,812.42,3,0.158137,0.0000,0.028200,0
210,812.08,3,0.144765,0.0000,0.027400,0
211,811.75,3,0.168561,0.0000,0.028100,0
212,811.42,3,0.152402,0.0000,0.027800,0
213,811.17,3,0.119255,0.0000,0.028000,0
214,811.08,3,0.179760,0.0000,0.030900,0
215,810.42,3,0.203304,0.0000,0.025400,0
216,810.17,3,0.228421,0.0000,0.028500,0
217,810.08,3,0.228163,0.0000,0.030000,0
218,809.42,3,0.231491,0.0000,0.027000,0
219,809.17,3,0.229687,0.0000,0.027800,0
220,809.08,3,0.229409,0.0000,0.027000,0
221,808.42,3,0.214924,0.0000,0.028000,0
222,808.08,3,0.204266,0.0000,0.027700,0
223,807.75,3,0.174944,0.0000,0.028600,0
224,807.42,3,0.171489,0.0000,0.025900,0
225,807.17,3,0.180338,0.0000,0.029900,0
226,807.08,3,0.198991,0.0000,0.030200,0
227,806.42,3,0.192305,0.0000,0.026900,0
228,806.17,3,0.220226,0.0000,0.027200,0
229,805.75,3,0.203670,0.0000,0.028300,0
230,805.42,3,0.199036,0.0000,0.029500,0
231,805.17,3,0.228525,0.0000,0.026100,0
232,804.42,3,0.240718,0.0000,0.028200,0
233,804.08,3,0.246311,0.0000,0.030300,0
234,804.00,3,0.254725,0.0000,0.029600,0
235,803.50,3,0.253531,0.0000,0.027000,0
236,803.42,3,0.257326,0.0000,0.029200,0
237,803.08,3,0.259897,0.0000,0.027500,0
238,802.42,3,0.264103,0.0000,0.026900,0
239,802.17,3,0.271258,0.0000,0.025400,0
240,801.50,3,0.272093,0.0000,0.029000,0
241,801.42,3,0.269787,0.0000,0.032500,0
242,801.08,3,0.268971,0.0000,0.026900,0
243,800.42,3,0.267371,0.0000,0.027300,0
244,800.08,3,0.248565,0.0000,0.026900,0
245,799.83,3,0.254083,0.0000,0.028500,0
246,799.42,3,0.270969,0.0000,0.026900,0
247,799.08,3,0.265247,0.0000,0.027200,0
248,798.83,3,0.271488,0.0000,0.029500,0
249,798.42,3,0.265450,0.0000,0.028700,0
250,798.17,3,0.249497,0.0000,0.026300,0
251,798.08,3,0.241732,0.0000,0.029400,0
252,797.50,3,0.220701,0.0000,0.024400,0
253,797.42,3,0.221129,0.0000,0.031500,0
254,797.08,3,0.213769,0.0000,0.031100,0
255,796.58,3,0.200536,0.0000,0.028100,0
256,796.42,3,0.199933,0.0000,0.029300,0
257,796.08,3,0.197516,0.0000,0.027400,0
258,795.42,3,0.189522,0.0000,0.029500,0
259,795.17,3,0.192251,0.0000,0.026400,0
260,795.08,3,0.173442,0.0000,0.028700,0
261,794.42,3,0.174062,0.0000,0.025400,0
262,794.08,3,0.156609,0.0000,0.028200,0
263,793.75,3,0.129512,0.0000,0.027300,0
264,793.42,3,0.121635,0.0000,0.029300,0
265,793.17,3,0.081588,0.0000,0.025400,0
266,793.08,17,0.028428,0.0000,0.046800,0
267,792.50,17,0.006760,0.0000,0.045400,0
268,792.42,17,0.068462,0.0000,0.046300,0
269,792.08,17,0.072622,0.0000,0.047900,0
270,791.92,17,0.121910,0.0000,0.047700,0
271,791.42,9,0.175124,0.0000,0.095400,0
272,791.08,17,0.153528,0.0000,0.046200,0
273,790.42,17,0.172899,0.0000,0.042900,0
274,790.17,17,0.141211,0.0000,0.046100,0
275,790.08,17,0.127622,0.0000,0.048200,0
276,789.42,9,0.192663,0.0000,0.090300,0
277,789.17,9,0.195222,0.0000,0.097900,0
278,789.08,9,0.178172,0.0000,0.093300,0
279,788.42,9,0.238628,0.0000,0.097200,0
280,788.08,9,0.192918,0.0000,0.095300,0
281,787.42,9,0.210239,0.0000,0.090500,0
282,787.42,9,0.188477,0.0000,0.095600,0
283,787.08,17,0.078992,0.0000,0.042800,0
284,786.75,17,0.034461,0.0000,0.046100,0
285,786.42,3,0.056794,0.0000,0.028700,0
286,786.00,3,0.147445,0.0000,0.029900,0
287,785.42,3,0.152266,0.0000,0.025900,0
288,785.42,3,0.178376,0.0000,0.026300,0
289,785.00,3,0.221372,0.0000,0.027800,0
290,784.75,3,0.254823,0.0000,0.024200,0
291,784.42,3,0.259949,0.0000,0.026800,0
292,784.08,3,0.280472,0.0000,0.028600,0
293,783.75,3,0.104972,0.0000,0.026800,0
294,783.42,3,0.084430,0.0000,0.026400,0
295,783.00,3,0.087087,0.0000,0.030600,0
296,782.75,3,0.094690,0.0000,0.030500,0
297,782.42,3,0.096175,0.0000,0.027500,0
298,782.08,3,0.095910,0.0000,0.028300,0
299,782.08,3,0.094401,0.0000,0.026900,0
300,781.75,3,0.096634,0.0000,0.026700,0
301,781.17,3,0.119334,0.0000,0.029700,0
302,781.00,3,0.117715,0.0000,0.028100,0
303,780.42,3,0.121744,0.0000,0.026300,0
304,780.42,3,0.125514,0.0000,0.029100,0
305,780.00,3,0.124506,0.0000,0.024800,0
306,779.75,3,0.137860,0.0000,0.028400,0
307,779.42,3,0.144346,0.0000,0.029600,0
308,779.08,3,0.140251,0.0000,0.029800,0
309,778.42,3,0.150543,0.0000,0.031700,0
310,778.08,3,0.161796,0.0000,0.029600,0
311,777.42,3,0.153853,0.0000,0.027800,0
312,777.08,3,0.143044,0.0000,0.027600,0
313,776.42,3,0.130646,0.0000,0.025000,0
314,776.08,3,0.127216,0.0000,0.027800,0
315,775.67,3,0.133133,0.0000,0.029700,0
316,775.42,3,0.133054,0.0000,0.030200,0
317,775.00,3,0.127280,0.0000,0.026700,0
318,774.42,3,0.121660,0.0000,0.025400,0
319,774.00,3,0.118217,0.0000,0.028000,0
320,773.75,3,0.125195,0.0000,0.027800,0
321,773.58,3,0.110521,0.0000,0.027500,0
322,773.00,3,0.126575,0.0000,0.027500,0
323,772.58,3,0.118291,0.0000,0.029400,0
324,772.58,3,0.129355,0.0000,0.027900,0
325,772.00,3,0.099238,0.0000,0.029000,0
326,771.75,3,0.111465,0.0000,0.030000,0
327,771.42,3,0.196163,0.0000,0.029800,0
328,771.00,3,0.258107,0.0000,0.027100,0
329,770.46,3,0.260883,0.0000,0.028200,0
330,770.42,3,0.271111,0.0000,0.029700,0
331,770.00,3,0.245616,0.0000,0.026900,0
332,769.75,3,0.249877,0.0000,0.029800,0
333,769.08,3,0.252492,0.0000,0.027300,0
334,769.08,3,0.265361,0.0000,0.028000,0
335,768.50,3,0.248202,0.0000,0.031200,0
336,768.50,3,0.262122,0.0000,0.025800,0
337,768.25,3,0.262318,0.0000,0.028700,0
338,768.25,3,0.268238,0.0000,0.026600,0
339,767.92,3,0.276046,0.0000,0.028300,0
340,767.67,3,0.300634,0.0000,0.028500,0
341,767.08,3,0.299128,0.0000,0.028600,0
342,767.00,3,0.293589,0.0000,0.028800,0
343,766.42,3,0.262859,0.0000,0.027700,0
344,766.42,3,0.255740,0.0000,0.027300,0
345,766.00,3,0.252794,0.0000,0.027200,0
346,765.75,3,0.257522,0.0000,0.027800,0
347,765.42,3,0.248594,0.0000,0.027300,0
348,765.00,3,0.242478,0.0000,0.026700,0
349,764.75,3,0.253850,0.0000,0.029100,0
350,764.75,3,0.262937,0.0000,0.025900,0
351,764.08,3,0.268822,0.0000,0.026500,0
352,764.00,3,0.269621,0.0000,0.029600,0
353,763.42,3,0.253710,0.0000,0.028300,0
354,763.00,3,0.255214,0.0000,0.025900,0
355,762.83,3,0.270622,0.0000,0.028800,0
356,762.58,3,0.281938,0.0000,0.027100,0
357,761.67,3,0.226168,0.0000,0.029600,0
358,761.67,3,0.281413,0.0000,0.030100,0
359,761.08,3,0.213835,0.0000,0.027100,0
360,761.00,3,0.194664,0.0000,0.027900,0
361,760.42,3,0.152283,0.0000,0.025300,0
362,760.08,3,0.274557,0.0000,0.026100,0
363,759.75,3,0.299083,0.0000,0.026900,0
364,759.33,3,0.308725,0.0000,0.028900,0
365,759.17,3,0.317103,0.0000,0.026700,0
366,759.08,3,0.319353,0.0000,0.025900,0
367,758.50,3,0.319537,0.0000,0.028300,0
368,758.00,0,0.338733,0.0000,0.019200,0
369,757.92,0,0.345068,0.0000,0.020800,0
370,757.92,0,0.345497,0.0000,0.020300,0
371,757.00,0,0.344580,0.0000,0.018900,0
372,756.75,0,0.358203,0.0000,0.021000,0
373,756.75,0,0.352056,0.0000,0.019400,0
374,756.08,0,0.367451,0.0000,0.020600,0
375,756.00,0,0.371876,0.0000,0.018800,0
376,755.67,0,0.363100,0.0000,0.018800,0
377,755.42,0,0.375331,0.0000,0.021500,0
378,755.00,0,0.375024,0.0000,0.020200,0
379,754.75,0,0.380618,0.0000,0.021800,0
380,754.42,0,0.387931,0.0000,0.017800,0
381,754.08,0,0.391359,0.0000,0.019500,0
382,753.67,0,0.379467,0.0000,0.020100,0
383,753.42,0,0.383460,0.0000,0.022400,0
384,753.08,0,0.367415,0.0000,0.021100,0
385,752.42,0,0.401633,0.0000,0.020600,0
386,752.42,0,0.386600,0.0000,0.022000,0
387,752.00,0,0.406328,0.0000,0.020300,0
388,751.75,0,0.410363,0.0000,0.021600,0
389,751.42,0,0.410412,0.0000,0.020700,0
390,751.08,0,0.396325,0.0000,0.018600,0
391,750.42,0,0.375643,0.0000,0.019700,0
392,749.75,0,0.389510,0.0000,0.020600,0
393,749.08,0,0.365666,0.0000,0.019800,0
394,748.42,0,0.339697,0.0000,0.018100,0
395,748.08,3,0.316353,0.0000,0.028400,0
396,747.42,3,0.316521,0.0000,0.027600,0
397,747.08,3,0.300346,0.0000,0.028100,0
398,747.00,3,0.283013,0.0000,0.028800,0
399,746.42,3,0.252985,0.0000,0.027700,0
400,746.00,3,0.216244,0.0000,0.028200,0
401,745.75,3,0.149978,0.0000,0.026100,0
402,745.42,3,0.140251,0.0000,0.028400,0
403,745.08,3,0.090140,0.0000,0.032400,0
404,745.00,17,0.011542,0.0000,0.045100,0
405,744.42,17,0.065232,0.0000,0.048800,0
406,744.08,17,0.143760,0.0000,0.044900,0
407,744.08,17,0.168006,0.0000,0.043200,0
408,743.42,9,0.177760,0.0000,0.095300,0
409,743.42,9,0.181652,0.0000,0.093200,0
410,743.00,9,0.183501,0.0000,0.091800,0
411,742.42,9,0.207679,0.0000,0.092000,0
412,742.42,9,0.218874,0.0000,0.094600,0
413,742.00,9,0.197087,0.0000,0.092800,0
414,741.42,9,0.218805,0.0000,0.098500,0
415,741.08,9,0.197940,0.0000,0.093300,0
416,741.00,9,0.184200,0.0000,0.095500,0
417,740.42,17,0.157931,0.0000,0.041800,0
418,740.42,9,0.173175,0.0000,0.093100,0
419,740.08,17,0.117067,0.0000,0.043400,0
420,739.75,17,0.123082,0.0000,0.045400,0
421,739.75,17,0.078243,0.0000,0.049500,0
422,739.08,17,0.037464,0.0000,0.050200,0
423,739.00,17,0.038272,0.0000,0.047200,0
424,738.42,17,0.031935,0.0000,0.047300,0
425,738.42,17,0.028714,0.0000,0.044200,0
426,738.08,17,0.010538,0.0000,0.044400,0
427,737.75,17,0.020671,0.0000,0.044400,0
428,737.42,17,0.040171,0.0000,0.044900,0
429,737.08,3,0.128373,0.0000,0.029800,0
430,737.08,3,0.082599,0.0000,0.027100,0
431,736.75,3,0.137684,0.0000,0.029400,0
432,736.42,3,0.172772,0.0000,0.027600,0
433,736.00,3,0.179075,0.0000,0.030200,0
434,735.42,3,0.205322,0.0000,0.027500,0
435,734.75,3,0.234456,0.0000,0.028900,0
436,734.75,3,0.233409,0.0000,0.029400,0
437,734.08,3,0.214817,0.0000,0.028700,0
438,733.75,3,0.215117,0.0000,0.028100,0
439,733.42,3,0.203080,0.0000,0.030400,0
440,733.00,3,0.184155,0.0000,0.030000,0
441,732.50,17,0.017969,0.0000,0.048900,0
442,732.42,17,0.178449,0.2000,0.039000,0
443,732.08,9,0.175532,0.0000,0.096200,0
444,731.33,9,0.227254,0.0000,0.090400,0
445,731.08,9,0.229211,0.2000,0.094900,0
446,731.08,9,0.222564,0.0000,0.097200,0
447,730.92,9,0.301522,0.0000,0.093100,0
448,730.50,9,0.298410,0.0000,0.089800,0
449,730.33,9,0.306782,0.0000,0.094600,0
450,730.00,9,0.304914,0.0000,0.092600,0
451,729.75,9,0.306599,0.0000,0.093800,0
452,729.33,9,0.310797,0.0000,0.090800,0
453,729.08,9,0.308980,0.0000,0.089800,0
454,728.33,9,0.315929,0.0000,0.090500,0
455,728.08,9,0.317144,0.0000,0.096100,0
456,727.75,9,0.327544,0.0000,0.091000,0
457,727.50,9,0.336234,0.0000,0.093000,0
458,727.00,9,0.338057,0.0000,0.091900,0
459,726.42,9,0.337585,0.2000,0.094100,0
460,726.33,9,0.330884,0.0000,0.091300,0
461,726.08,9,0.324782,0.0000,0.096400,0
462,725.33,9,0.329587,0.0000,0.095900,0
463,725.08,9,0.330340,0.0000,0.098200,0
464,725.08,9,0.331090,0.0000,0.092700,0
465,724.08,9,0.329628,0.0000,0.100500,0
466,724.08,9,0.328338,0.2000,0.095500,0
467,723.67,9,0.322747,0.0000,0.092800,0
468,723.42,9,0.325163,0.0000,0.095800,0
469,723.42,9,0.324339,0.0000,0.093700,0
470,723.08,9,0.321070,0.0000,0.092700,0
471,722.75,9,0.284654,0.0000,0.096300,0
472,722.33,9,0.266922,0.2000,0.090900,0
473,722.08,9,0.264099,0.0000,0.097800,0
474,722.00,9,0.240520,0.0000,0.098900,0
475,721.75,9,0.230461,0.0000,0.098700,0
476,721.42,9,0.205680,0.0000,0.090600,0
477,721.08,9,0.218157,0.0000,0.092400,0
478,721.08,9,0.210513,0.0000,0.092000,0
479,720.42,9,0.214044,0.0000,0.094500,0
480,720.33,9,0.218704,0.0000,0.093000,0
481,720.00,9,0.209192,0.0000,0.090400,0
482,719.42,9,0.207698,0.0000,0.094900,0
483,719.42,9,0.209930,0.0000,0.095700,0
484,719.17,9,0.208236,0.0000,0.091700,0
485,718.57,9,0.209327,0.0000,0.090800,0
486,718.11,9,0.201495,0.2000,0.096100,0
487,718.04,9,0.195513,0.0000,0.092000,0
488,718.04,9,0.183816,0.0000,0.097400,0
489,717.18,9,0.179580,0.0000,0.095100,0
490,716.45,17,0.167441,0.0000,0.048400,0
491,716.38,17,0.145271,0.0000,0.044200,0
492,714.59,17,0.115673,0.0000,0.044200,0
493,714.46,17,0.069211,0.0000,0.044300,0
494,714.19,17,0.023145,0.0000,0.047200,0
495,713.46,17,0.002380,0.0000,0.043400,0
496,713.27,17,0.032134,0.0000,0.040700,0
497,713.27,17,0.012542,0.0000,0.046200,0
498,712.47,17,0.036152,0.0000,0.049000,0
499,712.40,17,0.036470,0.0000,0.044500,0
500,711.67,17,0.025185,0.0000,0.047400,0
501,711.27,3,0.208958,0.0000,0.028100,0
502,711.21,3,0.176154,0.0000,0.026600,0
503,710.41,3,0.183422,0.0000,0.023400,0
504,710.28,3,0.215775,0.0000,0.029100,0
505,710.28,3,0.132803,0.0000,0.030000,0
506,709.55,3,0.159110,0.0000,0.027400,0
507,709.42,3,0.176554,0.0000,0.027400,0
508,709.28,3,0.199827,0.0000,0.027300,0
509,708.42,3,0.191460,0.0000,0.029400,0
510,708.22,3,0.178400,0.0000,0.028200,0
511,707.43,3,0.186382,0.0000,0.029100,0
512,707.43,3,0.193906,0.0000,0.028800,0
513,706.56,3,0.199207,0.0000,0.029300,0
514,706.30,3,0.192021,0.0000,0.028500,0
515,706.30,3,0.187215,0.0000,0.028600,0
516,705.50,3,0.189717,0.0000,0.026600,0
517,705.24,3,0.192322,0.0000,0.027000,0
518,704.64,3,0.199376,0.0000,0.026900,0
519,704.51,3,0.220619,0.0000,0.026400,0
520,704.31,3,0.225650,0.0000,0.030000,0
521,703.51,3,0.229186,0.0000,0.029300,0
522,703.51,3,0.239804,0.0000,0.029000,0
523,703.31,3,0.245799,0.0000,0.025900,0
524,702.45,3,0.244257,0.0000,0.030100,0
525,702.32,3,0.240634,0.0000,0.027500,0
526,702.32,3,0.232390,0.0000,0.030800,0
527,701.46,3,0.227727,0.0000,0.026900,0
528,701.12,3,0.218160,0.0000,0.028200,0
529,701.12,3,0.223397,0.0000,0.029600,0
530,700.46,3,0.215460,0.0000,0.027200,0
531,700.13,3,0.214485,0.0000,0.029500,0
532,699.53,3,0.210457,0.0000,0.027400,0
533,699.47,3,0.115743,0.0000,0.029800,0
534,698.47,3,0.177389,0.0000,0.029000,0
535,698.47,3,0.125218,0.0000,0.029800,0
536,697.47,3,0.132146,0.0000,0.026800,0
537,697.41,3,0.143071,0.0000,0.027100,0
538,696.48,3,0.153393,0.0000,0.027900,0
539,695.88,3,0.144468,0.0000,0.027900,0
540,695.55,3,0.114282,0.0000,0.026500,0
541,695.22,3,0.111709,0.0000,0.029600,0
542,694.62,3,0.155791,0.0000,0.025600,0
543,694.62,3,0.139077,0.0000,0.026600,0
544,694.22,3,0.168727,0.0000,0.029800,0
545,693.56,3,0.194843,0.0000,0.026500,0
546,693.56,3,0.178121,0.0000,0.026700,0
547,693.23,3,0.208757,0.0000,0.026800,0
548,692.50,3,0.220932,0.0000,0.025700,0
549,692.23,3,0.224178,0.0000,0.026500,0
550,691.50,3,0.217989,0.0000,0.026600,0
551,691.24,3,0.218625,0.0000,0.030400,0
552,691.24,3,0.215060,0.0000,0.027700,0
553,690.57,3,0.204530,0.0000,0.029400,0
554,690.18,3,0.181861,0.0000,0.026800,0
555,689.98,3,0.152520,0.0000,0.028100,0
556,689.58,3,0.129412,0.0000,0.023200,0
557,689.58,3,0.132907,0.0000,0.027500,0
558,689.31,3,0.120959,0.0000,0.028900,0
559,688.58,3,0.129013,0.0000,0.027700,0
560,688.32,3,0.124631,0.0000,0.026600,0
561,688.32,3,0.111322,0.0000,0.026900,0
562,687.66,3,0.087945,0.0000,0.027600,0
563,687.66,3,0.061133,0.0000,0.028800,0
564,687.06,17,0.032533,0.0000,0.042300,0
565,686.66,17,0.003587,0.0000,0.048700,0
566,686.06,17,0.025433,0.0000,0.046500,0
567,685.93,17,0.045888,0.0000,0.043600,0
568,685.60,17,0.062990,0.0000,0.046000,0
569,684.60,17,0.089299,0.0000,0.047700,0
570,684.60,17,0.116901,0.0000,0.054100,0
571,683.61,17,0.152674,0.0000,0.046300,0
572,682.68,17,0.169684,0.0000,0.046100,0
573,682.41,17,0.157804,0.0000,0.048200,0
574,681.68,17,0.147869,0.0000,0.044800,0
575,680.76,17,0.151433,0.0000,0.046200,0
576,680.42,17,0.141998,0.0000,0.044800,0
577,679.43,17,0.133321,0.0000,0.048400,0
578,679.16,17,0.134803,0.0000,0.045600,0
579,678.70,17,0.140650,0.0000,0.046400,0
580,678.10,17,0.148738,0.0000,0.046900,0
581,677.70,17,0.157436,0.0000,0.045200,0
582,677.17,17,0.165950,0.0000,0.045400,0
583,676.51,17,0.169715,0.0000,0.047800,0
584,676.24,17,0.167339,0.0000,0.044500,0
585,675.91,17,0.171794,0.0000,0.043900,0
586,675.51,17,0.166715,0.0000,0.045000,0
587,674.72,17,0.157133,0.0000,0.045200,0
588,674.52,17,0.140082,0.0000,0.042300,0
589,673.72,17,0.136379,0.0000,0.046200,0
590,673.52,17,0.125301,0.0000,0.046400,0
591,672.93,17,0.110988,0.0000,0.044200,0
592,672.93,17,0.095226,0.0000,0.045200,0
593,672.53,17,0.074777,0.0000,0.043100,0
594,671.86,17,0.057926,0.0000,0.046500,0
595,671.86,17,0.042084,0.0000,0.048500,0
596,671.13,17,0.029268,0.0000,0.043900,0
597,670.87,17,0.010261,0.0000,0.046100,0
598,670.07,17,0.019907,0.0000,0.045300,0
599,670.07,17,0.008627,0.0000,0.047200,0
600,669.61,17,0.038684,0.0000,0.045500,0
601,669.08,17,0.051131,0.0000,0.044400,0
602,668.95,17,0.035106,0.0000,0.047500,0
603,668.61,3,0.071496,0.0000,0.029000,0
604,668.15,3,0.103614,0.0000,0.030400,0
605,667.62,3,0.104915,0.0000,0.028400,0
606,667.62,3,0.137970,0.0000,0.026000,0
607,667.09,3,0.161051,0.0000,0.028100,0
608,666.62,3,0.164054,0.0000,0.029000,0
609,666.09,3,0.151943,0.0000,0.028000,0
610,666.03,3,0.127544,0.0000,0.027300,0
611,665.63,3,0.120268,0.0000,0.028900,0
612,665.10,3,0.124092,0.0000,0.029300,0
613,664.90,3,0.143801,0.0000,0.029000,0
614,664.90,3,0.161906,0.0000,0.026000,0
615,664.10,3,0.160755,0.0000,0.028000,0
616,663.70,3,0.159305,0.0000,0.027700,0
617,663.70,3,0.163429,0.0000,0.030300,0
618,663.24,3,0.165773,0.0000,0.026600,0
619,662.97,17,0.068000,0.0000,0.041500,0
620,662.71,17,0.007780,0.0000,0.047400,0
621,662.24,17,0.062605,0.0000,0.045200,0
622,662.11,17,0.140465,0.0000,0.043100,0
623,661.71,9,0.235275,0.0000,0.092100,0
624,661.12,9,0.202287,0.0000,0.093200,0
625,660.45,17,0.133765,0.0000,0.042400,0
626,660.12,17,0.104167,0.0000,0.047100,0
627,659.99,17,0.087403,0.0000,0.045900,0
628,659.46,17,0.008493,0.0000,0.044300,0
629,659.26,17,0.014133,0.0000,0.046100,0
630,659.19,17,0.025690,0.0000,0.042500,0
631,658.46,17,0.025265,0.0000,0.042400,0
632,658.26,17,0.027670,0.0000,0.045000,0
633,658.26,17,0.028522,0.0000,0.043800,0
634,658.06,17,0.023523,0.0000,0.046700,0
635,657.27,17,0.006650,0.0000,0.039800,0
636,657.07,17,0.034560,0.0000,0.045900,0
637,657.07,3,0.055739,0.0000,0.029600,0
638,656.07,3,0.078813,0.0000,0.030000,0
639,655.48,3,0.101519,0.0000,0.028700,0
640,655.08,3,0.111221,0.0000,0.032700,0
641,655.08,3,0.125728,0.0000,0.027300,0
642,654.15,3,0.145241,0.0000,0.024900,0
643,653.55,3,0.147863,0.0000,0.027800,0
644,653.29,3,0.148714,0.0000,0.028600,0
645,653.15,3,0.152137,0.0000,0.028400,0
646,652.16,3,0.152213,0.0000,0.026200,0
647,651.43,3,0.152376,0.0000,0.031800,0
648,651.30,3,0.151339,0.0000,0.027300,0
649,650.90,3,0.168836,0.0000,0.027900,0
650,650.43,3,0.181532,0.0000,0.027500,0
651,650.17,3,0.199010,0.0000,0.027500,0
652,649.57,3,0.169096,0.0000,0.029800,0
653,649.57,3,0.206046,0.0000,0.028800,0
654,649.24,3,0.162696,0.0000,0.027900,0
655,648.44,3,0.140285,0.0000,0.026600,0
656,648.25,3,0.100317,0.0000,0.028200,0
657,647.45,17,0.023787,0.0000,0.046300,0
658,647.32,17,0.043695,0.0000,0.046000,0
659,646.45,3,0.094827,0.0000,0.029000,0
660,646.19,3,0.156589,0.0000,0.029600,0
661,645.46,3,0.181789,0.0000,0.028900,0
662,644.53,3,0.209608,0.0000,0.027300,0
663,644.46,3,0.220418,0.0000,0.029300,0
664,644.40,3,0.194155,0.0000,0.028600,0
665,643.53,3,0.172533,0.0000,0.024900,0
666,643.00,3,0.160969,0.0000,0.026100,0
667,643.00,3,0.165686,0.0000,0.030500,0
668,642.34,3,0.163949,0.0000,0.030700,0
669,642.34,3,0.163840,0.0000,0.029000,0
670,641.48,3,0.157277,0.0000,0.032100,0
671,641.01,3,0.143568,0.0000,0.027700,0
672,640.48,3,0.124575,0.0000,0.027400,0
673,640.28,3,0.116552,0.0000,0.028400,0
674,639.62,3,0.120429,0.0000,0.028900,0
675,639.49,3,0.126858,0.0000,0.028200,0
676,639.29,3,0.130565,0.0000,0.029300,0
677,639.29,3,0.128709,0.0000,0.026900,0
678,638.56,3,0.125828,0.0000,0.029400,0
679,638.49,3,0.125432,0.0000,0.027200,0
680,638.09,3,0.126062,0.0000,0.029500,0
681,637.50,3,0.120307,0.0000,0.029800,0
682,636.57,3,0.110308,0.0000,0.026300,0
683,636.57,3,0.111832,0.0000,0.027700,0
684,636.50,3,0.115682,0.0000,0.030300,0
685,635.51,3,0.124426,0.0000,0.026400,0
686,635.44,3,0.137268,0.0000,0.027700,0
687,635.44,3,0.142582,0.0000,0.030500,0
688,634.64,3,0.133586,0.0000,0.027000,0
689,634.45,3,0.143457,0.0000,0.025100,0
690,634.11,3,0.145413,0.0000,0.028200,0
691,633.58,3,0.151442,0.0000,0.032000,0
692,633.38,3,0.157741,0.0000,0.029100,0
693,633.38,3,0.162683,0.0000,0.030000,0
694,632.59,3,0.162874,0.0000,0.028300,0
695,632.39,3,0.164192,0.0000,0.026300,0
696,631.59,3,0.158745,0.0000,0.031000,0
697,631.59,3,0.148761,0.0000,0.030200,0
698,631.39,3,0.149591,0.0000,0.026400,0
699,630.60,3,0.155276,0.0000,0.025700,0
700,630.40,3,0.165807,0.0000,0.026200,0
701,630.40,3,0.160512,0.0000,0.028200,0
702,629.60,3,0.165279,0.0000,0.031300,0
703,629.20,3,0.162235,0.0000,0.027200,0
704,629.20,3,0.185924,0.0000,0.028300,0
705,628.54,3,0.181967,0.0000,0.026500,0
706,627.94,3,0.181307,0.0000,0.029700,0
707,627.54,3,0.183623,0.0000,0.026100,0
708,627.21,3,0.186221,0.0000,0.026400,0
709,626.55,3,0.192434,0.0000,0.028800,0
710,626.55,3,0.189144,0.0000,0.027900,0
711,626.48,3,0.179599,0.0000,0.026000,0
712,625.69,3,0.176331,0.0000,0.028600,0
713,625.29,3,0.166626,0.0000,0.029900,0
714,625.29,3,0.152347,0.0000,0.026300,0
715,624.69,3,0.153357,0.0000,0.026900,0
716,624.29,3,0.147707,0.0000,0.027300,0
717,623.70,3,0.126652,0.0000,0.025800,0
718,623.50,3,0.109587,0.0000,0.028900,0
719,623.30,3,0.090316,0.0000,0.028900,0
720,622.90,3,0.091728,0.0000,0.029200,0
721,622.50,3,0.100677,0.0000,0.027600,0
722,622.30,3,0.081999,0.0000,0.027000,0
723,621.77,17,0.048010,0.0000,0.046200,0
724,621.51,17,0.004730,0.0000,0.046100,0
725,621.31,17,0.040163,0.0000,0.042400,0
726,620.71,17,0.096090,0.0000,0.046700,0
727,620.31,17,0.151921,0.0000,0.043000,0
728,620.31,9,0.193677,0.0000,0.091000,0
729,619.58,9,0.245126,0.0000,0.092800,0
730,619.05,9,0.286452,0.0000,0.096600,0
731,618.92,9,0.320753,0.0000,0.090900,0
732,618.59,9,0.340214,0.0000,0.093300,0
733,618.06,9,0.352232,0.0000,0.098600,0
734,617.79,9,0.361058,0.0000,0.091100,0
735,617.59,9,0.360941,0.0000,0.095400,0
736,617.39,9,0.347280,0.0000,0.093800,0
737,616.73,9,0.298058,0.0000,0.089100,0
738,616.73,9,0.326518,0.0000,0.095100,0
739,615.74,9,0.268667,0.0000,0.093500,0
740,614.87,9,0.237125,0.0000,0.094500,0
741,614.74,9,0.204534,0.0000,0.092200,0
742,614.41,9,0.181869,0.0000,0.097100,0
743,613.74,9,0.185439,0.0000,0.091600,0
744,612.88,9,0.182645,0.0000,0.089800,0
745,612.68,9,0.184836,0.0000,0.093500,0
746,612.48,9,0.173598,0.0000,0.093900,0
747,611.89,9,0.173838,0.0000,0.097700,0
748,611.49,9,0.178604,0.0000,0.093000,0
749,610.89,9,0.177597,0.0000,0.089700,0
750,610.69,17,0.141143,0.0000,0.045800,0
751,610.49,17,0.083727,0.0000,0.042200,0
752,610.49,17,0.037879,0.0000,0.043600,0
753,609.83,17,0.013315,0.0000,0.046200,0
754,609.50,17,0.008394,0.0000,0.046200,0
755,609.10,17,0.030734,0.0000,0.044300,0
756,608.97,17,0.043266,0.0000,0.044500,0
757,608.84,17,0.048722,0.0000,0.046100,0
758,607.97,3,0.061078,0.0000,0.026700,0
759,607.51,3,0.070825,0.0000,0.026100,0
760,606.84,3,0.077780,0.0000,0.028700,0
761,606.84,3,0.085092,0.0000,0.025900,0
762,605.98,3,0.098905,0.0000,0.028700,0
763,605.58,3,0.111304,0.0000,0.028700,0
764,605.32,3,0.117842,0.0000,0.025400,0
765,604.99,3,0.119436,0.0000,0.028600,0
766,604.59,3,0.116080,0.0000,0.030000,0
767,604.32,3,0.103382,0.0000,0.029800,0
768,603.93,3,0.084609,0.0000,0.031000,0
769,603.59,3,0.063421,0.0000,0.028000,0
770,603.06,17,0.036680,0.0000,0.046400,0
771,602.60,17,0.070458,0.0000,0.046600,0
772,602.60,17,0.007740,0.0000,0.048100,0
773,602.07,17,0.119100,0.0000,0.048300,0
774,601.60,17,0.144469,0.0000,0.042400,0
775,601.60,9,0.189302,0.0000,0.090800,0
776,601.14,9,0.431390,0.0000,0.088300,0
777,600.94,5,0.533059,0.0000,0.157200,0
778,600.28,5,0.695507,0.0000,0.156100,0
779,600.14,5,0.733711,0.0000,0.150700,0
780,599.94,5,0.568940,0.0000,0.158100,0
781,599.88,9,0.461493,0.0000,0.092800,0
782,599.15,9,0.355157,0.0000,0.099100,0
783,598.88,9,0.280169,0.0000,0.095500,0
784,598.88,9,0.197578,0.0000,0.097000,0
785,598.29,17,0.115115,0.0000,0.047600,0
786,597.89,17,0.089549,0.0000,0.048500,0
787,597.89,17,0.071874,0.0000,0.045600,0
788,597.09,17,0.083782,0.0000,0.044800,0
789,596.96,17,0.106392,0.0000,0.044200,0
790,596.96,17,0.089522,0.0000,0.043200,0
791,596.30,17,0.123703,0.0000,0.044700,0
792,595.90,17,0.048217,0.0000,0.046800,0
793,595.90,17,0.088474,0.0000,0.044100,0
794,595.17,17,0.030720,0.0000,0.045400,0
795,594.70,3,0.060249,0.0000,0.028800,0
796,594.70,3,0.088966,0.0000,0.027300,0
797,594.17,3,0.090318,0.0000,0.027700,0
798,594.04,3,0.098299,0.0000,0.028200,0
799,593.38,3,0.099008,0.0000,0.027100,0
800,593.38,3,0.106224,0.0000,0.029700,0
801,592.78,3,0.109746,0.0000,0.030300,0
802,592.12,3,0.164008,0.0000,0.027500,0
803,591.98,3,0.155472,0.0000,0.027200,0
804,591.78,3,0.180951,0.0000,0.029600,0
805,591.39,3,0.187167,0.0000,0.026800,0
806,590.52,3,0.187801,0.0000,0.029400,0
807,590.52,3,0.188981,0.0000,0.029100,0
808,590.19,3,0.079984,0.0000,0.027500,0
809,590.19,17,0.006745,0.0000,0.045200,0
810,589.53,17,0.023460,0.0000,0.047200,0
811,589.53,17,0.002470,0.0000,0.046400,0
812,589.13,17,0.040187,0.0000,0.048000,0
813,588.80,17,0.046412,0.0000,0.048100,0
814,588.27,17,0.048359,0.0000,0.047900,0
815,588.13,17,0.036624,0.0000,0.045700,0
816,587.54,17,0.013495,0.0000,0.047500,0
817,587.27,17,0.017604,0.0000,0.042800,0
818,586.87,17,0.031246,0.0000,0.047300,0
819,586.48,17,0.041199,0.0000,0.047900,0
820,586.28,17,0.050160,0.0000,0.046300,0
821,585.88,17,0.040546,0.0000,0.046400,0
822,585.48,17,0.033713,0.0000,0.045500,0
823,585.15,17,0.033421,0.0000,0.042400,0
824,585.08,17,0.043083,0.0000,0.042800,0
825,585.08,17,0.042392,0.0000,0.048700,0
826,584.42,17,0.042225,0.0000,0.046500,0
827,583.89,17,0.006456,0.0000,0.046600,0
828,583.89,17,0.021933,0.0000,0.046900,0
829,583.36,17,0.000590,0.0000,0.046700,0
830,582.63,17,0.003475,0.0000,0.044800,0
831,582.36,17,0.004101,0.0000,0.044000,0
832,582.16,17,0.030411,0.0000,0.043500,0
833,581.90,3,0.068640,0.0000,0.030300,0
834,581.43,3,0.088070,0.0000,0.026900,0
835,581.10,3,0.098516,0.0000,0.028500,0
836,580.64,3,0.096906,0.0000,0.028600,0
837,579.58,3,0.100083,0.0000,0.030400,0
838,579.44,3,0.135487,0.0000,0.030100,0
839,578.51,3,0.133117,0.0000,0.028700,0
840,578.51,3,0.140073,0.0000,0.026600,0
841,578.18,3,0.117280,0.0000,0.030000,0
842,577.98,3,0.096587,0.0000,0.028500,0
843,577.32,3,0.088917,0.0000,0.025700,0
844,577.32,3,0.087164,0.0000,0.028700,0
845,576.59,3,0.075657,0.0000,0.029500,0
846,576.46,3,0.071669,0.0000,0.028700,0
847,576.26,3,0.073539,0.0000,0.028900,0
848,575.60,3,0.084586,0.0000,0.029400,0
849,575.46,3,0.102355,0.0000,0.029200,0
850,575.26,3,0.123647,0.0000,0.025000,0
851,574.53,3,0.121070,0.0000,0.028800,0
852,574.53,3,0.121324,0.0000,0.031200,0
853,574.27,3,0.125954,0.0000,0.028600,0
854,573.60,3,0.130308,0.0000,0.028900,0
855,573.34,3,0.139984,0.0000,0.028900,0
856,573.34,3,0.138742,0.0000,0.028800,0
857,572.48,3,0.128702,0.0000,0.026700,0
858,572.41,3,0.105393,0.0000,0.028400,0
859,571.61,3,0.096005,0.0000,0.028100,0
860,571.48,3,0.085280,0.0000,0.027500,0
861,571.42,3,0.077515,0.0000,0.027300,0
862,570.82,3,0.077570,0.0000,0.029400,0
863,570.55,3,0.088176,0.0000,0.029100,0
864,570.29,3,0.090332,0.0000,0.026800,0
865,569.56,3,0.090084,0.0000,0.028600,0
866,569.56,3,0.092490,0.0000,0.030100,0
867,569.09,3,0.098504,0.0000,0.027900,0
868,568.56,3,0.111309,0.0000,0.027600,0
869,568.56,3,0.105408,0.0000,0.026600,0
870,567.57,3,0.108832,0.0000,0.031500,0
871,566.57,3,0.112656,0.0000,0.027700,0
872,566.51,3,0.104561,0.0000,0.030900,0
873,565.51,3,0.109493,0.0000,0.027200,0
874,565.51,3,0.111747,0.0000,0.029300,0
875,565.18,3,0.103480,0.0000,0.027500,0
876,564.65,3,0.100087,0.0000,0.031600,0
877,564.52,3,0.104588,0.0000,0.028300,0
878,564.18,3,0.096945,0.0000,0.027900,0
879,564.18,3,0.085339,0.0000,0.027600,0
880,563.65,3,0.073534,0.0000,0.029000,0
881,563.45,3,0.069048,0.0000,0.027300,0
882,562.72,17,0.054063,0.0000,0.045900,0
883,562.72,3,0.058176,0.0000,0.022500,0
884,561.60,3,0.089240,0.0000,0.030000,0
885,561.60,3,0.106330,0.0000,0.027900,0
886,561.46,3,0.127786,0.0000,0.026300,0
887,560.47,3,0.148856,0.0000,0.028300,0
888,560.27,3,0.146527,0.0000,0.028400,0
889,560.27,3,0.134796,0.0000,0.027500,0
890,559.67,3,0.123362,0.0000,0.027800,0
891,559.47,3,0.108756,0.0000,0.027800,0
892,559.27,3,0.101293,0.0000,0.029500,0
893,558.61,3,0.098274,0.0000,0.028200,0
894,558.48,3,0.092564,0.0000,0.029700,0
895,558.28,3,0.084507,0.0000,0.030500,0
896,557.62,3,0.072241,0.0000,0.027800,0
897,557.28,17,0.048666,0.0000,0.042800,0
898,557.28,17,0.025626,0.0000,0.048300,0
899,556.75,17,0.005715,0.0000,0.046400,0
900,556.62,17,0.044044,0.0000,0.047400,0
901,556.29,17,0.104931,0.0000,0.041400,0
902,555.62,17,0.123157,0.0000,0.043500,0
903,555.56,17,0.115634,0.0000,0.043600,0
904,554.76,17,0.104376,0.0000,0.044200,0
905,554.56,17,0.071650,0.0000,0.044800,0
906,553.90,17,0.054699,0.0000,0.045200,0
907,553.57,17,0.082497,0.0000,0.042900,0
908,553.37,17,0.076646,0.0000,0.043000,0
909,552.71,17,0.031117,0.0000,0.050400,0
910,552.71,17,0.046033,0.0000,0.040500,0
911,551.58,17,0.020256,0.2000,0.044400,0
912,551.58,17,0.048583,0.0000,0.046800,0
913,551.38,17,0.113465,0.0000,0.046200,0
914,550.85,17,0.138405,0.0000,0.050100,0
915,550.65,9,0.189883,0.0000,0.096700,0
916,550.38,9,0.201984,0.0000,0.094900,0
917,550.38,17,0.138880,0.0000,0.044700,0
918,549.72,17,0.019794,0.0000,0.046000,0
919,548.86,17,0.038864,0.0000,0.046700,0
920,548.72,17,0.028070,0.0000,0.047000,0
921,547.86,17,0.016002,0.0000,0.042800,0
922,547.46,17,0.010550,0.0000,0.048000,0
923,547.46,17,0.000300,0.0000,0.045400,0
924,546.67,17,0.012274,0.0000,0.047900,0
925,546.47,17,0.000863,0.0000,0.047700,0
926,546.00,17,0.048864,0.0000,0.044900,0
927,545.47,17,0.011826,0.0000,0.044200,0
928,545.47,17,0.029609,0.0000,0.044300,0
929,544.48,17,0.014134,0.0000,0.045200,0
930,544.48,17,0.004537,0.0000,0.042800,0
931,543.48,17,0.055126,0.0000,0.046300,0
932,543.22,17,0.034981,0.0000,0.041900,0
933,543.09,17,0.030015,0.0000,0.047400,0
934,542.95,17,0.031661,0.0000,0.051600,0
935,542.95,17,0.032655,0.0000,0.045700,0
936,542.22,17,0.107944,0.0000,0.045400,0
937,541.96,17,0.093023,0.0000,0.044300,0
938,541.56,17,0.087110,0.0000,0.043000,0
939,541.56,17,0.094331,0.0000,0.049300,0
940,541.23,17,0.049919,0.0000,0.040700,0
941,540.83,3,0.063333,0.0000,0.028400,0
942,540.56,3,0.072790,0.0000,0.028200,0
943,539.57,3,0.088053,0.0000,0.029900,0
944,539.57,3,0.099487,0.0000,0.027800,0
945,539.17,3,0.103377,0.0000,0.027500,0
946,538.97,3,0.110583,0.0000,0.028200,0
947,538.91,3,0.109636,0.0000,0.028900,0
948,538.57,3,0.112054,0.0000,0.029600,0
949,538.11,3,0.112469,0.0000,0.027500,0
950,537.91,3,0.114549,0.0000,0.026200,0
951,537.58,3,0.112029,0.0000,0.023700,0
952,537.58,3,0.102087,0.0000,0.027300,0
953,537.05,3,0.094560,0.0000,0.029000,0
954,536.92,3,0.088016,0.0000,0.027100,0
955,536.85,3,0.065318,0.0000,0.024600,0
956,536.85,17,0.053461,0.0000,0.042200,0
957,536.05,17,0.044853,0.0000,0.045700,0
958,535.92,17,0.032915,0.0000,0.045300,0
959,535.32,17,0.033793,0.0000,0.048000,0
960,535.06,17,0.036508,0.0000,0.047100,0
961,534.92,17,0.005962,0.0000,0.047100,0
962,534.66,17,0.013853,0.0000,0.043700,0
963,534.26,17,0.030362,0.0000,0.043400,0
964,534.06,17,0.031162,0.0000,0.045200,0
965,533.66,17,0.040921,0.0000,0.048800,0
966,533.20,17,0.012343,0.0000,0.042400,0
967,533.07,3,0.066224,0.0000,0.028900,0
968,532.67,3,0.061435,0.0000,0.030400,0
969,532.20,17,0.024372,0.0000,0.045600,0
970,531.94,3,0.168373,0.0000,0.029100,0
971,531.67,3,0.161576,0.0000,0.030400,0
972,531.67,3,0.143529,0.0000,0.026500,0
973,531.14,3,0.153980,0.0000,0.028400,0
974,530.41,3,0.133942,0.0000,0.029200,0
975,530.21,3,0.129015,0.0000,0.032500,0
976,530.15,3,0.100335,0.0000,0.027800,0
977,529.95,3,0.061390,0.0000,0.027000,0
978,529.09,3,0.078458,0.0000,0.030200,0
979,528.95,3,0.093731,0.0000,0.027500,0
980,528.75,3,0.199290,0.0000,0.029400,0
981,528.09,3,0.190290,0.0000,0.029200,0
982,527.49,3,0.171850,0.0000,0.026000,0
983,527.49,3,0.178799,0.0000,0.029300,0
984,527.10,3,0.165488,0.0000,0.030000,0
985,526.76,3,0.161436,0.0000,0.028000,0
986,526.37,3,0.156930,0.0000,0.027900,0
987,526.37,3,0.155154,0.0000,0.027900,0
988,525.50,3,0.153011,0.0000,0.026400,0
989,525.11,3,0.156895,0.0000,0.028500,0
990,525.11,3,0.161148,0.0000,0.031000,0
991,523.51,3,0.145814,0.0000,0.028400,0
992,523.51,3,0.145895,0.0000,0.026200,0
993,523.25,3,0.155343,0.0000,0.025000,0
994,522.39,3,0.144972,0.0000,0.031400,0
995,522.19,3,0.117142,0.0000,0.031200,0
996,522.05,3,0.085258,0.0000,0.027300,0
997,521.39,3,0.063252,0.0000,0.031200,0
998,521.19,3,0.059939,0.0000,0.027900,0
999,520.93,3,0.064440,0.0000,0.025300,0
1000,520.46,17,0.044563,0.0000,0.043900,0
1001,520.06,17,0.046532,0.0000,0.047300,0
1002,519.47,17,0.051961,0.0000,0.045100,0
1003,519.07,17,0.050169,0.0000,0.047300,0
1004,518.67,17,0.027449,0.0000,0.047200,0
1005,518.21,17,0.041256,0.0000,0.045600,0
1006,518.07,17,0.028411,0.0000,0.043400,0
1007,517.48,17,0.022971,0.0000,0.041200,0
1008,517.08,17,0.013441,0.0000,0.043900,0
1009,517.01,17,0.003406,0.0000,0.046300,0
1010,516.48,17,0.053337,0.0000,0.047800,0
1011,516.21,17,0.054501,0.0000,0.046700,0
1012,516.08,17,0.056051,0.0000,0.048000,0
1013,515.49,17,0.047952,0.0000,0.039000,0
1014,515.22,17,0.038376,0.0000,0.048200,0
1015,515.15,17,0.039300,0.0000,0.047000,0
1016,514.95,17,0.030277,0.0000,0.045300,0
1017,514.95,17,0.033527,0.0000,0.046400,0
1018,514.16,17,0.040447,0.0000,0.047500,0
1019,514.09,3,0.083124,0.0000,0.027900,0
1020,513.43,3,0.118860,0.0000,0.025500,0
1021,513.10,3,0.145796,0.0000,0.030100,0
1022,513.03,3,0.162387,0.0000,0.028300,0
1023,512.43,3,0.169562,0.0000,0.029000,0
1024,512.10,3,0.176804,0.0000,0.029800,0
1025,511.97,3,0.185413,0.0000,0.025800,0
1026,511.50,3,0.182006,0.0000,0.029300,0
1027,511.44,3,0.176999,0.0000,0.025900,0
1028,511.24,3,0.170235,0.0000,0.029800,0
1029,510.44,3,0.169438,0.0000,0.024300,0
1030,510.24,3,0.178006,0.0000,0.028400,0
1031,510.24,3,0.173702,0.0000,0.029300,0
1032,509.51,3,0.177837,0.0000,0.027800,0
1033,509.25,3,0.179988,0.0000,0.027600,0
1034,508.45,3,0.179901,0.0000,0.028500,0
1035,508.25,3,0.181209,0.0000,0.029900,0
1036,508.25,3,0.174296,0.0000,0.025900,0
1037,507.39,3,0.179731,0.0000,0.024400,0
1038,507.06,3,0.185071,0.0000,0.026800,0
1039,506.46,3,0.186731,0.0000,0.025000,0
1040,506.40,3,0.175799,0.0000,0.026400,0
1041,506.06,3,0.165174,0.0000,0.027400,0
1042,505.53,3,0.165080,0.0000,0.028100,0
1043,505.53,3,0.158909,0.0000,0.029100,0
1044,505.40,3,0.163159,0.0000,0.028300,0
1045,504.41,3,0.160726,0.0000,0.027600,0
1046,504.41,3,0.160692,0.0000,0.030000,0
1047,503.48,3,0.162873,0.0000,0.028000,0
1048,503.34,3,0.164716,0.0000,0.025200,0
1049,503.34,3,0.167508,0.0000,0.026300,0
1050,502.48,3,0.157542,0.0000,0.026900,0
1051,502.15,3,0.109888,0.0000,0.025300,0
1052,502.15,3,0.132642,0.0000,0.029100,0
1053,501.55,3,0.105523,0.0000,0.030400,0
1054,501.15,3,0.093191,0.0000,0.028200,0
1055,500.56,3,0.091507,0.0000,0.027200,0
1056,500.49,3,0.069701,0.0000,0.029100,0
1057,500.16,3,0.056905,0.0000,0.028400,0
1058,499.56,17,0.041203,0.0000,0.042800,0
1059,499.50,17,0.020171,0.0000,0.048500,0
1060,499.16,17,0.015790,0.0000,0.043600,0
1061,498.50,17,0.023760,0.0000,0.044700,0
1062,498.43,17,0.020536,0.0000,0.044300,0
1063,498.43,17,0.022306,0.0000,0.048700,0
1064,497.51,17,0.016297,0.0000,0.046500,0
1065,497.51,17,0.018569,0.0000,0.046500,0
1066,496.51,17,0.003013,0.2000,0.046800,0
1067,496.51,17,0.005744,0.0000,0.043600,0
1068,495.91,17,0.019521,0.0000,0.048000,0
1069,495.58,17,0.027581,0.0000,0.047700,0
1070,494.92,17,0.031534,0.0000,0.048200,0
1071,494.59,17,0.032507,0.0000,0.045100,0
1072,494.25,17,0.051573,0.0000,0.042800,0
1073,494.25,3,0.099655,0.0000,0.029000,0
1074,493.59,3,0.112395,0.0000,0.027000,0
1075,493.59,3,0.123576,0.0000,0.030300,0
1076,492.79,3,0.139861,0.0000,0.026100,0
1077,492.60,3,0.153095,0.0000,0.029300,0
1078,491.60,3,0.166881,0.0000,0.027000,0
1079,491.60,3,0.178872,0.0000,0.027400,0
1080,490.87,3,0.189756,0.0000,0.028000,0
1081,490.67,3,0.180614,0.0000,0.026800,0
1082,489.68,3,0.156960,0.0000,0.025800,0
1083,489.68,3,0.169397,0.0000,0.028600,0
1084,489.08,3,0.136697,0.0000,0.029800,0
1085,488.88,3,0.129844,0.0000,0.029500,0
1086,488.61,3,0.095440,0.0000,0.028500,0
1087,487.82,3,0.087881,0.0000,0.030300,0
1088,487.55,3,0.089653,0.0000,0.026400,0
1089,486.82,3,0.088271,0.0000,0.029500,0
1090,486.82,3,0.079240,0.0000,0.027900,0
1091,485.89,3,0.127702,0.0000,0.029700,0
1092,485.89,3,0.118242,0.0000,0.028800,0
1093,484.90,3,0.103056,0.0000,0.025600,0
1094,484.90,3,0.088875,0.0000,0.025600,0
1095,483.97,3,0.092541,0.0000,0.026000,0
1096,483.97,3,0.089068,0.0000,0.030000,0
1097,483.84,3,0.082546,0.0000,0.028700,0
1098,482.91,3,0.084133,0.0000,0.026400,0
1099,482.71,3,0.075219,0.0000,0.029000,0
1100,482.18,3,0.077915,0.0000,0.027000,0
1101,482.11,3,0.082313,0.0000,0.026900,0
1102,481.78,3,0.071168,0.0000,0.027000,0
1103,481.18,3,0.100005,0.0000,0.025000,0
1104,481.18,3,0.117275,0.0000,0.030100,0
1105,480.45,3,0.121013,0.0000,0.029200,0
1106,480.19,3,0.115393,0.0000,0.027300,0
1107,480.19,3,0.110091,0.0000,0.027700,0
1108,479.79,3,0.108980,0.0000,0.026300,0
1109,479.46,3,0.108957,0.0000,0.027100,0
1110,478.93,3,0.110364,0.0000,0.027600,0
1111,478.80,3,0.118681,0.0000,0.029700,0
1112,477.53,3,0.117129,0.0000,0.028800,0
1113,477.53,3,0.117813,0.0000,0.028400,0
1114,476.87,3,0.120329,0.0000,0.026600,0
1115,476.54,3,0.148507,0.0000,0.029600,0
1116,476.54,3,0.138125,0.0000,0.025800,0
1117,476.08,3,0.118990,0.0000,0.026300,0
1118,475.54,3,0.116097,0.0000,0.031300,0
1119,474.95,3,0.112412,0.0000,0.030100,0
1120,474.55,3,0.116714,0.0000,0.028400,0
1121,474.08,3,0.111513,0.0000,0.026100,0
1122,474.02,3,0.105987,0.0000,0.028600,0
1123,473.55,3,0.110334,0.0000,0.027200,0
1124,473.09,3,0.116471,0.0000,0.025400,0
1125,473.02,3,0.121279,0.0000,0.026700,0
1126,472.16,3,0.118009,0.0000,0.025900,0
1127,471.90,3,0.131822,0.0000,0.026300,0
1128,471.90,3,0.115257,0.0000,0.026000,0
1129,471.17,3,0.116615,0.0000,0.027400,0
1130,471.10,3,0.116236,0.0000,0.027500,0
1131,470.63,3,0.120150,0.0000,0.027700,0
1132,470.63,3,0.122318,0.0000,0.026800,0
1133,470.17,3,0.122175,0.0000,0.026100,0
1134,470.10,3,0.118779,0.0000,0.029100,0
1135,469.90,3,0.116582,0.0000,0.027500,0
1136,469.64,3,0.121427,0.0000,0.028500,0
1137,469.11,3,0.138901,0.0000,0.029900,0
1138,468.64,3,0.155518,0.0000,0.029700,0
1139,468.64,3,0.167999,0.0000,0.027200,0
1140,468.25,3,0.177952,0.0000,0.025500,0
1141,468.11,3,0.185834,0.0000,0.026700,0
1142,467.65,3,0.194857,0.0000,0.026600,0
1143,467.18,3,0.202221,0.0000,0.029500,0
1144,467.12,3,0.203156,0.0000,0.027000,0
1145,466.65,3,0.193496,0.0000,0.031600,0
1146,466.65,3,0.194715,0.0000,0.025500,0
1147,466.12,3,0.188105,0.0000,0.029300,0
1148,466.06,3,0.189026,0.0000,0.027000,0
1149,465.19,3,0.187452,0.0000,0.026800,0
1150,465.13,3,0.189272,0.0000,0.031000,0
1151,464.73,3,0.185981,0.0000,0.028300,0
1152,464.13,3,0.178759,0.0000,0.029300,0
1153,463.93,3,0.169303,0.0000,0.028800,0
1154,463.47,3,0.143660,0.0000,0.030400,0
1155,463.20,3,0.100819,0.0000,0.026700,0
1156,463.14,3,0.101802,0.0000,0.028500,0
1157,462.74,3,0.089549,0.0000,0.029700,0
1158,462.47,3,0.059349,0.0000,0.029700,0
1159,462.21,17,0.037116,0.0000,0.043500,0
1160,462.14,17,0.036050,0.0000,0.044200,0
1161,461.94,17,0.016810,0.0000,0.047100,0
1162,461.74,17,0.095445,0.0000,0.043800,0
1163,461.48,17,0.118991,0.0000,0.048300,0
1164,461.21,17,0.151080,0.0000,0.049200,0
1165,461.21,9,0.242067,0.0000,0.093000,0
1166,460.48,9,0.356825,0.0000,0.099800,0
1167,460.22,9,0.204513,0.0000,0.092000,0
1168,460.22,9,0.268699,0.2000,0.087100,0
1169,460.09,17,0.111075,0.0000,0.044000,0
1170,460.09,17,0.092679,0.0000,0.047600,0
1171,459.22,17,0.078434,0.2000,0.044300,0
1172,459.22,17,0.093622,0.0000,0.048200,0
1173,459.09,17,0.065217,0.0000,0.044000,0
1174,458.49,17,0.109238,0.0000,0.045300,0
1175,458.49,17,0.008913,0.0000,0.044700,0
1176,458.23,9,0.481133,0.0000,0.093900,0
1177,458.16,9,0.376949,0.0000,0.103500,0
1178,458.03,9,0.373405,0.0000,0.093400,0
1179,457.50,9,0.255070,0.0000,0.097700,0
1180,457.50,17,0.146237,0.0000,0.046700,0
1181,457.23,17,0.034432,0.0000,0.044800,0
1182,457.17,17,0.050340,0.0000,0.049400,0
1183,457.03,3,0.107492,0.0000,0.029000,0
1184,456.83,3,0.093266,0.0000,0.027200,0
1185,456.83,3,0.107093,0.0000,0.029400,0
1186,456.24,3,0.147100,0.0000,0.029600,0
1187,456.17,3,0.154148,0.0000,0.029000,0
1188,456.04,3,0.159049,0.0000,0.026400,0
1189,455.57,3,0.174306,0.0000,0.027900,0
1190,455.44,3,0.187524,0.0000,0.030700,0
1191,455.24,3,0.202254,0.0000,0.027100,0
1192,455.18,3,0.211665,0.0000,0.026300,0
1193,455.04,3,0.216593,0.0000,0.028300,0
1194,454.84,3,0.212137,0.0000,0.028300,0
1195,454.38,3,0.200101,0.0000,0.026500,0
1196,454.25,3,0.189112,0.0000,0.027400,0
1197,454.18,3,0.186938,0.0000,0.027700,0
1198,454.11,3,0.187226,0.0000,0.024700,0
1199,453.85,3,0.184786,0.0000,0.027100,0
1200,453.45,3,0.190012,0.0000,0.029100,0
1201,453.32,3,0.195092,0.0000,0.029600,0
1202,453.19,3,0.206592,0.0000,0.029100,0
1203,453.19,3,0.201261,0.0000,0.026700,0
1204,452.52,3,0.211417,0.0000,0.029900,0
1205,452.46,3,0.215846,0.0000,0.031400,0
1206,452.32,3,0.214961,0.0000,0.026800,0
1207,452.19,3,0.215885,0.0000,0.025900,0
1208,451.92,3,0.210087,0.0000,0.027800,0
1209,451.53,3,0.212254,0.0000,0.025300,0
1210,451.46,3,0.203119,0.0000,0.029800,0
1211,451.19,3,0.186798,0.0000,0.027200,0
1212,450.93,3,0.170171,0.0000,0.026700,0
1213,450.53,3,0.145777,0.0000,0.027500,0
1214,450.47,3,0.132546,0.0000,0.027100,0
1215,450.27,3,0.095712,0.0000,0.029100,0
1216,450.27,3,0.079509,0.0000,0.027500,0
1217,449.93,3,0.054648,0.0000,0.026000,0
1218,449.47,17,0.011951,0.0000,0.047600,0
1219,449.27,3,0.140109,0.0000,0.027400,0
1220,449.27,3,0.136932,0.0000,0.029300,0
1221,448.94,3,0.129634,0.0000,0.028400,0
1222,448.47,3,0.127853,0.0000,0.027100,0
1223,448.41,3,0.125674,0.0000,0.028100,0
1224,448.41,3,0.122561,0.0000,0.027900,0
1225,447.94,3,0.127682,0.0000,0.031300,0
1226,447.48,3,0.129329,0.0000,0.025300,0
1227,447.41,3,0.136224,0.0000,0.025900,0
1228,447.28,3,0.146035,0.0000,0.027100,0
1229,447.21,3,0.144935,0.0000,0.027000,0
1230,446.48,3,0.151911,0.0000,0.027200,0
1231,446.42,3,0.156501,0.0000,0.026000,0
1232,446.22,3,0.155196,0.0000,0.029200,0
1233,446.22,3,0.156730,0.0000,0.027800,0
1234,445.49,3,0.134207,0.0000,0.026000,0
1235,445.42,3,0.112258,0.0000,0.031500,0
1236,445.22,3,0.079241,0.0000,0.026500,0
1237,445.22,3,0.095607,0.0000,0.028600,0
1238,444.49,3,0.075412,0.0000,0.025200,0
1239,444.43,3,0.068328,0.0000,0.028600,0
1240,444.23,3,0.060326,0.0000,0.028700,0
1241,444.23,3,0.055735,0.0000,0.029100,0
1242,444.03,17,0.039194,0.0000,0.048100,0
1243,443.43,17,0.033770,0.0000,0.041400,0
1244,443.23,17,0.023855,0.0000,0.044200,0
1245,443.03,17,0.015682,0.0000,0.040800,0
1246,442.50,17,0.006399,0.0000,0.048100,0
1247,442.44,17,0.021301,0.0000,0.047100,0
1248,442.24,17,0.009680,0.0000,0.048100,0
1249,442.24,17,0.010762,0.0000,0.046400,0
1250,442.04,17,0.015123,0.0000,0.048600,0
1251,441.51,3,0.056749,0.0000,0.028400,0
1252,441.44,3,0.059730,0.0000,0.030300,0
1253,441.31,3,0.092982,0.0000,0.025700,0
1254,441.31,3,0.109037,0.0000,0.027700,0
1255,441.04,3,0.104818,0.0000,0.028600,0
1256,440.51,3,0.066697,0.0000,0.028500,0
1257,440.51,3,0.086282,0.0000,0.028500,0
1258,440.31,3,0.060779,0.0000,0.029500,0
1259,440.31,17,0.052412,0.0000,0.045700,0
1260,439.52,3,0.059459,0.0000,0.026700,0
1261,439.52,3,0.070690,0.0000,0.029500,0
1262,439.32,3,0.075175,0.0000,0.027300,0
1263,439.12,3,0.098682,0.0000,0.027400,0
1264,439.12,3,0.110840,0.0000,0.029200,0
1265,438.52,3,0.095141,0.0000,0.026600,0
1266,438.52,3,0.068387,0.0000,0.026900,0
1267,438.32,3,0.068848,0.0000,0.028400,0
1268,438.12,3,0.059902,0.0000,0.029200,0
1269,438.12,3,0.063215,0.0000,0.029900,0
1270,437.53,3,0.068568,0.0000,0.028500,0
1271,437.46,17,0.034434,0.0000,0.044400,0
1272,437.46,17,0.020053,0.0000,0.045200,0
1273,436.53,17,0.005480,0.0000,0.046600,0
1274,436.53,17,0.015501,0.0000,0.047600,0
1275,436.33,17,0.019042,0.0000,0.042300,0
1276,436.33,17,0.029582,0.0000,0.045900,0
1277,435.87,17,0.046275,0.0000,0.042800,0
1278,435.60,17,0.062964,0.0000,0.046000,0
1279,435.47,17,0.060739,0.0000,0.046600,0
1280,435.14,17,0.059659,0.0000,0.045600,0
1281,434.87,17,0.069277,0.0000,0.044900,0
1282,434.61,17,0.068675,0.0000,0.042400,0
1283,434.48,17,0.063901,0.0000,0.047100,0
1284,434.41,17,0.042370,0.0000,0.045900,0
1285,434.14,17,0.021642,0.0000,0.044700,0
1286,433.88,17,0.007701,0.0000,0.047400,0
1287,433.48,17,0.042664,0.0000,0.043500,0
1288,433.48,3,0.070622,0.0000,0.028700,0
1289,433.41,3,0.093619,0.0000,0.025600,0
1290,433.41,3,0.084650,0.0000,0.030100,0
1291,432.82,3,0.064298,0.0000,0.027700,0
1292,432.49,17,0.038949,0.0000,0.043100,0
1293,432.22,3,0.142512,0.0000,0.032000,0
1294,432.22,3,0.092636,0.0000,0.026800,0
1295,431.62,3,0.155609,0.0000,0.025900,0
1296,431.49,3,0.157189,0.0000,0.024400,0
1297,431.22,3,0.156061,0.0000,0.025500,0
1298,431.22,3,0.156688,0.0000,0.027900,0
1299,430.89,3,0.156841,0.0000,0.027100,0
1300,430.56,3,0.167412,0.0000,0.029400,0
1301,430.49,3,0.174254,0.0000,0.026800,0
1302,430.23,3,0.179344,0.0000,0.027500,0
1303,430.23,3,0.175987,0.0000,0.027300,0
1304,429.90,3,0.173595,0.0000,0.030300,0
1305,429.57,3,0.165886,0.0000,0.029400,0
1306,429.57,3,0.170744,0.0000,0.025800,0
1307,429.23,17,0.049362,0.0000,0.043200,0
1308,429.23,3,0.123045,0.0000,0.025600,0
1309,428.97,3,0.161203,0.0000,0.029900,0
1310,428.57,3,0.161702,0.0000,0.029600,0
1311,428.50,3,0.157501,0.0000,0.028000,0
1312,428.50,3,0.160760,0.0000,0.026500,0
1313,427.84,3,0.160365,0.0000,0.029400,0
1314,427.58,3,0.176724,0.0000,0.025600,0
1315,427.51,3,0.175335,0.0000,0.028800,0
1316,427.38,3,0.169496,0.0000,0.027500,0
1317,427.38,3,0.171953,0.0000,0.027300,0
1318,426.85,3,0.167700,0.0000,0.026600,0
1319,426.51,3,0.162831,0.0000,0.028200,0
1320,426.31,3,0.151152,0.0000,0.028200,0
1321,426.31,3,0.147074,0.0000,0.029600,0
1322,425.85,3,0.151085,0.0000,0.028500,0
1323,425.59,3,0.149856,0.0000,0.028900,0
1324,425.52,3,0.188944,0.0000,0.028400,0
1325,425.32,3,0.198236,0.0000,0.029100,0
1326,425.32,3,0.203537,0.0000,0.026300,0
1327,424.92,3,0.205341,0.0000,0.027800,0
1328,424.59,3,0.202888,0.0000,0.026500,0
1329,424.52,3,0.184645,0.0000,0.026000,0
1330,424.52,3,0.162343,0.0000,0.026500,0
1331,423.86,3,0.147061,0.0000,0.027600,0
1332,423.79,3,0.141716,0.0000,0.027100,0
1333,423.66,3,0.130705,0.0000,0.028700,0
1334,423.66,3,0.118348,0.0000,0.030900,0
1335,423.33,3,0.123226,0.0000,0.024100,0
1336,423.06,3,0.126301,0.0000,0.028100,0
1337,422.80,3,0.125085,0.0000,0.026400,0
1338,422.67,3,0.135775,0.0000,0.029000,0
1339,422.67,3,0.128797,0.0000,0.027000,0
1340,422.33,3,0.128286,0.0000,0.030500,0
1341,422.33,3,0.118968,0.0000,0.026700,0
1342,421.87,3,0.102089,0.0000,0.030300,0
1343,421.67,3,0.155165,0.0000,0.028600,0
1344,421.67,3,0.171224,0.0000,0.028400,0
1345,421.34,3,0.177072,0.0000,0.029100,0
1346,421.34,3,0.178152,0.0000,0.026100,0
1347,420.87,3,0.186351,0.0000,0.027000,0
1348,420.61,3,0.163894,0.0000,0.027100,0
1349,420.61,3,0.177322,0.0000,0.028400,0
1350,419.88,3,0.170382,0.0000,0.027700,0
1351,419.68,3,0.170431,0.0000,0.030400,0
1352,419.41,3,0.165456,0.0000,0.030000,0
1353,419.41,3,0.168500,0.0000,0.028100,0
1354,418.82,3,0.064578,0.0000,0.027300,0
1355,418.42,3,0.059241,0.0000,0.029500,0
1356,418.42,3,0.060153,0.0000,0.030000,0
1357,417.89,17,0.046726,0.0000,0.046000,0
1358,417.76,17,0.035915,0.0000,0.044900,0
1359,417.76,17,0.040801,0.0000,0.047400,0
1360,417.42,17,0.012695,0.0000,0.049500,0
1361,417.42,17,0.023709,0.0000,0.046200,0
1362,416.83,17,0.017342,0.0000,0.043600,0
1363,416.63,17,0.032262,0.0000,0.052000,0
1364,416.63,17,0.025855,0.0000,0.045300,0
1365,416.43,17,0.035835,0.0000,0.046800,0
1366,416.43,17,0.039249,0.0000,0.042400,0
1367,415.90,17,0.040320,0.0000,0.044500,0
1368,415.70,17,0.040652,0.0000,0.043200,0
1369,415.43,17,0.031518,0.0000,0.045400,0
1370,415.43,17,0.022550,0.0000,0.042700,0
1371,414.90,17,0.009572,0.0000,0.045700,0
1372,414.77,17,0.022103,0.0000,0.045900,0
1373,414.77,17,0.003965,0.0000,0.048300,0
1374,413.97,17,0.086614,0.0000,0.046100,0
1375,413.97,17,0.045497,0.0000,0.044000,0
1376,413.78,17,0.146162,0.0000,0.045500,0
1377,413.51,9,0.192346,0.0000,0.095000,0
1378,412.85,9,0.266705,0.0000,0.095400,0
1379,412.51,9,0.349739,0.0000,0.095400,0
1380,411.85,9,0.330435,0.0000,0.098300,0
1381,411.52,9,0.321347,0.0000,0.096800,0
1382,411.52,9,0.314459,0.0000,0.097800,0
1383,411.06,9,0.305659,0.0000,0.094800,0
1384,410.86,9,0.234643,0.0000,0.096900,0
1385,410.86,9,0.266099,0.0000,0.093200,0
1386,409.99,9,0.213160,0.0000,0.092700,0
1387,409.53,9,0.191780,0.0000,0.092900,0
1388,409.53,9,0.192305,0.0000,0.099600,0
1389,409.26,9,0.189665,0.0000,0.095400,0
1390,409.26,9,0.214597,0.0000,0.092900,0
1391,408.87,17,0.140471,0.0000,0.045000,0
1392,408.53,17,0.134855,0.0000,0.045700,0
1393,408.53,17,0.141246,0.0000,0.043900,0
1394,408.14,17,0.024018,0.0000,0.043500,0
1395,408.14,17,0.072255,0.0000,0.045900,0
1396,407.87,17,0.024040,0.0000,0.045400,0
1397,407.87,17,0.043936,0.0000,0.043900,0
1398,407.14,17,0.041700,0.0000,0.045600,0
1399,407.07,3,0.067538,0.0000,0.028600,0
1400,406.88,3,0.084845,0.0000,0.030000,0
1401,406.61,3,0.114082,0.0000,0.027400,0
1402,406.61,3,0.125558,0.0000,0.026000,0
1403,406.15,3,0.138557,0.0000,0.029500,0
1404,405.95,3,0.147568,0.0000,0.026000,0
1405,405.61,3,0.154408,0.0000,0.029100,0
1406,405.61,3,0.157044,0.0000,0.027900,0
1407,405.15,3,0.205919,0.0000,0.024500,0
1408,405.15,3,0.164929,0.0000,0.026800,0
1409,404.95,3,0.194689,0.0000,0.029400,0
1410,404.62,3,0.188004,0.0000,0.025500,0
1411,404.09,3,0.179891,0.0000,0.025700,0
1412,404.09,3,0.167134,0.0000,0.027100,0
1413,404.02,3,0.148152,0.0000,0.027500,0
1414,403.96,3,0.138067,0.0000,0.030700,0
1415,403.62,3,0.138449,0.0000,0.026300,0
1416,403.62,3,0.133979,0.0000,0.026000,0
1417,403.16,3,0.133399,0.0000,0.031100,0
1418,403.09,3,0.111546,0.0000,0.027500,0
1419,402.89,3,0.116026,0.0000,0.028200,0
1420,402.63,3,0.128105,0.0000,0.028600,0
1421,402.63,3,0.162051,0.0000,0.028300,0
1422,402.16,3,0.172873,0.0000,0.027900,0
1423,402.10,3,0.190628,0.0000,0.030000,0
1424,401.97,3,0.193160,0.0000,0.028500,0
1425,401.97,3,0.190174,0.0000,0.028900,0
1426,401.17,3,0.177911,0.0000,0.028300,0
1427,401.10,3,0.152852,0.0000,0.029600,0
1428,400.97,3,0.138383,0.0000,0.027100,0
1429,400.70,3,0.127330,0.0000,0.026300,0
1430,400.70,3,0.115724,0.0000,0.031000,0
1431,400.31,3,0.112970,0.0000,0.027500,0
1432,400.11,3,0.105886,0.0000,0.030700,0
1433,399.91,3,0.118555,0.0000,0.030400,0
1434,399.71,3,0.121239,0.0000,0.028700,0
1435,399.71,3,0.113902,0.0000,0.027300,0
1436,399.11,3,0.153797,0.0000,0.026100,0
1437,399.11,3,0.140264,0.0000,0.026700,0
1438,398.71,3,0.155438,0.0000,0.021900,0
1439,398.71,3,0.159966,0.0000,0.031400,0
1440,398.18,3,0.155211,0.0000,0.025400,0
1441,398.12,3,0.149188,0.0000,0.030700,0
1442,397.98,3,0.151011,0.0000,0.024200,0
1443,397.72,3,0.168545,0.0000,0.031200,0
1444,397.45,3,0.160855,0.0000,0.025900,0
1445,397.19,3,0.168372,0.0000,0.026400,0
1446,397.19,3,0.171926,0.0000,0.027100,0
1447,396.99,3,0.156006,0.0000,0.027500,0
1448,396.72,3,0.071680,0.0000,0.031100,0
1449,396.72,3,0.113110,0.0000,0.029400,0
1450,396.19,17,0.051670,0.0000,0.045500,0
1451,396.19,3,0.059048,0.0000,0.031300,0
1452,396.06,3,0.073391,0.0000,0.028700,0
1453,395.73,3,0.081866,0.0000,0.028100,0
1454,395.20,3,0.132702,0.0000,0.028200,0
1455,395.20,3,0.125546,0.0000,0.028400,0
1456,395.07,3,0.124396,0.0000,0.023900,0
1457,394.47,3,0.122026,0.0000,0.031500,0
1458,394.20,3,0.122966,0.0000,0.029000,0
1459,394.20,3,0.123097,0.0000,0.028900,0
1460,393.80,3,0.122866,0.0000,0.028400,0
1461,393.54,3,0.115317,0.0000,0.027100,0
1462,393.54,3,0.107468,0.0000,0.027300,0
1463,393.21,3,0.107451,0.0000,0.026200,0
1464,393.21,3,0.107380,0.0000,0.028100,0
1465,392.81,3,0.110363,0.0000,0.025500,0
1466,392.48,3,0.115572,0.0000,0.029700,0
1467,392.48,3,0.110917,0.0000,0.029800,0
1468,392.21,3,0.116635,0.0000,0.029000,0
1469,392.01,3,0.120450,0.0000,0.026300,0
1470,391.48,3,0.117222,0.0000,0.028400,0
1471,391.48,3,0.110694,0.0000,0.029400,0
1472,391.15,3,0.109689,0.0000,0.028500,0
1473,391.15,3,0.087605,0.0000,0.026900,0
1474,390.82,3,0.088138,0.0000,0.025100,0
1475,390.55,3,0.088612,0.0000,0.026400,0
1476,390.29,3,0.108092,0.0000,0.029700,0
1477,389.82,3,0.124422,0.0000,0.025800,0
1478,389.56,3,0.148117,0.0000,0.029700,0
1479,389.43,3,0.167623,0.0000,0.026700,0
1480,389.23,3,0.172221,0.0000,0.026600,0
1481,389.16,3,0.169141,0.0000,0.028200,0
1482,389.09,3,0.157672,0.0000,0.026800,0
1483,388.56,3,0.090628,0.0000,0.028000,0
1484,388.43,3,0.077950,0.0000,0.026600,0
1485,388.30,3,0.065302,0.0000,0.029900,0
1486,388.30,3,0.057742,0.0000,0.028100,0
1487,388.10,3,0.054339,0.0000,0.031300,0
1488,387.50,3,0.058592,0.0000,0.027700,0
1489,387.44,3,0.064465,0.0000,0.027300,0
1490,387.24,3,0.066230,0.0000,0.030400,0
1491,387.17,3,0.065327,0.0000,0.028900,0
1492,386.90,3,0.061094,0.0000,0.030200,0
1493,386.51,3,0.069484,0.0000,0.027400,0
1494,386.44,3,0.081349,0.0000,0.027100,0
1495,386.24,3,0.090909,0.0000,0.029200,0
1496,386.17,3,0.098712,0.0000,0.030500,0
1497,385.45,3,0.125059,0.0000,0.027800,0
1498,385.25,3,0.152107,0.0000,0.027300,0
1499,385.25,3,0.141614,0.0000,0.026900,0
1500,384.91,3,0.156992,0.0000,0.026600,0
1501,384.52,3,0.164203,0.0000,0.029200,0
1502,384.45,3,0.165700,0.0000,0.026600,0
1503,384.25,3,0.165738,0.0000,0.029100,0
1504,384.18,3,0.168351,0.0000,0.026600,0
1505,383.92,3,0.167944,0.0000,0.029600,0
1506,383.45,3,0.166733,0.0000,0.027400,0
1507,383.45,3,0.165738,0.0000,0.027500,0
1508,383.32,3,0.165333,0.0000,0.030200,0
1509,382.92,3,0.163006,0.0000,0.029700,0
1510,382.46,3,0.152201,0.0000,0.027000,0
1511,382.46,3,0.158176,0.0000,0.027800,0
1512,382.19,3,0.062282,0.0000,0.027600,0
1513,382.19,3,0.150325,0.0000,0.028300,0
1514,381.53,17,0.051792,0.0000,0.043600,0
1515,381.40,17,0.025338,0.0000,0.044100,0
1516,381.20,17,0.008069,0.0000,0.043000,0
1517,381.20,17,0.012001,0.0000,0.045300,0
1518,381.00,17,0.035967,0.0000,0.047900,0
1519,380.47,17,0.054310,0.0000,0.042100,0
1520,380.40,17,0.066930,0.0000,0.044400,0
1521,380.20,17,0.027520,0.0000,0.044500,0
1522,380.20,17,0.015103,0.0000,0.040200,0
1523,380.00,17,0.034406,0.0000,0.046500,0
1524,379.47,17,0.011095,0.0000,0.049100,0
1525,379.47,17,0.043260,0.0000,0.045400,0
1526,379.41,17,0.092558,0.0000,0.051700,0
1527,379.21,17,0.155888,0.0000,0.043300,0
1528,379.01,9,0.274536,0.0000,0.095300,0
1529,378.48,9,0.397539,0.0000,0.093300,0
1530,378.41,9,0.461670,0.0000,0.098300,0
1531,378.28,5,0.548023,0.0000,0.157600,0
1532,378.21,9,0.303099,0.0000,0.091300,0
1533,377.48,9,0.197986,0.0000,0.091200,0
1534,377.48,9,0.226874,0.0000,0.093100,0
1535,377.02,9,0.180182,0.0000,0.103200,0
1536,376.49,9,0.180455,0.0000,0.090100,0
1537,376.29,17,0.167241,0.0000,0.046700,0
1538,375.49,17,0.140615,0.0000,0.043500,0
1539,375.49,17,0.113264,0.0000,0.043400,0
1540,375.36,17,0.074807,0.0000,0.045700,0
1541,375.10,17,0.012732,0.0000,0.045300,0
1542,374.50,17,0.006634,0.0000,0.047300,0
1543,374.50,17,0.007202,0.0000,0.047300,0
1544,374.30,17,0.000210,0.0000,0.045400,0
1545,373.50,17,0.014775,0.0000,0.042000,0
1546,373.50,17,0.036062,0.0000,0.044000,0
1547,373.30,17,0.049056,0.0000,0.041700,0
1548,373.10,17,0.051722,0.0000,0.045800,0
1549,372.51,17,0.035298,0.0000,0.046300,0
1550,372.51,17,0.018775,0.0000,0.047500,0
1551,372.31,17,0.019622,0.0000,0.046400,0
1552,372.31,17,0.019329,0.0000,0.041600,0
1553,371.84,17,0.007676,0.0000,0.043500,0
1554,371.58,17,0.012004,0.0000,0.047200,0
1555,371.51,17,0.018974,0.0000,0.047500,0
1556,371.31,17,0.032605,0.0000,0.048100,0
1557,371.11,17,0.039774,0.0000,0.047400,0
1558,370.85,17,0.048673,0.0000,0.045500,0
1559,370.58,17,0.052357,0.0000,0.049600,0
1560,370.52,3,0.055153,0.0000,0.027900,0
1561,370.38,3,0.062743,0.0000,0.026500,0
1562,369.85,3,0.135603,0.0000,0.027300,0
1563,369.52,3,0.143450,0.0000,0.026600,0
1564,369.39,3,0.145248,0.0000,0.028400,0
1565,368.86,3,0.131387,0.0000,0.026600,0
1566,368.53,3,0.101828,0.0000,0.031500,0
1567,368.53,3,0.113881,0.0000,0.031000,0
1568,368.39,3,0.116046,0.0000,0.028200,0
1569,368.19,3,0.133186,0.0000,0.029500,0
1570,367.93,3,0.147759,0.0000,0.027600,0
1571,367.60,3,0.160667,0.0000,0.027000,0
1572,367.47,3,0.164617,0.0000,0.026500,0
1573,367.20,3,0.166347,0.0000,0.027200,0
1574,366.87,3,0.166747,0.0000,0.029700,0
1575,366.54,3,0.162537,0.0000,0.027100,0
1576,366.54,3,0.157081,0.0000,0.026600,0
1577,366.20,3,0.151672,0.0000,0.025500,0
1578,366.20,3,0.148807,0.0000,0.028800,0
1579,365.54,3,0.122869,0.0000,0.028400,0
1580,365.54,3,0.148306,0.0000,0.029200,0
1581,365.41,3,0.108324,0.0000,0.028700,0
1582,365.41,3,0.090730,0.0000,0.029900,0
1583,364.61,3,0.084741,0.0000,0.027700,0
1584,364.48,3,0.100173,0.0000,0.029200,0
1585,364.21,3,0.119514,0.0000,0.028300,0
1586,364.21,3,0.146183,0.0000,0.025900,0
1587,363.82,3,0.159389,0.0000,0.030900,0
1588,363.68,3,0.166994,0.0000,0.026100,0
1589,363.48,3,0.167975,0.0000,0.027100,0
1590,363.48,3,0.168008,0.0000,0.029900,0
1591,362.95,3,0.166278,0.0000,0.026400,0
1592,362.69,3,0.153251,0.0000,0.027700,0
1593,362.69,3,0.168625,0.0000,0.026300,0
1594,361.83,3,0.082157,0.0000,0.027700,0
1595,361.49,17,0.007466,0.0000,0.042500,0
1596,361.49,17,0.013495,0.0000,0.044700,0
1597,361.29,17,0.021678,0.0000,0.042900,0
1598,360.70,17,0.000561,0.0000,0.042200,0
1599,360.57,17,0.031943,0.0000,0.045400,0
1600,360.30,17,0.044069,0.0000,0.045600,0
1601,360.30,3,0.071601,0.0000,0.024600,0
1602,359.84,3,0.081652,0.0000,0.031300,0
1603,359.64,3,0.087304,0.0000,0.026900,0
1604,359.50,3,0.094794,0.0000,0.023300,0
1605,359.30,3,0.091122,0.0000,0.029100,0
1606,359.30,3,0.091382,0.0000,0.028200,0
1607,358.84,3,0.097336,0.0000,0.029000,0
1608,358.64,3,0.098895,0.0000,0.027200,0
1609,358.51,3,0.106983,0.0000,0.029800,0
1610,358.31,3,0.111549,0.0000,0.025300,0
1611,358.31,3,0.108910,0.0000,0.028200,0
1612,357.78,3,0.115672,0.0000,0.028500,0
1613,357.65,3,0.130427,0.0000,0.027000,0
1614,357.65,3,0.123007,0.0000,0.027700,0
1615,357.31,3,0.132735,0.0000,0.027600,0
1616,357.31,3,0.139457,0.0000,0.027100,0
1617,356.85,3,0.142609,0.0000,0.027400,0
1618,356.58,3,0.152975,0.0000,0.029300,0
1619,356.58,3,0.158908,0.0000,0.027400,0
1620,355.79,3,0.163418,0.0000,0.025000,0
1621,355.59,3,0.163380,0.0000,0.026800,0
1622,355.39,3,0.166981,0.0000,0.026600,0
1623,355.39,3,0.164802,0.0000,0.029200,0
1624,354.79,3,0.147988,0.0000,0.025900,0
1625,354.73,3,0.140702,0.0000,0.027400,0
1626,354.73,3,0.127341,0.0000,0.025400,0
1627,354.13,3,0.114280,0.0000,0.028000,0
1628,353.80,3,0.134828,0.0000,0.028500,0
1629,353.60,3,0.137744,0.0000,0.031300,0
1630,353.40,3,0.140094,0.0000,0.029700,0
1631,353.40,3,0.139169,0.0000,0.027900,0
1632,352.80,3,0.142957,0.0000,0.029400,0
1633,352.60,3,0.144906,0.0000,0.027300,0
1634,352.60,3,0.146972,0.0000,0.027300,0
1635,352.40,3,0.156395,0.0000,0.029300,0
1636,352.40,3,0.159074,0.0000,0.028600,0
1637,351.87,3,0.158030,0.0000,0.026000,0
1638,351.67,3,0.156636,0.0000,0.028200,0
1639,351.41,3,0.141820,0.0000,0.029200,0
1640,351.41,3,0.152913,0.0000,0.027200,0
1641,350.88,3,0.128183,0.0000,0.029500,0
1642,350.68,3,0.121935,0.0000,0.027500,0
1643,350.68,3,0.118173,0.0000,0.029000,0
1644,350.15,3,0.125089,0.0000,0.029100,0
1645,349.88,3,0.100227,0.0000,0.028800,0
1646,349.68,3,0.087489,0.0000,0.027900,0
1647,349.68,3,0.083363,0.0000,0.028200,0
1648,349.15,3,0.083914,0.0000,0.030000,0
1649,348.89,17,0.053558,0.0000,0.043300,0
1650,348.49,17,0.047054,0.0000,0.044000,0
1651,348.49,17,0.048979,0.0000,0.045400,0
1652,347.89,17,0.030427,0.0000,0.045000,0
1653,347.69,17,0.024238,0.0000,0.043800,0
1654,347.69,17,0.018390,0.0000,0.044600,0
1655,346.90,17,0.007860,0.0000,0.045000,0
1656,346.83,17,0.004558,0.0000,0.048200,0
1657,346.50,17,0.046418,0.0000,0.042900,0
1658,346.50,17,0.029055,0.0000,0.044400,0
1659,346.23,17,0.054857,0.0000,0.046600,0
1660,346.10,17,0.039175,0.0000,0.046400,0
1661,345.90,17,0.031024,0.0000,0.043800,0
1662,345.84,17,0.027468,0.0000,0.044000,0
1663,345.50,17,0.007186,0.0000,0.042700,0
1664,345.50,17,0.008997,0.0000,0.048800,0
1665,344.97,17,0.001753,0.0000,0.046000,0
1666,344.51,17,0.000505,0.0000,0.043400,0
1667,344.51,17,0.004063,0.0000,0.044200,0
1668,344.11,17,0.003751,0.0000,0.047900,0
1669,343.85,17,0.014776,0.0000,0.046800,0
1670,343.85,17,0.008999,0.0000,0.044500,0
1671,343.12,17,0.015692,0.0000,0.045600,0
1672,342.85,17,0.035596,0.0000,0.043700,0
1673,342.78,17,0.042714,0.0000,0.046000,0
1674,342.78,17,0.046562,0.0000,0.043200,0
1675,342.12,17,0.039520,0.0000,0.045100,0
1676,341.86,17,0.032404,0.0000,0.046400,0
1677,341.86,17,0.032076,0.0000,0.045500,0
1678,341.59,3,0.071148,0.0000,0.027200,0
1679,341.59,3,0.054950,0.0000,0.027900,0
1680,340.93,3,0.083268,0.0000,0.029700,0
1681,340.59,3,0.098771,0.0000,0.028300,0
1682,340.59,3,0.107700,0.0000,0.024200,0
1683,340.13,3,0.118417,0.0000,0.025800,0
1684,339.86,3,0.163006,0.0000,0.028900,0
1685,339.60,3,0.180966,0.0000,0.029000,0
1686,339.60,3,0.186429,0.0000,0.029200,0
1687,339.13,3,0.186468,0.0000,0.026000,0
1688,338.87,3,0.187699,0.0000,0.026800,0
1689,338.60,3,0.186819,0.0000,0.027800,0
1690,338.60,3,0.182571,0.0000,0.029700,0
1691,338.21,3,0.180079,0.0000,0.028500,0
1692,338.07,3,0.177509,0.0000,0.026500,0
1693,337.94,3,0.175177,0.0000,0.028700,0
1694,337.94,3,0.177180,0.0000,0.025600,0
1695,337.34,3,0.151407,0.0000,0.029400,0
1696,337.08,3,0.149684,0.0000,0.029800,0
1697,337.08,3,0.144860,0.0000,0.029700,0
1698,336.35,3,0.147142,0.0000,0.027800,0
1699,336.08,3,0.143201,0.0000,0.027800,0
1700,335.95,3,0.142144,0.0000,0.024600,0
1701,335.68,3,0.144691,0.0000,0.028800,0
1702,335.09,3,0.158178,0.0000,0.029700,0
1703,334.89,3,0.181348,0.0000,0.026600,0
1704,334.69,3,0.210244,0.0000,0.031000,0
1705,334.69,3,0.198202,0.0000,0.028400,0
1706,334.23,3,0.204585,0.0000,0.025600,0
1707,334.16,3,0.199877,0.0000,0.028800,0
1708,333.89,3,0.188976,0.0000,0.027600,0
1709,333.69,3,0.188539,0.0000,0.027800,0
1710,333.69,3,0.185447,0.0000,0.029600,0
1711,333.23,3,0.172991,0.0000,0.026400,0
1712,333.16,3,0.142204,0.0000,0.027400,0
1713,332.90,3,0.142938,0.0000,0.027100,0
1714,332.70,3,0.143576,0.0000,0.028400,0
1715,332.43,3,0.146764,0.0000,0.025300,0
1716,332.17,3,0.151828,0.0000,0.030200,0
1717,332.17,3,0.155622,0.0000,0.026700,0
1718,331.97,3,0.153999,0.0000,0.028700,0
1719,331.70,3,0.152910,0.0000,0.028900,0
1720,331.17,3,0.149172,0.0000,0.029800,0
1721,331.17,3,0.152192,0.0000,0.028400,0
1722,331.04,3,0.154337,0.0000,0.026000,0
1723,331.04,3,0.166224,0.0000,0.027300,0
1724,330.18,3,0.164435,0.0000,0.023400,0
1725,330.18,3,0.151164,0.0000,0.030000,0
1726,329.98,3,0.138090,0.0000,0.027400,0
1727,329.45,3,0.106425,0.0000,0.028100,0
1728,329.45,3,0.107810,0.0000,0.027000,0
1729,329.25,3,0.107563,0.0000,0.027600,0
1730,329.18,3,0.109309,0.0000,0.028100,0
1731,328.98,3,0.109810,0.0000,0.029300,0
1732,328.45,3,0.113380,0.0000,0.027900,0
1733,328.45,3,0.119445,0.0000,0.028100,0
1734,328.25,3,0.123503,0.0000,0.029100,0
1735,328.12,3,0.128857,0.0000,0.029200,0
1736,327.99,3,0.127787,0.0000,0.027900,0
1737,327.46,3,0.107859,0.0000,0.030200,0
1738,327.26,3,0.106552,0.0000,0.030200,0
1739,327.13,3,0.102143,0.0000,0.031000,0
1740,326.99,3,0.098836,0.0000,0.026900,0
1741,326.53,3,0.108012,0.0000,0.027500,0
1742,326.46,3,0.096679,0.0000,0.028400,0
1743,326.26,3,0.093452,0.0000,0.027600,0
1744,326.13,3,0.102361,0.0000,0.026600,0
1745,325.80,3,0.104129,0.0000,0.026200,0
1746,325.47,3,0.098244,0.0000,0.028500,0
1747,325.20,3,0.092261,0.0000,0.026300,0
1748,325.14,3,0.095008,0.0000,0.030000,0
1749,325.07,3,0.095104,0.0000,0.028400,0
1750,324.54,3,0.091758,0.0000,0.028900,0
1751,324.54,3,0.093824,0.0000,0.028600,0
1752,324.27,3,0.094246,0.0000,0.031100,0
1753,324.14,3,0.090218,0.0000,0.024500,0
1754,324.07,3,0.095222,0.0000,0.026300,0
1755,323.41,3,0.114071,0.0000,0.032700,0
1756,323.21,3,0.131319,0.0000,0.030100,0
1757,323.15,3,0.135154,0.0000,0.028000,0
1758,322.88,3,0.136627,0.0000,0.027900,0
1759,322.55,3,0.118813,0.0000,0.030300,0
1760,322.48,3,0.111801,0.0000,0.027100,0
1761,322.22,3,0.112046,0.0000,0.028000,0
1762,322.22,3,0.107638,0.0000,0.026900,0
1763,321.62,3,0.103967,0.0000,0.029200,0
1764,321.62,3,0.101042,0.0000,0.028300,0
1765,317.51,3,0.085220,0.0000,0.029300,0
1766,317.24,3,0.079697,0.0000,0.027300,0
1767,317.17,3,0.088023,0.0000,0.028600,0
1768,316.98,3,0.086040,0.0000,0.025900,0
1769,316.64,3,0.086743,0.0000,0.027500,0
1770,316.58,3,0.085927,0.0000,0.028700,0
1771,316.51,3,0.070636,0.0000,0.028600,0
1772,316.25,3,0.074760,0.0000,0.026800,0
1773,316.18,3,0.077008,0.0000,0.024900,0
1774,315.98,3,0.082275,0.0000,0.032300,0
1775,315.52,3,0.094033,0.0000,0.026300,0
1776,315.45,3,0.088948,0.0000,0.026300,0
1777,315.25,3,0.092152,0.0000,0.027000,0
1778,315.18,3,0.092277,0.0000,0.027700,0
1779,315.18,3,0.090652,0.0000,0.025300,0
1780,314.52,3,0.085695,0.0000,0.028300,0
1781,314.19,3,0.078388,0.0000,0.028800,0
1782,313.99,3,0.070595,0.0000,0.028400,0
1783,313.46,3,0.068067,0.0000,0.027800,0
1784,313.33,3,0.062603,0.0000,0.027100,0
1785,313.33,17,0.053428,0.0000,0.044100,0
1786,312.99,17,0.047855,0.0000,0.044700,0
1787,312.60,17,0.046457,0.0000,0.045500,0
1788,312.46,3,0.073390,0.0000,0.025300,0
1789,312.33,3,0.126674,0.0000,0.029200,0
1790,311.47,3,0.117950,0.0000,0.028000,0
1791,311.47,3,0.128057,0.0000,0.028700,0
1792,311.34,3,0.093690,0.0000,0.029200,0
1793,311.34,3,0.104114,0.0000,0.025600,0
1794,310.47,3,0.090947,0.0000,0.027600,0
1795,310.27,3,0.105780,0.0000,0.025700,0
1796,310.27,3,0.100395,0.0000,0.029600,0
1797,310.08,3,0.088302,0.0000,0.029700,0
1798,309.54,3,0.077764,0.0000,0.027400,0
1799,309.54,3,0.096207,0.0000,0.028600,0
1800,308.81,3,0.132050,0.0000,0.028400,0
1801,308.55,3,0.136173,0.0000,0.025600,0
1802,308.48,3,0.122154,0.0000,0.028200,0
1803,308.42,3,0.107766,0.0000,0.029700,0
1804,307.49,3,0.131005,0.0000,0.029100,0
1805,307.42,3,0.145618,0.0000,0.029300,0
1806,307.42,3,0.158498,0.0000,0.026300,0
1807,306.43,3,0.161289,0.0000,0.026800,0
1808,305.83,3,0.163402,0.0000,0.027900,0
1809,305.56,3,0.162916,0.0000,0.026400,0
1810,305.56,3,0.159571,0.0000,0.028600,0
1811,305.43,3,0.156235,0.0000,0.027800,0
1812,305.43,3,0.157162,0.0000,0.026000,0
1813,304.50,3,0.148396,0.0000,0.027300,0
1814,304.50,3,0.144601,0.0000,0.027900,0
1815,304.17,3,0.137748,0.0000,0.030200,0
1816,303.44,3,0.114594,0.0000,0.027000,0
1817,303.17,3,0.102046,0.0000,0.028400,0
1818,303.17,3,0.100393,0.0000,0.031300,0
1819,302.91,3,0.099273,0.0000,0.026800,0
1820,302.51,3,0.101662,0.0000,0.028700,0
1821,302.18,3,0.108194,0.0000,0.025100,0
1822,301.85,3,0.114447,0.0000,0.028100,0
1823,301.58,3,0.118523,0.0000,0.027600,0
1824,300.92,3,0.116391,0.0000,0.026200,0
1825,300.52,3,0.121280,0.0000,0.024600,0
1826,300.19,3,0.124888,0.0000,0.026500,0
1827,299.99,3,0.125272,0.0000,0.026900,0
1828,299.53,3,0.135330,0.0000,0.028200,0
1829,299.53,3,0.140544,0.0000,0.026800,0
1830,298.93,3,0.147684,0.0000,0.029200,0
1831,298.66,3,0.159682,0.0000,0.029200,0
1832,298.53,3,0.168733,0.0000,0.030600,0
1833,297.80,3,0.169976,0.0000,0.030000,0
1834,297.67,3,0.175611,0.0000,0.026700,0
1835,297.67,3,0.180442,0.0000,0.029500,0
1836,297.27,3,0.186937,0.0000,0.024500,0
1837,297.27,3,0.186376,0.0000,0.027500,0
1838,296.94,3,0.180742,0.0000,0.028400,0
1839,296.67,3,0.175775,0.0000,0.031600,0
1840,296.67,3,0.168854,0.0000,0.025800,0
1841,296.27,3,0.157842,0.0000,0.027800,0
1842,295.94,3,0.145275,0.0000,0.026900,0
1843,295.61,3,0.114388,0.0000,0.027600,0
1844,295.61,3,0.130299,0.0000,0.029500,0
1845,295.28,3,0.104562,0.0000,0.028700,0
1846,294.62,3,0.086590,0.0000,0.030000,0
1847,294.62,3,0.060579,0.0000,0.027500,0
1848,294.28,17,0.020122,0.0000,0.048100,0
1849,294.02,17,0.038580,0.0000,0.046100,0
1850,293.62,17,0.038487,0.0000,0.044500,0
1851,293.62,17,0.042821,0.0000,0.046700,0
1852,293.29,17,0.037542,0.0000,0.043700,0
1853,293.29,17,0.039428,0.0000,0.044300,0
1854,292.76,17,0.120666,0.0000,0.045100,0
1855,292.63,17,0.081512,0.0000,0.045300,0
1856,292.63,17,0.041895,0.0000,0.043700,0
1857,291.90,17,0.001790,0.0000,0.044000,0
1858,291.63,17,0.021703,0.0000,0.044300,0
1859,291.63,17,0.026522,0.0000,0.050000,0
1860,291.37,17,0.067077,0.0000,0.043400,0
1861,291.37,17,0.007814,0.0000,0.045800,0
1862,290.83,17,0.130990,0.0000,0.046100,0
1863,290.70,9,0.179685,0.0000,0.090900,0
1864,290.37,9,0.332105,0.0000,0.098200,0
1865,290.37,9,0.243908,0.0000,0.091900,0
1866,289.84,9,0.383658,0.0000,0.094100,0
1867,289.77,9,0.434982,0.0000,0.099900,0
1868,289.77,9,0.474519,0.0000,0.097400,0
1869,289.11,5,0.500625,0.2000,0.156400,0
1870,288.91,9,0.242650,0.0000,0.092700,0
1871,288.71,17,0.162658,0.0000,0.045300,0
1872,288.71,17,0.109044,0.0000,0.047800,0
1873,288.38,17,0.027613,0.0000,0.041100,0
1874,288.38,3,0.099966,0.0000,0.027600,0
1875,287.92,3,0.064731,0.0000,0.024900,0
1876,287.92,3,0.094628,0.0000,0.029600,0
1877,287.38,3,0.134812,0.0000,0.030000,0
1878,286.85,3,0.136701,0.0000,0.027100,0
1879,285.86,3,0.131601,0.0000,0.030800,0
1880,285.73,3,0.127383,0.0000,0.030600,0
1881,285.73,3,0.121408,0.0000,0.028900,0
1882,285.13,3,0.114962,0.0000,0.027300,0
1883,284.86,3,0.107367,0.0000,0.029100,0
1884,284.86,3,0.109361,0.0000,0.029900,0
1885,284.73,3,0.112735,0.0000,0.028300,0
1886,284.73,3,0.109467,0.0000,0.026600,0
1887,283.87,3,0.111732,0.0000,0.025500,0
1888,283.47,3,0.099332,0.0000,0.028200,0
1889,283.20,3,0.089743,0.0000,0.027200,0
1890,283.20,3,0.084434,0.0000,0.028900,0
1891,282.81,3,0.089697,0.0000,0.028000,0
1892,282.81,3,0.087795,0.0000,0.032500,0
1893,282.21,3,0.085328,0.0000,0.029100,0
1894,282.21,3,0.087797,0.0000,0.029400,0
1895,281.94,3,0.088860,0.0000,0.029900,0
1896,281.88,3,0.087783,0.0000,0.027500,0
1897,281.21,3,0.083509,0.0000,0.026700,0
1898,281.21,3,0.086311,0.0000,0.029200,0
1899,280.82,3,0.067441,0.0000,0.028800,0
1900,279.82,3,0.073786,0.0000,0.028100,0
1901,278.96,3,0.081874,0.0000,0.026900,0
1902,278.56,3,0.066069,0.0000,0.028700,0
1903,278.23,3,0.072182,0.0000,0.029300,0
1904,278.23,3,0.077628,0.0000,0.028700,0
1905,277.83,3,0.184018,0.0000,0.026000,0
1906,277.57,3,0.092314,0.0000,0.026400,0
1907,277.57,3,0.073171,0.0000,0.026200,0
1908,277.30,3,0.067233,0.0000,0.026300,0
1909,277.30,3,0.075304,0.0000,0.029400,0
1910,277.10,3,0.079548,0.0000,0.027900,0
1911,276.57,3,0.088133,0.0000,0.028700,0
1912,276.57,3,0.081698,0.0000,0.030900,0
1913,276.30,3,0.106564,0.0000,0.027000,0
1914,276.30,3,0.118602,0.0000,0.028900,0
1915,275.91,3,0.118250,0.0000,0.027600,0
1916,275.57,3,0.131044,0.0000,0.027200,0
1917,275.57,3,0.139734,0.0000,0.025600,0
1918,274.91,3,0.148765,0.0000,0.029400,0
1919,274.58,3,0.154250,0.0000,0.028000,0
1920,274.58,3,0.158524,0.0000,0.025600,0
1921,274.38,3,0.131896,0.0000,0.031300,0
1922,274.38,3,0.149709,0.0000,0.029200,0
1923,274.05,3,0.126186,0.0000,0.030900,0
1924,274.05,3,0.125052,0.0000,0.028100,0
1925,272.99,3,0.126069,0.0000,0.029500,0
1926,272.99,3,0.133611,0.0000,0.031500,0
1927,271.93,3,0.137109,0.0000,0.030200,0
1928,271.93,3,0.140744,0.0000,0.028100,0
1929,271.39,3,0.126034,0.0000,0.026500,0
1930,271.20,3,0.118503,0.0000,0.030700,0
1931,271.00,3,0.120603,0.0000,0.026800,0
1932,271.00,3,0.121807,0.0000,0.026000,0
1933,270.20,3,0.123635,0.0000,0.027200,0
1934,270.07,3,0.127790,0.0000,0.026600,0
1935,269.67,3,0.132735,0.0000,0.030200,0
1936,269.67,3,0.126799,0.0000,0.030800,0
1937,269.21,3,0.122252,0.0000,0.027000,0
1938,269.14,3,0.128159,0.0000,0.026500,0
1939,269.01,3,0.135273,0.0000,0.027100,0
1940,268.67,3,0.136999,0.0000,0.026400,0
1941,268.67,3,0.143991,0.0000,0.026300,0
1942,268.21,3,0.162497,0.0000,0.027400,0
1943,268.14,3,0.172071,0.0000,0.027300,0
1944,268.01,3,0.178056,0.0000,0.027600,0
1945,267.68,3,0.184359,0.0000,0.027600,0
1946,267.48,3,0.185893,0.0000,0.029500,0
1947,267.15,3,0.187831,0.0000,0.026400,0
1948,267.02,3,0.184039,0.0000,0.025800,0
1949,267.02,3,0.175855,0.0000,0.028300,0
1950,266.09,3,0.164275,0.0000,0.026800,0
1951,265.76,3,0.133086,0.0000,0.029300,0
1952,265.42,3,0.086719,0.0000,0.028300,0
1953,265.16,17,0.048899,0.0000,0.046200,0
1954,265.03,17,0.010384,0.0000,0.042000,0
1955,264.49,17,0.034884,0.0000,0.047100,0
1956,264.23,17,0.090251,0.0000,0.043500,0
1957,264.03,17,0.128990,0.0000,0.044300,0
1958,263.43,9,0.174153,0.0000,0.095900,0
1959,263.43,17,0.155726,0.0000,0.045300,0
1960,263.30,17,0.146027,0.0000,0.046800,0
1961,263.17,17,0.139744,0.0000,0.041000,0
1962,263.04,17,0.133608,0.0000,0.049000,0
1963,262.50,17,0.139885,0.0000,0.047700,0
1964,262.24,17,0.153655,0.0000,0.047500,0
1965,261.51,3,0.120795,0.0000,0.027600,0
1966,261.51,17,0.019002,0.0000,0.049300,0
1967,261.24,3,0.081871,0.0000,0.028800,0
1968,261.11,3,0.076586,0.0000,0.029200,0
1969,261.11,3,0.074773,0.0000,0.029800,0
1970,260.51,3,0.079361,0.0000,0.026900,0
1971,260.25,3,0.077733,0.0000,0.026800,0
1972,260.18,17,0.064107,0.0000,0.041400,0
1973,260.12,17,0.058877,0.0000,0.046900,0
1974,259.52,17,0.074458,0.0000,0.044900,0
1975,259.12,17,0.072940,0.0000,0.043600,0
1976,259.12,17,0.074022,0.0000,0.039100,0
1977,258.59,17,0.043176,0.0000,0.045500,0
1978,258.59,17,0.009716,0.0000,0.043900,0
1979,257.86,17,0.032464,0.0000,0.044400,0
1980,257.53,17,0.045861,0.0000,0.045500,0
1981,257.53,3,0.056076,0.0000,0.029200,0
1982,256.86,17,0.053161,0.0000,0.047100,0
1983,256.47,3,0.098369,0.0000,0.027100,0
1984,256.47,3,0.118384,0.0000,0.029500,0
1985,255.60,3,0.117324,0.0000,0.028600,0
1986,255.41,3,0.115928,0.0000,0.030000,0
1987,255.34,3,0.103925,0.0000,0.030300,0
1988,255.34,3,0.100944,0.0000,0.031300,0
1989,254.48,3,0.098552,0.0000,0.027600,0
1990,254.21,3,0.096141,0.0000,0.029400,0
1991,254.21,3,0.093631,0.0000,0.026700,0
1992,253.61,3,0.099107,0.0000,0.026900,0
1993,253.61,3,0.104152,0.0000,0.029800,0
1994,253.28,3,0.089093,0.0000,0.027500,0
1995,253.28,3,0.094934,0.0000,0.028300,0
1996,252.95,3,0.099955,0.0000,0.026700,0
1997,252.62,3,0.073811,0.0000,0.028300,0
1998,252.62,3,0.096753,0.0000,0.031000,0
1999,252.29,3,0.062412,0.0000,0.026200,0
2000,252.29,17,0.053307,0.0000,0.046000,0
2001,251.96,3,0.062934,0.0000,0.026600,0
2002,251.62,17,0.022919,0.0000,0.045900,0
2003,251.62,17,0.022158,0.0000,0.043800,0
2004,251.23,17,0.018992,0.0000,0.046100,0
2005,251.23,17,0.015294,0.0000,0.042400,0
2006,250.69,17,0.006707,0.0000,0.044200,0
2007,250.69,17,0.003071,0.0000,0.047600,0
2008,249.70,17,0.008693,0.0000,0.045300,0
2009,249.50,17,0.014416,0.0000,0.047600,0
2010,249.50,17,0.016275,0.0000,0.044500,0
2011,248.51,17,0.002711,0.0000,0.047900,0
2012,247.97,17,0.017415,0.0000,0.047700,0
2013,247.51,3,0.064448,0.0000,0.029300,0
2014,247.44,3,0.220833,0.0000,0.025500,0
2015,247.44,3,0.209177,0.0000,0.030200,0
2016,246.51,3,0.202671,0.0000,0.027400,0
2017,246.32,3,0.198750,0.0000,0.028700,0
2018,246.32,3,0.193766,0.0000,0.027500,0
2019,245.45,3,0.190541,0.0000,0.030400,0
2020,245.32,3,0.187284,0.0000,0.028200,0
2021,245.32,3,0.183381,0.0000,0.028800,0
2022,244.52,3,0.178399,0.0000,0.023900,0
2023,243.53,3,0.174823,0.0000,0.028500,0
2024,243.26,3,0.166894,0.0000,0.027400,0
2025,243.26,3,0.171211,0.0000,0.027600,0
2026,243.06,3,0.164263,0.0000,0.028900,0
2027,242.53,3,0.167136,0.0000,0.028600,0
2028,242.40,3,0.167491,0.0000,0.030000,0
2029,242.40,3,0.174270,0.0000,0.027800,0
2030,242.07,3,0.179177,0.0000,0.028300,0
2031,241.54,3,0.180705,0.0000,0.027100,0
2032,241.54,3,0.174706,0.0000,0.028800,0
2033,241.41,3,0.137482,0.0000,0.025100,0
2034,241.41,3,0.155160,0.0000,0.029000,0
2035,240.81,3,0.104912,0.0000,0.027800,0
2036,240.54,3,0.084667,0.0000,0.028900,0
2037,240.54,17,0.072676,0.0000,0.045400,0
2038,240.48,17,0.088326,0.0000,0.045600,0
2039,240.48,17,0.113928,0.0000,0.046000,0
2040,239.55,17,0.017421,0.0000,0.046400,0
2041,239.55,17,0.048169,0.0000,0.044400,0
2042,239.42,3,0.114225,0.0000,0.028000,0
2043,239.42,3,0.087836,0.0000,0.030600,0
2044,239.15,3,0.160635,0.0000,0.030200,0
2045,238.62,3,0.130397,0.0000,0.028500,0
2046,238.49,3,0.081983,0.0000,0.028500,0
2047,238.42,17,0.020890,0.0000,0.044500,0
2048,238.42,17,0.046906,0.0000,0.049800,0
2049,237.49,17,0.017965,0.0000,0.046300,0
2050,237.49,17,0.046068,0.0000,0.043600,0
2051,236.89,17,0.023441,0.0000,0.043900,0
2052,236.50,17,0.006534,0.0000,0.050100,0
2053,236.50,17,0.000022,0.0000,0.041700,0
2054,235.90,17,0.012890,0.0000,0.046100,0
2055,235.50,17,0.022243,0.0000,0.041800,0
2056,235.50,17,0.029409,0.0000,0.044400,0
2057,234.90,17,0.026535,0.0000,0.043800,0
2058,234.64,17,0.021776,0.0000,0.045400,0
2059,234.51,17,0.014355,0.0000,0.045700,0
2060,233.91,17,0.011974,0.0000,0.046400,0
2061,233.51,17,0.010180,0.0000,0.045800,0
2062,232.91,17,0.006326,0.0000,0.043700,0
2063,232.58,17,0.004254,0.0000,0.042000,0
2064,232.52,17,0.003624,0.0000,0.045000,0
2065,232.25,17,0.009648,0.0000,0.041100,0
2066,232.25,17,0.004603,0.0000,0.043700,0
2067,231.98,17,0.011625,0.0000,0.043500,0
2068,231.65,17,0.029134,0.0000,0.045900,0
2069,231.65,17,0.019613,0.0000,0.048400,0
2070,230.92,17,0.018073,0.0000,0.045400,0
2071,230.66,17,0.015632,0.0000,0.045100,0
2072,230.66,17,0.013414,0.0000,0.042200,0
2073,229.80,17,0.034397,0.0000,0.045500,0
2074,229.60,17,0.042147,0.0000,0.045800,0
2075,229.26,3,0.075126,0.0000,0.029400,0
2076,229.26,3,0.112329,0.0000,0.028300,0
2077,228.87,3,0.159319,0.0000,0.029500,0
2078,228.73,3,0.182048,0.0000,0.025800,0
2079,228.73,3,0.124091,0.0000,0.026500,0
2080,227.87,3,0.097399,0.0000,0.026300,0
2081,227.87,3,0.074732,0.0000,0.027300,0
2082,227.08,17,0.040718,0.0000,0.044100,0
2083,226.88,17,0.008950,0.0000,0.048800,0
2084,226.68,17,0.025497,0.0000,0.043300,0
2085,226.68,17,0.026664,0.0000,0.046400,0
2086,226.35,17,0.013166,0.0000,0.048800,0
2087,226.35,17,0.020166,0.0000,0.045200,0
2088,225.88,17,0.003441,0.0000,0.046100,0
2089,225.62,17,0.003001,0.0000,0.046700,0
2090,225.62,17,0.002256,0.0000,0.045000,0
2091,225.35,17,0.015010,0.0000,0.044300,0
2092,225.35,17,0.004531,0.0000,0.046300,0
2093,224.35,17,0.023919,0.0000,0.041000,0
2094,224.35,17,0.034752,0.0000,0.046400,0
2095,223.89,17,0.048684,0.0000,0.048100,0
2096,223.89,3,0.064374,0.0000,0.029700,0
2097,222.83,17,0.048714,0.0000,0.045100,0
2098,221.90,3,0.133438,0.0000,0.031800,0
2099,221.90,3,0.104367,0.0000,0.027800,0
2100,220.90,3,0.104990,0.0000,0.026800,0
2101,220.84,3,0.191017,0.0000,0.028600,0
2102,220.44,3,0.233226,0.0000,0.030200,0
2103,220.44,3,0.216803,0.0000,0.027900,0
2104,219.84,3,0.235147,0.0000,0.027900,0
2105,219.84,3,0.236993,0.0000,0.027600,0
2106,219.45,3,0.238800,0.0000,0.024600,0
2107,219.45,3,0.243182,0.0000,0.028100,0
2108,218.91,3,0.245408,0.0000,0.028300,0
2109,218.91,3,0.245072,0.0000,0.027400,0
2110,217.85,3,0.244985,0.0000,0.030400,0
2111,217.45,3,0.244543,0.0000,0.026700,0
2112,217.45,3,0.249579,0.0000,0.026700,0
2113,216.92,3,0.233285,0.0000,0.026100,0
2114,216.79,3,0.221361,0.0000,0.029100,0
2115,216.46,3,0.221842,0.0000,0.028700,0
2116,216.46,3,0.214329,0.0000,0.029300,0
2117,215.93,3,0.210184,0.0000,0.025000,0
2118,215.80,3,0.203510,0.0000,0.027400,0
2119,215.80,3,0.204317,0.0000,0.026800,0
2120,214.87,3,0.205272,0.0000,0.027700,0
2121,214.54,3,0.205903,0.0000,0.027000,0
2122,214.54,3,0.205594,0.0000,0.028300,0
2123,213.87,3,0.207115,0.0000,0.029100,0
2124,213.54,3,0.207858,0.0000,0.026300,0
2125,213.27,3,0.216815,0.0000,0.028700,0
2126,213.27,3,0.222954,0.0000,0.028200,0
2127,212.81,3,0.230079,0.0000,0.029800,0
2128,212.55,3,0.250883,0.0000,0.026800,0
2129,211.88,3,0.155290,0.0000,0.028100,0
2130,211.55,3,0.207386,0.0000,0.029100,0
2131,211.55,3,0.158396,0.0000,0.027800,0
2132,211.28,3,0.169615,0.0000,0.030100,0
2133,211.28,3,0.215394,0.0000,0.026300,0
2134,210.95,3,0.166351,0.0000,0.028200,0
2135,210.89,3,0.135449,0.0000,0.025200,0
2136,210.89,3,0.152192,0.0000,0.026400,0
2137,210.16,3,0.151643,0.0000,0.028400,0
2138,209.89,3,0.126852,0.0000,0.029200,0
2139,209.49,3,0.094860,0.0000,0.024900,0
2140,209.49,17,0.054700,0.0000,0.046800,0
2141,209.16,17,0.036415,0.0000,0.045300,0
2142,208.90,17,0.040678,0.0000,0.042800,0
2143,208.90,17,0.038659,0.0000,0.047200,0
2144,208.17,17,0.041645,0.0000,0.046800,0
2145,208.03,17,0.046524,0.0000,0.041900,0
2146,207.50,17,0.063315,0.0000,0.045600,0
2147,207.17,11,1.405023,0.0000,0.225200,0
2148,207.10,11,1.319346,0.0000,0.229600,0
2149,206.84,11,1.531380,0.2000,0.238000,0
2150,206.64,2,1.698085,0.2000,0.397900,0
2151,206.64,2,1.800072,0.6000,0.399400,0
2152,206.18,2,1.993244,0.0000,0.405100,0
2153,205.85,2,2.135351,0.4000,0.398600,0
2154,205.85,2,2.254901,0.2000,0.406400,0
2155,205.12,2,2.397644,0.4000,0.400200,0
2156,204.85,2,2.516484,0.4000,0.397800,0
2157,204.65,14,2.968519,0.2000,0.595600,0
2158,204.65,14,2.741368,0.2000,0.605300,0
2159,204.26,14,3.220568,0.4000,0.602700,0
2160,204.13,14,3.430774,0.4000,0.600700,0
2161,203.99,14,3.562175,0.4000,0.602000,0
2162,203.46,14,3.903463,0.8000,0.599100,0
2163,203.46,14,4.118468,0.8000,0.594700,0
2164,203.27,6,4.349092,0.8000,0.769800,0
2165,202.94,6,4.651796,0.4000,0.776800,0
2166,202.67,6,4.848166,1.0000,0.771300,0
2167,202.41,6,5.106025,0.8000,0.771300,0
2168,202.21,6,5.302377,0.8000,0.771100,0
2169,202.01,6,5.488627,0.8000,0.772200,0
2170,201.42,6,5.789467,0.8000,0.772300,0
2171,201.35,6,5.930423,0.8000,0.775900,0
2172,201.16,15,6.061588,1.0000,0.859500,0
2173,201.16,15,6.130573,1.0000,0.853200,0
2174,200.50,15,6.266049,0.8000,0.866200,0
2175,200.43,15,6.411733,0.8000,0.859500,0
2176,200.17,15,6.800775,0.6000,0.858400,0
2177,200.10,15,6.880167,1.0000,0.860800,0
2178,199.97,15,6.933841,1.0000,0.857500,0
2179,199.51,15,6.977899,0.6000,0.859200,0
2180,199.45,15,7.158774,1.0000,0.862200,0
2181,199.18,15,7.304894,1.0000,0.866000,0
2182,199.18,15,7.278232,1.0000,0.859800,0
2183,199.05,15,7.207183,1.0000,0.858500,0
2184,198.53,15,7.128053,1.0000,0.858300,0
2185,198.46,15,7.099854,1.0000,0.856100,0
2186,198.20,15,7.255304,1.0000,0.859800,0
2187,198.00,15,7.219589,1.0000,0.858700,0
2188,197.54,15,7.510590,0.8000,0.855600,0
2189,197.28,15,7.434038,0.4000,0.857500,0
2190,197.15,15,7.373488,0.8000,0.857000,0
2191,196.89,15,7.376669,0.8000,0.858200,0
2192,196.76,15,7.258789,1.0000,0.858100,0
2193,196.76,15,7.201308,1.0000,0.858600,0
2194,196.17,15,7.501350,0.6000,0.854400,0
2195,196.17,15,7.278165,1.0000,0.855500,0
2196,195.84,15,7.057805,1.0000,0.859000,0
2197,195.84,15,7.181371,1.0000,0.862500,0
2198,195.19,15,7.089875,1.0000,0.852500,0
2199,195.12,15,7.217436,1.0000,0.852000,0
2200,194.86,15,7.186670,1.0000,0.860500,0
2201,194.86,15,7.124261,1.0000,0.858500,0
2202,194.21,15,7.030312,1.0000,0.855800,0
2203,194.21,15,7.037817,0.8000,0.859600,0
2204,193.82,15,7.058008,0.8000,0.862000,0
2205,193.49,15,7.217542,1.0000,0.861900,0
2206,193.43,15,7.232618,1.0000,0.862300,0
2207,193.43,15,7.217142,1.0000,0.861000,0
2208,192.84,15,7.399202,0.8000,0.860100,0
2209,192.52,15,7.424322,0.6000,0.857100,0
2210,192.45,15,7.567984,0.8000,0.860100,0
2211,192.19,15,7.478493,0.8000,0.855400,0
2212,192.19,15,7.377489,0.8000,0.853900,0
2213,192.00,15,7.278987,1.0000,0.862600,0
2214,192.00,15,7.162334,1.0000,0.859500,0
2215,191.28,15,7.215669,1.0000,0.855300,0
2216,191.15,15,7.198183,1.0000,0.857600,0
2217,190.89,15,7.214097,1.0000,0.856700,0
2218,190.89,15,7.232563,1.0000,0.858900,0
2219,190.18,15,7.336180,1.0000,0.862100,0
2220,190.18,15,7.316134,1.0000,0.861100,0
2221,190.05,15,7.314096,1.0000,0.859400,0
2222,189.66,15,7.212265,1.0000,0.850800,0
2223,189.53,15,7.337873,1.0000,0.860200,0
2224,189.34,15,7.326152,1.0000,0.857600,0
2225,189.14,15,7.461824,0.8000,0.864100,0
2226,189.01,15,7.238277,1.0000,0.861600,0
2227,188.49,15,7.368129,1.0000,0.858400,0
2228,188.49,15,7.225441,1.0000,0.851900,0
2229,188.17,15,7.479826,0.8000,0.852300,0
2230,188.11,15,7.386198,0.8000,0.856800,0
2231,187.91,15,7.611664,0.8000,0.855800,0
2232,187.91,15,7.550885,1.0000,0.856600,0
2233,187.20,15,8.277577,1.0000,0.862000,0
2234,187.20,15,8.120461,1.0000,0.853600,0
2235,187.14,15,8.016403,1.0000,0.862300,0
2236,186.43,15,7.965872,0.8000,0.856300,0
2237,186.43,15,8.094428,1.0000,0.858400,0
2238,186.23,15,8.045862,1.0000,0.851900,0
2239,186.23,15,7.854375,0.8000,0.858800,0
2240,186.17,15,7.781718,1.0000,0.857900,0
2241,185.91,15,7.515091,0.6000,0.856600,0
2242,185.91,15,7.660721,1.0000,0.861200,0
2243,185.14,15,7.271457,1.0000,0.855400,0
2244,185.14,15,7.080239,1.0000,0.851700,0
2245,184.10,15,6.836309,1.0000,0.861600,0
2246,183.65,15,6.608728,0.8000,0.860300,0
2247,183.20,15,6.325289,0.8000,0.857500,0
2248,183.14,15,6.200389,0.8000,0.862000,0
2249,183.01,6,5.917332,1.0000,0.775000,0
2250,182.62,6,5.590664,0.6000,0.771700,0
2251,182.30,6,5.083428,1.0000,0.775300,0
2252,182.30,6,5.270128,0.8000,0.770700,0
2253,181.91,6,4.745968,0.8000,0.773000,0
2254,181.46,14,4.208839,0.6000,0.607600,0
2255,181.46,14,3.805458,0.6000,0.598600,0
2256,181.27,14,3.452801,0.6000,0.602100,0
2257,181.14,14,3.108932,0.4000,0.594700,0
2258,180.88,14,2.840387,0.8000,0.602600,0
2259,180.56,2,2.522827,0.8000,0.402500,0
2260,180.56,2,2.177377,0.4000,0.399000,0
2261,180.24,2,1.779802,0.2000,0.395000,0
2262,180.11,11,1.572233,0.0000,0.230400,0
2263,179.91,11,1.382590,0.0000,0.230600,0
2264,179.66,11,1.205482,0.0000,0.228100,0
2265,179.59,11,1.271499,0.0000,0.231000,0
2266,179.40,11,1.118882,0.0000,0.231400,0
2267,179.40,11,1.057357,0.0000,0.231600,0
2268,178.88,11,0.981906,0.0000,0.225900,0
2269,178.63,11,0.961231,0.0000,0.221600,0
2270,178.63,5,0.932362,0.0000,0.155300,0
2271,177.92,11,0.940723,0.0000,0.232000,0
2272,177.53,11,1.294974,0.0000,0.228600,0
2273,177.53,11,1.217110,0.0000,0.226500,0
2274,176.82,11,1.209845,0.0000,0.222900,0
2275,176.50,11,1.196723,0.2000,0.219400,0
2276,176.43,11,1.160462,0.0000,0.231200,0
2277,176.11,11,1.176523,0.0000,0.236000,0
2278,175.85,11,1.190659,0.0000,0.233400,0
2279,175.60,11,1.174501,0.0000,0.232300,0
2280,175.60,11,1.161723,0.0000,0.222500,0
2281,174.57,11,1.215417,0.0000,0.232700,0
2282,174.57,11,1.253356,0.0000,0.225800,0
2283,174.05,11,1.254376,0.0000,0.231700,0
2284,173.47,11,1.232369,0.0000,0.231100,0
2285,173.47,11,1.213340,0.0000,0.230000,0
2286,173.02,11,1.182854,0.0000,0.230400,0
2287,172.57,11,1.144248,0.2000,0.228400,0
2288,172.57,11,1.156758,0.0000,0.235000,0
2289,171.92,11,1.169442,0.0000,0.232000,0
2290,171.54,11,1.190872,0.0000,0.224300,0
2291,171.41,11,1.223368,0.0000,0.228700,0
2292,171.41,11,1.264459,0.0000,0.230200,0
2293,170.89,11,1.280954,0.0000,0.226700,0
2294,170.64,11,1.288187,0.0000,0.218300,0
2295,170.51,11,1.251327,0.0000,0.226200,0
2296,170.51,11,1.308815,0.0000,0.229700,0
2297,169.67,11,1.129296,0.0000,0.225200,0
2298,169.60,11,1.062184,0.0000,0.233700,0
2299,169.60,11,1.089822,0.0000,0.230000,0
2300,169.22,11,1.034413,0.0000,0.236300,0
2301,169.22,11,1.020926,0.0000,0.236900,0
2302,168.57,11,0.979723,0.0000,0.233000,0
2303,168.57,5,0.926704,0.0000,0.150200,0
2304,167.93,5,0.865464,0.0000,0.158000,0
2305,167.67,5,0.842477,0.0000,0.153000,0
2306,167.48,5,0.823882,0.0000,0.160900,0
2307,167.48,5,0.822932,0.0000,0.157000,0
2308,166.96,5,0.824890,0.0000,0.154300,0
2309,166.77,5,0.807017,0.0000,0.158600,0
2310,166.51,5,0.814615,0.0000,0.150500,0
2311,166.26,5,0.825561,0.0000,0.153500,0
2312,166.26,5,0.833828,0.0000,0.154900,0
2313,165.61,5,0.851713,0.0000,0.147700,0
2314,165.61,5,0.839585,0.0000,0.158500,0
2315,165.29,5,0.831008,0.0000,0.160800,0
2316,165.29,5,0.806826,0.2000,0.162600,0
2317,164.52,5,0.769841,0.0000,0.161600,0
2318,164.52,5,0.735382,0.0000,0.152300,0
2319,164.00,5,0.741488,0.0000,0.150600,0
2320,163.61,5,0.757378,0.0000,0.156100,0
2321,163.55,5,0.762867,0.0000,0.158700,0
2322,163.55,5,0.758516,0.0000,0.154700,0
2323,163.03,5,0.765581,0.0000,0.155500,0
2324,162.58,5,0.859016,0.0000,0.155700,0
2325,162.58,11,0.970308,0.2000,0.221000,0
2326,162.33,11,1.047463,0.0000,0.225800,0
2327,162.33,11,1.054885,0.2000,0.229200,0
2328,161.68,11,1.055486,0.0000,0.224100,0
2329,161.55,11,1.014738,0.0000,0.224100,0
2330,161.55,11,1.062331,0.0000,0.235400,0
2331,160.91,11,0.976561,0.0000,0.228100,0
2332,160.59,11,0.960578,0.0000,0.229400,0
2333,160.59,11,0.960660,0.0000,0.235500,0
2334,159.94,5,0.900784,0.0000,0.156800,0
2335,159.62,5,0.918161,0.0000,0.162800,0
2336,159.62,5,0.930297,0.0000,0.155100,0
2337,158.85,5,0.932128,0.0000,0.162200,0
2338,158.72,5,0.904012,0.0000,0.154800,0
2339,158.72,5,0.925257,0.2000,0.152300,0
2340,158.40,11,1.174193,0.0000,0.230000,0
2341,158.40,11,1.058826,0.0000,0.223100,0
2342,157.95,11,1.227865,0.0000,0.230400,0
2343,157.69,11,1.281057,0.0000,0.234900,0
2344,157.43,11,1.296994,0.0000,0.230500,0
2345,157.43,11,1.309741,0.0000,0.240100,0
2346,157.05,11,1.324153,0.0000,0.228100,0
2347,156.85,11,1.361282,0.0000,0.233200,0
2348,156.85,11,1.393538,0.2000,0.231000,0
2349,155.76,11,1.430806,0.0000,0.235000,0
2350,155.44,11,1.448996,0.0000,0.237000,0
2351,155.44,11,1.445581,0.0000,0.224100,0
2352,155.05,11,1.405205,0.2000,0.221600,0
2353,154.79,11,1.421642,0.0000,0.233900,0
2354,154.79,11,1.460177,0.0000,0.237800,0
2355,154.47,11,1.493114,0.0000,0.230900,0
2356,154.15,11,1.502826,0.0000,0.225300,0
2357,153.76,11,1.519785,0.4000,0.223700,0
2358,153.76,11,1.514573,0.0000,0.230800,0
2359,152.93,11,1.442489,0.0000,0.235600,0
2360,152.93,11,1.371866,0.0000,0.224400,0
2361,152.03,11,1.334367,0.0000,0.222300,0
2362,151.51,11,1.288261,0.0000,0.222600,0
2363,150.93,11,1.254928,0.0000,0.227700,0
2364,150.80,11,1.204261,0.0000,0.233900,0
2365,150.80,11,1.225266,0.0000,0.236200,0
2366,149.97,11,1.168034,0.0000,0.228000,0
2367,149.84,11,1.061006,0.0000,0.229100,0
2368,149.84,11,1.121225,0.2000,0.225400,0
2369,148.55,11,1.076584,0.0000,0.228800,0
2370,148.55,11,1.129636,0.0000,0.231300,0
2371,147.91,11,1.147816,0.0000,0.232500,0
2372,147.58,11,1.127360,0.0000,0.227100,0
2373,147.58,11,1.143293,0.0000,0.233200,0
2374,147.26,11,1.108931,0.0000,0.227700,0
2375,147.26,11,1.066998,0.0000,0.226800,0
2376,146.94,11,0.998283,0.0000,0.230700,0
2377,146.94,11,1.010585,0.0000,0.225700,0
2378,146.04,11,1.020298,0.0000,0.230700,0
2379,145.59,11,1.041770,0.2000,0.225700,0
2380,145.59,11,1.043088,0.0000,0.234900,0
2381,145.07,11,1.132860,0.0000,0.230500,0
2382,145.01,11,1.121874,0.0000,0.227300,0
2383,145.01,11,1.121041,0.0000,0.219700,0
2384,144.11,11,1.142064,0.0000,0.226000,0
2385,144.11,11,1.152121,0.0000,0.225700,0
2386,143.21,11,1.147649,0.0000,0.226300,0
2387,143.08,11,1.153351,0.0000,0.229900,0
2388,141.99,11,1.139848,0.0000,0.225400,0
2389,141.99,11,1.155778,0.2000,0.228800,0
2390,140.96,11,1.131254,0.0000,0.231300,0
2391,140.70,11,1.135871,0.0000,0.229100,0
2392,140.70,11,1.134451,0.0000,0.230700,0
2393,139.16,11,1.164168,0.0000,0.226300,0
2394,138.96,11,1.165780,0.0000,0.228700,0
2395,138.58,11,1.166035,0.0000,0.224900,0
2396,138.45,11,1.156058,0.0000,0.226400,0
2397,138.19,11,1.145423,0.0000,0.220400,0
2398,138.13,11,1.151207,0.0000,0.223700,0
2399,137.93,11,1.159586,0.0000,0.235200,0
2400,137.93,11,1.150974,0.0000,0.224300,0
2401,137.61,11,1.159924,0.0000,0.234100,0
2402,137.61,11,1.149937,0.0000,0.232800,0
2403,137.42,11,1.135926,0.0000,0.227300,0
2404,137.23,11,1.121471,0.0000,0.231800,0
2405,137.16,11,1.096276,0.0000,0.230100,0
2406,136.97,11,1.064114,0.0000,0.234600,0
2407,136.58,11,1.041307,0.0000,0.232800,0
2408,136.45,11,1.033044,0.0000,0.230800,0
2409,136.20,11,1.037164,0.0000,0.236100,0
2410,136.20,11,1.037663,0.0000,0.228500,0
2411,136.00,11,1.038428,0.0000,0.232500,0
2412,135.55,11,1.000381,0.0000,0.222100,0
2413,135.49,11,0.960978,0.0000,0.232100,0
2414,135.23,5,0.914995,0.0000,0.158600,0
2415,135.10,5,0.867512,0.0000,0.161600,0
2416,134.97,5,0.817630,0.0000,0.157200,0
2417,134.65,5,0.816631,0.0000,0.160600,0
2418,134.65,5,0.786355,0.0000,0.164200,0
2419,134.27,5,0.785432,0.0000,0.155800,0
2420,134.14,5,0.764062,0.0000,0.165800,0
2421,134.07,5,0.782209,0.0000,0.158300,0
2422,133.50,5,0.830865,0.0000,0.150700,0
2423,133.24,5,0.837689,0.0000,0.149000,0
2424,132.53,5,0.879165,0.0000,0.154800,0
2425,132.53,5,0.886362,0.0000,0.152400,0
2426,132.34,5,0.900848,0.0000,0.152800,0
2427,131.82,5,0.901132,0.0000,0.157100,0
2428,131.70,5,0.888458,0.0000,0.154700,0
2429,131.70,5,0.873326,0.0000,0.155700,0
2430,131.12,5,0.888128,0.0000,0.160000,0
2431,131.12,5,0.887982,0.0000,0.163200,0
2432,130.86,5,0.899548,0.0000,0.157300,0
2433,130.47,5,0.892489,0.0000,0.163600,0
2434,130.41,5,0.881263,0.2000,0.159900,0
2435,130.35,5,0.882618,0.0000,0.162000,0
2436,130.28,5,0.889721,0.0000,0.158400,0
2437,130.28,5,0.883984,0.2000,0.157500,0
2438,129.25,5,0.913853,0.0000,0.158000,0
2439,129.25,5,0.894447,0.0000,0.153700,0
2440,128.87,5,0.832220,0.0000,0.154300,0
2441,128.87,5,0.869055,0.0000,0.153200,0
2442,128.22,5,0.696849,0.0000,0.160400,0
2443,128.22,5,0.760160,0.0000,0.157100,0
2444,127.90,5,0.631085,0.0000,0.159600,0
2445,127.90,5,0.560965,0.0000,0.159400,0
2446,127.32,5,0.552057,0.0000,0.160200,0
2447,127.20,5,0.574728,0.0000,0.161200,0
2448,127.20,5,0.590570,0.0000,0.153100,0
2449,126.23,5,0.747494,0.0000,0.149700,0
2450,126.23,5,0.696942,0.0000,0.156100,0
2451,125.33,5,0.755590,0.0000,0.153600,0
2452,125.33,5,0.765489,0.0000,0.155700,0
2453,124.62,5,0.771225,0.0000,0.155500,0
2454,124.62,5,0.774475,0.0000,0.163800,0
2455,124.30,5,0.791186,0.0000,0.160600,0
2456,123.53,5,0.869245,0.0000,0.165300,0
2457,123.47,5,0.890740,0.0000,0.157600,0
2458,123.27,5,0.918389,0.0000,0.158400,0
2459,122.95,11,0.949299,0.2000,0.238100,0
2460,122.50,11,0.975859,0.0000,0.225900,0
2461,122.44,11,0.977191,0.0000,0.227600,0
2462,121.99,11,1.000031,0.0000,0.234900,0
2463,121.41,11,1.012905,0.0000,0.230300,0
2464,121.22,11,1.003297,0.0000,0.223500,0
2465,121.22,11,0.992236,0.0000,0.228100,0
2466,120.70,11,1.007725,0.0000,0.234000,0
2467,120.45,11,0.998664,0.0000,0.221000,0
2468,120.25,11,0.956007,0.0000,0.238900,0
2469,120.25,11,0.976055,0.2000,0.227000,0
2470,120.00,11,0.939025,0.0000,0.230400,0
2471,120.00,5,0.907198,0.2000,0.160900,0
2472,119.23,5,0.870931,0.0000,0.157000,0
2473,118.58,5,0.857266,0.2000,0.160400,0
2474,118.58,5,0.830184,0.0000,0.158600,0
2475,118.46,5,0.820636,0.0000,0.158300,0
2476,118.46,5,0.815489,0.0000,0.157700,0
2477,117.49,5,0.809446,0.0000,0.159100,0
2478,117.49,5,0.805966,0.0000,0.155300,0
2479,117.30,5,0.839911,0.0000,0.159400,0
2480,117.30,5,0.818113,0.0000,0.155900,0
2481,116.66,5,0.893721,0.0000,0.156400,0
2482,116.40,5,0.923428,0.0000,0.161200,0
2483,116.40,11,0.943559,0.0000,0.232500,0
2484,114.54,11,1.123566,0.0000,0.223000,0
2485,114.54,11,1.265471,0.0000,0.227300,0
2486,114.02,11,1.500901,0.2000,0.233200,0
2487,113.57,2,1.839512,0.2000,0.395600,0
2488,113.57,2,1.649443,0.2000,0.398100,0
2489,113.13,2,2.227853,0.2000,0.396500,0
2490,113.13,2,1.996233,0.2000,0.396600,0
2491,112.61,2,2.304641,0.4000,0.394600,0
2492,112.42,2,2.386971,0.4000,0.395500,0
2493,112.42,2,2.477721,0.6000,0.404400,0
2494,111.58,2,2.594505,0.4000,0.401200,0
2495,111.52,2,2.704150,0.2000,0.397300,0
2496,111.52,2,2.715312,0.4000,0.390900,0
2497,110.17,14,2.781828,0.6000,0.597400,0
2498,110.17,14,2.808456,0.6000,0.596900,0
2499,109.66,14,2.733581,0.8000,0.607700,0
2500,109.66,2,2.644423,0.6000,0.394400,0
2501,109.21,2,2.514808,0.4000,0.398100,0
2502,109.21,2,2.571595,0.4000,0.399500,0
2503,108.89,2,2.454721,0.4000,0.404300,0
2504,108.63,2,2.376506,0.6000,0.399000,0
2505,107.93,2,2.337795,0.2000,0.387900,0
2506,107.67,2,2.318927,0.6000,0.401800,0
2507,107.67,2,2.295776,0.2000,0.389000,0
2508,106.71,2,2.310874,0.4000,0.392600,0
2509,106.71,2,2.293004,0.2000,0.401200,0
2510,106.26,2,2.291178,0.2000,0.391800,0
2511,106.26,2,2.288011,0.2000,0.403200,0
2512,105.94,2,2.268085,0.2000,0.398800,0
2513,105.55,2,2.248567,0.0000,0.395900,0
2514,105.55,2,2.229859,0.2000,0.394600,0
2515,104.59,2,2.248700,0.0000,0.399300,0
2516,104.52,2,2.260268,0.4000,0.395400,0
2517,104.27,2,2.269028,0.0000,0.398900,0
2518,103.56,2,2.256760,0.4000,0.395600,0
2519,103.56,2,2.266853,0.4000,0.392100,0
2520,102.54,2,2.282163,0.4000,0.407200,0
2521,102.54,2,2.280276,0.2000,0.391300,0
2522,101.64,2,2.315006,0.2000,0.405000,0
2523,101.32,2,2.341277,0.2000,0.397600,0
2524,100.74,2,2.364943,0.4000,0.392400,0
2525,99.65,2,2.398586,0.2000,0.401400,0
2526,98.88,2,2.449486,0.2000,0.398700,0
2527,98.69,2,2.498346,0.2000,0.391800,0
2528,98.37,2,2.544219,0.6000,0.391600,0
2529,97.85,2,2.592540,0.6000,0.394700,0
2530,97.73,2,2.488843,0.4000,0.396400,0
2531,97.73,2,2.561103,0.4000,0.399300,0
2532,96.83,2,2.474987,0.4000,0.396300,0
2533,96.70,2,2.383858,0.8000,0.407600,0
2534,96.70,2,2.351298,0.4000,0.394400,0
2535,95.87,2,2.413318,0.6000,0.398300,0
2536,95.74,2,2.322841,0.6000,0.404600,0
2537,95.74,2,2.263578,0.2000,0.402900,0
2538,94.84,2,2.282972,0.4000,0.399100,0
2539,94.78,2,2.307752,0.4000,0.402100,0
2540,94.78,2,2.246886,0.6000,0.401700,0
2541,93.88,2,2.148532,0.2000,0.395200,0
2542,93.75,2,1.931060,0.2000,0.405400,0
2543,93.75,2,2.073461,0.2000,0.402300,0
2544,92.79,2,1.774644,0.0000,0.399100,0
2545,92.79,2,1.763004,0.0000,0.397800,0
2546,91.89,2,1.666586,0.2000,0.398700,0
2547,91.77,2,1.642217,0.0000,0.392400,0
2548,91.77,11,1.527540,0.2000,0.232500,0
2549,91.25,11,1.362425,0.0000,0.224400,0
2550,91.25,11,1.433796,0.0000,0.225000,0
2551,90.93,11,1.288810,0.0000,0.229100,0
2552,90.81,11,1.240076,0.0000,0.226800,0
2553,90.81,11,1.222317,0.0000,0.226500,0
2554,89.91,11,1.228020,0.0000,0.225300,0
2555,89.78,11,1.294120,0.0000,0.223300,0
2556,89.78,11,1.345235,0.0000,0.227900,0
2557,88.82,2,1.969803,0.4000,0.384900,0
2558,88.42,2,1.814422,0.0000,0.394800,0
2559,88.42,2,1.837314,0.2000,0.410200,0
2560,88.33,2,1.772907,0.2000,0.400700,0
2561,88.33,2,1.782006,0.2000,0.396100,0
2562,87.86,2,1.736722,0.2000,0.390100,0
2563,87.86,2,1.700495,0.2000,0.400100,0
2564,87.09,2,1.686835,0.4000,0.399500,0
2565,86.90,2,1.667807,0.4000,0.395500,0
2566,86.83,2,1.636573,0.2000,0.391900,0
2567,86.83,11,1.627445,0.4000,0.236400,0
2568,86.07,11,1.610483,0.0000,0.233600,0
2569,85.87,11,1.596072,0.2000,0.231600,0
2570,85.87,11,1.592950,0.0000,0.230300,0
2571,85.30,11,1.598633,0.0000,0.227900,0
2572,85.11,11,1.549877,0.0000,0.232100,0
2573,84.91,11,1.553258,0.0000,0.226700,0
2574,84.91,11,1.534862,0.2000,0.229600,0
2575,84.08,11,1.578608,0.2000,0.228700,0
2576,84.02,11,1.588489,0.2000,0.229100,0
2577,84.02,11,1.578060,0.4000,0.231600,0
2578,83.18,11,1.627193,0.2000,0.233600,0
2579,83.06,11,1.629079,0.0000,0.224300,0
2580,83.06,11,1.629027,0.0000,0.225400,0
2581,82.16,2,1.661873,0.2000,0.402800,0
2582,82.16,2,1.661506,0.2000,0.391600,0
2583,82.10,2,1.672480,0.0000,0.400500,0
2584,81.07,2,1.719560,0.0000,0.398700,0
2585,81.07,2,1.724175,0.0000,0.399100,0
2586,80.11,2,1.814497,0.4000,0.396600,0
2587,79.99,2,1.686983,0.0000,0.397000,0
2588,79.67,2,1.749120,0.6000,0.398200,0
2589,79.67,2,1.717841,0.2000,0.398300,0
2590,78.71,2,1.793502,0.2000,0.403500,0
2591,78.39,2,1.839443,0.6000,0.403100,0
2592,78.13,2,1.867142,0.2000,0.394200,0
2593,78.00,2,1.920071,0.0000,0.403200,0
2594,78.00,2,1.902990,0.2000,0.391400,0
2595,76.60,2,2.008840,0.0000,0.399600,0
2596,76.40,2,2.015905,0.4000,0.396300,0
2597,76.40,2,2.048778,0.2000,0.393100,0
2598,75.96,2,2.089390,0.2000,0.400600,0
2599,75.76,2,2.084659,0.4000,0.392300,0
2600,75.76,2,2.087650,0.6000,0.399300,0
2601,74.87,2,2.112601,0.2000,0.403200,0
2602,74.81,2,2.105527,0.2000,0.393000,0
2603,74.81,2,2.122294,0.2000,0.406300,0
2604,74.08,2,2.134490,0.4000,0.387700,0
2605,74.08,2,2.162482,0.4000,0.396200,0
2606,73.75,2,2.076130,0.0000,0.403300,0
2607,73.42,2,2.022966,0.4000,0.394600,0
2608,73.42,2,1.940108,0.0000,0.390800,0
2609,73.08,2,1.897018,0.2000,0.403000,0
2610,72.89,2,1.852145,0.0000,0.392100,0
2611,72.42,2,1.742670,0.2000,0.394300,0
2612,72.42,11,1.631212,0.0000,0.231300,0
2613,72.08,11,1.622043,0.4000,0.228300,0
2614,71.80,11,1.561559,0.0000,0.228700,0
2615,71.42,11,1.443867,0.2000,0.221300,0
2616,71.42,11,1.523478,0.2000,0.229000,0
2617,71.08,11,1.428067,0.0000,0.226800,0
2618,70.97,11,1.370022,0.2000,0.236800,0
2619,70.52,11,1.355876,0.0000,0.234000,0
2620,70.46,11,1.336602,0.2000,0.225700,0
2621,70.20,11,1.315026,0.0000,0.230800,0
2622,70.20,11,1.280644,0.0000,0.236400,0
2623,69.95,11,1.244393,0.0000,0.229000,0
2624,69.57,11,1.276825,0.0000,0.231300,0
2625,69.44,11,1.283680,0.2000,0.227400,0
2626,69.25,11,1.300231,0.0000,0.225600,0
2627,69.12,11,1.366097,0.0000,0.224400,0
2628,68.86,11,1.442592,0.0000,0.231500,0
2629,68.54,2,1.696732,0.2000,0.402500,0
2630,68.48,2,1.762957,0.0000,0.401300,0
2631,68.22,2,1.762193,0.0000,0.391500,0
2632,68.22,2,1.740001,0.2000,0.395800,0
2633,67.52,2,1.778908,0.0000,0.398600,0
2634,67.46,2,1.790565,0.2000,0.389400,0
2635,67.20,2,1.839157,0.4000,0.391700,0
2636,66.50,2,1.859941,0.0000,0.406400,0
2637,66.44,2,1.867829,0.2000,0.399200,0
2638,66.25,2,1.954666,0.2000,0.400500,0
2639,66.25,2,1.885333,0.0000,0.394800,0
2640,65.48,2,2.063435,0.0000,0.390600,0
2641,65.08,2,2.085503,0.4000,0.395500,0
2642,65.00,2,2.012073,0.0000,0.388500,0
2643,65.00,2,2.016459,0.4000,0.391500,0
2644,64.46,2,2.104576,0.2000,0.400300,0
2645,64.14,2,2.153874,0.2000,0.401300,0
2646,63.75,2,2.225769,0.4000,0.395300,0
2647,63.42,2,2.302796,0.6000,0.393200,0
2648,63.42,2,2.345176,0.0000,0.402000,0
2649,63.08,2,2.398761,0.2000,0.402500,0
2650,63.08,2,2.374372,0.6000,0.390400,0
2651,62.75,2,2.416456,0.6000,0.395200,0
2652,62.42,2,2.430726,0.8000,0.401600,0
2653,62.08,2,2.445574,0.4000,0.393300,0
2654,62.00,2,2.424925,0.6000,0.397300,0
2655,61.75,2,2.435676,0.6000,0.395200,0
2656,61.17,2,2.463712,0.6000,0.394900,0
2657,61.17,2,2.463254,0.6000,0.395600,0
2658,60.58,2,2.486642,0.6000,0.394500,0
2659,60.42,2,2.490131,0.4000,0.398900,0
2660,60.42,2,2.470300,0.4000,0.396800,0
2661,60.08,2,2.403347,0.4000,0.396800,0
2662,60.08,2,2.437919,0.2000,0.391500,0
2663,59.75,2,2.398553,0.2000,0.393000,0
2664,59.42,2,2.374262,0.6000,0.399800,0
2665,59.42,2,2.350262,0.4000,0.408900,0
2666,59.08,2,2.318013,0.6000,0.397800,0
2667,59.08,2,2.263000,0.2000,0.397500,0
2668,58.83,2,2.250848,0.0000,0.400000,0
2669,58.42,2,2.226714,0.4000,0.392500,0
2670,58.42,2,2.278284,0.0000,0.401000,0
2671,58.08,2,2.150828,0.2000,0.401300,0
2672,58.08,2,2.212144,0.6000,0.391400,0
2673,57.75,2,2.140297,0.0000,0.396700,0
2674,57.42,2,2.342533,0.2000,0.400400,0
2675,57.08,2,2.345305,0.0000,0.399400,0
2676,57.08,2,2.433969,0.8000,0.402300,0
2677,56.75,2,2.462189,0.8000,0.394000,0
2678,56.42,2,2.506200,0.6000,0.399500,0
2679,56.08,2,2.513329,0.2000,0.403900,0
2680,56.08,2,2.508324,0.4000,0.398200,0
2681,55.75,2,2.542152,0.4000,0.405600,0
2682,55.42,2,2.595748,0.4000,0.408100,0
2683,55.08,2,2.628445,0.4000,0.393400,0
2684,55.08,2,2.612581,0.8000,0.396100,0
2685,54.75,2,2.645585,0.2000,0.400000,0
2686,54.08,2,2.680513,0.2000,0.397000,0
2687,54.00,14,2.756838,0.6000,0.596300,0
2688,53.75,14,2.797515,0.6000,0.593500,0
2689,53.42,14,2.835610,0.2000,0.599200,0
2690,53.08,14,2.892355,0.2000,0.605600,0
2691,53.08,14,2.913336,0.8000,0.596300,0
2692,52.75,14,2.959938,0.8000,0.608700,0
2693,52.42,14,2.987749,0.8000,0.589800,0
2694,52.42,14,2.998108,0.2000,0.601800,0
2695,52.08,14,3.033752,0.4000,0.600100,0
2696,52.08,14,3.044476,0.6000,0.599700,0
2697,51.75,14,3.049861,0.6000,0.610800,0
2698,51.42,14,2.990040,1.0000,0.605000,0
2699,51.42,14,2.940184,0.8000,0.597200,0
2700,51.08,14,2.954729,0.2000,0.602700,0
2701,51.00,14,2.924401,0.0000,0.607600,0
2702,50.75,14,2.901320,0.6000,0.603000,0
2703,50.42,14,2.863206,0.4000,0.605600,0
2704,50.42,14,2.844425,0.8000,0.610300,0
2705,50.08,14,2.763072,0.6000,0.594200,0
2706,50.08,14,2.800537,0.8000,0.601000,0
2707,49.75,2,2.665098,0.8000,0.399000,0
2708,49.42,2,2.645066,0.2000,0.399800,0
2709,49.42,2,2.587572,0.4000,0.391200,0
2710,49.08,2,2.553425,0.6000,0.397200,0
2711,49.08,2,2.502611,0.0000,0.393800,0
2712,48.75,2,2.457290,0.6000,0.400700,0
2713,48.42,2,2.399802,0.2000,0.402900,0
2714,48.42,2,2.426896,0.8000,0.405500,0
2715,48.08,2,2.395007,0.6000,0.411400,0
2716,48.08,2,2.414567,0.2000,0.405800,0
2717,47.75,2,2.373115,0.6000,0.401500,0
2718,47.42,2,2.392556,0.4000,0.399500,0
2719,47.42,2,2.441144,0.0000,0.398400,0
2720,47.08,2,2.429133,0.8000,0.398600,0
2721,47.08,2,2.432703,0.4000,0.405100,0
2722,46.75,2,2.341833,0.2000,0.401500,0
2723,46.42,2,2.321020,0.2000,0.399600,0
2724,46.42,2,2.325969,0.4000,0.401600,0
2725,46.08,2,2.300500,0.8000,0.392500,0
2726,45.75,2,2.239516,0.2000,0.396200,0
2727,45.42,2,2.206047,0.2000,0.393600,0
2728,45.08,2,2.423649,0.4000,0.398400,0
2729,45.08,2,2.297133,0.2000,0.400600,0
2730,44.75,2,2.326804,0.4000,0.390000,0
2731,44.42,2,2.290480,0.2000,0.397500,0
2732,44.42,2,2.360053,0.4000,0.404400,0
2733,44.08,2,2.313512,0.2000,0.388800,0
2734,44.08,2,2.340986,0.2000,0.392400,0
2735,43.75,2,2.258234,0.2000,0.394600,0
2736,43.42,2,2.210237,0.6000,0.400800,0
2737,43.42,2,2.108977,0.4000,0.403400,0
2738,43.08,2,2.111883,0.4000,0.395600,0
2739,43.08,2,2.133982,0.4000,0.406000,0
2740,42.75,2,2.072732,0.2000,0.394600,0
2741,42.42,2,1.997179,0.0000,0.399600,0
2742,42.42,2,2.058296,0.2000,0.402600,0
2743,42.08,2,2.020328,0.4000,0.402900,0
2744,42.00,2,2.073602,0.0000,0.404700,0
2745,41.75,2,2.068752,0.2000,0.402800,0
2746,41.42,2,2.082936,0.2000,0.402000,0
2747,41.08,2,2.081511,0.2000,0.391300,0
2748,41.08,2,2.115997,0.0000,0.398100,0
2749,40.75,2,2.166306,0.2000,0.403100,0
2750,40.42,2,2.098806,0.0000,0.392600,0
2751,40.42,2,2.125464,0.4000,0.398400,0
2752,39.29,2,2.233684,0.2000,0.392600,0
2753,39.08,2,2.339523,0.4000,0.392400,0
2754,39.08,2,2.284812,0.2000,0.397100,0
2755,38.75,2,2.396928,0.6000,0.399000,0
2756,38.42,2,2.450167,0.2000,0.397100,0
2757,38.08,2,2.533225,0.0000,0.400200,0
2758,38.00,2,2.555637,0.4000,0.398900,0
2759,37.75,2,2.621956,0.6000,0.395100,0
2760,37.42,2,2.699727,0.0000,0.382900,0
2761,37.08,14,2.742700,0.2000,0.597400,0
2762,37.00,14,2.765587,0.4000,0.593900,0
2763,36.75,14,2.787955,0.6000,0.603600,0
2764,36.42,14,2.877041,0.8000,0.600600,0
2765,36.42,14,2.850896,0.4000,0.599100,0
2766,36.08,14,2.901747,0.6000,0.607800,0
2767,36.08,14,2.865605,0.6000,0.600700,0
2768,35.75,14,2.817548,1.0000,0.604900,0
2769,35.42,14,2.823219,0.6000,0.601400,0
2770,35.42,14,2.788498,0.6000,0.601800,0
2771,35.08,14,2.741819,0.2000,0.605200,0
2772,35.00,2,2.671536,0.6000,0.395600,0
2773,34.75,2,2.632604,0.8000,0.392100,0
2774,34.42,2,2.608801,0.6000,0.392100,0
2775,34.42,2,2.542119,0.4000,0.401600,0
2776,34.08,2,2.413127,0.4000,0.404300,0
2777,34.08,2,2.480006,0.8000,0.392900,0
2778,33.75,2,2.397651,0.6000,0.405000,0
2779,33.42,2,2.358959,0.6000,0.391200,0
2780,33.08,2,2.298997,0.2000,0.399200,0
2781,33.00,2,2.361970,0.2000,0.397500,0
2782,32.75,2,2.464329,0.6000,0.401200,0
2783,32.33,2,2.529080,0.4000,0.402700,0
2784,32.08,2,2.574117,0.0000,0.395100,0
2785,31.75,2,2.625375,0.6000,0.391700,0
2786,31.42,2,2.703560,0.6000,0.396800,0
2787,31.42,2,2.688689,0.8000,0.395300,0
2788,31.08,14,2.762858,0.6000,0.599400,0
2789,31.00,14,2.793318,0.4000,0.599600,0
2790,30.75,14,2.845940,0.8000,0.594900,0
2791,30.42,14,2.882658,0.8000,0.603800,0
2792,30.42,14,2.922092,0.2000,0.595800,0
2793,30.08,14,2.998088,0.4000,0.601300,0
2794,30.08,14,3.012437,0.8000,0.593500,0
2795,29.75,14,3.059118,0.8000,0.604500,0
2796,29.42,14,3.065655,1.0000,0.610700,0
2797,29.42,14,3.063263,0.6000,0.608700,0
2798,29.08,14,3.025874,0.6000,0.610100,0
2799,29.08,14,3.078861,0.2000,0.610100,0
2800,28.75,14,3.046966,0.6000,0.607400,0
2801,28.42,14,3.029667,0.4000,0.602900,0
2802,28.33,14,3.018302,0.6000,0.604900,0
2803,28.08,14,2.999692,0.0000,0.596700,0
2804,28.00,14,2.899448,0.2000,0.603600,0
2805,27.75,14,2.865621,0.6000,0.599400,0
2806,27.42,14,2.834323,0.2000,0.605400,0
2807,27.42,14,2.806737,0.8000,0.607100,0
2808,27.08,14,2.753716,0.6000,0.600800,0
2809,27.08,2,2.683431,0.4000,0.394900,0
2810,26.75,2,2.658082,0.6000,0.395600,0
2811,26.50,2,2.599373,0.4000,0.395900,0
2812,26.42,2,2.670384,0.8000,0.392100,0
2813,26.42,2,2.712706,0.6000,0.392700,0
2814,26.08,2,2.607647,0.2000,0.406800,0
2815,26.08,2,2.638835,0.8000,0.398900,0
2816,25.75,2,2.580036,0.0000,0.394300,0
2817,25.42,2,2.612768,0.8000,0.394300,0
2818,25.42,2,2.576707,0.0000,0.392100,0
2819,25.08,2,2.571772,0.0000,0.398200,0
2820,24.75,2,2.643173,0.6000,0.397300,0
2821,24.42,14,2.732482,0.6000,0.607300,0
2822,24.42,2,2.672536,0.6000,0.405800,0
2823,24.08,2,2.715321,0.4000,0.392100,0
2824,23.75,2,2.710293,0.8000,0.393600,0
2825,23.42,14,2.854027,0.8000,0.602600,0
2826,23.08,14,2.839956,0.8000,0.602700,0
2827,23.08,14,2.861110,0.4000,0.611200,0
2828,22.67,14,2.869692,0.8000,0.599000,0
2829,22.42,14,3.072374,0.8000,0.597700,0
2830,22.42,14,3.268998,0.6000,0.604800,0
2831,22.00,14,3.336227,1.0000,0.599600,0
2832,21.42,14,3.696403,1.0000,0.606900,0
2833,21.42,14,3.553639,0.4000,0.598900,0
2834,21.08,14,3.741059,0.6000,0.595400,0
2835,20.42,14,3.925696,0.8000,0.602000,0
2836,20.42,14,4.051819,0.8000,0.601200,0
2837,20.08,6,4.205873,0.6000,0.763700,0
2838,19.50,6,4.445976,0.4000,0.773000,0
2839,19.08,6,4.685300,0.6000,0.762500,0
2840,18.75,6,4.835823,1.0000,0.780500,0
2841,18.42,6,5.034580,1.0000,0.776000,0
2842,18.42,6,4.974274,0.8000,0.769200,0
2843,17.75,6,5.168448,0.8000,0.775000,0
2844,17.42,6,5.335703,1.0000,0.767500,0
2845,17.08,6,5.447734,1.0000,0.774800,0
2846,17.08,6,5.397231,0.8000,0.778400,0
2847,16.42,6,5.431015,1.0000,0.779000,0
2848,16.42,6,5.489836,1.0000,0.774400,0
2849,16.08,6,5.596267,0.8000,0.774000,0
2850,16.08,6,5.639366,0.8000,0.769500,0
2851,15.75,6,5.740535,0.6000,0.773700,0
2852,15.42,6,5.850096,0.6000,0.765900,0
2853,15.42,6,5.813791,0.8000,0.766900,0
2854,15.08,6,5.889072,1.0000,0.773800,0
2855,15.06,6,5.871112,1.0000,0.767100,0
2856,14.67,6,5.913958,0.8000,0.778700,0
2857,14.42,15,6.068209,1.0000,0.860800,0
2858,14.08,15,6.130635,1.0000,0.858900,0
2859,13.75,15,6.063725,1.0000,0.853800,0
2860,13.42,15,6.061056,1.0000,0.858400,0
2861,13.42,15,6.163709,1.0000,0.857000,0
2862,13.08,15,6.007407,0.8000,0.855600,0
2863,13.08,6,5.834639,1.0000,0.771500,0
2864,12.75,6,5.932808,1.0000,0.775200,0
2865,12.42,6,5.933139,1.0000,0.771800,0
2866,12.17,15,6.000470,1.0000,0.855800,0
2867,12.08,15,6.175404,1.0000,0.865300,0
2868,11.75,15,6.366463,1.0000,0.854000,0
2869,11.42,15,6.639308,0.8000,0.863900,0
2870,11.42,15,6.866901,0.8000,0.859000,0
2871,11.00,15,6.908749,1.0000,0.856300,0
2872,10.75,15,7.096416,1.0000,0.860400,0
2873,10.42,15,7.288057,1.0000,0.860000,0
2874,10.08,15,7.322548,1.0000,0.857600,0
2875,10.00,15,7.331058,1.0000,0.858400,0
2876,9.42,15,7.455802,1.0000,0.849800,0
2877,9.42,15,7.452512,0.8000,0.858100,0
2878,9.08,15,7.679361,1.0000,0.855800,0
2879,8.75,15,7.784629,1.0000,0.855000,0
2880,8.42,15,7.498702,0.6000,0.855500,0
2881,8.42,15,7.310800,1.0000,0.855700,0
2882,8.08,15,7.078221,0.8000,0.859500,0
2883,8.03,15,7.221216,1.0000,0.857900,0
2884,7.47,15,7.398699,0.8000,0.861000,0
2885,6.64,15,7.037719,1.0000,0.853900,0
2886,6.08,15,8.382097,1.0000,0.865100,0
2887,5.78,1,9.967600,1.0000,0.896200,0
2888,5.59,1,11.051715,1.0000,0.904200,0
2889,5.58,10,11.733114,0.8000,0.897200,0
2890,5.51,10,12.510613,1.0000,0.900000,0
2891,5.33,10,13.300599,1.0000,0.898700,0
2892,5.20,4,13.961433,1.0000,0.876600,0
2893,4.58,4,15.056382,1.0000,0.880000,0
2894,4.48,4,15.865282,1.0000,0.878800,0
2895,4.35,4,16.458593,0.8000,0.877100,0
2896,4.17,4,17.137751,1.0000,0.880500,0
2897,3.80,7,17.989328,1.0000,0.841900,0
2898,3.49,7,18.873573,1.0000,0.843200,0
2899,3.42,7,19.373330,1.0000,0.840400,0
2900,3.21,7,19.809115,0.8000,0.842900,0
2901,3.11,7,19.744319,0.8000,0.845700,0
2902,2.81,7,19.701170,0.8000,0.842500,0
2903,2.61,7,19.600234,0.8000,0.842500,0
2904,2.48,7,19.435464,1.0000,0.841800,0
2905,2.16,7,19.450601,1.0000,0.842400,0
2906,2.13,7,19.205816,1.0000,0.844400,0
2907,2.00,7,18.992741,1.0000,0.842900,0
2908,1.80,7,18.721507,1.0000,0.842500,0
2909,1.57,7,18.177741,1.0000,0.841000,0
2910,1.57,7,18.550761,1.0000,0.845800,0
2911,1.32,4,17.848466,0.8000,0.877700,0
2912,0.70,4,17.468244,0.8000,0.870400,0
2913,0.44,7,17.747606,1.0000,0.839800,0
2914,0.32,7,18.677717,1.0000,0.840600,0
2915,0.19,7,20.941162,1.0000,0.839800,0
2916,0.04,7,22.773548,1.0000,0.841000,0
