dataset,fit,held_out,f1,precision,recall,tp,fp,fn
FD001,FD001+FD003,False,0.955223880597015,0.9411764705882353,0.9696969696969697,32,2,1
FD002,FD001+FD003,True,0.8804347826086957,0.84375,0.9204545454545454,81,15,7
FD003,FD001+FD003,False,0.9655172413793104,0.9655172413793104,0.9655172413793104,28,1,1
FD004,FD001+FD003,True,0.8834355828220859,0.8674698795180723,0.9,72,11,8
FD001,FD002+FD004,True,0.96875,1.0,0.9393939393939394,31,0,2
FD002,FD002+FD004,False,0.9310344827586208,0.9418604651162791,0.9204545454545454,81,5,7
FD003,FD002+FD004,True,0.9152542372881356,0.9,0.9310344827586207,27,3,2
FD004,FD002+FD004,False,0.9056603773584907,0.9113924050632911,0.9,72,7,8
